{
"type": "FeatureCollection",
"name": "Multi-Mode_Travel_Analysis_walk_HortPark_15min",
"crs": { "type": "name", "properties": { "name": "urn:ogc:def:crs:OGC:1.3:CRS84" } },
"features": [
{ "type": "Feature", "properties": { "name": "Multi-Mode Travel Analysis_walk_HortPark_15min" }, "geometry": { "type": "Polygon", "coordinates": [ [ [ 103.791112768401845, 1.276564578661375 ], [ 103.791238123354987, 1.276629548453669 ], [ 103.791248960880253, 1.276662006839221 ], [ 103.791186448667546, 1.276685585583348 ], [ 103.791189948666769, 1.276694985583592 ], [ 103.791252139872825, 1.276671527918589 ], [ 103.791254542214489, 1.276678722931964 ], [ 103.791104098225404, 1.276738358469413 ], [ 103.791109498225126, 1.276752158469761 ], [ 103.791259242503756, 1.276692800295491 ], [ 103.791277878238887, 1.276748614314094 ], [ 103.791233077084783, 1.276873134178428 ], [ 103.791309077089252, 1.276900834180477 ], [ 103.791319256405686, 1.276872541892628 ], [ 103.79132052742105, 1.276876348581802 ], [ 103.791327327422167, 1.276874048581224 ], [ 103.791323181669512, 1.276861632055672 ], [ 103.791323195920938, 1.276861592444732 ], [ 103.791327353750319, 1.276874039674568 ], [ 103.791347153751573, 1.276867339673973 ], [ 103.791343690376351, 1.276856971421866 ], [ 103.791345694103285, 1.276856912000959 ], [ 103.791349062522769, 1.276866683464838 ], [ 103.791360262900554, 1.276862772221718 ], [ 103.791364856576379, 1.27686124099609 ], [ 103.791363260701175, 1.276856391060819 ], [ 103.791429328156042, 1.276854431819081 ], [ 103.791445026651317, 1.276903146732386 ], [ 103.791517626655917, 1.276879446730823 ], [ 103.791508370863454, 1.276850724544367 ], [ 103.791508394042125, 1.27685072310952 ], [ 103.791517651620993, 1.276879438579289 ], [ 103.79159163464054, 1.276855276783459 ], [ 103.791653617958985, 1.276835114737905 ], [ 103.791631428238802, 1.276766010024789 ], [ 103.791631575024525, 1.276765962458505 ], [ 103.791653841755078, 1.276835041800923 ], [ 103.791673441756856, 1.276828641800311 ], [ 103.791651189212104, 1.276759606468281 ], [ 103.791654295317585, 1.276758599932978 ], [ 103.791719029038518, 1.276941393572711 ], [ 103.79174132904005, 1.276933393571911 ], [ 103.791700532322636, 1.276818192715375 ], [ 103.791732492633642, 1.27680521104326 ], [ 103.791706969592695, 1.276741556642103 ], [ 103.791707081740526, 1.276741520559777 ], [ 103.791706783439665, 1.276740581343207 ], [ 103.791732755637938, 1.276805104006933 ], [ 103.791742810736878, 1.276801003869596 ], [ 103.791748784176377, 1.276798585738055 ], [ 103.791775594828593, 1.276859083559691 ], [ 103.791966900000077, 1.276773199999814 ], [ 103.792048643721856, 1.27696731582573 ], [ 103.792199142709961, 1.276903114691809 ], [ 103.792221121460301, 1.276943087039851 ], [ 103.792404400000024, 1.276841000000227 ], [ 103.792222462179083, 1.276945488222144 ], [ 103.79225126217672, 1.276996288223553 ], [ 103.792594986941694, 1.276798884557763 ], [ 103.79263576390305, 1.276785267741945 ], [ 103.792726638652738, 1.276755206275376 ], [ 103.792539932388195, 1.276846112007848 ], [ 103.792721132366339, 1.277223112019584 ], [ 103.793098267620664, 1.277039487965328 ], [ 103.793091387900162, 1.277025174202154 ], [ 103.793108906566289, 1.277016534832103 ], [ 103.792939878410124, 1.276669323686168 ], [ 103.792839179106807, 1.276360951575141 ], [ 103.792940404768359, 1.276325665940891 ], [ 103.793024704975124, 1.276298043763593 ], [ 103.792965599259475, 1.276496667434152 ], [ 103.793000099261221, 1.276507067434623 ], [ 103.793060199999346, 1.276305099999661 ], [ 103.793131313243634, 1.276503410473301 ], [ 103.793396273206696, 1.276407160426194 ], [ 103.79342279074568, 1.276481359983563 ], [ 103.793458905659747, 1.276468285207432 ], [ 103.793460999166257, 1.276474183289046 ], [ 103.793425497756076, 1.276488523031466 ], [ 103.793505793904572, 1.276689902271454 ], [ 103.793585113686234, 1.276911593409393 ], [ 103.793693767120359, 1.277271668223426 ], [ 103.793739559279416, 1.277257670500662 ], [ 103.793742119918349, 1.277264868484294 ], [ 103.793696849782322, 1.27728108227962 ], [ 103.79376794976929, 1.277482182284545 ], [ 103.793812671403515, 1.277466164938361 ], [ 103.793825061876603, 1.277528781101453 ], [ 103.793911561383794, 1.277511441843984 ], [ 103.793869916190715, 1.277555779381703 ], [ 103.793837496426519, 1.277569543902407 ], [ 103.793860252946217, 1.277623840171273 ], [ 103.793894809998775, 1.27770653740942 ], [ 103.79398706298818, 1.277667485569523 ], [ 103.794011467167095, 1.27769070613804 ], [ 103.793928822924968, 1.277761968214354 ], [ 103.79399632292305, 1.27784126821862 ], [ 103.794099853896981, 1.277751996030079 ], [ 103.794120842282894, 1.277762540990486 ], [ 103.794048268074121, 1.277885272138774 ], [ 103.794130068077649, 1.277934272142472 ], [ 103.794206244759437, 1.277805448800246 ], [ 103.794221543632347, 1.277813135241547 ], [ 103.794229360124746, 1.277797375054691 ], [ 103.79420044674157, 1.27796066101218 ], [ 103.794300524860063, 1.277978612664596 ], [ 103.79433359999986, 1.278160500000475 ], [ 103.794242718456786, 1.277970544701683 ], [ 103.794226418457711, 1.277978444700271 ], [ 103.794317299999847, 1.278168399999604 ], [ 103.794171454294641, 1.278017065350046 ], [ 103.794141954294858, 1.278045865348509 ], [ 103.794287800000745, 1.278197200000621 ], [ 103.794087789228911, 1.278134549739984 ], [ 103.794083089228394, 1.278149749739272 ], [ 103.794283100000371, 1.278212400000302 ], [ 103.794075488102067, 1.278184358175274 ], [ 103.794073488100764, 1.278199358175106 ], [ 103.794281100000248, 1.27822740000033 ], [ 103.794071645022484, 1.278230166640391 ], [ 103.794074245005902, 1.278429566639724 ], [ 103.794249381271499, 1.278427253309141 ], [ 103.79425115843172, 1.278431767969484 ], [ 103.79407659587342, 1.278458417615924 ], [ 103.794097994701573, 1.278600409912819 ], [ 103.794097995812052, 1.278600417285218 ], [ 103.794097995862373, 1.278600417617121 ], [ 103.794109294695971, 1.278675409912875 ], [ 103.794283582597714, 1.2786488088312 ], [ 103.794287873508523, 1.278658101298883 ], [ 103.794128899584081, 1.278737800317421 ], [ 103.794191899576802, 1.278865100321592 ], [ 103.794347448673946, 1.278787118284801 ], [ 103.794351123087424, 1.278795075655515 ], [ 103.794219196910234, 1.278906934272088 ], [ 103.794264896909283, 1.278961534274587 ], [ 103.794425100000467, 1.278825700000509 ], [ 103.79452468158226, 1.279011184289396 ], [ 103.794661481588932, 1.278936784284318 ], [ 103.794561899999849, 1.27875130000045 ], [ 103.794645322582198, 1.278712277318673 ], [ 103.794685240525951, 1.278759383367788 ], [ 103.794877787544536, 1.279035283257116 ], [ 103.79504920000052, 1.278914100000067 ], [ 103.794923082506742, 1.279082437034726 ], [ 103.794976182508009, 1.279122737037043 ], [ 103.79510230000048, 1.278954399999765 ], [ 103.795114085310232, 1.279164897633073 ], [ 103.795181085316017, 1.279161097632926 ], [ 103.795169299999898, 1.278950599999757 ], [ 103.795293977960227, 1.279120019846593 ], [ 103.795349377961287, 1.279078719843534 ], [ 103.795224700000063, 1.278909300000207 ], [ 103.795399041567379, 1.278975106164601 ], [ 103.795603088589303, 1.279353557745104 ], [ 103.795701321921584, 1.279299904786103 ], [ 103.795632309300771, 1.279352394542976 ], [ 103.795758600000411, 1.279520600000059 ], [ 103.795618280702612, 1.27936406168807 ], [ 103.795311983801582, 1.27964219563963 ], [ 103.794873388792411, 1.280036331684696 ], [ 103.795012899999747, 1.280193600000546 ], [ 103.794837234853205, 1.280078751452148 ], [ 103.794740832625934, 1.280228120842013 ], [ 103.794553607388735, 1.280500142245834 ], [ 103.794897992627057, 1.280740257743426 ], [ 103.795086992618863, 1.280465657730217 ], [ 103.794914800010702, 1.280345600007547 ], [ 103.795090465167902, 1.280460448543778 ], [ 103.79517330617702, 1.280332091411866 ], [ 103.795591411231285, 1.279956368285206 ], [ 103.79545190004329, 1.27979910004799 ], [ 103.795592219309555, 1.279955638321079 ], [ 103.795892157020162, 1.279683278830241 ], [ 103.795924488097896, 1.279658688394623 ], [ 103.795922332810221, 1.279669877971326 ], [ 103.796011460717409, 1.279687268783194 ], [ 103.79605261785413, 1.279708784115378 ], [ 103.796112923859056, 1.279740334939575 ], [ 103.796128684237161, 1.279748594109873 ], [ 103.796181727323486, 1.279886644706567 ], [ 103.79637709997354, 1.279810600010217 ], [ 103.79618287534673, 1.279889567614816 ], [ 103.7962479753362, 1.280051767618942 ], [ 103.796442200001366, 1.279972799998931 ], [ 103.796272761917322, 1.280096764229191 ], [ 103.796293561916528, 1.280125564229808 ], [ 103.796463000000642, 1.280001599999123 ], [ 103.796351312297176, 1.280179963395423 ], [ 103.796391512298285, 1.280205463396558 ], [ 103.796503200000188, 1.280027100000292 ], [ 103.796393705252896, 1.280206835516088 ], [ 103.796550724203527, 1.28030373599559 ], [ 103.796490805192136, 1.280339712628204 ], [ 103.796498256436806, 1.280352284135863 ], [ 103.796445332135363, 1.2803955507149 ], [ 103.796577399998682, 1.280559199998179 ], [ 103.796421259973272, 1.280418654525301 ], [ 103.796330359972671, 1.280520954520543 ], [ 103.796486500000782, 1.280661500000726 ], [ 103.796297306092299, 1.280571002013302 ], [ 103.796255706087379, 1.280659102010318 ], [ 103.796444899953968, 1.280749599978305 ], [ 103.796255366532947, 1.280659824645263 ], [ 103.796217866528679, 1.280740024642829 ], [ 103.796407400000845, 1.280829800000444 ], [ 103.796199552764762, 1.28080358188332 ], [ 103.796186552757035, 1.28090798188223 ], [ 103.796394400000437, 1.280934200000636 ], [ 103.796184989266806, 1.280939350099784 ], [ 103.796187089259803, 1.281025850099847 ], [ 103.796396499986088, 1.281020700000735 ], [ 103.796187352255856, 1.28103244882186 ], [ 103.79621145222039, 1.28146704882258 ], [ 103.796420600002037, 1.28145529999964 ], [ 103.79621904343017, 1.281512713784679 ], [ 103.796250143422199, 1.281623313786576 ], [ 103.796451700003075, 1.281565899999357 ], [ 103.796259243324428, 1.281649137460229 ], [ 103.796304243317422, 1.28175453746263 ], [ 103.796496700002663, 1.281671299998612 ], [ 103.796310081275024, 1.281767061651756 ], [ 103.796368081267886, 1.281881561655162 ], [ 103.796554700001906, 1.281785799998933 ], [ 103.796376933571338, 1.281897325377602 ], [ 103.796577033556744, 1.282220425390889 ], [ 103.796754800005331, 1.282108899996205 ], [ 103.796589668230666, 1.282238617713979 ], [ 103.796671168227334, 1.282343717718475 ], [ 103.79683630000045, 1.282214000000116 ], [ 103.796685106281757, 1.282359921244259 ], [ 103.796749606281253, 1.282427621247936 ], [ 103.796900800000486, 1.282281700000045 ], [ 103.796770118493114, 1.28244647292737 ], [ 103.796805218493674, 1.282474672928863 ], [ 103.796935899999426, 1.282309900000652 ], [ 103.79683863869441, 1.282496627398139 ], [ 103.796882038696424, 1.282519527399477 ], [ 103.796979300001055, 1.282332799996682 ], [ 103.796903730931916, 1.282529434112633 ], [ 103.797001336179221, 1.282567433102567 ], [ 103.797022715402804, 1.282577634357334 ], [ 103.797151021847228, 1.282658476809748 ], [ 103.797235612013338, 1.282728762427333 ], [ 103.797275352647674, 1.282775776725266 ], [ 103.797412263868665, 1.282985507095007 ], [ 103.797520845996658, 1.283164235220914 ], [ 103.797545681938757, 1.283209942338549 ], [ 103.797569082414199, 1.283268480216385 ], [ 103.797588388892862, 1.283335234838576 ], [ 103.797605793573922, 1.28340809718689 ], [ 103.79761064271473, 1.283458882148474 ], [ 103.797610093273704, 1.283489101281574 ], [ 103.797603895876449, 1.283506459242159 ], [ 103.797588910739307, 1.283533656145211 ], [ 103.797573063171171, 1.283552271845452 ], [ 103.797428521266696, 1.283657613580348 ], [ 103.797382524313676, 1.283626469128816 ], [ 103.797298246515638, 1.283752557437927 ], [ 103.797283045705797, 1.28376363574281 ], [ 103.79728708706655, 1.283769253128778 ], [ 103.797281733392609, 1.283777262777988 ], [ 103.797275513089858, 1.283769390764423 ], [ 103.797264812594378, 1.283777956069845 ], [ 103.797258522893912, 1.283590688784254 ], [ 103.797213308303654, 1.283592227151025 ], [ 103.797205506325056, 1.283590804298034 ], [ 103.7971948324344, 1.283588526519949 ], [ 103.79717953408533, 1.283546035565238 ], [ 103.797179364521909, 1.283527553299401 ], [ 103.797173439969782, 1.283527608360559 ], [ 103.79717348165417, 1.28352746214527 ], [ 103.797179363092638, 1.2835274032716 ], [ 103.797179166625952, 1.283507521008065 ], [ 103.797207508889329, 1.283408105042877 ], [ 103.797316671568879, 1.283113463212385 ], [ 103.796924128442043, 1.282966136772736 ], [ 103.796823297043346, 1.283238291468979 ], [ 103.796768862465825, 1.283240080771645 ], [ 103.796774042997654, 1.283399734481117 ], [ 103.796768051381306, 1.283420751220042 ], [ 103.796774788090573, 1.283422696758337 ], [ 103.796776674402835, 1.283480829170722 ], [ 103.796759936911457, 1.283480996711277 ], [ 103.796760436157001, 1.283531520686779 ], [ 103.796760627026515, 1.283552325655422 ], [ 103.796740441835723, 1.283566408079145 ], [ 103.796748121575931, 1.283577559116324 ], [ 103.796303264046699, 1.283596316423433 ], [ 103.796265990174007, 1.283549735547251 ], [ 103.796216692054998, 1.283427502138853 ], [ 103.795828507932995, 1.283586097845813 ], [ 103.795889407922942, 1.283737097849649 ], [ 103.796083499999966, 1.283657799999956 ], [ 103.795920358111971, 1.283790043868998 ], [ 103.79600165810912, 1.283891643874178 ], [ 103.796164800000597, 1.283759399999184 ], [ 103.79605579801175, 1.2839394387613 ], [ 103.796118898013916, 1.283978138763409 ], [ 103.796227900000147, 1.283798100000367 ], [ 103.796190168750783, 1.284005483184381 ], [ 103.796244968755559, 1.284015583185982 ], [ 103.796282699999807, 1.283808200001951 ], [ 103.79629146779007, 1.284018846808729 ], [ 103.796993727440253, 1.283989236181984 ], [ 103.796949681853576, 1.284022847130557 ], [ 103.796731016037654, 1.284154216125079 ], [ 103.796538577940666, 1.284259610573222 ], [ 103.796638700000486, 1.284444799999789 ], [ 103.796531027896719, 1.284263952383105 ], [ 103.796415627902221, 1.284333552378516 ], [ 103.796523300000516, 1.284514399999843 ], [ 103.796387405303236, 1.284353955761226 ], [ 103.79623880530599, 1.284481455753262 ], [ 103.796374700011967, 1.284641900014068 ], [ 103.796236339911189, 1.284483604660565 ], [ 103.79604343991511, 1.284654404650236 ], [ 103.7961818, 1.284812700000393 ], [ 103.795993059953219, 1.284721246391617 ], [ 103.795961059949747, 1.284788146389467 ], [ 103.796149800001075, 1.284879600000684 ], [ 103.795941861962461, 1.284854118997461 ], [ 103.795934361957109, 1.284916118996557 ], [ 103.796142299999715, 1.284941600000527 ], [ 103.795933269973375, 1.284955312656898 ], [ 103.79593756996789, 1.285021712657262 ], [ 103.796146600000512, 1.285008000000701 ], [ 103.795947074589975, 1.285072200579063 ], [ 103.796007774576026, 1.285263300582861 ], [ 103.796207300003758, 1.285199099998406 ], [ 103.796126573228634, 1.285231551123881 ], [ 103.796125346845017, 1.28523037988848 ], [ 103.796122820384142, 1.285233059719231 ], [ 103.796012768291718, 1.285277299239949 ], [ 103.796033013833181, 1.285328318017727 ], [ 103.79600344684475, 1.285359679881422 ], [ 103.796071097211154, 1.28542428814554 ], [ 103.796071109775866, 1.285424319810246 ], [ 103.796003429257368, 1.285359698538207 ], [ 103.795893529257043, 1.285476298531876 ], [ 103.795949431653014, 1.285529674069716 ], [ 103.795931274325525, 1.285541006083439 ], [ 103.795964884978346, 1.285595561067697 ], [ 103.795977195708588, 1.285615615646805 ], [ 103.796014891259375, 1.28559217481675 ], [ 103.796197470759566, 1.28576650145959 ], [ 103.796307360334254, 1.285649912513211 ], [ 103.796429253172363, 1.28552062010248 ], [ 103.796311225859867, 1.285407900274881 ], [ 103.796333604275745, 1.285393984340087 ], [ 103.79632120427496, 1.285373784341283 ], [ 103.796293525763687, 1.285390996120562 ], [ 103.796293310780229, 1.285390790804023 ], [ 103.796321025662024, 1.285373493901045 ], [ 103.796313336753741, 1.285361013686923 ], [ 103.796471831708601, 1.285297300740346 ], [ 103.796404574013522, 1.285127811384084 ], [ 103.796353957222507, 1.28496845609124 ], [ 103.796352602421493, 1.284947535478383 ], [ 103.796353315802037, 1.28494163819697 ], [ 103.796511835745406, 1.284801279420846 ], [ 103.796645927026177, 1.284686228016575 ], [ 103.796742641878907, 1.284627897392593 ], [ 103.796934922083636, 1.284522589415599 ], [ 103.796834799996574, 1.284337399994695 ], [ 103.796942163667268, 1.284518433280656 ], [ 103.79717436367892, 1.284378933272201 ], [ 103.797067000001647, 1.284197900002791 ], [ 103.797193556174449, 1.284365903386856 ], [ 103.797401656180583, 1.284207103377297 ], [ 103.79735046419745, 1.284139146003061 ], [ 103.797355873491995, 1.284141321697267 ], [ 103.797405486922699, 1.284204109235391 ], [ 103.797463877881015, 1.284157369683849 ], [ 103.797461551969519, 1.284176345249881 ], [ 103.797551751977437, 1.284187545250763 ], [ 103.797563278119256, 1.284093511092316 ], [ 103.797591505919101, 1.284084342537086 ], [ 103.797601042856542, 1.284156037330893 ], [ 103.797569825670664, 1.284185305679622 ], [ 103.797595925670649, 1.284213505681464 ], [ 103.797627052578264, 1.284184321974267 ], [ 103.797659993722434, 1.284179883096904 ], [ 103.797616803911311, 1.284233180554824 ], [ 103.797650303912562, 1.284260680557063 ], [ 103.797724875458371, 1.2841686571411 ], [ 103.797745690424122, 1.284163807052491 ], [ 103.797680338885414, 1.284281245249963 ], [ 103.797726638887568, 1.28430734525178 ], [ 103.797819427334829, 1.284140602297755 ], [ 103.797823079320764, 1.284139381445557 ], [ 103.797755814906665, 1.284320945492166 ], [ 103.797798714910002, 1.284337045493458 ], [ 103.7978719, 1.284139500000667 ], [ 103.797856973051495, 1.284349795605193 ], [ 103.797932073057993, 1.284355195605709 ], [ 103.797947000000406, 1.28414490000058 ], [ 103.797987787548479, 1.284351696248682 ], [ 103.798088387556433, 1.284331596247494 ], [ 103.79803398284642, 1.28405575991066 ], [ 103.798374942263848, 1.283918193457794 ], [ 103.798297000000488, 1.283722500000013 ], [ 103.798417312439213, 1.283895087854825 ], [ 103.798477212441398, 1.283852787851786 ], [ 103.798356900000471, 1.283680200000601 ], [ 103.798509873572129, 1.283824229931335 ], [ 103.7985783735719, 1.283750529927019 ], [ 103.798425400000582, 1.283606500000341 ], [ 103.79859816551793, 1.28372572139157 ], [ 103.798669965514279, 1.283620321386758 ], [ 103.798497200000412, 1.283501100000415 ], [ 103.798690713129389, 1.283581818456957 ], [ 103.798711013126393, 1.283532518455661 ], [ 103.798517499999491, 1.283451799999813 ], [ 103.79872630657762, 1.283468609764292 ], [ 103.798732306571381, 1.283393109763795 ], [ 103.798523500000215, 1.283376299999966 ], [ 103.798732886375518, 1.283370221885075 ], [ 103.798730028696696, 1.283270496519875 ], [ 103.798730572225864, 1.283268806203526 ], [ 103.798730826726938, 1.283268353170892 ], [ 103.798743645082851, 1.283258973885449 ], [ 103.798778709843845, 1.283239811892378 ], [ 103.79877887443719, 1.283239754741476 ], [ 103.798962388041659, 1.283253914740535 ], [ 103.798978399999882, 1.283043700000768 ], [ 103.798962491085106, 1.283253922665972 ], [ 103.799021191089835, 1.283258422666455 ], [ 103.799037099999865, 1.283048199999858 ], [ 103.799021964705062, 1.28325848052278 ], [ 103.799147683491114, 1.283267647060894 ], [ 103.799011561794671, 1.283410215623092 ], [ 103.799313638222571, 1.28370238436782 ], [ 103.799687910337454, 1.283310386233016 ], [ 103.799789239208678, 1.28332000088291 ], [ 103.799805710759443, 1.283144148708877 ], [ 103.799805849716947, 1.283143990997633 ], [ 103.79979000195415, 1.283320071841296 ], [ 103.799893101961715, 1.283329471842282 ], [ 103.79991199999985, 1.283119500000766 ], [ 103.799893950423268, 1.283329547449295 ], [ 103.799988150430949, 1.28333774744982 ], [ 103.800006199999956, 1.283127700000434 ], [ 103.799992846335869, 1.28333810274771 ], [ 103.800186532821016, 1.283350555390367 ], [ 103.800254191711375, 1.283360513072897 ], [ 103.800284500000146, 1.283151900000828 ], [ 103.800268918799702, 1.283362147531244 ], [ 103.800543318822207, 1.283382747533405 ], [ 103.800558900000468, 1.283172499999859 ], [ 103.800558794666046, 1.283383331557448 ], [ 103.800709152894996, 1.283383407651576 ], [ 103.800794722335709, 1.28346830199078 ], [ 103.800753667671003, 1.283486542667815 ], [ 103.800758667670237, 1.283497942667695 ], [ 103.800804205342388, 1.283477710180936 ], [ 103.800804842377929, 1.283478342190847 ], [ 103.800854425390966, 1.283527543064103 ], [ 103.800832242667411, 1.28353732780931 ], [ 103.800887542659339, 1.28366432781273 ], [ 103.800985952967039, 1.283620919264258 ], [ 103.8009878134784, 1.283628938969577 ], [ 103.800993537498584, 1.283627593765461 ], [ 103.800896182127971, 1.283681898202203 ], [ 103.80092925153879, 1.283741955301086 ], [ 103.800974927684209, 1.283832015754096 ], [ 103.801060028457798, 1.284020878926949 ], [ 103.801148181434314, 1.283980640922551 ], [ 103.801149811980054, 1.28398410353074 ], [ 103.801063060170719, 1.284027315803437 ], [ 103.801304604089736, 1.284518541001867 ], [ 103.801213015978902, 1.284640082154519 ], [ 103.801239034113237, 1.284659943326849 ], [ 103.801461884997678, 1.284830829757889 ], [ 103.801467534027481, 1.284842453224039 ], [ 103.801455754646128, 1.284874753239875 ], [ 103.801489244872812, 1.284887125546586 ], [ 103.801503831831084, 1.284917139730539 ], [ 103.801532407625629, 1.284903071178942 ], [ 103.801652399999824, 1.284947400000012 ], [ 103.801622158147921, 1.28504130636507 ], [ 103.801608865138775, 1.285038439029842 ], [ 103.801526601554187, 1.285014357400085 ], [ 103.801514764142084, 1.285055320358107 ], [ 103.801499105737463, 1.285050410519189 ], [ 103.801489066017297, 1.285082845575877 ], [ 103.801489002091898, 1.285082821556956 ], [ 103.801499028192893, 1.285050386220648 ], [ 103.801390128200637, 1.285016286223022 ], [ 103.801358832904384, 1.285117529301092 ], [ 103.801358496942413, 1.285117224074654 ], [ 103.801389339891529, 1.285016041091362 ], [ 103.801305148489178, 1.284990043747807 ], [ 103.801208357298563, 1.284960146468365 ], [ 103.801085442691374, 1.285363253529135 ], [ 103.801134422469303, 1.285378382614434 ], [ 103.801126028470392, 1.28541164220783 ], [ 103.801251900602651, 1.28544382281162 ], [ 103.801414241046459, 1.285504817776138 ], [ 103.801427320450344, 1.285469553626609 ], [ 103.801431005175971, 1.285470709006159 ], [ 103.801418658592226, 1.285506420999122 ], [ 103.801485758596556, 1.285529921000949 ], [ 103.801498967372765, 1.285491715148513 ], [ 103.801530125276287, 1.285501306778841 ], [ 103.80152464797591, 1.285539465194063 ], [ 103.801603047982027, 1.285550865195245 ], [ 103.801607805995843, 1.285517717784565 ], [ 103.8016303187365, 1.28552021143216 ], [ 103.801629824754215, 1.285553007359637 ], [ 103.801715024760682, 1.285554307360053 ], [ 103.801716145029673, 1.285479931583489 ], [ 103.801726655899927, 1.285479931583299 ], [ 103.801731738223907, 1.285526363714349 ], [ 103.801748039135347, 1.28552455625583 ], [ 103.801752477918043, 1.285551489656748 ], [ 103.80192917793218, 1.285521989654194 ], [ 103.801925307581982, 1.285498505371242 ], [ 103.801943713270418, 1.285495154631794 ], [ 103.801949729307495, 1.285517481202422 ], [ 103.802066229316949, 1.285485681199704 ], [ 103.802060716885919, 1.285465223603001 ], [ 103.802063821858084, 1.285464213551729 ], [ 103.802059944946933, 1.285452140615898 ], [ 103.802068589011384, 1.285455572869018 ], [ 103.802069549335641, 1.285459931590764 ], [ 103.802073323430363, 1.285459089256745 ], [ 103.802073910897434, 1.285460642803491 ], [ 103.80207770104029, 1.285459190934138 ], [ 103.80220089576261, 1.285508107205831 ], [ 103.802426433414482, 1.285897484179654 ], [ 103.802788366570681, 1.285685115806598 ], [ 103.802578718818907, 1.285323171867248 ], [ 103.802606407637867, 1.285308648030166 ], [ 103.802664695130559, 1.285279113092266 ], [ 103.802570500000286, 1.285090800000458 ], [ 103.802718692229988, 1.284941792097056 ], [ 103.802695316901534, 1.284918242326185 ], [ 103.802687179392166, 1.284909248237924 ], [ 103.802544910543446, 1.285039642046457 ], [ 103.802544554564051, 1.285038930378503 ], [ 103.80268080730832, 1.284902510205666 ], [ 103.802629807308506, 1.284850910208532 ], [ 103.802510338349919, 1.284970525971044 ], [ 103.80247630488266, 1.284902486904306 ], [ 103.802416704886397, 1.284932686902849 ], [ 103.802460561419835, 1.285020364061688 ], [ 103.802459395117552, 1.285021531796765 ], [ 103.802414089308613, 1.284934035475124 ], [ 103.80225838488046, 1.285015708350373 ], [ 103.802213435139166, 1.285038550567169 ], [ 103.802169891339204, 1.284971543210392 ], [ 103.802080480523614, 1.284831381022983 ], [ 103.802124300286494, 1.284805832129354 ], [ 103.801914299728296, 1.284440967866107 ], [ 103.801861754919017, 1.284471603852881 ], [ 103.801539428741222, 1.283826951588244 ], [ 103.8013906896294, 1.283511090980006 ], [ 103.801371416009104, 1.283428012382313 ], [ 103.801352873496114, 1.283341029726859 ], [ 103.801349626874625, 1.28309915786254 ], [ 103.801372532805146, 1.282971407281198 ], [ 103.801448231280077, 1.282766550418295 ], [ 103.801544684556603, 1.282580976545962 ], [ 103.801810130466222, 1.282070933285615 ], [ 103.802028478338215, 1.281664247857884 ], [ 103.802135997153911, 1.281464085133983 ], [ 103.802195125847462, 1.28135490144516 ], [ 103.802185142282013, 1.281349424477125 ], [ 103.80229591026233, 1.281118307071734 ], [ 103.802254556542636, 1.281098229542045 ], [ 103.802256756363889, 1.281094115561852 ], [ 103.80207230000012, 1.280994200000208 ], [ 103.80225802820739, 1.281091699623776 ], [ 103.80234052819975, 1.280932499617759 ], [ 103.802154800012218, 1.280835000005718 ], [ 103.8023447011754, 1.280923984762795 ], [ 103.802452419036001, 1.280691114491036 ], [ 103.802650634572615, 1.280790129090059 ], [ 103.802797434556425, 1.280492429078447 ], [ 103.802641526651087, 1.28041454841325 ], [ 103.802642147135131, 1.280413229219252 ], [ 103.802801089104562, 1.280484620469286 ], [ 103.802891135654747, 1.280281536734904 ], [ 103.802902832398232, 1.28027952802354 ], [ 103.802899843571055, 1.280261897600153 ], [ 103.802900185824271, 1.280261125708071 ], [ 103.802904550008805, 1.280258455789481 ], [ 103.802908510199316, 1.280278471709137 ], [ 103.802945929749427, 1.280270971842284 ], [ 103.802878689420524, 1.280347850438489 ], [ 103.802897989420472, 1.280364950439736 ], [ 103.802987467436111, 1.280262646592071 ], [ 103.803002310206722, 1.280259671707911 ], [ 103.803000052008557, 1.280248258138533 ], [ 103.803036400000195, 1.280206699998858 ], [ 103.802936299537507, 1.280391901189263 ], [ 103.802962599538674, 1.280406301190197 ], [ 103.803062700000069, 1.280221099998748 ], [ 103.803015121602257, 1.280426421218029 ], [ 103.803036421603863, 1.280431421218851 ], [ 103.803084, 1.280226100000046 ], [ 103.803077411111772, 1.280436827270852 ], [ 103.803099511113501, 1.280437527271036 ], [ 103.803106100000051, 1.280226800000132 ], [ 103.803126437414349, 1.280436635575645 ], [ 103.803153937415999, 1.280433935575854 ], [ 103.803133600000379, 1.280224100000503 ], [ 103.803220958127682, 1.2804157226008 ], [ 103.803248458129715, 1.28040302259958 ], [ 103.803161100000764, 1.280211400000168 ], [ 103.803309520487005, 1.28036017731931 ], [ 103.803328420487261, 1.280341077319028 ], [ 103.803179999996473, 1.280192299996443 ], [ 103.803337543676079, 1.280331249635192 ], [ 103.803355043675481, 1.280311149634904 ], [ 103.803197499998802, 1.280172199999031 ], [ 103.803394508800636, 1.280243841304825 ], [ 103.803405708798309, 1.280212641304114 ], [ 103.803208700000312, 1.280141000000122 ], [ 103.803415332190724, 1.280175605453913 ], [ 103.803419432188662, 1.280150805452858 ], [ 103.803212800000153, 1.280116200000343 ], [ 103.80342227194312, 1.280116926694913 ], [ 103.803422371941011, 1.280087726694981 ], [ 103.803212899997717, 1.280086999999571 ], [ 103.803418682925809, 1.280047600232364 ], [ 103.803413182923592, 1.280018500232833 ], [ 103.80322176887276, 1.280055148896365 ], [ 103.803222102457809, 1.280053979790825 ], [ 103.803224836396254, 1.280044398228894 ], [ 103.803373423497135, 1.279929340665424 ], [ 103.803358823495969, 1.27991024066594 ], [ 103.803235972569709, 1.280005369572387 ], [ 103.803237478826944, 1.280000090632753 ], [ 103.803351555909074, 1.279901255179662 ], [ 103.803332055909038, 1.2798784551805 ], [ 103.803252524465165, 1.27994736057514 ], [ 103.803269235136156, 1.279888795120324 ], [ 103.803237948275466, 1.279879751779319 ], [ 103.803263571437583, 1.279825750176572 ], [ 103.803245846347394, 1.279817230381408 ], [ 103.80322542077667, 1.279807312195494 ], [ 103.8031964475786, 1.279867756168347 ], [ 103.803158919396054, 1.279856908797075 ], [ 103.803170690881913, 1.279789556564449 ], [ 103.803140190884562, 1.279784156565651 ], [ 103.803128987702735, 1.279848257159335 ], [ 103.803096666118279, 1.279838914733621 ], [ 103.80309640670005, 1.279833432027866 ], [ 103.803119533562722, 1.279783223884556 ], [ 103.803222701559719, 1.279688562599697 ], [ 103.803205401559282, 1.279669462600923 ], [ 103.803147435528174, 1.279722649047326 ], [ 103.803164143269044, 1.279686376736695 ], [ 103.802974100003112, 1.279597700001207 ], [ 103.803045732241031, 1.279621873632359 ], [ 103.803051586090987, 1.279624123917131 ], [ 103.803051678530011, 1.279623880317617 ], [ 103.803172706537424, 1.279664723463799 ], [ 103.803339606504295, 1.279163723450321 ], [ 103.803208932097689, 1.279119624949031 ], [ 103.803233290281469, 1.279121609312699 ], [ 103.803234771616658, 1.279103189212933 ], [ 103.803349979718107, 1.279111161875903 ], [ 103.803367679697345, 1.27885206187446 ], [ 103.803167760166119, 1.27883822698478 ], [ 103.803167669272796, 1.278836992207379 ], [ 103.803367699923825, 1.278823437340554 ], [ 103.803349999902721, 1.278558837341619 ], [ 103.803224749120417, 1.278567324830818 ], [ 103.803224563364509, 1.278565660771112 ], [ 103.803187564881114, 1.278569844581567 ], [ 103.80318003862098, 1.278570354590563 ], [ 103.803696340308562, 1.278469683230134 ], [ 103.803656499999903, 1.278262699999551 ], [ 103.803663796030236, 1.278267142146303 ], [ 103.803675180292899, 1.278308939609407 ], [ 103.803707914032572, 1.278299907987702 ], [ 103.803731871658684, 1.278340147757539 ], [ 103.803757910516651, 1.278324443212435 ], [ 103.803760019177602, 1.278325727058726 ], [ 103.8038097109756, 1.278389147814502 ], [ 103.80383335776817, 1.278370378835074 ], [ 103.803835731366476, 1.278371823986878 ], [ 103.803839557476579, 1.278365457989975 ], [ 103.803854310976362, 1.278353747812408 ], [ 103.80384994476951, 1.278348175300973 ], [ 103.803850095098554, 1.278347925179814 ], [ 103.803854531925992, 1.278353572197257 ], [ 103.803888293734445, 1.278326700552573 ], [ 103.803908660717084, 1.278461640174026 ], [ 103.803922511128249, 1.278459522471344 ], [ 103.803929826570013, 1.278504939193422 ], [ 103.804136600000092, 1.278471199999897 ], [ 103.804137115596433, 1.278474669603308 ], [ 103.80403289242453, 1.278493991320874 ], [ 103.804125292385564, 1.27899889132804 ], [ 103.804331300000499, 1.278960699999729 ], [ 103.804355695813555, 1.279170096902054 ], [ 103.804451770316817, 1.279158758075409 ], [ 103.804613151520272, 1.279211363399334 ], [ 103.804628952219133, 1.279226210334911 ], [ 103.804635841898119, 1.279218782653336 ], [ 103.804656847182997, 1.27922570830847 ], [ 103.804688998362622, 1.279236359964175 ], [ 103.80467703176194, 1.27926007039105 ], [ 103.804734731764981, 1.279289570392488 ], [ 103.804751188408645, 1.27925696346676 ], [ 103.804771405817547, 1.279263661474457 ], [ 103.804796613030689, 1.279186585415742 ], [ 103.804801577680394, 1.279187695211059 ], [ 103.80477929567158, 1.279266103047636 ], [ 103.804799095672408, 1.279271803048573 ], [ 103.804821728378258, 1.279192161144798 ], [ 103.804823877091806, 1.279192635125634 ], [ 103.804840071412414, 1.27919713354771 ], [ 103.804857025266656, 1.279135305464762 ], [ 103.804857446280778, 1.279135400943259 ], [ 103.804840668974037, 1.27919729858017 ], [ 103.804870168976038, 1.279205398581089 ], [ 103.804887306303016, 1.279142172694689 ], [ 103.804893599999488, 1.27914359999911 ], [ 103.804904037973486, 1.27935416968977 ], [ 103.804970884817664, 1.279350812961699 ], [ 103.805130828877751, 1.279347177869769 ], [ 103.805126100000393, 1.279136400000103 ], [ 103.805132608734027, 1.279347129799855 ], [ 103.805375508753954, 1.279339529799801 ], [ 103.805362491246811, 1.278918070199385 ], [ 103.805245361332283, 1.27892173503361 ], [ 103.805246155312119, 1.278913657999861 ], [ 103.805125115200582, 1.278901604816007 ], [ 103.805126544771312, 1.27889129283973 ], [ 103.805247139267266, 1.278889111336754 ], [ 103.805246339263363, 1.278844311336388 ], [ 103.805123817217535, 1.278846527707547 ], [ 103.80512435074283, 1.278840127013389 ], [ 103.80524551893393, 1.278829079962192 ], [ 103.805243718932402, 1.278809079962669 ], [ 103.805133468030178, 1.2788191316712 ], [ 103.805133573892789, 1.278808710801079 ], [ 103.805218100401589, 1.278803629187454 ], [ 103.805217083526287, 1.278786494597876 ], [ 103.80533816449811, 1.278785391233493 ], [ 103.805334564465767, 1.27838519123327 ], [ 103.805174646988661, 1.278386648499755 ], [ 103.805171057941124, 1.278374782492469 ], [ 103.805327519150623, 1.278332848228679 ], [ 103.805321619148827, 1.278310548228764 ], [ 103.805164376341153, 1.278352691974291 ], [ 103.805161296282392, 1.278342508770402 ], [ 103.805304581662185, 1.278266634906242 ], [ 103.805295381661495, 1.278249034906588 ], [ 103.805155437726555, 1.278323139376638 ], [ 103.805151094585597, 1.278308780204366 ], [ 103.805142408248969, 1.278276686483502 ], [ 103.805138544114641, 1.278277745942212 ], [ 103.8051391078764, 1.27827637418704 ], [ 103.805142093733011, 1.278275537252067 ], [ 103.805141030719938, 1.278271695487598 ], [ 103.805190067713681, 1.278152377775376 ], [ 103.805165567715235, 1.27814217777626 ], [ 103.80513072444171, 1.278226959068263 ], [ 103.80511509491599, 1.278154438093565 ], [ 103.805110667106234, 1.278129717663762 ], [ 103.805110909021408, 1.27812772519422 ], [ 103.805110296735577, 1.278127649886415 ], [ 103.805091049891274, 1.278020194877143 ], [ 103.804888016895717, 1.278057034451291 ], [ 103.804887265709326, 1.278056000383109 ], [ 103.805058778157374, 1.277940029146188 ], [ 103.804894978148056, 1.277694629157383 ], [ 103.804721099994438, 1.27781220000408 ], [ 103.804890101567722, 1.277687633780352 ], [ 103.804549001552658, 1.277218833801747 ], [ 103.804482882199835, 1.2772675684834 ], [ 103.804611570189934, 1.277161182919988 ], [ 103.804593954708182, 1.277139597259264 ], [ 103.804939111943796, 1.276924997744434 ], [ 103.804927511942992, 1.276906097744729 ], [ 103.804749300263566, 1.277016899835595 ], [ 103.804927292253765, 1.276905740598656 ], [ 103.804807692244523, 1.276711740606529 ], [ 103.804697786659744, 1.276780378645597 ], [ 103.804697562450301, 1.27677674832631 ], [ 103.804803265467029, 1.276704862156062 ], [ 103.804727331443686, 1.276591753948194 ], [ 103.804779419287883, 1.276565234724123 ], [ 103.804740519284366, 1.276487834726596 ], [ 103.804690241341632, 1.276513432484817 ], [ 103.804689095037901, 1.276510922058224 ], [ 103.804738796962283, 1.276484482619293 ], [ 103.804683824488649, 1.27637979821179 ], [ 103.804604662044568, 1.276146151947264 ], [ 103.804543907412508, 1.276167004323827 ], [ 103.804540826898901, 1.276158649597457 ], [ 103.804600176000719, 1.276134124246666 ], [ 103.804559115387534, 1.276033468118915 ], [ 103.80454542227254, 1.275981255136988 ], [ 103.804541312122396, 1.275940750301524 ], [ 103.804518112031531, 1.27556465480911 ], [ 103.804512576952661, 1.275339687423297 ], [ 103.804517946512618, 1.275271110408694 ], [ 103.804551516619028, 1.275078011281848 ], [ 103.804568617920822, 1.274986279578983 ], [ 103.80457571202713, 1.274979321105567 ], [ 103.804625255344419, 1.27498552075847 ], [ 103.804632957392641, 1.274923170215822 ], [ 103.804865215570047, 1.274695352548841 ], [ 103.804801115570271, 1.274629152552516 ], [ 103.804651099999418, 1.274776300001081 ], [ 103.804676944650765, 1.274567079240281 ], [ 103.804620840556836, 1.274560058597626 ], [ 103.804603892974697, 1.274475649303397 ], [ 103.804651942550223, 1.274460546472362 ], [ 103.804589500000191, 1.274259299999323 ], [ 103.804692921409568, 1.274442643271444 ], [ 103.80469922140928, 1.274439043271576 ], [ 103.804595800000484, 1.274255700000602 ], [ 103.804731182789396, 1.274416581619283 ], [ 103.80473728278983, 1.27441138161837 ], [ 103.804601899999909, 1.2742505 ], [ 103.80479343145187, 1.274335870778904 ], [ 103.804796731451617, 1.274328370778534 ], [ 103.804605436788265, 1.274243105542826 ], [ 103.804605973615111, 1.274243009007901 ], [ 103.804814658698831, 1.274245438900784 ], [ 103.804814758698214, 1.274236738900963 ], [ 103.804651417778771, 1.274234836989175 ], [ 103.804673207326204, 1.27423091867268 ], [ 103.804671170288913, 1.274219443370202 ], [ 103.804809703379163, 1.274188198096449 ], [ 103.804768803365022, 1.274004498099397 ], [ 103.804636060683578, 1.2740344373831 ], [ 103.804633240333501, 1.274020858510966 ], [ 103.80462935797857, 1.274021675377521 ], [ 103.804755962787596, 1.273965300520619 ], [ 103.804751962786227, 1.27395620052056 ], [ 103.804583031083141, 1.274031422784223 ], [ 103.804577074433638, 1.274032676092884 ], [ 103.804745807360717, 1.273943384674589 ], [ 103.804742307360058, 1.273936684675464 ], [ 103.804556899999724, 1.274034800000444 ], [ 103.80468555596066, 1.273868420455128 ], [ 103.804679555961002, 1.273863720455288 ], [ 103.804550900000834, 1.274030099998496 ], [ 103.804601396215034, 1.273825485953685 ], [ 103.804594196215078, 1.273823685953462 ], [ 103.804543700000337, 1.274028299999931 ], [ 103.804513252941319, 1.273819707391102 ], [ 103.804421952949284, 1.273833207389987 ], [ 103.804447088718163, 1.274005412431195 ], [ 103.804445047649452, 1.274007241033938 ], [ 103.804408540240118, 1.273835641691989 ], [ 103.804396940241602, 1.27383814169119 ], [ 103.804434857955869, 1.274016370031054 ], [ 103.804428076894524, 1.274022445218165 ], [ 103.804418360074465, 1.274005754403592 ], [ 103.804406252347363, 1.27394269872931 ], [ 103.804384153686158, 1.273946997269451 ], [ 103.804334901155954, 1.27386239501253 ], [ 103.80432710115646, 1.273866995012283 ], [ 103.804374741558235, 1.273948828077737 ], [ 103.804304928735178, 1.273962407779072 ], [ 103.804304035844453, 1.273961804769201 ], [ 103.804303834537521, 1.273921971120832 ], [ 103.804245234542577, 1.273922271120037 ], [ 103.804245863812255, 1.27404678870932 ], [ 103.804233756541038, 1.274046211538116 ], [ 103.804216180051171, 1.273924459289489 ], [ 103.804042410409352, 1.273949871683207 ], [ 103.804061140467226, 1.273924112392606 ], [ 103.803892100000169, 1.273799599999979 ], [ 103.804094626862494, 1.273853441650886 ], [ 103.804139835560463, 1.273681174279332 ], [ 103.80417505187684, 1.273675175998485 ], [ 103.804159142382588, 1.273580554416866 ], [ 103.804160582151596, 1.273580597028851 ], [ 103.804162782146207, 1.273505297029092 ], [ 103.804146407261783, 1.27350481238695 ], [ 103.804146388958031, 1.273504703527437 ], [ 103.804162785543994, 1.273505179610013 ], [ 103.804164585538786, 1.273442379609422 ], [ 103.804135769253506, 1.273441542915438 ], [ 103.804112955939829, 1.273305860904491 ], [ 103.8041170584263, 1.273302468799822 ], [ 103.804111173274819, 1.273295258515523 ], [ 103.804105148128642, 1.273259424000617 ], [ 103.804012956499406, 1.273275126700564 ], [ 103.804046600562188, 1.273227629419865 ], [ 103.804020400563033, 1.273208829421066 ], [ 103.803968018003118, 1.273282780927284 ], [ 103.803918448142596, 1.273291223998317 ], [ 103.803926810075097, 1.273340956552997 ], [ 103.803898799999658, 1.273380500000454 ], [ 103.803930245657881, 1.273172057525356 ], [ 103.803900145660961, 1.273167457525728 ], [ 103.803868700000393, 1.273375900000409 ], [ 103.80375133366627, 1.273201269535095 ], [ 103.803636033670784, 1.273279769530053 ], [ 103.80374546003209, 1.273442586046643 ], [ 103.803745138480011, 1.273453804605945 ], [ 103.803544462290247, 1.273439342196601 ], [ 103.803530262274322, 1.273638942194799 ], [ 103.803714127799182, 1.273652193087745 ], [ 103.803702529571012, 1.273696388013971 ], [ 103.803494877107937, 1.273799698087504 ], [ 103.803587699996541, 1.273988699993231 ], [ 103.803489396493603, 1.273802526430181 ], [ 103.803479798002769, 1.273807660603838 ], [ 103.803507357696091, 1.273568610046694 ], [ 103.803517957770268, 1.27352812363696 ], [ 103.803315400002873, 1.273474400000238 ], [ 103.803523383744874, 1.27349949271843 ], [ 103.803557683721806, 1.273211492714768 ], [ 103.803457863535129, 1.273199449661331 ], [ 103.803458208229301, 1.273195878788802 ], [ 103.803558388087069, 1.273204630045092 ], [ 103.803569115361768, 1.273080231192289 ], [ 103.803586469534167, 1.272972560627823 ], [ 103.803379700000505, 1.272938800000412 ], [ 103.803400856926842, 1.272729046515809 ], [ 103.802868456968994, 1.272674646521232 ], [ 103.802861040720416, 1.272748172365821 ], [ 103.802852799999457, 1.27274769999945 ], [ 103.802847395946003, 1.272633478971545 ], [ 103.802854943170743, 1.272562150016152 ], [ 103.802859029930701, 1.272523525975106 ], [ 103.802885894721967, 1.272269626308173 ], [ 103.802677599999853, 1.272247299999791 ], [ 103.802653332760499, 1.2720378879636 ], [ 103.802608551942413, 1.272043144842287 ], [ 103.802470380530693, 1.27205771528653 ], [ 103.80247037371079, 1.272057716005419 ], [ 103.802470372587621, 1.272057716123876 ], [ 103.80245463471195, 1.272059375102097 ], [ 103.802415950519048, 1.271920923985578 ], [ 103.802309998256959, 1.271950913163416 ], [ 103.802304909654069, 1.27193708810685 ], [ 103.802303424063979, 1.271932484353491 ], [ 103.802401101138827, 1.271882600679534 ], [ 103.802314641804813, 1.271711100953907 ], [ 103.802340163671076, 1.271696359315565 ], [ 103.802270929955952, 1.271574936107309 ], [ 103.802279426653783, 1.271538881026756 ], [ 103.802417150915801, 1.27161919004403 ], [ 103.802442650913889, 1.271574890042476 ], [ 103.802291685839847, 1.271486860115381 ], [ 103.802294737118928, 1.271473912250093 ], [ 103.802468836792372, 1.271498521483001 ], [ 103.802476636787688, 1.271442621481698 ], [ 103.802307737227039, 1.271418747292336 ], [ 103.802355243081024, 1.2712171598345 ], [ 103.802317543084456, 1.271208159835313 ], [ 103.802269200000566, 1.271413300000077 ], [ 103.802250952793401, 1.271410720731228 ], [ 103.802019618773357, 1.27111482430702 ], [ 103.801854999999762, 1.271245200000269 ], [ 103.801737361431151, 1.271070755262913 ], [ 103.801678185205006, 1.271111180881394 ], [ 103.801629009584246, 1.271137287350028 ], [ 103.801566324071388, 1.271163464680199 ], [ 103.801646600000154, 1.271358199999501 ], [ 103.801438750043005, 1.271384390251585 ], [ 103.801446350038461, 1.271445490251947 ], [ 103.801536763620391, 1.271434097639295 ], [ 103.801563278830912, 1.271485370573916 ], [ 103.80148436670909, 1.271542714410202 ], [ 103.801711813344127, 1.271859783483357 ], [ 103.801831182826433, 1.272262376013424 ], [ 103.801816512676751, 1.272284769148816 ], [ 103.801815232415109, 1.272285727516558 ], [ 103.80177800577701, 1.272292618730379 ], [ 103.801744615525507, 1.272233680439714 ], [ 103.801718794747458, 1.272179331876461 ], [ 103.801738106823549, 1.272172064453981 ], [ 103.801717006819658, 1.272115264455381 ], [ 103.801586558293025, 1.272164354178429 ], [ 103.80152126956142, 1.272188069869235 ], [ 103.801498943260228, 1.272125485985571 ], [ 103.801452339599905, 1.271989846079683 ], [ 103.801395739603407, 1.272009546077615 ], [ 103.801464199999984, 1.272208800000319 ], [ 103.801267166596404, 1.272280371035076 ], [ 103.801310856892698, 1.272402215211407 ], [ 103.8010035788094, 1.272492033956325 ], [ 103.801038778363036, 1.272614022476721 ], [ 103.801018842366986, 1.272621634256287 ], [ 103.800954739367555, 1.272513405124607 ], [ 103.800867309281557, 1.272565863176121 ], [ 103.800810883781409, 1.272597143468834 ], [ 103.80065652517375, 1.272670447271963 ], [ 103.800647282137859, 1.272655956526073 ], [ 103.800811767755533, 1.272556354175329 ], [ 103.800852209910914, 1.272534635240267 ], [ 103.800881325572732, 1.272520358137947 ], [ 103.801022537237529, 1.272457932842255 ], [ 103.800854062774846, 1.272071867154964 ], [ 103.800709062784421, 1.272135967150902 ], [ 103.800793300002496, 1.272329000004879 ], [ 103.80070155473463, 1.272139465846734 ], [ 103.800665254736771, 1.272157265845981 ], [ 103.800756999992672, 1.27234679998545 ], [ 103.800658389883125, 1.272160790800876 ], [ 103.800609789885385, 1.272186890799156 ], [ 103.800708400000417, 1.272372899999966 ], [ 103.8006004115542, 1.272192243834767 ], [ 103.80024651157008, 1.272406543820557 ], [ 103.800354499999841, 1.272587199999951 ], [ 103.800178227155996, 1.272701100654065 ], [ 103.800276680625259, 1.272855450881352 ], [ 103.799912900849591, 1.273036136595952 ], [ 103.799951388800935, 1.273114634223968 ], [ 103.799951375666055, 1.273114640765068 ], [ 103.799912878377981, 1.273036147758234 ], [ 103.799837388639659, 1.273073654038092 ], [ 103.799778564715609, 1.273100101274317 ], [ 103.799811742980211, 1.273174856968271 ], [ 103.799811707645091, 1.273174872639547 ], [ 103.799778507080518, 1.27310012719718 ], [ 103.799101602325436, 1.273404709757644 ], [ 103.798964209728751, 1.273447378266058 ], [ 103.798771723271216, 1.273280470931164 ], [ 103.798732408052061, 1.273326401545362 ], [ 103.798730761032957, 1.273324980539881 ], [ 103.798769402136926, 1.273278487644964 ], [ 103.798460186485798, 1.273018147392313 ], [ 103.79826436155102, 1.272833181851571 ], [ 103.798258845747512, 1.272824309221897 ], [ 103.798594361283705, 1.272540509249564 ], [ 103.798773958398883, 1.272388633195201 ], [ 103.798901669343124, 1.272288825478118 ], [ 103.798804430055952, 1.272162781255221 ], [ 103.798804669258601, 1.272162509662308 ], [ 103.798902819296828, 1.272287920293092 ], [ 103.79893901929799, 1.272259220291542 ], [ 103.798835730005777, 1.27212724301164 ], [ 103.798835945650254, 1.27212699816771 ], [ 103.798940254505766, 1.27225823339014 ], [ 103.799156854510926, 1.272083833379074 ], [ 103.799067785205693, 1.271971771668529 ], [ 103.79922838372967, 1.271832688298256 ], [ 103.799184783729302, 1.271781688301161 ], [ 103.799026, 1.271919200000117 ], [ 103.798895145505654, 1.271754566614727 ], [ 103.798851754497903, 1.271789503789732 ], [ 103.798727602472397, 1.271613548030142 ], [ 103.798615417029623, 1.271454468688552 ], [ 103.79827378295461, 1.271698531299314 ], [ 103.798385982948474, 1.271857631306625 ], [ 103.798556800000426, 1.271735600000487 ], [ 103.79838601293919, 1.271857673822129 ], [ 103.798522585388611, 1.27205123259196 ], [ 103.798513830676484, 1.272058074509457 ], [ 103.798642299993944, 1.272224599993506 ], [ 103.798507550360014, 1.27206318091749 ], [ 103.798324850363571, 1.272217680907871 ], [ 103.79845959822444, 1.272379097873346 ], [ 103.798324830378135, 1.272217697811081 ], [ 103.79797007920763, 1.272517768455893 ], [ 103.797894738194458, 1.272426749335923 ], [ 103.797733800000145, 1.27256169999987 ], [ 103.797891845543646, 1.272423329475617 ], [ 103.797633345538017, 1.272124229490688 ], [ 103.797488811823214, 1.272250770259077 ], [ 103.797488911705713, 1.272250673584778 ], [ 103.797633292835286, 1.272124168534861 ], [ 103.797301628469413, 1.271740709761714 ], [ 103.797260272812792, 1.271692846729331 ], [ 103.797737729019531, 1.271045120486095 ], [ 103.797569500000151, 1.270919500000012 ], [ 103.797689323199506, 1.270746568108087 ], [ 103.797590023202275, 1.270676868112722 ], [ 103.797472231832842, 1.270846867607342 ], [ 103.79740127099717, 1.270793879503243 ], [ 103.797398707121616, 1.270797357706946 ], [ 103.797300915392228, 1.270725624366811 ], [ 103.796775215371838, 1.271451624331889 ], [ 103.796866870988836, 1.271518856649823 ], [ 103.796855870977453, 1.271533779467989 ], [ 103.79690945794141, 1.271573794105046 ], [ 103.796735365477488, 1.271563828610787 ], [ 103.796732065472938, 1.271622228610126 ], [ 103.796941200000603, 1.27163420000035 ], [ 103.796876707519615, 1.271665014521787 ], [ 103.7968147773704, 1.27166737358265 ], [ 103.79681578326462, 1.271694124142196 ], [ 103.796751967688508, 1.27172461523481 ], [ 103.796775267685661, 1.271774015236346 ], [ 103.796820558536609, 1.271752375260685 ], [ 103.796885042500762, 1.271749918919145 ], [ 103.796803256693778, 1.271818181146575 ], [ 103.796828056693386, 1.271848281148365 ], [ 103.796948816236366, 1.271747489629929 ], [ 103.796962687339359, 1.271746961248031 ], [ 103.796880227629288, 1.27185002169299 ], [ 103.796859315074045, 1.271872091111353 ], [ 103.796861155863496, 1.271873858116262 ], [ 103.796857916859366, 1.271877906313705 ], [ 103.796881437119296, 1.271896970104114 ], [ 103.796968872732592, 1.27199816386495 ], [ 103.796820558928829, 1.271929573933899 ], [ 103.79680585892666, 1.271961773933235 ], [ 103.796980762096112, 1.272042660511746 ], [ 103.796966383629595, 1.272056577192802 ], [ 103.796791873053664, 1.272096243039515 ], [ 103.796799973050753, 1.272132343040716 ], [ 103.79691515241349, 1.272106163041895 ], [ 103.796906913266952, 1.272114137574936 ], [ 103.796943534822887, 1.272152466880998 ], [ 103.796862578328799, 1.272241152887784 ], [ 103.797146878330224, 1.272504052902725 ], [ 103.797211655668107, 1.272433090788858 ], [ 103.797254313263963, 1.272477737594426 ], [ 103.797254901093595, 1.272477168643278 ], [ 103.797235089525699, 1.272552636491522 ], [ 103.797280589528654, 1.272564736492227 ], [ 103.797320158514935, 1.272414007055185 ], [ 103.797324712222078, 1.272409599595916 ], [ 103.797336093053346, 1.272422767902593 ], [ 103.797340888300084, 1.27257162085909 ], [ 103.797383788303236, 1.27257022085957 ], [ 103.797380700881135, 1.272474381843409 ], [ 103.797574290019625, 1.272698376092576 ], [ 103.797769263987902, 1.272933923235783 ], [ 103.797855019836348, 1.273094782607694 ], [ 103.797913246050371, 1.273063337514398 ], [ 103.797923623323555, 1.273080030227444 ], [ 103.798015003963229, 1.273022482595907 ], [ 103.797899121707601, 1.273151493487738 ], [ 103.798137821708963, 1.273368693500985 ], [ 103.798175128313872, 1.273327160320909 ], [ 103.798177855275853, 1.27332973606079 ], [ 103.798182774308984, 1.27332446043833 ], [ 103.79814197056065, 1.273372369705118 ], [ 103.798380715826227, 1.273578353032064 ], [ 103.798378301284416, 1.273582993911788 ], [ 103.798351530138746, 1.273587248353055 ], [ 103.798357219435161, 1.273623514361735 ], [ 103.798336020131899, 1.273664260563749 ], [ 103.798311598261805, 1.273597736664898 ], [ 103.7982069982681, 1.273636636662427 ], [ 103.798262131050194, 1.273786815492915 ], [ 103.79825986685205, 1.27378758757603 ], [ 103.798197785781497, 1.273640314283007 ], [ 103.798040885791622, 1.273707314278539 ], [ 103.798097992158887, 1.273842786233093 ], [ 103.798097080798669, 1.273843097002808 ], [ 103.798037973816207, 1.273708584043482 ], [ 103.797989673819018, 1.273730084041329 ], [ 103.798046858612508, 1.273860222575248 ], [ 103.798038221644262, 1.273863167748138 ], [ 103.797965366725947, 1.273742880670477 ], [ 103.797920892368083, 1.27377016832726 ], [ 103.797445424208604, 1.273964301145776 ], [ 103.797435470539099, 1.273967470749734 ], [ 103.797116616783924, 1.27406880347686 ], [ 103.796860384169548, 1.274135727712057 ], [ 103.796884796961606, 1.274230413559651 ], [ 103.796872613680165, 1.274234391426461 ], [ 103.796837631604475, 1.274143087962289 ], [ 103.796706231613882, 1.274194087958427 ], [ 103.796738456117737, 1.274278194154014 ], [ 103.796732156973391, 1.274280250837306 ], [ 103.796695615882342, 1.274198548974775 ], [ 103.796421706837435, 1.27432264914367 ], [ 103.796162733796081, 1.273952978268796 ], [ 103.796743949236131, 1.273710004705795 ], [ 103.796583250775569, 1.273320595291829 ], [ 103.795911564435613, 1.273601389642923 ], [ 103.79581105247415, 1.273469489746592 ], [ 103.795925547501795, 1.273360019091615 ], [ 103.796487995894765, 1.273026358390914 ], [ 103.796835586435833, 1.27284432941241 ], [ 103.796738900000662, 1.272657300000629 ], [ 103.796922016804544, 1.272554919889391 ], [ 103.796901816802091, 1.27251831989051 ], [ 103.796897584277147, 1.27252068628357 ], [ 103.796897510058173, 1.272520427295041 ], [ 103.796901686958066, 1.272518084981712 ], [ 103.796891635187976, 1.272499926946922 ], [ 103.796840123924625, 1.272320178482702 ], [ 103.796816870581054, 1.272166963843404 ], [ 103.796731807060453, 1.272180041974129 ], [ 103.796763294942707, 1.272161336640157 ], [ 103.796736795165643, 1.272116147148174 ], [ 103.796785700538891, 1.272084317834292 ], [ 103.796503320249329, 1.271644795438547 ], [ 103.796486082157614, 1.271615044420089 ], [ 103.796467713716993, 1.271583298966032 ], [ 103.796436092913922, 1.27160183347374 ], [ 103.79643601843712, 1.271601702153472 ], [ 103.796467622044432, 1.271583140690923 ], [ 103.796293959870013, 1.271283605969467 ], [ 103.796271598235236, 1.271244972255978 ], [ 103.796238462608514, 1.271264401227747 ], [ 103.796235111818746, 1.271259044886047 ], [ 103.796267600908408, 1.271238349089736 ], [ 103.796253200908026, 1.271215449090269 ], [ 103.796220861772795, 1.271236049364138 ], [ 103.796218041660595, 1.271231246692181 ], [ 103.796249488756743, 1.271209751595251 ], [ 103.79621608875479, 1.271160251597599 ], [ 103.796063491577812, 1.271264556646778 ], [ 103.79598231307267, 1.271184190270969 ], [ 103.795961280329607, 1.271151928913223 ], [ 103.79595434939813, 1.271156506350644 ], [ 103.795910662116157, 1.271113256123469 ], [ 103.795894161472461, 1.271130140502283 ], [ 103.795869567556196, 1.271154831626976 ], [ 103.796008927303504, 1.271295449887184 ], [ 103.796011815007617, 1.271299879230408 ], [ 103.795926096575613, 1.271358470507728 ], [ 103.795837167281661, 1.271411369295824 ], [ 103.795863767279428, 1.271456669297954 ], [ 103.795896524947935, 1.271437183695273 ], [ 103.795899236666372, 1.27144120256114 ], [ 103.795866837799167, 1.271461734317507 ], [ 103.795946124446985, 1.271588476513181 ], [ 103.796100579022422, 1.271860817320611 ], [ 103.796132785082307, 1.271842314282249 ], [ 103.796134060601162, 1.271844515684774 ], [ 103.796102123826259, 1.271863495310132 ], [ 103.796197912162157, 1.272026775446327 ], [ 103.796361043770844, 1.272304960328165 ], [ 103.796153320521341, 1.272440934759786 ], [ 103.79527202653415, 1.272949438502262 ], [ 103.795221552917269, 1.272977598493361 ], [ 103.794735989881545, 1.273248441184742 ], [ 103.794652206596879, 1.273293352540246 ], [ 103.794633747806202, 1.273265008043811 ], [ 103.794557702785426, 1.27314799265553 ], [ 103.794207097199447, 1.273378807331874 ], [ 103.794283197194261, 1.273495907336949 ], [ 103.794290626073874, 1.2734910166735 ], [ 103.794290724159097, 1.273491182929799 ], [ 103.794283306980176, 1.273496076095804 ], [ 103.794328306977391, 1.273565176098308 ], [ 103.794332676912703, 1.273562293220859 ], [ 103.794349200000056, 1.27359030000009 ], [ 103.794266384609514, 1.273783955089042 ], [ 103.794401835184274, 1.273842633678094 ], [ 103.794442659795308, 1.273860344765126 ], [ 103.794256063680777, 1.27398876506157 ], [ 103.794305622088828, 1.274061711301553 ], [ 103.794296056453362, 1.274067636855791 ], [ 103.794240751587708, 1.274000372708763 ], [ 103.79408455159205, 1.274130472700315 ], [ 103.794218100000137, 1.274292899999807 ], [ 103.794024623242805, 1.274212094977421 ], [ 103.794019923241763, 1.274223494976672 ], [ 103.794213399999791, 1.274304300000332 ], [ 103.794062222828217, 1.274450238124305 ], [ 103.794083833727925, 1.274472916229027 ], [ 103.794072899999463, 1.274479200000151 ], [ 103.793974772580029, 1.274292932365947 ], [ 103.793774337146573, 1.274399897908263 ], [ 103.793655400781773, 1.274463264003946 ], [ 103.793753400000483, 1.27464960000044 ], [ 103.793588642081858, 1.274519402239364 ], [ 103.793569842080984, 1.274543502238261 ], [ 103.793732267972587, 1.274671857146701 ], [ 103.793731260517518, 1.274672472963724 ], [ 103.793537829343606, 1.274601399963313 ], [ 103.793527129341641, 1.274630899962075 ], [ 103.793697101159779, 1.274693353221592 ], [ 103.793693359448639, 1.274695640380804 ], [ 103.793704055247034, 1.274713366081397 ], [ 103.793537217164598, 1.274798833979512 ], [ 103.793770201913929, 1.275259552791556 ], [ 103.793572864772798, 1.275330580524967 ], [ 103.793583552271343, 1.27536066019941 ], [ 103.793583214490056, 1.275360775799107 ], [ 103.79357246904631, 1.275330723410256 ], [ 103.793249511171467, 1.275447702238931 ], [ 103.7931363117427, 1.275164750612463 ], [ 103.792942000005525, 1.275243499997037 ], [ 103.793127789215632, 1.275146119047033 ], [ 103.793086189211124, 1.275065719050235 ], [ 103.7929004, 1.275163100000126 ], [ 103.793085505131046, 1.275064408190794 ], [ 103.79307350513001, 1.275041608191438 ], [ 103.792888399999299, 1.275140299999956 ], [ 103.793012183335023, 1.274970217055328 ], [ 103.792986683336082, 1.274951417057011 ], [ 103.792862900000571, 1.275121500000405 ], [ 103.792871717167088, 1.274910855273506 ], [ 103.792843417169905, 1.274909655273682 ], [ 103.792834600000162, 1.275120300000412 ], [ 103.79273026094117, 1.274937484200581 ], [ 103.792602960947605, 1.275011084195459 ], [ 103.792707300077538, 1.275193900134031 ], [ 103.792602503453821, 1.275011349472723 ], [ 103.792004552629095, 1.275359082080981 ], [ 103.791801983315779, 1.275446086640535 ], [ 103.791966416696496, 1.275833913357018 ], [ 103.792180616710141, 1.27574191335144 ], [ 103.792098399997997, 1.275547999995809 ], [ 103.792203196530565, 1.275730550546328 ], [ 103.792777436192523, 1.275396606936869 ], [ 103.792853174576422, 1.275585921556488 ], [ 103.792839584462655, 1.275590479023131 ], [ 103.792846568146942, 1.27561157503046 ], [ 103.792844388157846, 1.275612320624784 ], [ 103.792837147607656, 1.27559131300147 ], [ 103.792561047626251, 1.275687712995349 ], [ 103.792567681103435, 1.275706959270717 ], [ 103.792567582815622, 1.275706992887101 ], [ 103.792560939075301, 1.275687750929006 ], [ 103.792454628432935, 1.275724934931023 ], [ 103.792023422609248, 1.275869933374504 ], [ 103.792030330072834, 1.275890742602205 ], [ 103.792030283804252, 1.275890758426937 ], [ 103.79202337088023, 1.275869950776359 ], [ 103.791961270883931, 1.275890850775348 ], [ 103.791968285020047, 1.275911963072019 ], [ 103.791964170251021, 1.275913370394121 ], [ 103.791956681427635, 1.275892455168017 ], [ 103.79181688921625, 1.275943160064525 ], [ 103.791762213389006, 1.275799401651624 ], [ 103.791669813395814, 1.275835001649187 ], [ 103.791723792350368, 1.275976927798733 ], [ 103.791722097220187, 1.275977542649629 ], [ 103.791719545805321, 1.275978394671611 ], [ 103.791706715811571, 1.275942542700831 ], [ 103.791495415825793, 1.276019142695597 ], [ 103.791500468840468, 1.27603326277858 ], [ 103.791498747165335, 1.276033896563575 ], [ 103.791504655458695, 1.276050155303168 ], [ 103.791340435367928, 1.27610499505863 ], [ 103.791365769135226, 1.276181845517982 ], [ 103.791365599716897, 1.276181967186622 ], [ 103.791340128866509, 1.276105097676383 ], [ 103.791325828867542, 1.276109897675551 ], [ 103.791352763711288, 1.276191185430486 ], [ 103.791171783757534, 1.276321157115997 ], [ 103.791173182364815, 1.276323129963691 ], [ 103.791167182361633, 1.276325931760262 ], [ 103.791191982357788, 1.276379731762378 ], [ 103.79120628145634, 1.276373054571439 ], [ 103.791211295053202, 1.276383410527313 ], [ 103.791197518730186, 1.276390868290423 ], [ 103.791207618728563, 1.276409768291483 ], [ 103.791220712981854, 1.276402679763774 ], [ 103.791230373799124, 1.276421415896573 ], [ 103.791386258685591, 1.276339991653108 ], [ 103.791401633221895, 1.276384525336016 ], [ 103.791319672970531, 1.276410506475322 ], [ 103.791322662703806, 1.276420060652162 ], [ 103.791291196552336, 1.276429822741054 ], [ 103.791306726818604, 1.276480532964082 ], [ 103.791307607094808, 1.27651060305323 ], [ 103.791278886287841, 1.276434067578592 ], [ 103.791237586291416, 1.276449767578216 ], [ 103.79130876640815, 1.276639449017092 ], [ 103.791307033229188, 1.276640102748418 ], [ 103.791277328470656, 1.276595239275087 ], [ 103.791233143433061, 1.276460959002218 ], [ 103.791227143433673, 1.276462959001815 ], [ 103.791264092486585, 1.276575248799362 ], [ 103.791261220878241, 1.276570911772469 ], [ 103.791224337486213, 1.276463916534029 ], [ 103.79121269030118, 1.276467983805628 ], [ 103.79119666191886, 1.276473407550213 ], [ 103.791195436431423, 1.276471556680674 ], [ 103.791188621957531, 1.276476127365077 ], [ 103.791187072588983, 1.276476651416168 ], [ 103.791233730249857, 1.276616391106302 ], [ 103.791117168402479, 1.276555978662367 ], [ 103.791112768401845, 1.276564578661375 ] ], [ [ 103.791293740626983, 1.276645116535781 ], [ 103.791289027430537, 1.276630792927147 ], [ 103.791297557958174, 1.276643676690776 ], [ 103.791293740626983, 1.276645116535781 ] ], [ [ 103.802242754150058, 1.271525520919425 ], [ 103.802235899999943, 1.271513500000391 ], [ 103.802244416659761, 1.271518466188172 ], [ 103.802242754150058, 1.271525520919425 ] ], [ [ 103.800945741346027, 1.272857255861085 ], [ 103.800951599999919, 1.272872799999909 ], [ 103.800942265289336, 1.272850903890343 ], [ 103.800945741346027, 1.272857255861085 ] ], [ [ 103.797050400641538, 1.2719606764699 ], [ 103.797050445813881, 1.271960720583646 ], [ 103.797050378269276, 1.271960779765228 ], [ 103.797050332653967, 1.271960735978856 ], [ 103.797050400641538, 1.2719606764699 ] ], [ [ 103.796998722071478, 1.272005910204383 ], [ 103.796998792927198, 1.272005978220856 ], [ 103.796994293863975, 1.272009920245368 ], [ 103.796994193639321, 1.27200987389525 ], [ 103.796998722071478, 1.272005910204383 ] ], [ [ 103.796262600000048, 1.272620900000418 ], [ 103.796310365732126, 1.272694819903351 ], [ 103.796365989461165, 1.272802418014737 ], [ 103.796262600000048, 1.272620900000418 ] ], [ [ 103.796886922347454, 1.27252636464771 ], [ 103.796887974060269, 1.272526059331014 ], [ 103.796719692468855, 1.272620145113497 ], [ 103.796719691801243, 1.272620143820246 ], [ 103.796886922347454, 1.27252636464771 ] ], [ [ 103.796366724414057, 1.272803839701284 ], [ 103.796386400000458, 1.272841900000666 ], [ 103.796364771527649, 1.272804966510759 ], [ 103.796366724414057, 1.272803839701284 ] ], [ [ 103.795772795252674, 1.273146534950406 ], [ 103.795798600000211, 1.273190600000558 ], [ 103.795762575557859, 1.273152431680482 ], [ 103.795772795252674, 1.273146534950406 ] ], [ [ 103.795518946529313, 1.273428345377335 ], [ 103.795518946868057, 1.27342834575446 ], [ 103.795518939350828, 1.273428351048501 ], [ 103.795518939010293, 1.273428350669567 ], [ 103.795518946529313, 1.273428345377335 ] ], [ [ 103.795282629165598, 1.273595691596115 ], [ 103.795263479598418, 1.273659523470196 ], [ 103.795047323082102, 1.273978637984005 ], [ 103.795200819113333, 1.274083963977697 ], [ 103.795191371178191, 1.274090612524285 ], [ 103.795194282164815, 1.274094803035036 ], [ 103.795188737722157, 1.274094251736671 ], [ 103.79518790568504, 1.274093104377471 ], [ 103.795186629226649, 1.274094042083446 ], [ 103.795138959151899, 1.274089302121412 ], [ 103.795103280206817, 1.27404578255973 ], [ 103.795073820192911, 1.274070249349881 ], [ 103.795060284948491, 1.27408147933604 ], [ 103.795011942103812, 1.274076672476586 ], [ 103.795007142483342, 1.274125570823468 ], [ 103.794828225264823, 1.274274015676329 ], [ 103.794823308592171, 1.274266193149979 ], [ 103.794794650444103, 1.27421450428143 ], [ 103.794822943240817, 1.27419373312669 ], [ 103.794782184173101, 1.274137491740576 ], [ 103.794782382868348, 1.274137354993665 ], [ 103.794823233241019, 1.274193519839332 ], [ 103.794940633244664, 1.274107019833833 ], [ 103.794897040120219, 1.274047084004486 ], [ 103.794911389391871, 1.274035119463837 ], [ 103.794962612354738, 1.274088364504256 ], [ 103.794990112354682, 1.274061564502707 ], [ 103.794844400000613, 1.273910100000679 ], [ 103.795045942977964, 1.273967560000292 ], [ 103.79505064297679, 1.273950859999907 ], [ 103.794849099999709, 1.273893399999788 ], [ 103.795039219000515, 1.273804888824982 ], [ 103.795028418999379, 1.273781388825882 ], [ 103.794838299999981, 1.273869899999944 ], [ 103.79494112035583, 1.273686214622988 ], [ 103.794915020357578, 1.273671414623825 ], [ 103.79481219999964, 1.273855099999714 ], [ 103.79480409279401, 1.27368967203988 ], [ 103.794934467889547, 1.273619785519359 ], [ 103.7948360000007, 1.273433700000231 ], [ 103.794937538436898, 1.273618106338145 ], [ 103.795244223151684, 1.273447040376666 ], [ 103.795282629165598, 1.273595691596115 ] ], [ [ 103.794332030148908, 1.273463759073319 ], [ 103.794343944222376, 1.273455915664586 ], [ 103.794343997797512, 1.27345603792919 ], [ 103.794332104042596, 1.273463884324445 ], [ 103.794332030148908, 1.273463759073319 ] ], [ [ 103.794683400000025, 1.273515500000286 ], [ 103.794781867880673, 1.273701585524922 ], [ 103.794790320294524, 1.273697054676958 ], [ 103.794798100000548, 1.273855800000136 ], [ 103.794692827729094, 1.27372790178061 ], [ 103.794719707502779, 1.273723140467613 ], [ 103.794683400000025, 1.273515500000286 ] ], [ [ 103.794652269624976, 1.273703613482611 ], [ 103.794566597476248, 1.273775047617611 ], [ 103.794497176564974, 1.273822824903195 ], [ 103.794536475449533, 1.273731060598482 ], [ 103.794637528438514, 1.273686203845358 ], [ 103.794596138085836, 1.273591746192396 ], [ 103.794622106087061, 1.273531109966319 ], [ 103.794652269624976, 1.273703613482611 ] ], [ [ 103.794240270189121, 1.274327318880049 ], [ 103.794240327881738, 1.27432741604136 ], [ 103.794237700000522, 1.274329799999918 ], [ 103.794240270189121, 1.274327318880049 ] ], [ [ 103.794249698952285, 1.274664151078169 ], [ 103.794438657148305, 1.27498396182452 ], [ 103.794618323549756, 1.274876425318933 ], [ 103.79466332639403, 1.274946006643213 ], [ 103.794414723706694, 1.275030301837621 ], [ 103.794426021308865, 1.275064054308995 ], [ 103.79442502936206, 1.27506440132761 ], [ 103.794413527434571, 1.275030711512942 ], [ 103.794167581786525, 1.275115771892663 ], [ 103.794010688008939, 1.274805520314589 ], [ 103.794122066995314, 1.274737503005901 ], [ 103.794249698952285, 1.274664151078169 ] ], [ [ 103.795021832082128, 1.275096078551242 ], [ 103.795019063287668, 1.27508796206742 ], [ 103.795019103312697, 1.275088040907828 ], [ 103.795021860736597, 1.275096068294366 ], [ 103.795021832082128, 1.275096078551242 ] ], [ [ 103.795577842272664, 1.273411430445379 ], [ 103.795577703195917, 1.273411527982689 ], [ 103.795577632065402, 1.273411448914836 ], [ 103.795577768817623, 1.27341135261828 ], [ 103.795577842272664, 1.273411430445379 ] ], [ [ 103.795581698133958, 1.274076610472295 ], [ 103.795699213536096, 1.274243518999894 ], [ 103.795771367252883, 1.274192056421554 ], [ 103.795869485932627, 1.274331527271968 ], [ 103.795706599999775, 1.274459699999689 ], [ 103.79584667289933, 1.274302938542559 ], [ 103.795835072899749, 1.274292438543692 ], [ 103.795695, 1.274449200000194 ], [ 103.795735603056002, 1.274242366996752 ], [ 103.795718003057388, 1.274238866996583 ], [ 103.795677400000145, 1.27444569999971 ], [ 103.795594957614782, 1.274317541301115 ], [ 103.795698846988998, 1.274243779841346 ], [ 103.795581688024399, 1.274076619334921 ], [ 103.795581698133958, 1.274076610472295 ] ], [ [ 103.795361522976791, 1.274266113106934 ], [ 103.795362254521436, 1.274265627365372 ], [ 103.79536363746098, 1.274267502859388 ], [ 103.795362834061152, 1.274268000477812 ], [ 103.795361522976791, 1.274266113106934 ] ], [ [ 103.79545378460746, 1.274592829754071 ], [ 103.795454972853719, 1.27459209873562 ], [ 103.795455219004666, 1.274592855948523 ], [ 103.795454067427812, 1.274593637167902 ], [ 103.79545378460746, 1.274592829754071 ] ], [ [ 103.793953103996856, 1.275478352013293 ], [ 103.793952471510636, 1.27547647983465 ], [ 103.793953172650788, 1.275478327658903 ], [ 103.793953103996856, 1.275478352013293 ] ], [ [ 103.791379130381245, 1.276319343897281 ], [ 103.791251684944186, 1.276385913201831 ], [ 103.79134863626885, 1.276333428941351 ], [ 103.791378873483751, 1.276318599770009 ], [ 103.791379130381245, 1.276319343897281 ] ], [ [ 103.801401315922163, 1.273401297041764 ], [ 103.801656727036871, 1.273284826828314 ], [ 103.801680691136426, 1.273281530284145 ], [ 103.80168408617817, 1.273372753775299 ], [ 103.801675501932493, 1.273612761736174 ], [ 103.801656286298837, 1.273679041729306 ], [ 103.801623393039634, 1.273778782555872 ], [ 103.801702815008142, 1.273805315855588 ], [ 103.801702773978178, 1.273805398572813 ], [ 103.801623345397502, 1.273778927194874 ], [ 103.801614993400833, 1.273804313951237 ], [ 103.801586510426063, 1.273877607248807 ], [ 103.801573308604389, 1.273896617870621 ], [ 103.801577874372882, 1.273899829815184 ], [ 103.801577419027367, 1.273901001525435 ], [ 103.801582235020945, 1.273902897461261 ], [ 103.801612404756739, 1.273924121385361 ], [ 103.80159808729374, 1.273936774756247 ], [ 103.801618036271719, 1.273959641118905 ], [ 103.801614446090568, 1.273963441798843 ], [ 103.801612424503645, 1.27396072858972 ], [ 103.801597027838852, 1.273972349826368 ], [ 103.801578765208561, 1.273956240594747 ], [ 103.801545216998051, 1.273994768417174 ], [ 103.80153684160048, 1.273993819645304 ], [ 103.80153548578599, 1.274005944047347 ], [ 103.801448065207197, 1.274106340586792 ], [ 103.801462209184635, 1.274118816807864 ], [ 103.801458609350988, 1.274123272205995 ], [ 103.801444004317929, 1.274111147488592 ], [ 103.801424285867313, 1.274135208853577 ], [ 103.801283689471731, 1.273861401697069 ], [ 103.801160424952585, 1.273925520298905 ], [ 103.801160424766607, 1.273925519820494 ], [ 103.801283688781666, 1.273861400354078 ], [ 103.801136627619215, 1.27357500822891 ], [ 103.801401315922163, 1.273401297041764 ] ], [ [ 103.802293064240502, 1.27401757420523 ], [ 103.802300592121583, 1.274018670670657 ], [ 103.802302620894054, 1.274022504372022 ], [ 103.802295242904677, 1.274021276829775 ], [ 103.802293064240502, 1.27401757420523 ] ], [ [ 103.800639475001915, 1.273839527011288 ], [ 103.800769660925525, 1.273778755288524 ], [ 103.800911510515448, 1.274054998288691 ], [ 103.800911511204603, 1.274054999631681 ], [ 103.801039280738095, 1.274303826941132 ], [ 103.800966552582594, 1.274339995133013 ], [ 103.800919277347774, 1.274363505416959 ], [ 103.800772777265195, 1.274089158640435 ], [ 103.800639475001915, 1.273839527011288 ] ], [ [ 103.799847850001726, 1.273964455867838 ], [ 103.799895572851639, 1.274136681535339 ], [ 103.800043772862651, 1.274095081532206 ], [ 103.800035325840483, 1.274064597316825 ], [ 103.80003776949404, 1.274068156551471 ], [ 103.800040337372295, 1.274066370581886 ], [ 103.800048606956736, 1.274093661343444 ], [ 103.800055770451934, 1.274091462422828 ], [ 103.800061216104226, 1.274098208164466 ], [ 103.800076434514565, 1.274122987523648 ], [ 103.800002841046791, 1.274142891049628 ], [ 103.800019230019544, 1.274204278207535 ], [ 103.80001840993647, 1.274204503929943 ], [ 103.799890044539552, 1.274239835658122 ], [ 103.799928528254981, 1.274381472621038 ], [ 103.799854971257304, 1.274401465204827 ], [ 103.799867081332081, 1.274446600718738 ], [ 103.799820500000024, 1.274474000000457 ], [ 103.799822325566538, 1.274263176409806 ], [ 103.799810925567655, 1.274263076409622 ], [ 103.799809100000203, 1.274473900000241 ], [ 103.799747252601577, 1.274272467448976 ], [ 103.799692106547113, 1.27428961976191 ], [ 103.799678661293498, 1.274241826820535 ], [ 103.799722132865185, 1.274226598608731 ], [ 103.799704757941612, 1.274176353259705 ], [ 103.799881119867834, 1.274140187261495 ], [ 103.799845700225347, 1.273965216671908 ], [ 103.799847850001726, 1.273964455867838 ] ], [ [ 103.799869972504567, 1.274457376419035 ], [ 103.799871436658606, 1.274462833475039 ], [ 103.799873505687856, 1.274470544963109 ], [ 103.799825899998069, 1.274483300000162 ], [ 103.799869972504567, 1.274457376419035 ] ], [ [ 103.800022994666676, 1.274009137275091 ], [ 103.800020448787507, 1.274010907943999 ], [ 103.800015598471902, 1.273993403778339 ], [ 103.800017841798677, 1.27399213210417 ], [ 103.800022994666676, 1.274009137275091 ] ], [ [ 103.799998119421232, 1.273927045547794 ], [ 103.799997334271396, 1.273927490625247 ], [ 103.799996253296783, 1.273923589524032 ], [ 103.799996957651231, 1.273923211549398 ], [ 103.799998119421232, 1.273927045547794 ] ], [ [ 103.80232147930019, 1.274175582928591 ], [ 103.80232186212794, 1.274171652796902 ], [ 103.802329187493825, 1.274184102205798 ], [ 103.802324623241063, 1.274183706641017 ], [ 103.80232147930019, 1.274175582928591 ] ], [ [ 103.802330648746477, 1.274081448813486 ], [ 103.802330770361152, 1.274080200310338 ], [ 103.802331141731017, 1.274076399222326 ], [ 103.802362100000124, 1.274134900000356 ], [ 103.802330648746477, 1.274081448813486 ] ], [ [ 103.802352880466287, 1.273929240108545 ], [ 103.802361051399302, 1.273872411605601 ], [ 103.802424987800734, 1.273492584404017 ], [ 103.802444233007876, 1.273494134826069 ], [ 103.802425751708157, 1.273641982532404 ], [ 103.802479401426851, 1.273648776165803 ], [ 103.802783003389436, 1.273687371155732 ], [ 103.802778581131989, 1.273721777903753 ], [ 103.802731247992668, 1.273716133016614 ], [ 103.802713346990487, 1.273868189168614 ], [ 103.80269862343971, 1.273866471134276 ], [ 103.802694598888891, 1.273901410481762 ], [ 103.802684437601656, 1.273881013994316 ], [ 103.802685236566191, 1.273865345515531 ], [ 103.802676404464862, 1.273864889287963 ], [ 103.802612708313291, 1.273737033651501 ], [ 103.802602008313755, 1.273742433651192 ], [ 103.802662660560458, 1.273864179338046 ], [ 103.802609736571924, 1.273861445515838 ], [ 103.802609466191825, 1.273866747935794 ], [ 103.802527309850674, 1.273805770646509 ], [ 103.802519909850602, 1.273815870645287 ], [ 103.802581854886455, 1.273861846894596 ], [ 103.80250490981463, 1.273866919145135 ], [ 103.802506616257247, 1.273893142518855 ], [ 103.802485838149465, 1.273887675355934 ], [ 103.80248290275577, 1.27389897662014 ], [ 103.802477226590767, 1.273870621688385 ], [ 103.802398326596773, 1.273886621687324 ], [ 103.802439700000619, 1.274093299999989 ], [ 103.802352880466287, 1.273929240108545 ] ], [ [ 103.802859566974263, 1.2732156577908 ], [ 103.802859564568891, 1.27321565754388 ], [ 103.802827653816792, 1.273212378179482 ], [ 103.802893520935115, 1.273216103882638 ], [ 103.803132143871721, 1.273241681984185 ], [ 103.803131912025094, 1.273243628682898 ], [ 103.802859566974263, 1.2732156577908 ] ], [ [ 103.802585500715239, 1.273864552866764 ], [ 103.802608700102013, 1.273881771691423 ], [ 103.802606776427439, 1.273919496791677 ], [ 103.802588767754116, 1.273914758326762 ], [ 103.802585500715239, 1.273864552866764 ] ], [ [ 103.80165507383218, 1.274906010112385 ], [ 103.801649759655263, 1.274914607974273 ], [ 103.801638390879745, 1.274914238952087 ], [ 103.8016453670663, 1.274905203305076 ], [ 103.80165507383218, 1.274906010112385 ] ], [ [ 103.801427941577089, 1.274865323025137 ], [ 103.801516728601825, 1.274934765423334 ], [ 103.801556974816961, 1.274975755860205 ], [ 103.801468966706864, 1.274944353568781 ], [ 103.801468639774782, 1.274945281754137 ], [ 103.801360314317805, 1.274907074275586 ], [ 103.801351714316411, 1.274931774275562 ], [ 103.801549399999047, 1.275001499999894 ], [ 103.801341224940998, 1.27502493161796 ], [ 103.801344124938907, 1.275051031618044 ], [ 103.801458220244371, 1.275038189363057 ], [ 103.801458224939608, 1.275038231618658 ], [ 103.801552217987208, 1.27502765201875 ], [ 103.801375081862901, 1.275140005146017 ], [ 103.801388981862004, 1.275162205146771 ], [ 103.801486006245625, 1.275100664946915 ], [ 103.801486281867085, 1.275101105149028 ], [ 103.801565574743023, 1.275050811610761 ], [ 103.801543077402798, 1.27508721028607 ], [ 103.801539221388538, 1.275089210524059 ], [ 103.801464354448854, 1.275120622727794 ], [ 103.801466885427885, 1.275126733504611 ], [ 103.801402202018764, 1.275160286859182 ], [ 103.801499802008422, 1.275350886865887 ], [ 103.801616744764928, 1.275290224912606 ], [ 103.801617422270013, 1.275312851095598 ], [ 103.801653980505165, 1.275311742168831 ], [ 103.801640409793492, 1.275336087682157 ], [ 103.801619884882058, 1.275339345817182 ], [ 103.801623990172089, 1.275365544067636 ], [ 103.801602435808647, 1.275404212050578 ], [ 103.801579644499668, 1.275427638284354 ], [ 103.801585926413452, 1.27543382948576 ], [ 103.801583506655078, 1.275438170471154 ], [ 103.801599486874707, 1.275447194127926 ], [ 103.801607344500297, 1.27545493828615 ], [ 103.801609421152492, 1.275452803782087 ], [ 103.801623706656528, 1.275460870472175 ], [ 103.801635587887887, 1.275439555845355 ], [ 103.801660383718769, 1.275597792480318 ], [ 103.801630160654341, 1.275603059686413 ], [ 103.801655458209439, 1.275750105527976 ], [ 103.801645049746782, 1.275754846224171 ], [ 103.801592340471274, 1.275613395509546 ], [ 103.801531940475613, 1.275636195507687 ], [ 103.801586150232183, 1.275781672925618 ], [ 103.801586131953158, 1.275781681250973 ], [ 103.801531869221336, 1.275636222419794 ], [ 103.801350869233374, 1.2757046224152 ], [ 103.801403734483586, 1.275846335127239 ], [ 103.801398761210791, 1.275848046772723 ], [ 103.801333831285987, 1.275711941716799 ], [ 103.801225505224053, 1.275764292063866 ], [ 103.801140700001724, 1.275780399999689 ], [ 103.801335258456447, 1.275702269969673 ], [ 103.801264458445175, 1.275523669974864 ], [ 103.80106989999841, 1.275601800000794 ], [ 103.801249184348762, 1.275492764542145 ], [ 103.80108078433534, 1.275212264553671 ], [ 103.800901500000606, 1.27532129999926 ], [ 103.801053532546817, 1.275176264748569 ], [ 103.800925892854849, 1.27504072554284 ], [ 103.800873172877857, 1.274916429563898 ], [ 103.800910487984325, 1.274901498234738 ], [ 103.800917981287839, 1.274903541921095 ], [ 103.80091950266636, 1.27489789108452 ], [ 103.80092568706327, 1.274895416449879 ], [ 103.800922405568727, 1.274887108874946 ], [ 103.80092378792375, 1.27488197441084 ], [ 103.800928818228641, 1.274894133996198 ], [ 103.800929553267366, 1.274893825959853 ], [ 103.800955181632418, 1.274953956216247 ], [ 103.801191960582628, 1.274851724116545 ], [ 103.801427941577089, 1.274865323025137 ] ], [ [ 103.800900200960015, 1.274824958441718 ], [ 103.800918966454844, 1.274870319637333 ], [ 103.800915388340968, 1.274869343760638 ], [ 103.800888660405803, 1.274801678159306 ], [ 103.800890215999971, 1.274801531341834 ], [ 103.800900200960015, 1.274824958441718 ] ], [ [ 103.800380833563295, 1.274567450351995 ], [ 103.800377384383594, 1.274586484375652 ], [ 103.800344001935812, 1.274606747710131 ], [ 103.800338461080031, 1.274586096380923 ], [ 103.800380833563295, 1.274567450351995 ] ], [ [ 103.800876290700671, 1.274770362476231 ], [ 103.800872321182368, 1.274760313071362 ], [ 103.800872600000417, 1.274760200000354 ], [ 103.800876906614619, 1.274770304346046 ], [ 103.800876290700671, 1.274770362476231 ] ], [ [ 103.799917271346118, 1.274994599165654 ], [ 103.799828597419193, 1.275042554256894 ], [ 103.799365660405499, 1.275190105815606 ], [ 103.799402322995633, 1.27530663040283 ], [ 103.799394692380275, 1.275308525686562 ], [ 103.799348286557787, 1.275196505931121 ], [ 103.799306681127888, 1.275213965922444 ], [ 103.79888838658735, 1.275389505917849 ], [ 103.798969000030922, 1.275584100073657 ], [ 103.798887380439467, 1.275389931253297 ], [ 103.798393280470819, 1.275600331239277 ], [ 103.798474899999562, 1.275794500000093 ], [ 103.798391081051378, 1.275601282756552 ], [ 103.797850695802069, 1.275838756546332 ], [ 103.797754285092068, 1.275880506285456 ], [ 103.797625432970619, 1.275599074494611 ], [ 103.798109085676955, 1.275374077993622 ], [ 103.798091434446732, 1.275335641050628 ], [ 103.798091470267622, 1.275335653271803 ], [ 103.798109116816818, 1.275374063503414 ], [ 103.798214616823174, 1.275324963499776 ], [ 103.798185788705439, 1.275262214995116 ], [ 103.798199816058798, 1.275270003663469 ], [ 103.798301000000734, 1.275085400000108 ], [ 103.79836485403564, 1.275286197293677 ], [ 103.798579309533494, 1.275217112264307 ], [ 103.798759440938696, 1.275170782751166 ], [ 103.798812235714479, 1.275194595623982 ], [ 103.798831037534057, 1.27515236813713 ], [ 103.798930604115995, 1.275126749597017 ], [ 103.798951422368404, 1.275206033342707 ], [ 103.799329622396286, 1.275105433335891 ], [ 103.79930961306971, 1.275029230328774 ], [ 103.799370709222487, 1.275013510240425 ], [ 103.799411846821258, 1.275062170593015 ], [ 103.799511564030752, 1.274976772127259 ], [ 103.79965286425498, 1.274938917158606 ], [ 103.799886076698982, 1.274879943899023 ], [ 103.799917271346118, 1.274994599165654 ] ], [ [ 103.797664979738713, 1.274620061231622 ], [ 103.797681301407138, 1.274668082062784 ], [ 103.797928179067881, 1.274583079282329 ], [ 103.797949479996177, 1.274614957561965 ], [ 103.797960726211102, 1.274607345077425 ], [ 103.797983140921318, 1.274619048333538 ], [ 103.798004415218429, 1.274577772291424 ], [ 103.798043997601852, 1.274550979249306 ], [ 103.798028643525669, 1.274597641032312 ], [ 103.798043579174063, 1.274602619582106 ], [ 103.798036086148755, 1.274638132538293 ], [ 103.798062286151193, 1.274643732538334 ], [ 103.798069161502482, 1.274611147025054 ], [ 103.798096743530863, 1.274620341033856 ], [ 103.798115377400265, 1.274563711795369 ], [ 103.798129018277621, 1.274578122529884 ], [ 103.798140139604683, 1.274645479333612 ], [ 103.798168239607108, 1.274640779333527 ], [ 103.798163995312365, 1.274615073579939 ], [ 103.798176955935517, 1.274628765666735 ], [ 103.798197366099544, 1.274698932941323 ], [ 103.798190544363365, 1.274700969051249 ], [ 103.798243999474835, 1.274882394907979 ], [ 103.798237145974426, 1.274884602704907 ], [ 103.798241617480798, 1.274898663940652 ], [ 103.79806422140318, 1.27480589200799 ], [ 103.798021321399261, 1.27488899200461 ], [ 103.798138416210804, 1.274950228490265 ], [ 103.79813440899423, 1.275012945807282 ], [ 103.798080387833878, 1.275032794955791 ], [ 103.798038783189511, 1.274942236496671 ], [ 103.797933297949854, 1.274991329626909 ], [ 103.797449803528508, 1.275216252489266 ], [ 103.797264566203054, 1.274811518060561 ], [ 103.797681280002095, 1.274668089431251 ], [ 103.79766496354793, 1.274620067007574 ], [ 103.797664979738713, 1.274620061231622 ] ], [ [ 103.798844644464126, 1.274459567618783 ], [ 103.798853014849513, 1.274458385185027 ], [ 103.798849479836932, 1.274433035293193 ], [ 103.798852171212417, 1.274422774084249 ], [ 103.79885089031346, 1.274437306889507 ], [ 103.798870422106631, 1.274439050799597 ], [ 103.798874173205874, 1.274513667508919 ], [ 103.798858700395655, 1.274517719382181 ], [ 103.798844644464126, 1.274459567618783 ] ], [ [ 103.798952292252139, 1.274415067450137 ], [ 103.798954689331268, 1.274418176384724 ], [ 103.798967950368493, 1.274489110023242 ], [ 103.798957509485902, 1.274491844183942 ], [ 103.79892338507122, 1.274398739452101 ], [ 103.798938653493977, 1.274423564896708 ], [ 103.798952292252139, 1.274415067450137 ] ], [ [ 103.79891317883957, 1.274433506357009 ], [ 103.798936570348062, 1.274497327529558 ], [ 103.798895547125468, 1.274508070306523 ], [ 103.798891257781293, 1.274422746868218 ], [ 103.79889471943973, 1.274437805120825 ], [ 103.79891317883957, 1.274433506357009 ] ], [ [ 103.798168440755873, 1.27496593027513 ], [ 103.798207200000334, 1.274986200000538 ], [ 103.798166182715221, 1.27500127109894 ], [ 103.798168440755873, 1.27496593027513 ] ], [ [ 103.798182318836766, 1.27506220522033 ], [ 103.79815759999984, 1.275135600001146 ], [ 103.798161807909054, 1.275069741609064 ], [ 103.798182318836766, 1.27506220522033 ] ], [ [ 103.798214763979132, 1.275050283809001 ], [ 103.798228599999916, 1.275045199999978 ], [ 103.798197153876373, 1.27510257145256 ], [ 103.798214763979132, 1.275050283809001 ] ], [ [ 103.798130034188119, 1.275081416317321 ], [ 103.798126700000012, 1.275133600000148 ], [ 103.798106669701795, 1.275090001195936 ], [ 103.798130034188119, 1.275081416317321 ] ], [ [ 103.798021199516569, 1.275182698948621 ], [ 103.798090750862428, 1.275334087383168 ], [ 103.798090738212323, 1.275334124943977 ], [ 103.798021199516569, 1.275182698948621 ] ], [ [ 103.796775327769438, 1.275137339518585 ], [ 103.796796334889152, 1.275128981354613 ], [ 103.796827299999791, 1.275201399999608 ], [ 103.796821275422886, 1.275203686247302 ], [ 103.796806260624578, 1.275167769813652 ], [ 103.796791320110486, 1.275174096962326 ], [ 103.796775327769438, 1.275137339518585 ] ], [ [ 103.796894824403111, 1.275359320484498 ], [ 103.796910105771332, 1.275395059282488 ], [ 103.797043864720024, 1.275337121571903 ], [ 103.797081212565971, 1.275418724787415 ], [ 103.796935494436212, 1.275476905986317 ], [ 103.796887500000068, 1.275362099999594 ], [ 103.796894824403111, 1.275359320484498 ] ], [ [ 103.796301230961333, 1.275564180624326 ], [ 103.796302124838789, 1.275566311321612 ], [ 103.796312618203146, 1.275561851812028 ], [ 103.796241634643522, 1.275644031741846 ], [ 103.796135100000527, 1.275708600000411 ], [ 103.796187422622836, 1.275620008233525 ], [ 103.796301230961333, 1.275564180624326 ] ], [ [ 103.79628290433034, 1.275619019107794 ], [ 103.79632870000043, 1.275565999999801 ], [ 103.796318174375415, 1.275605898835608 ], [ 103.796314549307496, 1.275599839794092 ], [ 103.79628290433034, 1.275619019107794 ] ], [ [ 103.796340300000097, 1.275569100000032 ], [ 103.796366711400921, 1.275720712552461 ], [ 103.79633759186882, 1.275644567055359 ], [ 103.796318433218602, 1.275651989058167 ], [ 103.796340300000097, 1.275569100000032 ] ], [ [ 103.796413421587332, 1.275842856340196 ], [ 103.79649280580341, 1.275871728009858 ], [ 103.796497247446965, 1.275882318675674 ], [ 103.796329237340828, 1.275901199874488 ], [ 103.796421991883378, 1.2758652670502 ], [ 103.796413421587332, 1.275842856340196 ] ], [ [ 103.796386704412811, 1.275772992846649 ], [ 103.796382802813469, 1.275762790443109 ], [ 103.796348800000303, 1.275567600000653 ], [ 103.796390476409002, 1.275673711112673 ], [ 103.79637964340283, 1.275685800986635 ], [ 103.796403857406673, 1.27570778008494 ], [ 103.796425807946051, 1.275763667719293 ], [ 103.796444386101498, 1.275756275955617 ], [ 103.796463040686533, 1.275800755995022 ], [ 103.796386704412811, 1.275772992846649 ] ], [ [ 103.796549510006457, 1.275594525195983 ], [ 103.796549609169531, 1.275594481911798 ], [ 103.796549619696449, 1.275594505543002 ], [ 103.796549520564824, 1.275594548861553 ], [ 103.796549510006457, 1.275594525195983 ] ], [ [ 103.796523200000038, 1.275944200000187 ], [ 103.796315024874701, 1.275967631608074 ], [ 103.796315279870797, 1.275969926573965 ], [ 103.796276570731692, 1.275957314224804 ], [ 103.796264191337315, 1.275926398494364 ], [ 103.796308544422075, 1.275909216247791 ], [ 103.796315020860561, 1.275967595447894 ], [ 103.796523200000038, 1.275944200000187 ] ], [ [ 103.796142099999201, 1.275720300000582 ], [ 103.796212735121657, 1.275677489636171 ], [ 103.796192683403916, 1.275700704147559 ], [ 103.796142099999201, 1.275720300000582 ] ], [ [ 103.796222237559491, 1.275689254959459 ], [ 103.79625400481018, 1.275652477002615 ], [ 103.796315760721413, 1.27561504812537 ], [ 103.796304601873913, 1.275657347278959 ], [ 103.796222237559491, 1.275689254959459 ] ], [ [ 103.796165129843587, 1.275630943745413 ], [ 103.796123400000027, 1.275701599999719 ], [ 103.796117361690349, 1.275624119267451 ], [ 103.796129200871135, 1.275648568362886 ], [ 103.796165129843587, 1.275630943745413 ] ], [ [ 103.796099134732728, 1.275586478770938 ], [ 103.796108200000162, 1.275702800000773 ], [ 103.796036479214379, 1.275513144099522 ], [ 103.796059221142173, 1.275504053196477 ], [ 103.796099134732728, 1.275586478770938 ] ], [ [ 103.795776156016728, 1.27560411015039 ], [ 103.795690876025049, 1.275636324486135 ], [ 103.795596859299508, 1.275386221233044 ], [ 103.795634145618564, 1.275373710890973 ], [ 103.795618369457586, 1.275326079002525 ], [ 103.795618435807654, 1.27532605414342 ], [ 103.795634233720477, 1.275373681309595 ], [ 103.7956792575458, 1.275358552543311 ], [ 103.795776156016728, 1.27560411015039 ] ], [ [ 103.79593336166694, 1.275849958339191 ], [ 103.795907200031607, 1.275779800085007 ], [ 103.79593368578152, 1.275849838068842 ], [ 103.79593336166694, 1.275849958339191 ] ], [ [ 103.795304868271486, 1.275491130986285 ], [ 103.795304516564244, 1.275491341608516 ], [ 103.795267215302331, 1.275505546083845 ], [ 103.795267125925093, 1.275505349929412 ], [ 103.795304878889041, 1.275491039392378 ], [ 103.795304868271486, 1.275491130986285 ] ], [ [ 103.795216158973389, 1.275837251541817 ], [ 103.795221569179873, 1.275849552206093 ], [ 103.794910683372748, 1.275971774498093 ], [ 103.794909342499736, 1.275968728332313 ], [ 103.794935747471499, 1.275957036823669 ], [ 103.795173831398429, 1.275856660322059 ], [ 103.795110531339688, 1.275704564229623 ], [ 103.795111421991464, 1.275702849967055 ], [ 103.795180220035277, 1.275853840104311 ], [ 103.795216158973389, 1.275837251541817 ] ], [ [ 103.795092899999787, 1.275662200000225 ], [ 103.795095209807471, 1.275667269303189 ], [ 103.795095080475051, 1.275667439201552 ], [ 103.795092899999787, 1.275662200000225 ] ], [ [ 103.794808040827462, 1.275655032697707 ], [ 103.794811635159547, 1.275663669088141 ], [ 103.794810382849349, 1.275665568748972 ], [ 103.794806886287418, 1.2756575690726 ], [ 103.794807812395916, 1.275655109949626 ], [ 103.794808040827462, 1.275655032697707 ] ], [ [ 103.79465218561225, 1.27590559559814 ], [ 103.794614376874463, 1.275922455004098 ], [ 103.794614381089787, 1.275922435725818 ], [ 103.794652185576311, 1.275905595515842 ], [ 103.79465218561225, 1.27590559559814 ] ], [ [ 103.794543503732569, 1.275853460910298 ], [ 103.794543503585217, 1.275853459598062 ], [ 103.794615400000382, 1.275821400000055 ], [ 103.794543503732569, 1.275853460910298 ] ], [ [ 103.794487887445101, 1.275878259597177 ], [ 103.79452575847894, 1.275861372384819 ], [ 103.794525758663127, 1.275861374019913 ], [ 103.794487888278908, 1.275878261668185 ], [ 103.794487887445101, 1.275878259597177 ] ], [ [ 103.794522199687094, 1.275963558004205 ], [ 103.794522179361167, 1.275963507474323 ], [ 103.794536544495742, 1.275957108448891 ], [ 103.794536550183608, 1.275957158932427 ], [ 103.794522199687094, 1.275963558004205 ] ], [ [ 103.79455429529142, 1.275949246159186 ], [ 103.794554290475006, 1.275949203408886 ], [ 103.794596027976581, 1.275930611218189 ], [ 103.794596021725937, 1.275930639802351 ], [ 103.79455429529142, 1.275949246159186 ] ], [ [ 103.795209900000046, 1.276183200000403 ], [ 103.795035588124847, 1.276255530215204 ], [ 103.795034161856606, 1.276252290053826 ], [ 103.795209900000046, 1.276183200000403 ] ], [ [ 103.796332815261636, 1.276097776720862 ], [ 103.796326467426994, 1.276081923932767 ], [ 103.796340625757935, 1.276094909801296 ], [ 103.796332815261636, 1.276097776720862 ] ], [ [ 103.796788704033176, 1.276060245351423 ], [ 103.797186090654947, 1.275891415247907 ], [ 103.797392015892328, 1.276364319293225 ], [ 103.796977483923186, 1.276533104001393 ], [ 103.796788704033176, 1.276060245351423 ] ], [ [ 103.798209324193053, 1.276141259757336 ], [ 103.798557621951915, 1.275988199324811 ], [ 103.799050117102539, 1.275778482708208 ], [ 103.799242448278179, 1.27569776970366 ], [ 103.799263128270283, 1.275782113240429 ], [ 103.799466500000065, 1.275731600000241 ], [ 103.799321515730099, 1.275883770747322 ], [ 103.799361715730186, 1.275922570749856 ], [ 103.799506699999171, 1.275770400000536 ], [ 103.799462141020385, 1.275976406351409 ], [ 103.79950504102402, 1.27598580635196 ], [ 103.799549600000503, 1.275779800000267 ], [ 103.79954185604079, 1.275990487473924 ], [ 103.799579456043958, 1.275991887474311 ], [ 103.799587200000602, 1.27578120000046 ], [ 103.799721056107146, 1.275943370602588 ], [ 103.799883621546883, 1.275807442174269 ], [ 103.800000269440105, 1.275753261065144 ], [ 103.80008292941011, 1.276024603227942 ], [ 103.800483470580204, 1.275900996756458 ], [ 103.800464632849781, 1.275839159479669 ], [ 103.800615600070401, 1.275770052342981 ], [ 103.800645793599088, 1.275816693710941 ], [ 103.800821299999825, 1.275701599999931 ], [ 103.800645795983755, 1.27581669739445 ], [ 103.800718493304856, 1.275928991245113 ], [ 103.800545861764846, 1.276042536412391 ], [ 103.800278648574434, 1.276190508296703 ], [ 103.799805419224739, 1.276386021777227 ], [ 103.799624548982678, 1.276424192444962 ], [ 103.799274810160796, 1.276442348285162 ], [ 103.799285150380044, 1.276644126161736 ], [ 103.799285148717729, 1.276644126981973 ], [ 103.799274769386074, 1.276442350406258 ], [ 103.799194860963468, 1.27644651436863 ], [ 103.798621152806021, 1.276472582933842 ], [ 103.79863060000055, 1.276683200002291 ], [ 103.798585188985584, 1.276477382212942 ], [ 103.79847288899434, 1.276502482212073 ], [ 103.798518299999827, 1.276708299999527 ], [ 103.798433994638984, 1.276515297238531 ], [ 103.798380675314689, 1.27653889071819 ], [ 103.798209324193053, 1.276141259757336 ] ], [ [ 103.79968963603028, 1.275529146311829 ], [ 103.799720474633091, 1.275519317148082 ], [ 103.799732699999623, 1.275544500000123 ], [ 103.79971074698993, 1.275554722861324 ], [ 103.79968963603028, 1.275529146311829 ] ], [ [ 103.800672858392034, 1.275458969798722 ], [ 103.800715963168486, 1.275430757420943 ], [ 103.800733910859904, 1.275449815880608 ], [ 103.800745250460935, 1.275468703996616 ], [ 103.800692800000391, 1.275503100000255 ], [ 103.800672858392034, 1.275458969798722 ] ], [ [ 103.801203804405262, 1.275824751317806 ], [ 103.801230022372977, 1.275879709003571 ], [ 103.801229773756887, 1.275879567892404 ], [ 103.801203541964611, 1.275824801165811 ], [ 103.801203804405262, 1.275824751317806 ] ], [ [ 103.801184451194644, 1.275828427274158 ], [ 103.801201169946197, 1.275863332678568 ], [ 103.801161409802233, 1.275840765250904 ], [ 103.801156820034237, 1.275833675546233 ], [ 103.801184451194644, 1.275828427274158 ] ], [ [ 103.799932800000533, 1.275552399999927 ], [ 103.799939388430388, 1.27556658057703 ], [ 103.79993783189596, 1.27556337429582 ], [ 103.799932800000533, 1.275552399999927 ] ], [ [ 103.799980821099808, 1.275657131450474 ], [ 103.799981340537983, 1.275656875999509 ], [ 103.799994803347374, 1.275685852610903 ], [ 103.799994091019983, 1.275686072433713 ], [ 103.799980821099808, 1.275657131450474 ] ], [ [ 103.802509532292305, 1.275516843879854 ], [ 103.802488953602648, 1.275438695905394 ], [ 103.802472993455382, 1.275362571883563 ], [ 103.802466618557375, 1.275306516791876 ], [ 103.802462852103034, 1.275012944428719 ], [ 103.802482239609461, 1.275048889062221 ], [ 103.80249193961015, 1.275043589062164 ], [ 103.802462546097743, 1.27498909319215 ], [ 103.802461466183885, 1.274904920359516 ], [ 103.80256628134569, 1.274975264227063 ], [ 103.802571581345447, 1.274967264226879 ], [ 103.802461931812516, 1.274893675901368 ], [ 103.802462875113449, 1.274875438718188 ], [ 103.802463442075577, 1.274865007970769 ], [ 103.802601840152434, 1.274895783456184 ], [ 103.802604540151222, 1.274883483455604 ], [ 103.802464134900745, 1.274852261636653 ], [ 103.80246488485119, 1.274838464335405 ], [ 103.802609467463697, 1.274839499006755 ], [ 103.802609894899248, 1.274778992428149 ], [ 103.803514570049686, 1.274860296125106 ], [ 103.803521761898097, 1.274779229878068 ], [ 103.803512010157235, 1.274912461825489 ], [ 103.803764593123461, 1.274931189930801 ], [ 103.803805865096933, 1.274958862528812 ], [ 103.80385744356164, 1.274880935159274 ], [ 103.80390512950558, 1.274935888314867 ], [ 103.803978390094315, 1.274871488522523 ], [ 103.803980969000051, 1.274875517101459 ], [ 103.803911011892595, 1.274942388462456 ], [ 103.804061611891015, 1.275101988470896 ], [ 103.804067115902356, 1.275096727236642 ], [ 103.804052815616387, 1.275273821304892 ], [ 103.804097205390619, 1.275277452417947 ], [ 103.804096381821864, 1.275287970556215 ], [ 103.80405215969833, 1.275287186462511 ], [ 103.804049159684354, 1.275458586462109 ], [ 103.804096448905483, 1.275459424937897 ], [ 103.804096756245428, 1.275471916530767 ], [ 103.80404949126401, 1.27547472494815 ], [ 103.804078191224889, 1.275964024949724 ], [ 103.804122831838214, 1.275961372468806 ], [ 103.804123377456492, 1.275970217485284 ], [ 103.804079148208473, 1.275975240815837 ], [ 103.804091548199764, 1.276085840817458 ], [ 103.804138167254379, 1.276080546065305 ], [ 103.804140245237392, 1.276088469591279 ], [ 103.804092978146144, 1.27609625666973 ], [ 103.804107078139339, 1.276182956670764 ], [ 103.804196826355223, 1.27616817098275 ], [ 103.80416632399465, 1.276180775735517 ], [ 103.804174539663506, 1.276200915661969 ], [ 103.804117414209756, 1.276222252805621 ], [ 103.804203214194331, 1.276454952811633 ], [ 103.804259526216569, 1.276433919495506 ], [ 103.804263152537246, 1.276444622507598 ], [ 103.804209216772662, 1.276469534416706 ], [ 103.804228426832907, 1.276511666633677 ], [ 103.804159199845998, 1.276539989959968 ], [ 103.804082781579922, 1.276293255797975 ], [ 103.803682818411332, 1.276418744186432 ], [ 103.803740226379276, 1.276604099271407 ], [ 103.803345560191914, 1.276794170138078 ], [ 103.80333817741797, 1.276796313040673 ], [ 103.80327098141116, 1.276732723980249 ], [ 103.803193600927287, 1.276635938242414 ], [ 103.803171755685597, 1.276598025016278 ], [ 103.803143296763622, 1.276530827991121 ], [ 103.802950599999363, 1.27661350000082 ], [ 103.803122855056614, 1.276493533375752 ], [ 103.803103055055942, 1.27646473337726 ], [ 103.802985756326819, 1.276546425799922 ], [ 103.80297609873783, 1.27652796539122 ], [ 103.80306201588769, 1.276420358061723 ], [ 103.803041615888461, 1.276403858063254 ], [ 103.802962808354181, 1.276502560922181 ], [ 103.802931833587849, 1.276443352889144 ], [ 103.802946066753208, 1.276360447045637 ], [ 103.802897766757113, 1.276352047045843 ], [ 103.802893122882764, 1.276379096844136 ], [ 103.802891380674325, 1.276376410487203 ], [ 103.802895335772931, 1.276351639075094 ], [ 103.802872969282447, 1.276348021478563 ], [ 103.802775874246322, 1.27619830807635 ], [ 103.802712622698991, 1.276073749776287 ], [ 103.802598623152775, 1.27613239294657 ], [ 103.802598584143922, 1.276132299284652 ], [ 103.802712504798464, 1.276073517954512 ], [ 103.802694266175564, 1.276037710705047 ], [ 103.802509532292305, 1.275516843879854 ] ], [ [ 103.802461938248385, 1.274342354618599 ], [ 103.802463915625992, 1.274319241540281 ], [ 103.802464759999651, 1.274318738234344 ], [ 103.802511120710065, 1.274293885069735 ], [ 103.802546254680834, 1.27428676031024 ], [ 103.802600481848074, 1.274283185633185 ], [ 103.802657052046783, 1.274286107802715 ], [ 103.802821776569402, 1.27430532886764 ], [ 103.802845900000193, 1.274095900000392 ], [ 103.802821809339861, 1.274305332688068 ], [ 103.802916209347657, 1.274316332689707 ], [ 103.802940300000515, 1.274106900000074 ], [ 103.802920768595826, 1.274316813134353 ], [ 103.803124468612154, 1.274336013135972 ], [ 103.803143326869886, 1.274133334449498 ], [ 103.803144411321924, 1.274133475647206 ], [ 103.803155739089789, 1.27433660027393 ], [ 103.803309739102261, 1.274327900273533 ], [ 103.803299512555725, 1.274144522476817 ], [ 103.803300414594617, 1.274144629335394 ], [ 103.803316621732279, 1.274327396863586 ], [ 103.803349853946486, 1.274324411597388 ], [ 103.803341861621519, 1.274421433924722 ], [ 103.802461938248385, 1.274342354618599 ] ], [ [ 103.802599000000171, 1.2740719999956 ], [ 103.802598836399412, 1.274069485899127 ], [ 103.802599126942468, 1.274069510529374 ], [ 103.802599000000171, 1.2740719999956 ] ], [ [ 103.802605237287835, 1.27394968079862 ], [ 103.802590961526747, 1.273948470623253 ], [ 103.802589857023136, 1.273931497421617 ], [ 103.802605948591136, 1.273935731454926 ], [ 103.802605237287835, 1.27394968079862 ] ], [ [ 103.802681638488579, 1.273935907315125 ], [ 103.802688500001508, 1.273941000000574 ], [ 103.802681473083709, 1.273939151069122 ], [ 103.802681638488579, 1.273935907315125 ] ], [ [ 103.802682404577993, 1.273920883559472 ], [ 103.802683194307065, 1.27390539619502 ], [ 103.802692084315922, 1.273923240876101 ], [ 103.802691572090822, 1.273927687782105 ], [ 103.802682404577993, 1.273920883559472 ] ], [ [ 103.802680645247875, 1.273955385732404 ], [ 103.802684500002854, 1.273956400000224 ], [ 103.802680610341554, 1.273956070269261 ], [ 103.802680645247875, 1.273955385732404 ] ], [ [ 103.803849200000201, 1.273858600000022 ], [ 103.803984591610146, 1.273958327207963 ], [ 103.803971380070749, 1.273960259287203 ], [ 103.804001500000055, 1.274168900000697 ], [ 103.80391083539044, 1.273978839754165 ], [ 103.803908747791041, 1.273979848566368 ], [ 103.803849200000201, 1.273858600000022 ] ], [ [ 103.804234994899403, 1.274054789641093 ], [ 103.804245906875167, 1.274055309830055 ], [ 103.80424614437473, 1.274102305378414 ], [ 103.804241980867928, 1.274103181400209 ], [ 103.804234994899403, 1.274054789641093 ] ], [ [ 103.804304683644119, 1.274089988436845 ], [ 103.804304522510748, 1.274058104121818 ], [ 103.804307379464959, 1.274058240316288 ], [ 103.80431313421289, 1.274088210396666 ], [ 103.804304683644119, 1.274089988436845 ] ], [ [ 103.803965699999893, 1.274186199999736 ], [ 103.803829118779532, 1.274103773335684 ], [ 103.80390772446755, 1.274064665875183 ], [ 103.803965699999893, 1.274186199999736 ] ], [ [ 103.803365947467213, 1.274129045295803 ], [ 103.803362362158467, 1.274172568931533 ], [ 103.803357000000105, 1.274112099999909 ], [ 103.803365947467213, 1.274129045295803 ] ], [ [ 103.803990484609102, 1.274708006170978 ], [ 103.803990899999022, 1.274707900000593 ], [ 103.803990554962326, 1.274708116072012 ], [ 103.803990484609102, 1.274708006170978 ] ], [ [ 103.804171496758954, 1.274496781814016 ], [ 103.804156279488566, 1.274375043731119 ], [ 103.804180497914871, 1.274495666373453 ], [ 103.804171496758954, 1.274496781814016 ] ], [ [ 103.804317147775265, 1.274682904071537 ], [ 103.804322388423742, 1.274686360818765 ], [ 103.804316417029654, 1.274687354487977 ], [ 103.804305812618523, 1.274685209549766 ], [ 103.804317147775265, 1.274682904071537 ] ], [ [ 103.803929792019602, 1.274795572128718 ], [ 103.803891892830066, 1.274828887449905 ], [ 103.803921999999872, 1.274783399999852 ], [ 103.803929792019602, 1.274795572128718 ] ], [ [ 103.804230372405257, 1.276515933736799 ], [ 103.80424341990269, 1.27654454999157 ], [ 103.804242151583253, 1.276545098728541 ], [ 103.804230372405257, 1.276515933736799 ] ], [ [ 103.804161811088633, 1.276643255038685 ], [ 103.804166432963086, 1.276641804925227 ], [ 103.804204403006281, 1.276735817940891 ], [ 103.804202647258933, 1.276733206555609 ], [ 103.804161811088633, 1.276643255038685 ] ], [ [ 103.804530436675662, 1.277061763524152 ], [ 103.804420414068559, 1.27692694399329 ], [ 103.804436001755661, 1.276920200004444 ], [ 103.804442924042675, 1.276921260047183 ], [ 103.804453854700554, 1.276937541908813 ], [ 103.804530436675662, 1.277061763524152 ] ], [ [ 103.801587004008965, 1.276395184291118 ], [ 103.801794775598765, 1.276324853938521 ], [ 103.801808778149322, 1.276335485505025 ], [ 103.801818328398269, 1.276362052711721 ], [ 103.801848041889897, 1.276453618302681 ], [ 103.801843858962158, 1.276455155415422 ], [ 103.801869788923284, 1.2765266366851 ], [ 103.80184462939053, 1.27653953508752 ], [ 103.80174135176425, 1.276576992758714 ], [ 103.801694462682832, 1.276452543733292 ], [ 103.80161998535975, 1.276480970011 ], [ 103.801593278131264, 1.276410892829851 ], [ 103.801502808082148, 1.276445820752311 ], [ 103.801500027500865, 1.276444757077015 ], [ 103.801591899067233, 1.276407369268972 ], [ 103.801587004008965, 1.276395184291118 ] ], [ [ 103.802508556650025, 1.276557547772718 ], [ 103.802509483918342, 1.276558977552156 ], [ 103.802507478171805, 1.276559710760744 ], [ 103.802506926071558, 1.27655818205917 ], [ 103.802508556650025, 1.276557547772718 ] ], [ [ 103.802879280124714, 1.276452198156165 ], [ 103.802882465267402, 1.276432249097656 ], [ 103.80288419259881, 1.276431114276015 ], [ 103.802880702342762, 1.276451444437471 ], [ 103.802879280124714, 1.276452198156165 ] ], [ [ 103.802872719316369, 1.276907181908444 ], [ 103.80287297226603, 1.276907498292647 ], [ 103.802783386669262, 1.276940018459167 ], [ 103.802782638300641, 1.276937944599658 ], [ 103.802872719316369, 1.276907181908444 ] ], [ [ 103.803108170653488, 1.276883369967202 ], [ 103.803116900000276, 1.276876300000269 ], [ 103.803108759756327, 1.276885013929484 ], [ 103.803108170653488, 1.276883369967202 ] ], [ [ 103.803217500000073, 1.276971500000644 ], [ 103.803245710125822, 1.276941301757869 ], [ 103.803246938450386, 1.276945588682351 ], [ 103.803217500000073, 1.276971500000644 ] ], [ [ 103.803745209213218, 1.277250735582614 ], [ 103.803782377855143, 1.277302186070507 ], [ 103.803945644106719, 1.277182704990365 ], [ 103.803945719284442, 1.277182797744697 ], [ 103.803784321881452, 1.277304833376903 ], [ 103.803837317603723, 1.277375834659647 ], [ 103.803730638767746, 1.277375968563537 ], [ 103.803730900000033, 1.277586800000391 ], [ 103.803721170306218, 1.277581743033883 ], [ 103.803688478200982, 1.277528405706806 ], [ 103.803656614231286, 1.277548190289968 ], [ 103.803653056578725, 1.27754634121501 ], [ 103.803686221967254, 1.27752480645957 ], [ 103.803548584136124, 1.277310073651912 ], [ 103.803656736478075, 1.27721963184387 ], [ 103.803679420099371, 1.277209092547223 ], [ 103.803722581472684, 1.277267635281144 ], [ 103.803745209213218, 1.277250735582614 ] ], [ [ 103.803113419607712, 1.2771719809583 ], [ 103.803121681278157, 1.277181887717187 ], [ 103.803091687617169, 1.27722423725279 ], [ 103.803059848966242, 1.277269098196331 ], [ 103.802968128575401, 1.277327956878892 ], [ 103.802921156627434, 1.277345786355609 ], [ 103.802898787352603, 1.277273674102644 ], [ 103.802874791511101, 1.27719602560427 ], [ 103.803072083791349, 1.277124407189443 ], [ 103.803113419607712, 1.2771719809583 ] ], [ [ 103.802779930409883, 1.277210211139283 ], [ 103.80274827560693, 1.277220120782122 ], [ 103.802747144003348, 1.277216445921852 ], [ 103.802778108450966, 1.277205126742204 ], [ 103.802779930409883, 1.277210211139283 ] ], [ [ 103.799867200000307, 1.276588400000554 ], [ 103.799946744648139, 1.276783439129813 ], [ 103.800064321184408, 1.276734862700347 ], [ 103.800060185790031, 1.27676124766542 ], [ 103.800180174025357, 1.276780298527916 ], [ 103.800178233564964, 1.276804444937507 ], [ 103.800059014262871, 1.276818323245889 ], [ 103.800068414256273, 1.276900123246252 ], [ 103.800171509085558, 1.276888121987052 ], [ 103.800168976913341, 1.276919631437856 ], [ 103.800082284774106, 1.276954890576157 ], [ 103.800146884764047, 1.277115790580439 ], [ 103.800160273310482, 1.27711034523559 ], [ 103.800157450399198, 1.277121811490269 ], [ 103.800150789872617, 1.277124894651086 ], [ 103.800154625060799, 1.277133287601584 ], [ 103.80014317609303, 1.277179791641461 ], [ 103.800180081040651, 1.277188995623538 ], [ 103.800185261025163, 1.277200331532916 ], [ 103.800230249103763, 1.277298952474378 ], [ 103.800165696080654, 1.277336963481663 ], [ 103.800315896067872, 1.277595363491387 ], [ 103.800381705645947, 1.27755661258069 ], [ 103.800388895634356, 1.277568568795012 ], [ 103.80050127228975, 1.277500110509854 ], [ 103.80057624766107, 1.277683937896628 ], [ 103.800612397639682, 1.277669001981278 ], [ 103.800621209901266, 1.277668738928566 ], [ 103.800621111561753, 1.277665401690915 ], [ 103.800647647666338, 1.277654437894328 ], [ 103.800618696821275, 1.277583455150156 ], [ 103.800614999999326, 1.277457999998685 ], [ 103.800697372556186, 1.277651846384853 ], [ 103.800870672566731, 1.277577246379373 ], [ 103.800810767139055, 1.27743627165309 ], [ 103.800810776390534, 1.277436260278107 ], [ 103.800870716226882, 1.277577227579088 ], [ 103.80089108653938, 1.277568453324283 ], [ 103.800908445438864, 1.277610154436841 ], [ 103.801008045445698, 1.277568154433806 ], [ 103.800990368351904, 1.277525688932424 ], [ 103.801014839027133, 1.277515148495914 ], [ 103.80110795752762, 1.27747615945326 ], [ 103.801072892140539, 1.277391322036252 ], [ 103.801075189208134, 1.277391599685374 ], [ 103.801111211646983, 1.277474764389503 ], [ 103.801201470389472, 1.277435160413343 ], [ 103.801217922170551, 1.277442857916192 ], [ 103.80123201036622, 1.277477287361545 ], [ 103.801263558283893, 1.277464210261017 ], [ 103.801263612688203, 1.277464235715048 ], [ 103.801232030439834, 1.277477336400076 ], [ 103.801241424999958, 1.277500278909778 ], [ 103.801313897370576, 1.277678599127867 ], [ 103.800217958019303, 1.278167235566949 ], [ 103.800302800000566, 1.278360000000113 ], [ 103.800213753121668, 1.278169166494934 ], [ 103.800187981075396, 1.278181348761878 ], [ 103.80016476340262, 1.278138238871266 ], [ 103.80016476296953, 1.278138238067279 ], [ 103.800000099327832, 1.277832451651524 ], [ 103.800045261796669, 1.277810893900334 ], [ 103.799865738215956, 1.277429906096381 ], [ 103.799628385359796, 1.277543203559056 ], [ 103.799589049932919, 1.277457505408835 ], [ 103.799459149940901, 1.277517905404749 ], [ 103.799499573442716, 1.277605974100423 ], [ 103.799498975226214, 1.277606266026881 ], [ 103.799458033606101, 1.277518428482681 ], [ 103.799073335106158, 1.277700072298221 ], [ 103.799022529345066, 1.277723015850971 ], [ 103.798913727356904, 1.277496172237549 ], [ 103.799376015345402, 1.27726595393007 ], [ 103.800010930099788, 1.276958031753364 ], [ 103.799892800821056, 1.276711287258026 ], [ 103.799867200000307, 1.276588400000554 ] ], [ [ 103.799657340266947, 1.276661454038609 ], [ 103.799653116988495, 1.276663502252577 ], [ 103.799651600000445, 1.276633900000134 ], [ 103.799657340266947, 1.276661454038609 ] ], [ [ 103.798792965529984, 1.27688686866589 ], [ 103.798653414725038, 1.276950984703978 ], [ 103.798622929300265, 1.27691751701161 ], [ 103.798613585298966, 1.276902970463499 ], [ 103.79865823634421, 1.276892990576 ], [ 103.798792965529984, 1.27688686866589 ] ], [ [ 103.7986845681869, 1.277139837840898 ], [ 103.79868455329985, 1.277139845254679 ], [ 103.798655380243574, 1.277075631936514 ], [ 103.798655410226161, 1.277075548583426 ], [ 103.7986845681869, 1.277139837840898 ] ], [ [ 103.798376587003233, 1.276835169494889 ], [ 103.798377713493551, 1.276837748402389 ], [ 103.798366321925329, 1.276845161026305 ], [ 103.798365887241587, 1.276843064819416 ], [ 103.798376587003233, 1.276835169494889 ] ], [ [ 103.796861400000012, 1.276807800000616 ], [ 103.796685929343496, 1.276922949006447 ], [ 103.796696229342487, 1.276938849006649 ], [ 103.796868606712607, 1.276825729905847 ], [ 103.796869741406098, 1.276828552960925 ], [ 103.796819734528142, 1.276952458921004 ], [ 103.79658783328685, 1.277021511599716 ], [ 103.796783938745833, 1.277688668162533 ], [ 103.796753211164116, 1.27769792896037 ], [ 103.796775307480047, 1.277772199263755 ], [ 103.796775286579091, 1.277772206467626 ], [ 103.796753177717733, 1.277697939043559 ], [ 103.796553068090617, 1.277758285428245 ], [ 103.796317699045105, 1.276926805011067 ], [ 103.796645499311211, 1.276832473555911 ], [ 103.796667031551635, 1.276886407831068 ], [ 103.796861400000012, 1.276807800000616 ] ], [ [ 103.797798232664633, 1.276449567142845 ], [ 103.797798229490198, 1.276449560022736 ], [ 103.79779950006504, 1.27644889996534 ], [ 103.797798232664633, 1.276449567142845 ] ], [ [ 103.7978869315926, 1.276752846688334 ], [ 103.79788930000079, 1.276756700000724 ], [ 103.797709025755012, 1.276864069462207 ], [ 103.79774331321984, 1.276922387638746 ], [ 103.797475063112145, 1.276995493638532 ], [ 103.797475061596316, 1.276995494051806 ], [ 103.797179131815369, 1.277076125826488 ], [ 103.797166958462881, 1.27703994418053 ], [ 103.797442453654909, 1.27695633349428 ], [ 103.797438013909996, 1.276941514259058 ], [ 103.797631938300384, 1.27686269250446 ], [ 103.797583239255601, 1.276741319427714 ], [ 103.797692041206034, 1.276697018591901 ], [ 103.797756682188719, 1.276821411751845 ], [ 103.7978869315926, 1.276752846688334 ] ], [ [ 103.798531171459288, 1.277163982110014 ], [ 103.798548599999862, 1.277147900000204 ], [ 103.798533917761773, 1.27716831819138 ], [ 103.798531171459288, 1.277163982110014 ] ], [ [ 103.798579899999794, 1.277170700000959 ], [ 103.798570582913683, 1.277196602209583 ], [ 103.798556327928168, 1.277203701154375 ], [ 103.798556253804946, 1.277203584123134 ], [ 103.798579899999794, 1.277170700000959 ] ], [ [ 103.799627300003664, 1.278025068206025 ], [ 103.799482126969068, 1.278083099798126 ], [ 103.799621836451394, 1.278014922184529 ], [ 103.799627300003664, 1.278025068206025 ] ], [ [ 103.7991218238339, 1.278258926090372 ], [ 103.799125028052742, 1.278257362446803 ], [ 103.799186200000108, 1.278421699999956 ], [ 103.7991218238339, 1.278258926090372 ] ], [ [ 103.801571999999069, 1.277756800000748 ], [ 103.801765879653445, 1.277676978543102 ], [ 103.801690112303106, 1.277490551030031 ], [ 103.801708272470492, 1.277480420800813 ], [ 103.801715714612413, 1.277499355457224 ], [ 103.801903406527757, 1.277424624326335 ], [ 103.801903404470892, 1.277424634074458 ], [ 103.801715797994063, 1.277499567266829 ], [ 103.801729597992093, 1.277534567267986 ], [ 103.801894069112606, 1.277468874728092 ], [ 103.801891576570313, 1.27748068698804 ], [ 103.801754729596539, 1.277580580602197 ], [ 103.801779229595155, 1.277614580603777 ], [ 103.801878634892631, 1.27754201813534 ], [ 103.80186283003799, 1.2776169179898 ], [ 103.801830293639085, 1.277664648904072 ], [ 103.801849901143086, 1.277678188552709 ], [ 103.801825182384789, 1.277795331748435 ], [ 103.801947282394124, 1.277821431749995 ], [ 103.801962542633774, 1.277749112839809 ], [ 103.802017798054791, 1.2777774506876 ], [ 103.802022470820873, 1.277768220779421 ], [ 103.802033518930941, 1.277821600838908 ], [ 103.802155618940006, 1.277796000836539 ], [ 103.802112900000154, 1.277589600000486 ], [ 103.802176540314449, 1.277790466039192 ], [ 103.802377381034049, 1.277726005643356 ], [ 103.802445390251833, 1.277907782584033 ], [ 103.802400260500022, 1.277923613438522 ], [ 103.802469199999649, 1.278122699999434 ], [ 103.802271531475654, 1.27819247569253 ], [ 103.80239363145192, 1.27854287570094 ], [ 103.802591299999889, 1.278473100000057 ], [ 103.802655115031897, 1.278673909885119 ], [ 103.802706376525975, 1.278657407594767 ], [ 103.802718809905727, 1.278702187198294 ], [ 103.802594900000159, 1.278848799999429 ], [ 103.802638689767662, 1.278642626613979 ], [ 103.802523889776012, 1.278617926616206 ], [ 103.802480100000736, 1.278824099997703 ], [ 103.802487966153265, 1.278613417109539 ], [ 103.802313466167135, 1.278606817110633 ], [ 103.802311227464813, 1.278666777216293 ], [ 103.802300186319584, 1.278631709747303 ], [ 103.802263823810563, 1.278643307626183 ], [ 103.802262448324797, 1.278637572322173 ], [ 103.802297917255615, 1.278624907255722 ], [ 103.802037217204457, 1.277885307274473 ], [ 103.801872661597116, 1.277944065950858 ], [ 103.801872511622008, 1.277943646259522 ], [ 103.801839701661208, 1.277955523355628 ], [ 103.801769235710083, 1.277757290947839 ], [ 103.801643876643908, 1.277802432413539 ], [ 103.801574699999847, 1.27777419999994 ], [ 103.801781664082839, 1.277741666938466 ], [ 103.801778964081606, 1.277724266939455 ], [ 103.801571999999069, 1.277756800000748 ] ], [ [ 103.801569100000421, 1.277788100000389 ], [ 103.801622807782465, 1.277810019252752 ], [ 103.801604835721122, 1.277816490943548 ], [ 103.801607254003542, 1.277823293974772 ], [ 103.801569100000421, 1.277788100000389 ] ], [ [ 103.801557900000489, 1.277800400000325 ], [ 103.801584164536237, 1.277824626905036 ], [ 103.801570900032686, 1.277829936567948 ], [ 103.801557900000489, 1.277800400000325 ] ], [ [ 103.801609356624851, 1.277847864563933 ], [ 103.801619223391484, 1.277856965855969 ], [ 103.801675243259922, 1.278014559064253 ], [ 103.801675227928115, 1.278014564539087 ], [ 103.801609356624851, 1.277847864563933 ] ], [ [ 103.801605790522004, 1.278040198391476 ], [ 103.801604811968431, 1.278040552624437 ], [ 103.801584181891599, 1.278019274104337 ], [ 103.80159552403741, 1.278014217080736 ], [ 103.801605790522004, 1.278040198391476 ] ], [ [ 103.801549094613492, 1.278034918159792 ], [ 103.801568916107129, 1.27802608052487 ], [ 103.801588627400818, 1.278046411381422 ], [ 103.801582939381802, 1.27804847042456 ], [ 103.801549094613492, 1.278034918159792 ] ], [ [ 103.801322053059835, 1.278136147161609 ], [ 103.801362515254056, 1.278248123658729 ], [ 103.80136250299077, 1.278248126949559 ], [ 103.801321972380634, 1.278136183133516 ], [ 103.801322053059835, 1.278136147161609 ] ], [ [ 103.800276778236849, 1.278443130494859 ], [ 103.80026266965865, 1.278448303829474 ], [ 103.800249699999824, 1.278385099998061 ], [ 103.800276778236849, 1.278443130494859 ] ], [ [ 103.80018620000024, 1.27839829999798 ], [ 103.800191342380714, 1.278423359886902 ], [ 103.800185298203985, 1.278414272959739 ], [ 103.80018620000024, 1.27839829999798 ] ], [ [ 103.799811499998484, 1.278610263858822 ], [ 103.799812878363852, 1.278612336120348 ], [ 103.799811499998327, 1.278612838558275 ], [ 103.799811499998484, 1.278610263858822 ] ], [ [ 103.798416996250879, 1.27796407273499 ], [ 103.798195843783546, 1.278032540301391 ], [ 103.798092367455766, 1.27804780996316 ], [ 103.798002589451343, 1.278053954116716 ], [ 103.798016799999701, 1.278264299999795 ], [ 103.797992200340374, 1.278054927270158 ], [ 103.797902300347943, 1.278065627270038 ], [ 103.79792690000005, 1.278274999999419 ], [ 103.797869029215434, 1.278072373871158 ], [ 103.797714529227079, 1.278117073867653 ], [ 103.797772400000397, 1.278319699999939 ], [ 103.79771443536103, 1.278117101048835 ], [ 103.797480082111733, 1.278185023288319 ], [ 103.797279983779973, 1.27748548772852 ], [ 103.797584536896579, 1.277402506360081 ], [ 103.797529800000262, 1.277199 ], [ 103.797584548095983, 1.277402503308007 ], [ 103.79795182933178, 1.277302408422162 ], [ 103.79797332488603, 1.277296554204981 ], [ 103.798416996250879, 1.27796407273499 ] ], [ [ 103.796843701287955, 1.276945322395539 ], [ 103.796880263093655, 1.276854730341335 ], [ 103.796886340887681, 1.276869851558265 ], [ 103.796880584422041, 1.276934339789869 ], [ 103.796843701287955, 1.276945322395539 ] ], [ [ 103.796900053661005, 1.276928542478915 ], [ 103.796901848624785, 1.276908433953555 ], [ 103.796908875209198, 1.276925915707182 ], [ 103.796900053661005, 1.276928542478915 ] ], [ [ 103.798114700000255, 1.278257599999806 ], [ 103.79814401638987, 1.278458850628073 ], [ 103.798132026838971, 1.278431163421617 ], [ 103.798126586825461, 1.278433549797015 ], [ 103.798114700000255, 1.278257599999806 ] ], [ [ 103.798147072677367, 1.278465908446953 ], [ 103.798272487199469, 1.278447401438296 ], [ 103.798242099999698, 1.278238799997408 ], [ 103.798303686058361, 1.27844031366815 ], [ 103.798749773631258, 1.278302207432569 ], [ 103.798772172153477, 1.278331735057477 ], [ 103.798560026741583, 1.278394266627431 ], [ 103.798618900000406, 1.278596600000218 ], [ 103.798560000746789, 1.278394274291567 ], [ 103.798326700763752, 1.278463074286346 ], [ 103.798385600000373, 1.278665399999812 ], [ 103.798313186210478, 1.278467566827786 ], [ 103.798170673843742, 1.278520410100842 ], [ 103.798147072677367, 1.278465908446953 ] ], [ [ 103.798876260622791, 1.2785540922685 ], [ 103.79890878491139, 1.278660387728831 ], [ 103.798906742660293, 1.278660429675555 ], [ 103.798875838264536, 1.278554218672193 ], [ 103.798876260622791, 1.2785540922685 ] ], [ [ 103.798917936162027, 1.278690295726797 ], [ 103.798918149629031, 1.278690993378381 ], [ 103.798918326905905, 1.278700241946888 ], [ 103.798918123662446, 1.278699543448053 ], [ 103.798917936162027, 1.278690295726797 ] ], [ [ 103.798918698977459, 1.278727918575772 ], [ 103.798918856522235, 1.278727872137861 ], [ 103.798920698497597, 1.278823968413414 ], [ 103.798920646419248, 1.278823968413616 ], [ 103.798918698977459, 1.278727918575772 ] ], [ [ 103.798841270031915, 1.278752751329237 ], [ 103.798833983852305, 1.278752889045047 ], [ 103.798841229521969, 1.278750753325508 ], [ 103.798841270031915, 1.278752751329237 ] ], [ [ 103.798157268550014, 1.278659986586087 ], [ 103.798186300000552, 1.278739300000223 ], [ 103.798110054271646, 1.278680698114695 ], [ 103.798157268550014, 1.278659986586087 ] ], [ [ 103.797940000000239, 1.278515399999627 ], [ 103.797942501828473, 1.27848985540185 ], [ 103.797968407632979, 1.278482360323342 ], [ 103.798032784596074, 1.278474698104281 ], [ 103.797940000000239, 1.278515399999627 ] ], [ [ 103.797456808954394, 1.278452079647625 ], [ 103.797444772453971, 1.278457745517217 ], [ 103.797446, 1.278414299999763 ], [ 103.797456808954394, 1.278452079647625 ] ], [ [ 103.797304400000399, 1.278332900000418 ], [ 103.797113932417076, 1.278420649448697 ], [ 103.797131032415024, 1.278458249450024 ], [ 103.79732149999974, 1.278370500000557 ], [ 103.797179275748178, 1.27852528692728 ], [ 103.797208175748167, 1.278552186928922 ], [ 103.79735040000044, 1.278397399999709 ], [ 103.797301846728956, 1.278525024083012 ], [ 103.797067675038917, 1.278635254286559 ], [ 103.797023494542117, 1.278493767950817 ], [ 103.796848259003369, 1.27854919902138 ], [ 103.796835788912418, 1.27852092589789 ], [ 103.796830953194487, 1.278509123467808 ], [ 103.796695081821994, 1.278565517426058 ], [ 103.796694619869356, 1.278564456500973 ], [ 103.796813845028069, 1.27851046878663 ], [ 103.796793753035232, 1.278465520719726 ], [ 103.796801883114071, 1.278459078137896 ], [ 103.796792183114036, 1.278446678138758 ], [ 103.796787122797312, 1.278450688124584 ], [ 103.796695380697187, 1.278245450619478 ], [ 103.796920162383003, 1.278167974516363 ], [ 103.796921210383061, 1.27817134075969 ], [ 103.79703035891373, 1.278136917731886 ], [ 103.797103103277323, 1.278391229123202 ], [ 103.797304400000399, 1.278332900000418 ] ], [ [ 103.797390100000612, 1.278412699998455 ], [ 103.797388073130307, 1.278484435249391 ], [ 103.79735729774066, 1.278498921963408 ], [ 103.797390100000612, 1.278412699998455 ] ], [ [ 103.79545267475028, 1.276776716076087 ], [ 103.795573422922416, 1.276724634165209 ], [ 103.795581811432058, 1.276756264425336 ], [ 103.795540018779576, 1.276919133425457 ], [ 103.795704444167384, 1.276961874550125 ], [ 103.795732715113971, 1.276972009418223 ], [ 103.795732715113971, 1.276972009417318 ], [ 103.795740114964957, 1.276974662328355 ], [ 103.795787628198283, 1.277122418459082 ], [ 103.795821959206137, 1.277285819108193 ], [ 103.795854062321752, 1.277278986359408 ], [ 103.795854576201577, 1.277281321753314 ], [ 103.79582256076425, 1.27728859004637 ], [ 103.795833352427508, 1.277336743885677 ], [ 103.795717823333902, 1.277394788276686 ], [ 103.795717766561523, 1.277394673537283 ], [ 103.795663928451475, 1.277191059861712 ], [ 103.795337503909124, 1.277278493997567 ], [ 103.795219073044876, 1.277043708566147 ], [ 103.794828115246787, 1.277243482604433 ], [ 103.794473235107887, 1.277422698944017 ], [ 103.794434541838655, 1.277430884058709 ], [ 103.794420299841249, 1.277430632877782 ], [ 103.794383567884353, 1.277423259836805 ], [ 103.794291738838979, 1.277377123198991 ], [ 103.794193960017139, 1.277284086687708 ], [ 103.79419344660873, 1.27728264425333 ], [ 103.794281999999271, 1.277127300000212 ], [ 103.794252229698614, 1.277335991518655 ], [ 103.794269529700529, 1.277338491518973 ], [ 103.794299299999821, 1.277129800001195 ], [ 103.794338809839488, 1.277336847367402 ], [ 103.794365709841784, 1.27733164736687 ], [ 103.794326200000029, 1.277124600000102 ], [ 103.794397612534269, 1.277322801503963 ], [ 103.794887212567588, 1.277144101491972 ], [ 103.794815799999938, 1.276945900000524 ], [ 103.794899862210158, 1.27713901016482 ], [ 103.794928662211234, 1.27712631016417 ], [ 103.794844600000118, 1.276933199999845 ], [ 103.795016394108075, 1.277053834350394 ], [ 103.795034694106803, 1.277027434348995 ], [ 103.794862899999671, 1.27690679999968 ], [ 103.795067480691515, 1.276952099047086 ], [ 103.795071480689657, 1.276933799046341 ], [ 103.795027378147267, 1.276924033692239 ], [ 103.79503235377274, 1.276924524848668 ], [ 103.795037782017715, 1.276868818698605 ], [ 103.795075014726891, 1.276864530426861 ], [ 103.795070614723656, 1.276825830426716 ], [ 103.795041645856713, 1.276829166911454 ], [ 103.795045859477099, 1.276785925569212 ], [ 103.795060451574088, 1.276780842319144 ], [ 103.795049467365629, 1.276748900423344 ], [ 103.795052800000349, 1.276714699999704 ], [ 103.795128902117497, 1.276911125685945 ], [ 103.795269802126825, 1.276855825682127 ], [ 103.795193700002159, 1.276659400004245 ], [ 103.795276538446188, 1.276853045139373 ], [ 103.79545267475028, 1.276776716076087 ] ], [ [ 103.794881140398957, 1.277688469023331 ], [ 103.794882404986041, 1.277687830399882 ], [ 103.794949199980792, 1.277817299963417 ], [ 103.794881140398957, 1.277688469023331 ] ], [ [ 103.795730100000029, 1.277419600000634 ], [ 103.795839592623139, 1.277364588466904 ], [ 103.79583960592511, 1.277364647819655 ], [ 103.795730100000029, 1.277419600000634 ] ], [ [ 103.798278143826579, 1.278978177065969 ], [ 103.798276399999281, 1.278978882926748 ], [ 103.798276399998912, 1.278978579100877 ], [ 103.798278153875557, 1.278977866334507 ], [ 103.798278143826579, 1.278978177065969 ] ], [ [ 103.798278560178673, 1.278965302540978 ], [ 103.798278502386694, 1.278965158483014 ], [ 103.798278567618084, 1.278965072507759 ], [ 103.798278560178673, 1.278965302540978 ] ], [ [ 103.797819052176479, 1.278950370520402 ], [ 103.797820952248856, 1.27895959424372 ], [ 103.797786400003005, 1.278872500008517 ], [ 103.797819052176479, 1.278950370520402 ] ], [ [ 103.795597393858074, 1.277795197924595 ], [ 103.796124438472191, 1.27884709129171 ], [ 103.796110738543831, 1.278853357249859 ], [ 103.796174482410549, 1.278994540815034 ], [ 103.796172486813973, 1.278995457110038 ], [ 103.796103260610238, 1.278856958795993 ], [ 103.79587445998348, 1.278972809344024 ], [ 103.795712121641628, 1.278671716035182 ], [ 103.795331997007139, 1.277931356248382 ], [ 103.795597393858074, 1.277795197924595 ] ], [ [ 103.794767687189449, 1.277881142826303 ], [ 103.794767460703071, 1.277881279296948 ], [ 103.794757908729196, 1.277863585529313 ], [ 103.794758216474662, 1.277863215574622 ], [ 103.794767687189449, 1.277881142826303 ] ], [ [ 103.794593912193278, 1.277725727773655 ], [ 103.794574712157399, 1.277775741797698 ], [ 103.794570743725544, 1.277756737805398 ], [ 103.794580867991797, 1.277699561793747 ], [ 103.794593912193278, 1.277725727773655 ] ], [ [ 103.794396177841605, 1.276874792178613 ], [ 103.794145183070583, 1.276220665641006 ], [ 103.794172000039893, 1.276245794180485 ], [ 103.794202744733226, 1.276328447771718 ], [ 103.794206914429125, 1.276326876582276 ], [ 103.794244634829013, 1.276313855790996 ], [ 103.794285514566866, 1.276352161686069 ], [ 103.794289214566064, 1.276348161685716 ], [ 103.79425045830591, 1.276311845571249 ], [ 103.794299484464972, 1.276294922117953 ], [ 103.794291636947463, 1.276316719549206 ], [ 103.794300136948266, 1.276319819549327 ], [ 103.794311312602744, 1.276288777813777 ], [ 103.794311963079281, 1.276290573193049 ], [ 103.794354686288159, 1.276274892867238 ], [ 103.794348514870933, 1.276331158496854 ], [ 103.794359314871798, 1.276332358496774 ], [ 103.794366076432382, 1.27627071244208 ], [ 103.794405963085467, 1.276256073191324 ], [ 103.794376578066192, 1.276174967643194 ], [ 103.794382299999711, 1.276122799999829 ], [ 103.794450637440434, 1.276322096688922 ], [ 103.794458436618996, 1.276319387599336 ], [ 103.794621187715777, 1.276792665411427 ], [ 103.794396177841605, 1.276874792178613 ] ], [ [ 103.794862499999923, 1.276849799999793 ], [ 103.794960432648736, 1.276815684545299 ], [ 103.794949275387339, 1.2768398056634 ], [ 103.794862499999923, 1.276849799999793 ] ], [ [ 103.794971766509988, 1.276837215253021 ], [ 103.794985815597471, 1.276806842234971 ], [ 103.795021508762247, 1.276794408294877 ], [ 103.795017854723667, 1.276831907051291 ], [ 103.794971766509988, 1.276837215253021 ] ], [ [ 103.795013990883405, 1.276871558838394 ], [ 103.795009268257331, 1.276920023731321 ], [ 103.794866900000969, 1.276888500000195 ], [ 103.794930119728861, 1.276881218681623 ], [ 103.794923590848654, 1.276895333603917 ], [ 103.794941090850017, 1.276903533604827 ], [ 103.794952610851894, 1.276878628271424 ], [ 103.795013990883405, 1.276871558838394 ] ], [ [ 103.794354200001081, 1.276110099999456 ], [ 103.794353388252091, 1.276110961471385 ], [ 103.794353214924428, 1.276110483069731 ], [ 103.794354200001081, 1.276110099999456 ] ], [ [ 103.79436299999945, 1.276118500001064 ], [ 103.794359570638491, 1.276128025468175 ], [ 103.794358030334266, 1.276123774076585 ], [ 103.79436299999945, 1.276118500001064 ] ], [ [ 103.794139418687834, 1.276205642869247 ], [ 103.794140165482204, 1.276205402894848 ], [ 103.794158412376703, 1.276209265302272 ], [ 103.794167736439334, 1.276234331979144 ], [ 103.794140709371078, 1.276209006567046 ], [ 103.794139418687834, 1.276205642869247 ] ], [ [ 103.794153291495235, 1.276201184995962 ], [ 103.794155180903772, 1.276200577855224 ], [ 103.794155587524401, 1.276201671006933 ], [ 103.794153291495235, 1.276201184995962 ] ], [ [ 103.794261176283868, 1.276154057827595 ], [ 103.794262381229004, 1.276153722388184 ], [ 103.794264313523954, 1.27615905571446 ], [ 103.79426298479143, 1.276159365145162 ], [ 103.794261176283868, 1.276154057827595 ] ], [ [ 103.794269573579925, 1.276173573987416 ], [ 103.79427646541177, 1.276192596124905 ], [ 103.794274881341195, 1.276194277225258 ], [ 103.794267687010858, 1.276173164461315 ], [ 103.794269573579925, 1.276173573987416 ] ], [ [ 103.794281107493674, 1.27620540873023 ], [ 103.794290066631007, 1.27623013683589 ], [ 103.794286870211806, 1.276229460234496 ], [ 103.794279320657921, 1.276207305017464 ], [ 103.794281107493674, 1.27620540873023 ] ], [ [ 103.793657320558637, 1.276227379031289 ], [ 103.793684054142744, 1.276217699201778 ], [ 103.793684056586685, 1.276217704466123 ], [ 103.793656039122553, 1.276227847705666 ], [ 103.793657320558637, 1.276227379031289 ] ], [ [ 103.794145099252916, 1.277146773622621 ], [ 103.794259000001958, 1.277102499998985 ], [ 103.794150144999705, 1.277160957263036 ], [ 103.794145099252916, 1.277146773622621 ] ], [ [ 103.794267800000782, 1.277119099999172 ], [ 103.794186191579001, 1.27726226108098 ], [ 103.794170407751636, 1.277217916050402 ], [ 103.794156514649146, 1.277178862408221 ], [ 103.794267800000782, 1.277119099999172 ] ], [ [ 103.794443434080833, 1.278004247198276 ], [ 103.794379600000511, 1.2781582 ], [ 103.794382243023577, 1.277993270971454 ], [ 103.794443434080833, 1.278004247198276 ] ], [ [ 103.794351523317658, 1.277987760582456 ], [ 103.794348800000193, 1.278157700000213 ], [ 103.794316763710242, 1.277981525530789 ], [ 103.794351523317658, 1.277987760582456 ] ], [ [ 103.794498400000435, 1.278222399998963 ], [ 103.794585054143724, 1.278096198452428 ], [ 103.794604036878965, 1.278128112220736 ], [ 103.794498400000435, 1.278222399998963 ] ], [ [ 103.794750560425058, 1.278374447519589 ], [ 103.794751449597882, 1.278375942394609 ], [ 103.794684400011505, 1.278433499990026 ], [ 103.794750560425058, 1.278374447519589 ] ], [ [ 103.794885175640886, 1.278600762492338 ], [ 103.794887343157868, 1.278604406519876 ], [ 103.794851000002453, 1.278630099998217 ], [ 103.794885175640886, 1.278600762492338 ] ], [ [ 103.795232600000176, 1.278774400000061 ], [ 103.795278931069319, 1.278746483024981 ], [ 103.795286045441898, 1.278760339522082 ], [ 103.795232600000176, 1.278774400000061 ] ], [ [ 103.795318422403398, 1.278823399368574 ], [ 103.795340905950468, 1.278867190041544 ], [ 103.795527000017287, 1.278770399990749 ], [ 103.795342888614897, 1.278870957727892 ], [ 103.795346614117165, 1.278877867520782 ], [ 103.795250000000266, 1.278841399999632 ], [ 103.795318422403398, 1.278823399368574 ] ], [ [ 103.798117982650695, 1.278963684012843 ], [ 103.798120866064423, 1.278982356159376 ], [ 103.798113682992053, 1.278985275320765 ], [ 103.798104510366414, 1.278953329318508 ], [ 103.798117982650695, 1.278963684012843 ] ], [ [ 103.798129511282525, 1.279038340065261 ], [ 103.798128981049032, 1.279038554691739 ], [ 103.798128964250765, 1.279038496189054 ], [ 103.798129501665429, 1.279038277786952 ], [ 103.798129511282525, 1.279038340065261 ] ], [ [ 103.797872231569812, 1.279187983382905 ], [ 103.797872430716382, 1.279189154671002 ], [ 103.797871351543947, 1.279188309745062 ], [ 103.797872231569812, 1.279187983382905 ] ], [ [ 103.797830312136682, 1.27920352941163 ], [ 103.797843207853759, 1.279213625964728 ], [ 103.797842381925875, 1.279213972428944 ], [ 103.797829243678379, 1.279210272358614 ], [ 103.797824657470002, 1.279205626473418 ], [ 103.797830312136682, 1.27920352941163 ] ], [ [ 103.797557575633448, 1.279304675070058 ], [ 103.797554399999939, 1.279437999999156 ], [ 103.797522739610585, 1.279367109891014 ], [ 103.797527103606555, 1.279349666314065 ], [ 103.797546550016165, 1.279346539414887 ], [ 103.797540887254499, 1.279310864035236 ], [ 103.797557575633448, 1.279304675070058 ] ], [ [ 103.797595229677412, 1.279290710887438 ], [ 103.797632874827201, 1.279276750002342 ], [ 103.797625739154583, 1.279304850893523 ], [ 103.797594581565846, 1.279317921043007 ], [ 103.797595229677412, 1.279290710887438 ] ], [ [ 103.797669450664714, 1.279263185675623 ], [ 103.797721184315876, 1.279243999999728 ], [ 103.797770800000109, 1.279244000000348 ], [ 103.797662820505806, 1.279289295812095 ], [ 103.797669450664714, 1.279263185675623 ] ], [ [ 103.797881492715476, 1.279263201285538 ], [ 103.79788464014176, 1.279260964658853 ], [ 103.797885754447776, 1.279267518473843 ], [ 103.797881492715476, 1.279263201285538 ] ], [ [ 103.797962738871618, 1.279304926717171 ], [ 103.79796710928521, 1.279315852753229 ], [ 103.79796663493056, 1.279315952738646 ], [ 103.797954338544514, 1.279303539984237 ], [ 103.797942187053835, 1.279315734193382 ], [ 103.797940946369323, 1.279314224581535 ], [ 103.797943638046476, 1.27929225662356 ], [ 103.797961638776158, 1.279306350086155 ], [ 103.797962738871618, 1.279304926717171 ] ], [ [ 103.797942502979268, 1.279291367936471 ], [ 103.797943633316635, 1.27929225292012 ], [ 103.797937525539396, 1.279291494812159 ], [ 103.797942502979268, 1.279291367936471 ] ], [ [ 103.797863037489137, 1.279282350545149 ], [ 103.797812400000325, 1.279312300000511 ], [ 103.797859536399656, 1.279278803898841 ], [ 103.797863037489137, 1.279282350545149 ] ], [ [ 103.797836236970838, 1.279255201286307 ], [ 103.797793599988651, 1.279285500008019 ], [ 103.7978359563336, 1.279254916998046 ], [ 103.797836236970838, 1.279255201286307 ] ], [ [ 103.797780200001625, 1.279266699999305 ], [ 103.797756993198831, 1.279283456257142 ], [ 103.797750522658163, 1.279279149209195 ], [ 103.797780200001625, 1.279266699999305 ] ], [ [ 103.797726369729702, 1.279289281008695 ], [ 103.797717065448325, 1.279303440856258 ], [ 103.797714545059563, 1.27929424128433 ], [ 103.797726369729702, 1.279289281008695 ] ], [ [ 103.797593940555032, 1.279344833098336 ], [ 103.797618167064371, 1.279334670435185 ], [ 103.797591699999671, 1.279438899999926 ], [ 103.797593940555032, 1.279344833098336 ] ], [ [ 103.797647373570811, 1.279350127169743 ], [ 103.797654076616851, 1.279357766222983 ], [ 103.797653866365948, 1.279357918032138 ], [ 103.797645609221391, 1.279357075330768 ], [ 103.797647373570811, 1.279350127169743 ] ], [ [ 103.797831200000175, 1.279344500000163 ], [ 103.797849372343805, 1.279333751998957 ], [ 103.797854218161419, 1.279339648183784 ], [ 103.797831200000175, 1.279344500000163 ] ], [ [ 103.797979508745215, 1.279346851408884 ], [ 103.797983583400125, 1.279357038048451 ], [ 103.797998130914166, 1.279351143324655 ], [ 103.798011415410159, 1.279379172122709 ], [ 103.797999053293225, 1.279384926608983 ], [ 103.79797092741309, 1.279350704237437 ], [ 103.797973505880336, 1.279348116705603 ], [ 103.797979508745215, 1.279346851408884 ] ], [ [ 103.797868891845184, 1.279370167474145 ], [ 103.797871187281871, 1.279376306279909 ], [ 103.797870048851664, 1.27937998102192 ], [ 103.797837900000133, 1.279376699999467 ], [ 103.797868891845184, 1.279370167474145 ] ], [ [ 103.797630135076346, 1.279418013840632 ], [ 103.797636148241182, 1.279426585800731 ], [ 103.797622799999715, 1.279446900001563 ], [ 103.797630135076346, 1.279418013840632 ] ], [ [ 103.79783519999981, 1.27940349999987 ], [ 103.797852925975533, 1.279405309063885 ], [ 103.797848614731706, 1.279409635462361 ], [ 103.79783519999981, 1.27940349999987 ] ], [ [ 103.797418599999475, 1.279442900001849 ], [ 103.797367545181345, 1.279646974099446 ], [ 103.797366759287414, 1.27957817617636 ], [ 103.797356451027952, 1.279578295462217 ], [ 103.797357384755543, 1.279576261277772 ], [ 103.797366724531813, 1.279576058749557 ], [ 103.797366312528339, 1.279556811562557 ], [ 103.797418599999475, 1.279442900001849 ] ], [ [ 103.795744046000522, 1.279276569800431 ], [ 103.79580820207029, 1.279409309831913 ], [ 103.795798678770581, 1.279415789595423 ], [ 103.79570866132282, 1.279295896161081 ], [ 103.795744046000522, 1.279276569800431 ] ], [ [ 103.796488532636928, 1.279426514078112 ], [ 103.796488725306219, 1.27942642509683 ], [ 103.7965201, 1.279497499999903 ], [ 103.796488532636928, 1.279426514078112 ] ], [ [ 103.797210453065787, 1.279579984924156 ], [ 103.797210442936901, 1.279579447627338 ], [ 103.797289116671152, 1.27957774163307 ], [ 103.79728850152793, 1.27957908176273 ], [ 103.797210453065787, 1.279579984924156 ] ], [ [ 103.797367549757411, 1.279647374761139 ], [ 103.79744755119917, 1.27966764978431 ], [ 103.797498700000119, 1.279463200000509 ], [ 103.797544582981175, 1.279565935611251 ], [ 103.797507249041757, 1.279622752758566 ], [ 103.797572149043617, 1.279665952761212 ], [ 103.797582331218763, 1.279650456884097 ], [ 103.797584582286945, 1.279655497202801 ], [ 103.79764028229107, 1.279630297200609 ], [ 103.797622192693353, 1.279589793170367 ], [ 103.797687700000139, 1.279490099998543 ], [ 103.797657933972118, 1.279600986515183 ], [ 103.797657661438251, 1.27960126000665 ], [ 103.797657818104199, 1.27960141815511 ], [ 103.797633064012928, 1.279693633837721 ], [ 103.797667264015331, 1.279702933837932 ], [ 103.797686690739454, 1.2796305640344 ], [ 103.797689361438401, 1.279633260008453 ], [ 103.797743648238139, 1.27957878238019 ], [ 103.797777582974447, 1.279702646199485 ], [ 103.797805095475169, 1.279695010571917 ], [ 103.797812945544806, 1.279697474157396 ], [ 103.797814518987451, 1.279692395236009 ], [ 103.79782298297819, 1.279690046198611 ], [ 103.797819352265691, 1.279676793882373 ], [ 103.79784927140507, 1.279580217794404 ], [ 103.797863077652579, 1.279595951929541 ], [ 103.797849661569785, 1.279705446444385 ], [ 103.797892361573062, 1.279710746445094 ], [ 103.797901115551724, 1.279639301391533 ], [ 103.797905963320446, 1.279644826096706 ], [ 103.797944663320976, 1.279610426094965 ], [ 103.797909555866454, 1.279570416281818 ], [ 103.79791367499692, 1.279536798246198 ], [ 103.797938464270572, 1.279556228671443 ], [ 103.797969267910673, 1.279638608459538 ], [ 103.797997874485006, 1.27986372810547 ], [ 103.798219274503353, 1.27983522810364 ], [ 103.798210121834501, 1.279763201161696 ], [ 103.798254442502227, 1.279739752738315 ], [ 103.798254967626889, 1.279740719364076 ], [ 103.798255247724356, 1.279803029427289 ], [ 103.798288735086714, 1.279802876935445 ], [ 103.798293194187309, 1.279811085040406 ], [ 103.798308270860488, 1.279802787974829 ], [ 103.798317072022215, 1.279802747896744 ], [ 103.798290529370078, 1.279850439794472 ], [ 103.798314829371094, 1.279864139796092 ], [ 103.798349077793659, 1.279802602151114 ], [ 103.798365047733597, 1.279802529427821 ], [ 103.798364920100767, 1.279774136654221 ], [ 103.798380763511844, 1.279745669174861 ], [ 103.798386783343744, 1.279801291813339 ], [ 103.798416883346675, 1.279797991812627 ], [ 103.798410997790114, 1.279743609870463 ], [ 103.798420370336984, 1.279737004998735 ], [ 103.798428948175939, 1.279890699743379 ], [ 103.798457248178153, 1.279889099742476 ], [ 103.798447685332036, 1.279717756011822 ], [ 103.79845447132071, 1.279712973897895 ], [ 103.79845250956788, 1.279733569340949 ], [ 103.798463909569065, 1.279734669341059 ], [ 103.798464085564547, 1.279732821652969 ], [ 103.798466749118177, 1.279738326004344 ], [ 103.798516118007782, 1.279877089708618 ], [ 103.798618443291559, 1.279840211053573 ], [ 103.798619819431337, 1.279847129651893 ], [ 103.798633219432517, 1.279844429651645 ], [ 103.798631448069713, 1.279835524051814 ], [ 103.798634318015957, 1.279834489705584 ], [ 103.798627342559669, 1.27981488343165 ], [ 103.798615025749584, 1.279752960162105 ], [ 103.798676041771884, 1.279732887351863 ], [ 103.798731151567793, 1.279795380136549 ], [ 103.7987461515674, 1.279781980135663 ], [ 103.798699907769844, 1.279729541115983 ], [ 103.798738668389277, 1.279721839909083 ], [ 103.798736907877867, 1.279712863858535 ], [ 103.798932472781701, 1.279648527669558 ], [ 103.798713810610522, 1.280043688403149 ], [ 103.798649425595571, 1.280159961329137 ], [ 103.798832400000251, 1.280262600000141 ], [ 103.798641369629806, 1.280176098419683 ], [ 103.798572337574839, 1.280330532654778 ], [ 103.798565893628378, 1.2803207122045 ], [ 103.798391100000387, 1.280436900000178 ], [ 103.798538834153135, 1.280287432298397 ], [ 103.798459634153076, 1.280208132303153 ], [ 103.798311900000542, 1.280357600000433 ], [ 103.798459540426947, 1.280208038518339 ], [ 103.79843484042658, 1.280183338519397 ], [ 103.798295559466183, 1.280324431763612 ], [ 103.798293831831998, 1.280320924988574 ], [ 103.798389186568215, 1.280148744200146 ], [ 103.798254786574418, 1.28007334420516 ], [ 103.798195525125735, 1.280180351816037 ], [ 103.798182802402266, 1.280186701298673 ], [ 103.798219921317184, 1.280099109278154 ], [ 103.79823821521245, 1.280080043282432 ], [ 103.798230980784439, 1.280073011499775 ], [ 103.798234981241947, 1.280063571348608 ], [ 103.798210421728513, 1.280053028329933 ], [ 103.798202515212211, 1.28004534328451 ], [ 103.798199599188223, 1.280048382380218 ], [ 103.798174881245799, 1.280037771349888 ], [ 103.79814727557266, 1.280102914328686 ], [ 103.798108326061126, 1.280143507713672 ], [ 103.798121469406084, 1.280069327685028 ], [ 103.798151907402996, 1.280009049637538 ], [ 103.798104207405004, 1.279984649639317 ], [ 103.798088021951557, 1.280016702587376 ], [ 103.798082675320416, 1.280015742935372 ], [ 103.798079523234975, 1.28003353306361 ], [ 103.798044922510186, 1.280102054784181 ], [ 103.798044238001111, 1.280017150097802 ], [ 103.798055517498611, 1.279966964143372 ], [ 103.79794351750688, 1.27994146414513 ], [ 103.797909554050406, 1.280092577976615 ], [ 103.797904551684965, 1.280067395431404 ], [ 103.797916401965765, 1.279937146853745 ], [ 103.797851301970852, 1.279931146854445 ], [ 103.797842494478957, 1.280027951568381 ], [ 103.797829532295324, 1.28003055993395 ], [ 103.797838259822669, 1.280074495422785 ], [ 103.797832699587431, 1.280135608945928 ], [ 103.797831685261869, 1.280132887396145 ], [ 103.797819012019445, 1.279930686667231 ], [ 103.797724512027116, 1.279936686667088 ], [ 103.797736439710732, 1.2801269921657 ], [ 103.797733896994146, 1.280123146220422 ], [ 103.797704646801947, 1.27993890963729 ], [ 103.797550446813716, 1.279963709636331 ], [ 103.797582082567672, 1.280162972096815 ], [ 103.797581875569577, 1.28016311073303 ], [ 103.797545191296535, 1.279964624087839 ], [ 103.797420096802057, 1.279988044863648 ], [ 103.797364624214936, 1.279992305801685 ], [ 103.79721229155578, 1.280000668418836 ], [ 103.797201134178977, 1.28000066841893 ], [ 103.797235491507408, 1.279987247343211 ], [ 103.797164791684594, 1.27980390408038 ], [ 103.797164800438196, 1.279803900651153 ], [ 103.797235621835654, 1.279987196382294 ], [ 103.797321721841655, 1.279953496379597 ], [ 103.797258379726841, 1.27978955809923 ], [ 103.797369159305205, 1.279788276176721 ], [ 103.797367549757411, 1.279647374761139 ] ], [ [ 103.796314100114728, 1.279590300257891 ], [ 103.796307643733741, 1.279575863537165 ], [ 103.796307663249621, 1.279575825596634 ], [ 103.796314100114728, 1.279590300257891 ] ], [ [ 103.796254641164609, 1.279614396216224 ], [ 103.796269900000354, 1.279584900000037 ], [ 103.796254749084071, 1.279614354737296 ], [ 103.796254641164609, 1.279614396216224 ] ], [ [ 103.796310867301756, 1.279631743870014 ], [ 103.79631086819488, 1.27963174586596 ], [ 103.796308900144837, 1.279632499943738 ], [ 103.796310867301756, 1.279631743870014 ] ], [ [ 103.796323500000469, 1.279671100000042 ], [ 103.796242423621209, 1.279702657278221 ], [ 103.796242738850538, 1.279702044443648 ], [ 103.796323500000469, 1.279671100000042 ] ], [ [ 103.796200551213516, 1.279718955232413 ], [ 103.796201032647232, 1.279718024592926 ], [ 103.796201519347349, 1.279717838109151 ], [ 103.796201043228564, 1.279718763725873 ], [ 103.796200551213516, 1.279718955232413 ] ], [ [ 103.796650914283589, 1.280243579762048 ], [ 103.796660882421975, 1.280227217071198 ], [ 103.79667070000076, 1.280231700000272 ], [ 103.796650914283589, 1.280243579762048 ] ], [ [ 103.797218, 1.280211500000428 ], [ 103.797218970010491, 1.280229399541611 ], [ 103.797218000000385, 1.280229385440572 ], [ 103.797218, 1.280211500000428 ] ], [ [ 103.797097999999323, 1.280227640972563 ], [ 103.797096635936413, 1.280227621143053 ], [ 103.797098000000389, 1.280211500000518 ], [ 103.797097999999323, 1.280227640972563 ] ], [ [ 103.797033256983141, 1.280226699786573 ], [ 103.797031856557297, 1.280226679428361 ], [ 103.797034999999653, 1.280206100000952 ], [ 103.797033256983141, 1.280226699786573 ] ], [ [ 103.796767284020703, 1.280390236506784 ], [ 103.796767140198369, 1.280389514979003 ], [ 103.796767215483015, 1.280389469777219 ], [ 103.796767363282811, 1.280390216951034 ], [ 103.796767284020703, 1.280390236506784 ] ], [ [ 103.796829646528408, 1.280432307559762 ], [ 103.796830134626717, 1.280432187140641 ], [ 103.796830099999767, 1.280434600001597 ], [ 103.796829646528408, 1.280432307559762 ] ], [ [ 103.796849250745922, 1.280645731971686 ], [ 103.797315474787652, 1.280652509593318 ], [ 103.797318500000358, 1.280441699995305 ], [ 103.797338414316158, 1.280651576667427 ], [ 103.797511114330248, 1.2806349766671 ], [ 103.797491200000451, 1.280425100000427 ], [ 103.797544934375026, 1.280628876847674 ], [ 103.797617934380497, 1.280609376846895 ], [ 103.79756420000048, 1.280405600000101 ], [ 103.797635012781043, 1.280604019406061 ], [ 103.797708312785971, 1.280577519403808 ], [ 103.797637500000405, 1.28037910000061 ], [ 103.797753545419582, 1.280554622638842 ], [ 103.797917654239356, 1.280444711624274 ], [ 103.797928295106516, 1.280440694153403 ], [ 103.797957276246748, 1.280434862312142 ], [ 103.798028211932831, 1.280434282982513 ], [ 103.798032451057466, 1.280435043850782 ], [ 103.798060460109099, 1.280447067703252 ], [ 103.798100055475118, 1.280469281176376 ], [ 103.798164048549992, 1.280599175196669 ], [ 103.798159952037494, 1.280925314737043 ], [ 103.79831693259608, 1.280927312159749 ], [ 103.798314118972101, 1.280956303716862 ], [ 103.798522600003665, 1.280976800000174 ], [ 103.798313165904119, 1.280980876054188 ], [ 103.798314953977851, 1.281073945662468 ], [ 103.798312012582514, 1.281070171797369 ], [ 103.797982387401092, 1.281330428190975 ], [ 103.798215587392377, 1.281629628205965 ], [ 103.798380399999985, 1.281499500000657 ], [ 103.798372208836852, 1.281536570400396 ], [ 103.798325207606041, 1.281564427524432 ], [ 103.798354856245382, 1.281615102288827 ], [ 103.79833492516623, 1.281705303522802 ], [ 103.798403725171298, 1.281720703524555 ], [ 103.798407265860718, 1.281704679577028 ], [ 103.798431499999936, 1.281746099999289 ], [ 103.798222735912233, 1.281763434434111 ], [ 103.798230235905109, 1.281854934434588 ], [ 103.798482901760394, 1.281833954676144 ], [ 103.798537792409491, 1.28192777247167 ], [ 103.798729292418713, 1.281814272463899 ], [ 103.798715112973341, 1.281790037295754 ], [ 103.798715234548283, 1.281790038139372 ], [ 103.798729396109991, 1.281814210966696 ], [ 103.798733777591849, 1.281811610695406 ], [ 103.798672248355743, 1.281887105423869 ], [ 103.798720160543056, 1.281926662555907 ], [ 103.798694948724403, 1.281982355864633 ], [ 103.79876254872768, 1.282013355866903 ], [ 103.798849400443046, 1.281821499020119 ], [ 103.798762621622956, 1.282013389278745 ], [ 103.798800821624852, 1.282030889280124 ], [ 103.798822458716813, 1.281983044114137 ], [ 103.798893991644889, 1.282001990174099 ], [ 103.798917818174189, 1.281910860087987 ], [ 103.798942825855633, 1.281970329403034 ], [ 103.798941824926715, 1.282008859554698 ], [ 103.798959220832415, 1.28200931734137 ], [ 103.798969245983429, 1.282033157570271 ], [ 103.799021521156959, 1.28201088912537 ], [ 103.799032735378731, 1.282011167492637 ], [ 103.799032860563713, 1.282006058707 ], [ 103.799053809691415, 1.281997134690658 ], [ 103.799054893493008, 1.282010536671254 ], [ 103.799090109767093, 1.282007651722629 ], [ 103.799118626292639, 1.282005366425589 ], [ 103.799102000000744, 1.281795200003135 ], [ 103.799146049124246, 1.282001317410506 ], [ 103.7997066068246, 1.281879962582418 ], [ 103.79974523461479, 1.281876701132939 ], [ 103.799766041497719, 1.281879719333345 ], [ 103.799778193844062, 1.281885829738369 ], [ 103.799809640736541, 1.281916282826157 ], [ 103.799829701494886, 1.281969917504243 ], [ 103.799832401405098, 1.281984396442464 ], [ 103.799776400000113, 1.282091700000403 ], [ 103.799685052596232, 1.281901971123955 ], [ 103.799591352602278, 1.281947671120519 ], [ 103.799716217230809, 1.282207015403019 ], [ 103.799678988826543, 1.282278348245891 ], [ 103.799768539288436, 1.282325692411229 ], [ 103.799545035352722, 1.282805292970687 ], [ 103.799528866130359, 1.282822901338299 ], [ 103.799534421311179, 1.282828068853849 ], [ 103.799532583366556, 1.282832012761455 ], [ 103.799525975513035, 1.282826114893145 ], [ 103.799487090298868, 1.28287024788833 ], [ 103.799486358209734, 1.282870940556882 ], [ 103.799338025541743, 1.282858765957606 ], [ 103.799320999996169, 1.283068900053139 ], [ 103.799336135268661, 1.282858619474077 ], [ 103.799093337987657, 1.282840916398706 ], [ 103.799061650888291, 1.28279513328888 ], [ 103.79909369048822, 1.28279216313638 ], [ 103.799086790481653, 1.282716763137073 ], [ 103.798878200000431, 1.282736100000678 ], [ 103.799027278889085, 1.282587990901578 ], [ 103.798915278888231, 1.282473790907798 ], [ 103.798617121094821, 1.282770009082859 ], [ 103.798647957064645, 1.282801450763722 ], [ 103.798635725732069, 1.282799984212804 ], [ 103.798634432726175, 1.282799551206114 ], [ 103.798634344335994, 1.282799818582158 ], [ 103.798614579093879, 1.282797448706679 ], [ 103.798611739501084, 1.28282143959382 ], [ 103.798490471771615, 1.282678560470611 ], [ 103.7981719282119, 1.282952439519103 ], [ 103.798293746326948, 1.283095967134877 ], [ 103.798310445860537, 1.283254382163286 ], [ 103.798313785240239, 1.283370918293121 ], [ 103.798311392777947, 1.283401023416001 ], [ 103.798261597886835, 1.283474120644764 ], [ 103.798218784045105, 1.283520184584759 ], [ 103.798196543530821, 1.283535890323897 ], [ 103.79801197622821, 1.283610357458018 ], [ 103.798016031768583, 1.283598998505053 ], [ 103.797818899999172, 1.283527699999334 ], [ 103.798028338388349, 1.283531557500017 ], [ 103.798029738382397, 1.283454557500111 ], [ 103.797820299995863, 1.283450699999716 ], [ 103.79802881277007, 1.283430531377299 ], [ 103.798021412763845, 1.283353031378324 ], [ 103.797812899997666, 1.28337320000032 ], [ 103.798016569904121, 1.28332391628998 ], [ 103.797994569896559, 1.283231816292072 ], [ 103.797790900002468, 1.283281099999069 ], [ 103.797992025593004, 1.28322217458083 ], [ 103.797968425587172, 1.283140574582451 ], [ 103.797767299998966, 1.283199500000832 ], [ 103.797961633903668, 1.283120804502968 ], [ 103.797929733898698, 1.283041004505961 ], [ 103.797735400000107, 1.283119700000673 ], [ 103.79791918441137, 1.283018537611704 ], [ 103.797885984407927, 1.282957437613552 ], [ 103.797702200003428, 1.283058599998447 ], [ 103.797880911629676, 1.28294861539776 ], [ 103.797767911621065, 1.28276261540499 ], [ 103.797589200006044, 1.282872599996313 ], [ 103.797764267201586, 1.28275682995545 ], [ 103.797618367192413, 1.28253332996538 ], [ 103.797443299996203, 1.282649100002976 ], [ 103.797602845429367, 1.282512483571019 ], [ 103.797542745427862, 1.282441383574297 ], [ 103.797383199998819, 1.282578000000786 ], [ 103.79751655746324, 1.282415413497333 ], [ 103.797407157464875, 1.282324513503766 ], [ 103.797273800000369, 1.282487100000631 ], [ 103.797384950103506, 1.282308396673125 ], [ 103.797234650109729, 1.282213696679574 ], [ 103.797123499999728, 1.282392400000465 ], [ 103.797213234386021, 1.282201892955978 ], [ 103.797173834388772, 1.282183092957461 ], [ 103.797084100000291, 1.282373600000521 ], [ 103.797159669050032, 1.282176965881158 ], [ 103.797065995451192, 1.282140497533952 ], [ 103.797050915091319, 1.282132540385977 ], [ 103.797042359894263, 1.28212566697973 ], [ 103.7969948724039, 1.28207582352394 ], [ 103.796926725486699, 1.281987943273009 ], [ 103.796737229160996, 1.281681964982123 ], [ 103.79668644192418, 1.281581703984238 ], [ 103.796649541990163, 1.281495276157019 ], [ 103.796628458238175, 1.281420296660227 ], [ 103.796605830589655, 1.281012248470758 ], [ 103.796604192931014, 1.280944792757544 ], [ 103.796611107766736, 1.280889261277489 ], [ 103.796634264467173, 1.280839736804992 ], [ 103.796662746967058, 1.280779416888393 ], [ 103.796722418113475, 1.28071226222658 ], [ 103.796780490379973, 1.280664787088038 ], [ 103.796806792290283, 1.280654259186392 ], [ 103.796819253123871, 1.280651743056037 ], [ 103.796849250745922, 1.280645731971686 ] ], [ [ 103.796669728477838, 1.28047176114839 ], [ 103.796673300000137, 1.280480799999954 ], [ 103.796666623657018, 1.280472527142251 ], [ 103.796669728477838, 1.28047176114839 ] ], [ [ 103.797761800000174, 1.283654599999963 ], [ 103.797820758347299, 1.283687507873118 ], [ 103.797806588856545, 1.283693224817554 ], [ 103.797761800000174, 1.283654599999963 ] ], [ [ 103.79690799609881, 1.28330441713244 ], [ 103.797008399994382, 1.283342099997813 ], [ 103.796908280631911, 1.283313185877819 ], [ 103.79690799609881, 1.28330441713244 ] ], [ [ 103.796969900000235, 1.283529499999186 ], [ 103.79712406011987, 1.283527956857124 ], [ 103.797123749432217, 1.283528070171408 ], [ 103.796969900000235, 1.283529500000091 ], [ 103.796969900000235, 1.283529499999186 ] ], [ [ 103.797149878830496, 1.283869955798657 ], [ 103.797165100003113, 1.283797699985082 ], [ 103.797152464477023, 1.283867886096395 ], [ 103.797149878830496, 1.283869955798657 ] ], [ [ 103.79719216584121, 1.283836106795324 ], [ 103.797197999999653, 1.283803699998008 ], [ 103.79719890719889, 1.283830710617359 ], [ 103.79719216584121, 1.283836106795324 ] ], [ [ 103.79733742083188, 1.283847737199961 ], [ 103.79733705419396, 1.28384727320682 ], [ 103.797340022608935, 1.28384283215149 ], [ 103.797341258788791, 1.283844550409552 ], [ 103.79733742083188, 1.283847737199961 ] ], [ [ 103.797276964532486, 1.284041459632143 ], [ 103.797334487815789, 1.284114257372459 ], [ 103.797333531003105, 1.284116667182534 ], [ 103.797276910990618, 1.284041504090857 ], [ 103.797276964532486, 1.284041459632143 ] ], [ [ 103.797674055709408, 1.284057529876837 ], [ 103.797682235346571, 1.284054873081985 ], [ 103.797686973311116, 1.284075471364057 ], [ 103.79767761006643, 1.284084250078442 ], [ 103.797674055709408, 1.284057529876837 ] ], [ [ 103.797722625895631, 1.284041753992127 ], [ 103.797723099999416, 1.284041599999928 ], [ 103.79772268086495, 1.284041992969472 ], [ 103.797722625895631, 1.284041753992127 ] ], [ [ 103.798887030071384, 1.282813978078213 ], [ 103.798885100000021, 1.282811500000375 ], [ 103.798891397158329, 1.282810916237735 ], [ 103.798887030071384, 1.282813978078213 ] ], [ [ 103.798805325712024, 1.282818895272819 ], [ 103.798819447524096, 1.282817586146038 ], [ 103.798821435286897, 1.282820138295798 ], [ 103.798805325712024, 1.282818895272819 ] ], [ [ 103.799552533071235, 1.282844916697505 ], [ 103.799589413773546, 1.282879223702144 ], [ 103.799585113817471, 1.282878899040526 ], [ 103.799540874084542, 1.282839412677188 ], [ 103.799552533071235, 1.282844916697505 ] ], [ [ 103.799619582694675, 1.282909664383741 ], [ 103.799619748380209, 1.282907441424782 ], [ 103.799619748909436, 1.282907441918573 ], [ 103.799619583219425, 1.282909664852209 ], [ 103.799619582694675, 1.282909664383741 ] ], [ [ 103.799958098985442, 1.282911894219263 ], [ 103.800139083205011, 1.282523533442185 ], [ 103.800345114143909, 1.282579374621081 ], [ 103.800546393673628, 1.282633969069866 ], [ 103.800600900000561, 1.282430399999536 ], [ 103.800572921629879, 1.282639342538606 ], [ 103.800604621632189, 1.282643642538386 ], [ 103.80063260000037, 1.282434699999813 ], [ 103.800663104487441, 1.282643284101988 ], [ 103.800692804490623, 1.282638884102083 ], [ 103.800662300000297, 1.282430300000196 ], [ 103.800778791743497, 1.282605522951477 ], [ 103.800891427126373, 1.282529666468255 ], [ 103.800637152643361, 1.282961707992111 ], [ 103.800566753982352, 1.282961672363638 ], [ 103.800511252729066, 1.282957505726691 ], [ 103.800190697219151, 1.282726441700015 ], [ 103.800053344867493, 1.282919469783134 ], [ 103.80002190359464, 1.282917448335901 ], [ 103.799958098985442, 1.282911894219263 ] ], [ [ 103.800296403822259, 1.282129488351021 ], [ 103.800444696284487, 1.282048982591812 ], [ 103.80053705398187, 1.282063280887725 ], [ 103.800552913863186, 1.281959503516853 ], [ 103.80056583650034, 1.281971186428542 ], [ 103.800583029822661, 1.281951921219245 ], [ 103.800599280119229, 1.282063502488829 ], [ 103.800767380132555, 1.282038702487023 ], [ 103.800726891602864, 1.281760691577066 ], [ 103.800796191726505, 1.281633432595351 ], [ 103.800715426693372, 1.28158887898355 ], [ 103.80072182864582, 1.281575720505482 ], [ 103.800645419139329, 1.281538061554047 ], [ 103.800818662638775, 1.281569435405224 ], [ 103.800860262620887, 1.281336735401498 ], [ 103.800654100001381, 1.281299399999772 ], [ 103.800862946706246, 1.281283105290542 ], [ 103.800856846700398, 1.281203905290754 ], [ 103.800647999999242, 1.281220200000563 ], [ 103.800848520387731, 1.281159221455324 ], [ 103.800756420365772, 1.280852421461403 ], [ 103.800555900000219, 1.280913400000094 ], [ 103.800756418265081, 1.280852414464305 ], [ 103.800692018249862, 1.280637914468271 ], [ 103.8004915000013, 1.280698899999484 ], [ 103.800667464633435, 1.280584516750013 ], [ 103.800640064631168, 1.280541816751457 ], [ 103.800464099999928, 1.280656200000022 ], [ 103.800615780798523, 1.280510791818364 ], [ 103.800562880798125, 1.280454891821457 ], [ 103.800411199999985, 1.280600300000037 ], [ 103.800539547946784, 1.280433679405314 ], [ 103.800391147950876, 1.280317879413043 ], [ 103.800262799999743, 1.28048450000034 ], [ 103.80033327452648, 1.280285958630327 ], [ 103.80025707453143, 1.280258558632076 ], [ 103.800186599999705, 1.280457099998985 ], [ 103.800186599996607, 1.280246268411577 ], [ 103.800109400003109, 1.280246268411728 ], [ 103.800109399999897, 1.280457099999876 ], [ 103.800045141228367, 1.280256433506856 ], [ 103.799966841234252, 1.280281833504912 ], [ 103.800031100000211, 1.280482500000629 ], [ 103.799903081990834, 1.280315622481459 ], [ 103.799734381996444, 1.280446722473019 ], [ 103.79986240000008, 1.280613600000378 ], [ 103.79967171132725, 1.280526337958432 ], [ 103.799648311323665, 1.280578137956515 ], [ 103.799839000001228, 1.280665400000257 ], [ 103.79962972082707, 1.28065632714542 ], [ 103.799626720821237, 1.280726427144917 ], [ 103.799835999997455, 1.280735500000147 ], [ 103.799627740142299, 1.280758159686258 ], [ 103.799648040126797, 1.280947159687857 ], [ 103.799840149790413, 1.280926257222153 ], [ 103.799839859687282, 1.280927033236575 ], [ 103.799649239222973, 1.280956405336886 ], [ 103.799684237590782, 1.281186494729418 ], [ 103.799725087235217, 1.281455257971854 ], [ 103.799658189054909, 1.281460906366894 ], [ 103.799675699999241, 1.281670999996854 ], [ 103.79963165083808, 1.281464882597131 ], [ 103.799071528927925, 1.281586143086623 ], [ 103.799056673712059, 1.281587333574173 ], [ 103.799061446115033, 1.28164765965949 ], [ 103.799061123381449, 1.281646927418119 ], [ 103.799056306506884, 1.281587363328256 ], [ 103.799035617645131, 1.281589058178217 ], [ 103.798894058990584, 1.281267879713376 ], [ 103.798809468924517, 1.281305647662139 ], [ 103.798783698558921, 1.281244810471003 ], [ 103.798750451089219, 1.281137811025029 ], [ 103.798733654284248, 1.281057054362522 ], [ 103.798732270680176, 1.280985038114673 ], [ 103.798743571572956, 1.280868593617465 ], [ 103.798749389468014, 1.280809214111084 ], [ 103.798760132306697, 1.280797237954103 ], [ 103.798863384147836, 1.280682291560164 ], [ 103.79870799999928, 1.28054090000008 ], [ 103.798899030399653, 1.280627401576094 ], [ 103.799019746061944, 1.280357343906595 ], [ 103.79907977441448, 1.280248938652813 ], [ 103.798896800000449, 1.280146300000224 ], [ 103.799079804978092, 1.280248883438136 ], [ 103.799291828623439, 1.279865719585261 ], [ 103.799327997128287, 1.279824440671133 ], [ 103.799375178615406, 1.279853078765411 ], [ 103.799452616227811, 1.279723839613353 ], [ 103.799510829780033, 1.279685906909395 ], [ 103.799665715009155, 1.27960785129307 ], [ 103.799775792252049, 1.279584642631803 ], [ 103.800048594012694, 1.279611104736166 ], [ 103.800130833317994, 1.279637466375694 ], [ 103.800161080672794, 1.279725042211406 ], [ 103.800220081656008, 1.279704399009924 ], [ 103.800266113903888, 1.279747674337512 ], [ 103.800313868559698, 1.279696216421522 ], [ 103.80035460515316, 1.279709280634947 ], [ 103.800381973786983, 1.279622829790693 ], [ 103.800409099999783, 1.279593600001059 ], [ 103.800390716899557, 1.279803618150374 ], [ 103.800492216908467, 1.279812618151327 ], [ 103.8005006093519, 1.279716738453171 ], [ 103.800656453989617, 1.27971182836948 ], [ 103.800652597703177, 1.27958783841376 ], [ 103.800658875280376, 1.279586692016503 ], [ 103.800750117276337, 1.279812156204568 ], [ 103.800892817285344, 1.279753656200564 ], [ 103.800849084793612, 1.27964559073217 ], [ 103.80087344677699, 1.279635296213925 ], [ 103.801003804737249, 1.279580597774185 ], [ 103.800981895018836, 1.27952770284119 ], [ 103.800982656025383, 1.279527563868065 ], [ 103.80100476038028, 1.279580193988324 ], [ 103.801149984291044, 1.279518407096504 ], [ 103.801569257091501, 1.279348603053918 ], [ 103.801670351181158, 1.279325312476126 ], [ 103.801711385014684, 1.279325279331234 ], [ 103.801859950543005, 1.279416937804334 ], [ 103.801960847648701, 1.279543186594153 ], [ 103.801968057697565, 1.279588098190977 ], [ 103.80191921378831, 1.279582113510673 ], [ 103.801895326048083, 1.279779609882212 ], [ 103.801885884822056, 1.279774312752735 ], [ 103.801804470155176, 1.279600747970768 ], [ 103.80177627015685, 1.279614147969629 ], [ 103.801839081536656, 1.279748053128667 ], [ 103.801346793761084, 1.279471848241937 ], [ 103.801142806223964, 1.279840151753564 ], [ 103.801616860548208, 1.280106126524541 ], [ 103.801338884984148, 1.280099531845263 ], [ 103.801332884963173, 1.28035573184398 ], [ 103.801405069979083, 1.280357444361325 ], [ 103.801391404745758, 1.280387350549163 ], [ 103.801364165345532, 1.280386041009211 ], [ 103.801362765343626, 1.280415541008802 ], [ 103.801378184766818, 1.280416282301181 ], [ 103.801340275712064, 1.28049924577422 ], [ 103.801436330634644, 1.280543707879318 ], [ 103.80141356867405, 1.280563523455098 ], [ 103.801424568673795, 1.280576323455908 ], [ 103.801453111400733, 1.280551475394694 ], [ 103.801453443098652, 1.280551628931953 ], [ 103.801424834416224, 1.280576632079151 ], [ 103.801438034416094, 1.280591932080159 ], [ 103.801473533613816, 1.280560906825765 ], [ 103.801496756818395, 1.280571629501243 ], [ 103.80152025589102, 1.280520072926083 ], [ 103.801541831323632, 1.28050121663133 ], [ 103.801583693519987, 1.280500603026422 ], [ 103.801541904040945, 1.280657326005113 ], [ 103.801576704043015, 1.280666726006342 ], [ 103.801599100013874, 1.280582734451788 ], [ 103.801612428985166, 1.280586300965937 ], [ 103.8015995793115, 1.280671546286338 ], [ 103.801740379322368, 1.280693046288374 ], [ 103.801758878268757, 1.280570323392852 ], [ 103.80176626791085, 1.280600992795623 ], [ 103.801814061005771, 1.280589327450485 ], [ 103.801850624258023, 1.280679935232006 ], [ 103.801873241569368, 1.280670689641132 ], [ 103.801982734447364, 1.280707457255903 ], [ 103.801966890057244, 1.280741710499981 ], [ 103.801887199960277, 1.280895488216611 ], [ 103.801820419935694, 1.281020376346496 ], [ 103.801786596802259, 1.281009378328086 ], [ 103.801723448571622, 1.281206110204689 ], [ 103.801721825512914, 1.281209870457403 ], [ 103.801524100303169, 1.281141473550283 ], [ 103.801395948612154, 1.281516760919358 ], [ 103.801255712635154, 1.281827476020415 ], [ 103.801024001596772, 1.282304407161372 ], [ 103.800901464324227, 1.282512612114148 ], [ 103.800673208267099, 1.28216927704856 ], [ 103.800607174596166, 1.282213748704381 ], [ 103.80045410633214, 1.282172230933049 ], [ 103.800399599403008, 1.282375802229738 ], [ 103.80045406809586, 1.282172220565822 ], [ 103.800296403822259, 1.282129488351021 ] ], [ [ 103.800046817060206, 1.280736648747134 ], [ 103.80013016915089, 1.280671874238743 ], [ 103.800142323070276, 1.280667931588245 ], [ 103.800150304833465, 1.280667931588242 ], [ 103.800160859233088, 1.280671726739719 ], [ 103.800270392500565, 1.280757198120093 ], [ 103.800278462086624, 1.280765725338445 ], [ 103.800271479553487, 1.280761778123273 ], [ 103.800255066509777, 1.280791190189954 ], [ 103.800210531397653, 1.28080596319403 ], [ 103.800223951888199, 1.280846947387364 ], [ 103.800168900000429, 1.280945600000168 ], [ 103.800107152802667, 1.280744136271832 ], [ 103.800049542463469, 1.280762023171392 ], [ 103.800046817060206, 1.280736648747134 ] ], [ [ 103.800276100000261, 1.281006200000735 ], [ 103.800341668611779, 1.281206436804798 ], [ 103.800417492007298, 1.2811812849796 ], [ 103.800440909075093, 1.281259291034512 ], [ 103.800443174634708, 1.281288706207643 ], [ 103.800418583300228, 1.28142626392839 ], [ 103.800345571367714, 1.28139027948145 ], [ 103.800280571360986, 1.281523879476532 ], [ 103.800357465535399, 1.28156177731402 ], [ 103.800340861550296, 1.281592267959198 ], [ 103.800280814393503, 1.281659551115972 ], [ 103.800266903396192, 1.281666534660787 ], [ 103.800269644865736, 1.281672066629759 ], [ 103.800265028570777, 1.281677239212573 ], [ 103.800260956410312, 1.281669640658725 ], [ 103.800187548991474, 1.281709492448768 ], [ 103.800109292758137, 1.281194619576556 ], [ 103.800177754489184, 1.281220546136676 ], [ 103.800201886765038, 1.281155993288592 ], [ 103.800230647206575, 1.281147063726036 ], [ 103.800219194336478, 1.281109696242483 ], [ 103.800220917706639, 1.281105086297053 ], [ 103.800276100000261, 1.281006200000735 ] ], [ [ 103.79993117776074, 1.281148460069143 ], [ 103.799931177337598, 1.281148455426128 ], [ 103.799931179284741, 1.281148455125905 ], [ 103.799931179703393, 1.281148459769823 ], [ 103.79993117776074, 1.281148460069143 ] ], [ [ 103.800297785076836, 1.281728850326191 ], [ 103.800360400003171, 1.281855200006142 ], [ 103.80028789668863, 1.281719910571838 ], [ 103.800297785076836, 1.281728850326191 ] ], [ [ 103.799754122151697, 1.281646288207102 ], [ 103.799751499999644, 1.281664599997411 ], [ 103.799744936616491, 1.281585853564155 ], [ 103.799754122151697, 1.281646288207102 ] ], [ [ 103.799073299977806, 1.281797499724011 ], [ 103.799061720538177, 1.281654311690223 ], [ 103.799061963766775, 1.281654203093759 ], [ 103.799073299977806, 1.281797499724011 ] ], [ [ 103.79976410000009, 1.2793717000003 ], [ 103.799739332846016, 1.279252702387727 ], [ 103.799742533813102, 1.279252584977328 ], [ 103.799775379454502, 1.279253905406195 ], [ 103.79976410000009, 1.2793717000003 ] ], [ [ 103.800027900000359, 1.279053199999697 ], [ 103.80005343156914, 1.279187957051958 ], [ 103.800022558972188, 1.27918496237388 ], [ 103.800027900000359, 1.279053199999697 ] ], [ [ 103.800380200000035, 1.279004800000319 ], [ 103.800382869231981, 1.279002928743054 ], [ 103.80038312931481, 1.27900389594377 ], [ 103.800380200000035, 1.279004800000319 ] ], [ [ 103.801170578415622, 1.278802843028033 ], [ 103.801343611462613, 1.278739530440753 ], [ 103.801366801197673, 1.278805690504283 ], [ 103.801379945297512, 1.278843739225639 ], [ 103.801406190088855, 1.278834554865943 ], [ 103.80134712369545, 1.27885994346804 ], [ 103.80131465807051, 1.278858716807131 ], [ 103.801314082607789, 1.278874145571075 ], [ 103.801303930243947, 1.278878509377324 ], [ 103.801313112684511, 1.278900150248903 ], [ 103.801309413893676, 1.27899931874904 ], [ 103.801286402369954, 1.27900863833728 ], [ 103.801239747976283, 1.278869661466234 ], [ 103.801211020320054, 1.278879430803909 ], [ 103.801204110583583, 1.278881704894127 ], [ 103.801198355885816, 1.27888359777565 ], [ 103.801170578415622, 1.278802843028033 ] ], [ [ 103.801087344094412, 1.278594686696332 ], [ 103.801091900207069, 1.278607300572943 ], [ 103.801087335355177, 1.278594689900386 ], [ 103.801087344094412, 1.278594686696332 ] ], [ [ 103.800259225976916, 1.279022545981312 ], [ 103.800273371961481, 1.279036770519855 ], [ 103.800271271931976, 1.279038242738839 ], [ 103.800257778357135, 1.279023980126849 ], [ 103.800259225976916, 1.279022545981312 ] ], [ [ 103.799665236542921, 1.279177136530002 ], [ 103.799670394669221, 1.279150484485583 ], [ 103.799676981997749, 1.279152782245138 ], [ 103.799681070903944, 1.279156462261644 ], [ 103.799682069651169, 1.279155338101453 ], [ 103.799695595389466, 1.279167653358069 ], [ 103.799695706149208, 1.279170712323708 ], [ 103.799665236542921, 1.279177136530002 ] ], [ [ 103.799551141370856, 1.279289956466092 ], [ 103.799550363021666, 1.279314962475093 ], [ 103.799520850481571, 1.279255638918806 ], [ 103.799551141370856, 1.279289956466092 ] ], [ [ 103.797826481440154, 1.279431846561089 ], [ 103.797825863821799, 1.279432466349842 ], [ 103.797823100000159, 1.279430300000489 ], [ 103.797826481440154, 1.279431846561089 ] ], [ [ 103.797721900000099, 1.279499399999775 ], [ 103.797729935892733, 1.279528731493178 ], [ 103.797708160474571, 1.279550583458078 ], [ 103.797721900000099, 1.279499399999775 ] ], [ [ 103.797767299999578, 1.27948679999978 ], [ 103.797769369866273, 1.279489158899573 ], [ 103.79776825325429, 1.279490279436265 ], [ 103.797767299999578, 1.27948679999978 ] ], [ [ 103.797799144409382, 1.279523091126293 ], [ 103.797818780761602, 1.279545469474873 ], [ 103.797799990549279, 1.279606122463254 ], [ 103.79778196560116, 1.279540330323101 ], [ 103.797799144409382, 1.279523091126293 ] ], [ [ 103.79899170472585, 1.279570739541207 ], [ 103.798962692279673, 1.279603851281176 ], [ 103.799119799999218, 1.279743299999166 ], [ 103.79894397773144, 1.2796447428149 ], [ 103.798959007158643, 1.27963979849088 ], [ 103.798936494968999, 1.279570476995915 ], [ 103.79899170472585, 1.279570739541207 ] ], [ [ 103.798407622659056, 1.279697408590521 ], [ 103.798417791376792, 1.279690796077874 ], [ 103.798418161684097, 1.279697431126975 ], [ 103.798406861845393, 1.279705394169022 ], [ 103.798406262160796, 1.279699853137703 ], [ 103.798407622659056, 1.279697408590521 ] ], [ [ 103.798227809740141, 1.279690728384954 ], [ 103.798241139822068, 1.279715265780973 ], [ 103.798206368227426, 1.279733662142624 ], [ 103.798201968223182, 1.279699036298805 ], [ 103.798227809740141, 1.279690728384954 ] ], [ [ 103.797919684659362, 1.279506005372899 ], [ 103.797917643956737, 1.279504405821703 ], [ 103.797917999999896, 1.279501499998624 ], [ 103.797919684659362, 1.279506005372899 ] ], [ [ 103.797874124069722, 1.279505797281035 ], [ 103.797871517968133, 1.279527066819048 ], [ 103.797867245820896, 1.279522198114567 ], [ 103.797872677936539, 1.279504663767191 ], [ 103.797874124069722, 1.279505797281035 ] ], [ [ 103.798364662129643, 1.279716749379722 ], [ 103.798364807748982, 1.279716976227154 ], [ 103.798364664308323, 1.279717233961913 ], [ 103.798364662129643, 1.279716749379722 ] ], [ [ 103.799558644595407, 1.279331609378566 ], [ 103.79955984807988, 1.279328840595782 ], [ 103.799562260860824, 1.279328916673967 ], [ 103.799562521212067, 1.279330499106894 ], [ 103.799570463884905, 1.279329175327836 ], [ 103.799571953627307, 1.279329222302183 ], [ 103.799580047353132, 1.279329492092731 ], [ 103.799596200000522, 1.279407100000368 ], [ 103.799558644595407, 1.279331609378566 ] ], [ [ 103.799295988036093, 1.279569861229814 ], [ 103.799298200000081, 1.279573299999738 ], [ 103.799295988013597, 1.279569863819914 ], [ 103.799295988036093, 1.279569861229814 ] ], [ [ 103.800276879315689, 1.278704342265768 ], [ 103.800277893501232, 1.278707144116829 ], [ 103.800277860776362, 1.278707366640791 ], [ 103.800276789314097, 1.278704380278672 ], [ 103.800276879315689, 1.278704342265768 ] ], [ [ 103.801429292499506, 1.278826470180613 ], [ 103.801448324950883, 1.278819809778081 ], [ 103.801455810047429, 1.278843612573545 ], [ 103.801440110246844, 1.27885196508527 ], [ 103.801429292499506, 1.278826470180613 ] ], [ [ 103.801518899711581, 1.278795112149672 ], [ 103.801534449158538, 1.278789670623119 ], [ 103.801534603603642, 1.27879010959649 ], [ 103.801518899711581, 1.278795112149672 ] ], [ [ 103.802322075537646, 1.279030384075696 ], [ 103.802326636283922, 1.279029276048207 ], [ 103.802431333265957, 1.279033235934498 ], [ 103.802525600000763, 1.279124200000458 ], [ 103.802369737739397, 1.279090276586666 ], [ 103.802365708227526, 1.279083343700547 ], [ 103.802358198758384, 1.279087765127628 ], [ 103.8023208593455, 1.2790796382044 ], [ 103.802313452793356, 1.279114110666247 ], [ 103.802206105481361, 1.279177314634831 ], [ 103.802201442592718, 1.279171480135214 ], [ 103.802325785784788, 1.27903377797498 ], [ 103.802322075537646, 1.279030384075696 ] ], [ [ 103.802638000000513, 1.278885700000488 ], [ 103.802737179975949, 1.278768348169115 ], [ 103.802737456599573, 1.278769344445142 ], [ 103.802823031293002, 1.278745274819973 ], [ 103.802823037512923, 1.278745330540677 ], [ 103.802737482322712, 1.278769437008094 ], [ 103.802744444617815, 1.278794468124719 ], [ 103.802748634805369, 1.278851391486197 ], [ 103.802638000000513, 1.278885700000488 ] ], [ [ 103.802746427908176, 1.278916457765864 ], [ 103.802741018722841, 1.278945102272053 ], [ 103.802656000000226, 1.278944500000186 ], [ 103.802746427908176, 1.278916457765864 ] ], [ [ 103.803842800000098, 1.278126899999599 ], [ 103.803840481195195, 1.278109510531878 ], [ 103.803854115010878, 1.278100252446991 ], [ 103.803857523865588, 1.278122837511428 ], [ 103.803842800000098, 1.278126899999599 ] ], [ [ 103.80410278048015, 1.278262635819259 ], [ 103.804102780319312, 1.278262634755724 ], [ 103.804103000000396, 1.278262599999882 ], [ 103.80410278048015, 1.278262635819259 ] ], [ [ 103.804101870399634, 1.278049003175863 ], [ 103.804071316047242, 1.278054171122485 ], [ 103.804064839270339, 1.278011259827327 ], [ 103.803877846899894, 1.278039850630216 ], [ 103.803855547422557, 1.278006584200245 ], [ 103.803829146968098, 1.278024511509186 ], [ 103.803814936407448, 1.2779179419174 ], [ 103.803765336411431, 1.277924641917167 ], [ 103.803776343070083, 1.278007184424616 ], [ 103.803718854831203, 1.27791614995951 ], [ 103.803794320687601, 1.277865370655061 ], [ 103.803749310876768, 1.277797608654727 ], [ 103.80397016125201, 1.27779733143663 ], [ 103.803969861912833, 1.277555763576514 ], [ 103.804003124685352, 1.277601716821089 ], [ 103.80404850449473, 1.277667653302151 ], [ 103.804200507272469, 1.277561678206255 ], [ 103.804201544588523, 1.277563275788538 ], [ 103.80405817076857, 1.27768060542695 ], [ 103.804210738001331, 1.27786946487911 ], [ 103.804261089953613, 1.277931857522111 ], [ 103.804324595323621, 1.278011075571202 ], [ 103.804101870399634, 1.278049003175863 ] ], [ [ 103.803969673896603, 1.277404033995097 ], [ 103.804055843295885, 1.277338879677386 ], [ 103.804055843625633, 1.277338880184739 ], [ 103.803969673905513, 1.277404041168519 ], [ 103.803969673896603, 1.277404033995097 ] ], [ [ 103.804219022885732, 1.277548769270377 ], [ 103.804219109304626, 1.277548901741821 ], [ 103.804218971255722, 1.277549014714407 ], [ 103.80421887763967, 1.277548870534974 ], [ 103.804219022885732, 1.277548769270377 ] ], [ [ 103.803731127284365, 1.277770233364548 ], [ 103.803680260948298, 1.277693654395393 ], [ 103.803682301271849, 1.277692387542318 ], [ 103.803731062231037, 1.277717730840125 ], [ 103.803731127284365, 1.277770233364548 ] ], [ [ 103.803581299999976, 1.277755100000105 ], [ 103.803608815792799, 1.277796524866933 ], [ 103.803607978305124, 1.277797060623712 ], [ 103.803581299999976, 1.277755100000105 ] ], [ [ 103.803333031856624, 1.277751605369108 ], [ 103.803373658570948, 1.277817888062764 ], [ 103.803283570592299, 1.277822264663252 ], [ 103.803286270587563, 1.277878564663573 ], [ 103.803441787383491, 1.277871009436899 ], [ 103.803456599999677, 1.277893900000454 ], [ 103.803279814185558, 1.2780069929883 ], [ 103.803344139536904, 1.278108854273486 ], [ 103.803214851020797, 1.278134063659814 ], [ 103.803171802019577, 1.278016157593761 ], [ 103.803072993592252, 1.277738805315105 ], [ 103.80313631694689, 1.277714769217843 ], [ 103.80306239999878, 1.277517499996963 ], [ 103.803175014202822, 1.277695272224178 ], [ 103.803261393846967, 1.277639840796432 ], [ 103.803333031856624, 1.277751605369108 ] ], [ [ 103.803294, 1.277301800000283 ], [ 103.803260614658797, 1.277277847433145 ], [ 103.803260650551195, 1.277277817112024 ], [ 103.803294, 1.277301800000283 ] ], [ [ 103.801438930192489, 1.276470482193671 ], [ 103.801406248836329, 1.276483099537018 ], [ 103.801405911009525, 1.276483058470112 ], [ 103.801437839468505, 1.276470064951343 ], [ 103.801438930192489, 1.276470482193671 ] ], [ [ 103.801191216390691, 1.276534851554039 ], [ 103.8012027956796, 1.276563675200323 ], [ 103.801256200630462, 1.276703804672597 ], [ 103.80120538590235, 1.276786601282777 ], [ 103.801311494034508, 1.276852570505134 ], [ 103.801313116005758, 1.276857139990628 ], [ 103.80120142006119, 1.276793339971741 ], [ 103.801184449856834, 1.276823436698569 ], [ 103.801153417078908, 1.276812073260472 ], [ 103.801081799999949, 1.27701020000053 ], [ 103.800969101007937, 1.276832482239098 ], [ 103.800681667837765, 1.277017128964285 ], [ 103.800617130004838, 1.276908137484625 ], [ 103.801191216390691, 1.276534851554039 ] ], [ [ 103.800148102615324, 1.276700248622495 ], [ 103.8001854513751, 1.276714629046913 ], [ 103.800183858022763, 1.276734456159498 ], [ 103.800098217058661, 1.276720858709579 ], [ 103.800148102615324, 1.276700248622495 ] ], [ [ 103.800263867783656, 1.27687737051546 ], [ 103.800276500000109, 1.276875899999984 ], [ 103.800263563120453, 1.276881161645903 ], [ 103.800263867783656, 1.27687737051546 ] ], [ [ 103.801231741207872, 1.276999190053818 ], [ 103.801238504005184, 1.277003067160748 ], [ 103.801230470681958, 1.277018765378018 ], [ 103.801225222547899, 1.277017223755289 ], [ 103.801231741207872, 1.276999190053818 ] ], [ [ 103.801031973743505, 1.277292323804141 ], [ 103.801032141582553, 1.277292215984273 ], [ 103.801050707547347, 1.277335079076231 ], [ 103.801049589699019, 1.277334943960848 ], [ 103.801031973743505, 1.277292323804141 ] ], [ [ 103.801425700000507, 1.277397 ], [ 103.801282093138695, 1.277456569808378 ], [ 103.801282117433985, 1.277456517205399 ], [ 103.801425700000507, 1.277397 ] ], [ [ 103.801435200000441, 1.277420200000161 ], [ 103.801437866287714, 1.277419093992575 ], [ 103.801437870004889, 1.2774191007428 ], [ 103.801435200000441, 1.277420200000161 ] ], [ [ 103.801692393913939, 1.277440021811643 ], [ 103.801611600000243, 1.277293299999885 ], [ 103.801715401589036, 1.277298375095775 ], [ 103.801710979498196, 1.277307251163837 ], [ 103.801649820270939, 1.27733151496533 ], [ 103.801670420267456, 1.277384114966477 ], [ 103.801752556581178, 1.277351528890061 ], [ 103.801752734753663, 1.277351618811451 ], [ 103.801670514619886, 1.277384355453627 ], [ 103.801692393913939, 1.277440021811643 ] ], [ [ 103.801772984095408, 1.277343556363585 ], [ 103.80177306588314, 1.27734339219977 ], [ 103.801865300000145, 1.277306800000487 ], [ 103.801772984095408, 1.277343556363585 ] ], [ [ 103.801904299999862, 1.277100800000587 ], [ 103.80189810058819, 1.277094346664463 ], [ 103.801899274536922, 1.277093717763712 ], [ 103.801901168877819, 1.277093004600399 ], [ 103.801904299999862, 1.277100800000587 ] ], [ [ 103.802022436426029, 1.277053333109617 ], [ 103.802024044472574, 1.277052825065305 ], [ 103.802196488, 1.277155142167422 ], [ 103.802245489338631, 1.277325753501279 ], [ 103.802132547679733, 1.277362002447657 ], [ 103.802104709437415, 1.277342779196258 ], [ 103.802072140464944, 1.277259915676647 ], [ 103.802090210318795, 1.277252563230836 ], [ 103.802011700000961, 1.277057100001161 ], [ 103.802129124093383, 1.277231691236725 ], [ 103.802138224093426, 1.277225491236049 ], [ 103.802022436426029, 1.277053333109617 ] ], [ [ 103.802034418319479, 1.277049547570816 ], [ 103.802053086650901, 1.277043649530266 ], [ 103.802165274205578, 1.277042652617654 ], [ 103.80217061508759, 1.277064459879803 ], [ 103.802237970807084, 1.277047748900441 ], [ 103.802239875663375, 1.277053023231786 ], [ 103.802172766271582, 1.27707254858399 ], [ 103.802193222324604, 1.277143771841598 ], [ 103.802034418319479, 1.277049547570816 ] ], [ [ 103.802090216783114, 1.277031918699765 ], [ 103.802138973678979, 1.277016514528717 ], [ 103.802158212927679, 1.277013820838926 ], [ 103.802162488043678, 1.277031276487999 ], [ 103.802090216783114, 1.277031918699765 ] ], [ [ 103.801541617747162, 1.277166212159277 ], [ 103.801554636339745, 1.277172136229239 ], [ 103.801544609957347, 1.277171646015601 ], [ 103.801541617747162, 1.277166212159277 ] ], [ [ 103.801887623562777, 1.277113450801178 ], [ 103.801889399999794, 1.277115300000423 ], [ 103.801887286665234, 1.277114127025883 ], [ 103.801887623562777, 1.277113450801178 ] ], [ [ 103.8018702870705, 1.277148248796337 ], [ 103.80187109843483, 1.277148699131181 ], [ 103.801870286978854, 1.277148248979922 ], [ 103.8018702870705, 1.277148248796337 ] ], [ [ 103.801830804426018, 1.277227498786182 ], [ 103.801841300002408, 1.277227899999616 ], [ 103.801829858009015, 1.277229398443472 ], [ 103.801830804426018, 1.277227498786182 ] ], [ [ 103.801844700000203, 1.277254199999893 ], [ 103.801822787509295, 1.277262893380567 ], [ 103.80182307037451, 1.277257032615236 ], [ 103.801844700000203, 1.277254199999893 ] ], [ [ 103.801212656999098, 1.277053575756855 ], [ 103.801210699999501, 1.277057400001685 ], [ 103.80121213751282, 1.277053423159558 ], [ 103.801212656999098, 1.277053575756855 ] ], [ [ 103.801986349459881, 1.277636291296933 ], [ 103.801990799999615, 1.27761520000018 ], [ 103.801992607051275, 1.27762393095212 ], [ 103.801986349459881, 1.277636291296933 ] ], [ [ 103.803176027503184, 1.278561365332192 ], [ 103.80317778712805, 1.278570507160142 ], [ 103.803141000000267, 1.278573000000103 ], [ 103.803176027503184, 1.278561365332192 ] ], [ [ 103.80211046526837, 1.278692221562735 ], [ 103.802109952810738, 1.278692385012264 ], [ 103.802109872167421, 1.278692053434959 ], [ 103.802110381342914, 1.278691871621358 ], [ 103.80211046526837, 1.278692221562735 ] ], [ [ 103.802103143093277, 1.278694456218261 ], [ 103.802103165835916, 1.278694549728053 ], [ 103.802100500000819, 1.278695400000019 ], [ 103.802103143093277, 1.278694456218261 ] ], [ [ 103.802298317698401, 1.278787135300678 ], [ 103.802306835142659, 1.278784418648058 ], [ 103.802305600000437, 1.278817499998827 ], [ 103.802298317698401, 1.278787135300678 ] ], [ [ 103.803492800000399, 1.277812100000356 ], [ 103.803489218679246, 1.277812273985415 ], [ 103.803491865669045, 1.277810630449931 ], [ 103.803492800000399, 1.277812100000356 ] ], [ [ 103.80349550000021, 1.277868399999663 ], [ 103.803496540343261, 1.277868349458734 ], [ 103.803495781449371, 1.277868834935517 ], [ 103.80349550000021, 1.277868399999663 ] ], [ [ 103.804379755999179, 1.277731216746941 ], [ 103.804379878739567, 1.277731116302339 ], [ 103.804379880328142, 1.277731120450679 ], [ 103.804379757824066, 1.277731220601365 ], [ 103.804379755999179, 1.277731216746941 ] ], [ [ 103.804436262733958, 1.277789160405494 ], [ 103.804436246201476, 1.277789106735775 ], [ 103.804437431887749, 1.277788137413876 ], [ 103.804437437751716, 1.277788206190889 ], [ 103.804436262733958, 1.277789160405494 ] ], [ [ 103.804933475530262, 1.278311745496534 ], [ 103.804934599991284, 1.278311500002028 ], [ 103.804933496888694, 1.278311809201136 ], [ 103.804933475530262, 1.278311745496534 ] ], [ [ 103.805106680336436, 1.278285463622241 ], [ 103.805106208529821, 1.27828661163042 ], [ 103.805091115449102, 1.278290749812543 ], [ 103.805091231507447, 1.278289793926411 ], [ 103.805106680336436, 1.278285463622241 ] ], [ [ 103.804973343978489, 1.278322837779435 ], [ 103.804973318569154, 1.278323047055508 ], [ 103.804973263314338, 1.278323062204814 ], [ 103.804973213316387, 1.278322874404759 ], [ 103.804973343978489, 1.278322837779435 ] ], [ [ 103.804609499996801, 1.278450400000428 ], [ 103.804457228592597, 1.278484934234014 ], [ 103.804453747845344, 1.278465914442487 ], [ 103.804609499996801, 1.278450400000428 ] ], [ [ 103.804396649696059, 1.27842646134966 ], [ 103.804396658748701, 1.278426553417722 ], [ 103.804354814477975, 1.27843431084488 ], [ 103.80435421488292, 1.278433687533544 ], [ 103.804396649696059, 1.27842646134966 ] ], [ [ 103.804459702707945, 1.278498453501685 ], [ 103.804612500000289, 1.278463799999926 ], [ 103.804611664141717, 1.278477510601947 ], [ 103.804462914360656, 1.278516002888789 ], [ 103.804459702707945, 1.278498453501685 ] ], [ [ 103.804478301261611, 1.278600081278748 ], [ 103.80460620956012, 1.278566982186788 ], [ 103.804605964584937, 1.278571000526624 ], [ 103.804572483430704, 1.278580499229612 ], [ 103.804576746548094, 1.278595721465278 ], [ 103.804547125630776, 1.278593660585673 ], [ 103.804544625628139, 1.278630060584819 ], [ 103.804587192942279, 1.278633022212155 ], [ 103.804591583426046, 1.278648699231698 ], [ 103.80460139747133, 1.278645914957551 ], [ 103.804599706687029, 1.278673648924149 ], [ 103.80454771637757, 1.27868346262012 ], [ 103.804560283029346, 1.278750903682551 ], [ 103.80453734132027, 1.27874342538727 ], [ 103.804517680054616, 1.278804526569719 ], [ 103.804515721522947, 1.278804556181819 ], [ 103.804478301261611, 1.278600081278748 ] ], [ [ 103.804649145420839, 1.278555871584661 ], [ 103.804675700000146, 1.278549 ], [ 103.804676232486443, 1.278551065312016 ], [ 103.804648966851659, 1.278558800653972 ], [ 103.804649145420839, 1.278555871584661 ] ], [ [ 103.804699375262999, 1.278640827309435 ], [ 103.804702819290668, 1.278654185375696 ], [ 103.804642457154699, 1.278665579340927 ], [ 103.804644200178245, 1.278636988497328 ], [ 103.804699375262999, 1.278640827309435 ] ], [ [ 103.804476061946986, 1.27893386286978 ], [ 103.804472799999715, 1.278944000000321 ], [ 103.804471712905894, 1.278934669130554 ], [ 103.804476061946986, 1.27893386286978 ] ], [ [ 103.803815991283784, 1.278304519201033 ], [ 103.80381604300635, 1.278304907086423 ], [ 103.803793601770039, 1.278276265735249 ], [ 103.803793758691086, 1.278276222439694 ], [ 103.803815991283784, 1.278304519201033 ] ], [ [ 103.80261000000111, 1.279064700001122 ], [ 103.802622465783131, 1.279080002675991 ], [ 103.802620195922302, 1.279082910948457 ], [ 103.80261000000111, 1.279064700001122 ] ], [ [ 103.802651021858651, 1.279043415036263 ], [ 103.802644899999635, 1.279035900000227 ], [ 103.802654510045215, 1.279038945776009 ], [ 103.802651021858651, 1.279043415036263 ] ], [ [ 103.802672398127854, 1.279044615165708 ], [ 103.80271396931758, 1.279057790601113 ], [ 103.802701716364098, 1.279098677879141 ], [ 103.802698598775322, 1.279101819237007 ], [ 103.802684551025408, 1.279084574580105 ], [ 103.802699199848675, 1.279065805687976 ], [ 103.802672398127854, 1.279044615165708 ] ], [ [ 103.802549699999773, 1.279098899999228 ], [ 103.80249071150655, 1.279041978191193 ], [ 103.802499430493441, 1.279043854140988 ], [ 103.802502276562223, 1.279046290798297 ], [ 103.802503581150219, 1.279044747182696 ], [ 103.802521544942365, 1.279048612214611 ], [ 103.802549699999773, 1.279098899999228 ] ], [ [ 103.801458578629791, 1.278895490753142 ], [ 103.801470182499727, 1.278889317334034 ], [ 103.801484709270298, 1.278935512828226 ], [ 103.801476375108351, 1.278937432895929 ], [ 103.801458578629791, 1.278895490753142 ] ], [ [ 103.80021303191667, 1.279121992647926 ], [ 103.800222045215122, 1.279131519640405 ], [ 103.800219045952616, 1.279136558389317 ], [ 103.800237127027387, 1.27914746100759 ], [ 103.800239825993671, 1.279150313796264 ], [ 103.80022392484851, 1.27916287605527 ], [ 103.800261124847239, 1.279210576057457 ], [ 103.800408946563309, 1.279093793594998 ], [ 103.80040884827558, 1.27909473394411 ], [ 103.800352059667986, 1.279152261515705 ], [ 103.800376159667906, 1.279176361516854 ], [ 103.80040504325315, 1.279147102082969 ], [ 103.800397559752071, 1.279171035109989 ], [ 103.800337379981912, 1.279261186899359 ], [ 103.800264075678157, 1.279237645307769 ], [ 103.80020039999971, 1.279438500000492 ], [ 103.800263967510858, 1.279237610602272 ], [ 103.800161937134789, 1.279204904976073 ], [ 103.800134412177556, 1.279059626744829 ], [ 103.800177413522619, 1.279103596926646 ], [ 103.800186815686402, 1.279094282277734 ], [ 103.80018861782905, 1.279096187129464 ], [ 103.800188313178054, 1.279096400703913 ], [ 103.800208313176498, 1.279125300705142 ], [ 103.80021303191667, 1.279121992647926 ] ], [ [ 103.80014064555256, 1.279246191504171 ], [ 103.800115605679039, 1.279325323825001 ], [ 103.800106119331573, 1.279297857788892 ], [ 103.800100828969036, 1.279299708775621 ], [ 103.800105304008952, 1.279252974575698 ], [ 103.80014064555256, 1.279246191504171 ] ], [ [ 103.800263248027207, 1.279639589578529 ], [ 103.800280490438425, 1.279585201167623 ], [ 103.800280550302162, 1.279585165823109 ], [ 103.80026335849584, 1.27963947054385 ], [ 103.800263248027207, 1.279639589578529 ] ], [ [ 103.802518613645091, 1.279418972611411 ], [ 103.802569310382907, 1.279426887282191 ], [ 103.802569242116789, 1.279427014341912 ], [ 103.802572187856399, 1.2794286176137 ], [ 103.80251895629398, 1.279422542233022 ], [ 103.802518613645091, 1.279418972611411 ] ], [ [ 103.802400603904758, 1.279638965766572 ], [ 103.802469242338034, 1.27963425901885 ], [ 103.802469198269065, 1.279634350560837 ], [ 103.80246799611524, 1.279636846753246 ], [ 103.802400930572531, 1.279641000586849 ], [ 103.802400603904758, 1.279638965766572 ] ], [ [ 103.801800151549344, 1.280117269276893 ], [ 103.801800123001925, 1.280117267921801 ], [ 103.801803594898587, 1.280111003730899 ], [ 103.801803618544426, 1.28011101103032 ], [ 103.801800151549344, 1.280117269276893 ] ], [ [ 103.802995935106011, 1.280213798684426 ], [ 103.802994731811395, 1.280208103116139 ], [ 103.803001187246778, 1.280207793698555 ], [ 103.802995935106011, 1.280213798684426 ] ], [ [ 103.801868888702174, 1.280639744469319 ], [ 103.80183063686755, 1.280544952193808 ], [ 103.80188789774617, 1.280542787792286 ], [ 103.80189529852305, 1.280552992761413 ], [ 103.80189840128898, 1.280550713317466 ], [ 103.801868888702174, 1.280639744469319 ] ], [ [ 103.80191883529973, 1.280489069665158 ], [ 103.80190265531229, 1.280466758996547 ], [ 103.801932204851255, 1.28044873749112 ], [ 103.80191883529973, 1.280489069665158 ] ], [ [ 103.801537256061465, 1.280371766319144 ], [ 103.801527177798548, 1.280393877861217 ], [ 103.801527140637745, 1.280393876074633 ], [ 103.801537246374409, 1.280371759797649 ], [ 103.801537256061465, 1.280371766319144 ] ], [ [ 103.801473437849609, 1.280511403945552 ], [ 103.801477663030681, 1.280502157190254 ], [ 103.80147782604169, 1.280502154801151 ], [ 103.801473723830384, 1.280511154982021 ], [ 103.801473437849609, 1.280511403945552 ] ], [ [ 103.801853551322296, 1.280503829352635 ], [ 103.801841100000033, 1.280504300000199 ], [ 103.801847667451739, 1.28050029468041 ], [ 103.801853551322296, 1.280503829352635 ] ], [ [ 103.801563502097366, 1.280425191461918 ], [ 103.801572000000249, 1.280425599999825 ], [ 103.801557603437644, 1.28043813302593 ], [ 103.801563502097366, 1.280425191461918 ] ], [ [ 103.801513990228642, 1.280422811171696 ], [ 103.801506373032296, 1.280439523175572 ], [ 103.801506282198176, 1.280439524507471 ], [ 103.801513920661165, 1.280422807827391 ], [ 103.801513990228642, 1.280422811171696 ] ], [ [ 103.801456489764973, 1.280548966235233 ], [ 103.801456130982956, 1.280549279800245 ], [ 103.801456459621349, 1.280548560579311 ], [ 103.80145681611296, 1.280548250232903 ], [ 103.801456489764973, 1.280548966235233 ] ], [ [ 103.80225400640289, 1.281099258380523 ], [ 103.802163500000447, 1.281288100000126 ], [ 103.802253778278654, 1.281099685006408 ], [ 103.80225400640289, 1.281099258380523 ] ], [ [ 103.800213902797296, 1.283053996815966 ], [ 103.800213953283844, 1.28305320133737 ], [ 103.800215200000423, 1.283054100000084 ], [ 103.800213902797296, 1.283053996815966 ] ], [ [ 103.800939737390351, 1.283445100058812 ], [ 103.800922613045032, 1.283497465654818 ], [ 103.80086244578915, 1.283524005286167 ], [ 103.800939737390351, 1.283445100058812 ] ], [ [ 103.801959946900183, 1.284654585343257 ], [ 103.801960023999982, 1.284654535531798 ], [ 103.801960068867587, 1.284654613486787 ], [ 103.801959994091447, 1.284654661750907 ], [ 103.801959946900183, 1.284654585343257 ] ], [ [ 103.80188130762366, 1.284517770202285 ], [ 103.801876839658163, 1.284520024618903 ], [ 103.801861927164069, 1.284495879476341 ], [ 103.801866758825412, 1.284492492473079 ], [ 103.80188130762366, 1.284517770202285 ] ], [ [ 103.802501370510157, 1.285102596284602 ], [ 103.802501592569598, 1.285102392760911 ], [ 103.802502839432393, 1.28510488546584 ], [ 103.802502652947211, 1.285105072976376 ], [ 103.802501370510157, 1.285102596284602 ] ], [ [ 103.80238557264839, 1.285264274311549 ], [ 103.802384811061444, 1.285264719793255 ], [ 103.802384770339714, 1.285264638616976 ], [ 103.802385530404536, 1.285264192728288 ], [ 103.80238557264839, 1.285264274311549 ] ], [ [ 103.802037778235231, 1.285380094255142 ], [ 103.802023712641088, 1.285327894370401 ], [ 103.802040665929724, 1.285372727054065 ], [ 103.802037778235231, 1.285380094255142 ] ], [ [ 103.802319041256439, 1.285405792389864 ], [ 103.802319041410996, 1.285405791996467 ], [ 103.80235927938736, 1.285382182161694 ], [ 103.802359279407128, 1.285382182201486 ], [ 103.802319041256439, 1.285405792389864 ] ], [ [ 103.802730231056742, 1.279002228685367 ], [ 103.802729568547718, 1.279005737022379 ], [ 103.802724257376255, 1.279023460042057 ], [ 103.802655600000193, 1.279001700000525 ], [ 103.802730231056742, 1.279002228685367 ] ], [ [ 103.802517500000477, 1.279161900000577 ], [ 103.802427800427068, 1.279190175037781 ], [ 103.80239599600938, 1.279135454663321 ], [ 103.802517500000477, 1.279161900000577 ] ], [ [ 103.802448081961941, 1.279225069972148 ], [ 103.802529200000208, 1.279199500000121 ], [ 103.802474187437866, 1.279269985156357 ], [ 103.802448081961941, 1.279225069972148 ] ], [ [ 103.802598625564528, 1.279194667079329 ], [ 103.80260262416094, 1.279198525583748 ], [ 103.802569799998423, 1.279231600001606 ], [ 103.802598625564528, 1.279194667079329 ] ], [ [ 103.802631396790744, 1.2792448187304 ], [ 103.802639851200553, 1.279259919160806 ], [ 103.802607200000807, 1.279269199999635 ], [ 103.802631396790744, 1.2792448187304 ] ], [ [ 103.802620499999776, 1.279316600000113 ], [ 103.802630018861052, 1.279313894341128 ], [ 103.802627941031275, 1.279317761678517 ], [ 103.802620499999776, 1.279316600000113 ] ], [ [ 103.802404851590197, 1.279340415900119 ], [ 103.802401317038132, 1.279363350759731 ], [ 103.802399800133259, 1.279365294302712 ], [ 103.802400885290496, 1.279366152271406 ], [ 103.802397264775763, 1.279389644920477 ], [ 103.802306199999663, 1.279398499999895 ], [ 103.802404851590197, 1.279340415900119 ] ], [ [ 103.800437431276478, 1.279293291983123 ], [ 103.800443100000464, 1.279284800000232 ], [ 103.800441699178791, 1.279294660697539 ], [ 103.800437431276478, 1.279293291983123 ] ], [ [ 103.797447300000215, 1.280197400004545 ], [ 103.797450955273916, 1.280217177499655 ], [ 103.797448815226034, 1.280217383202553 ], [ 103.797447300000215, 1.280197400004545 ] ], [ [ 103.798552152075089, 1.280608084091842 ], [ 103.798557361664692, 1.280612824551006 ], [ 103.798557316256819, 1.280612842846589 ], [ 103.798552107527925, 1.280608109724549 ], [ 103.798552152075089, 1.280608084091842 ] ], [ [ 103.798584538588599, 1.280704557170391 ], [ 103.798607392945854, 1.280725324706111 ], [ 103.798607326895308, 1.280725318150375 ], [ 103.798584523842621, 1.280704563111866 ], [ 103.798584538588599, 1.280704557170391 ] ], [ [ 103.798434026445037, 1.281226717882719 ], [ 103.79842612057962, 1.281216574510437 ], [ 103.79854750000149, 1.281191 ], [ 103.798434026445037, 1.281226717882719 ] ], [ [ 103.798349181674752, 1.281117860445594 ], [ 103.798323425897237, 1.281084815296609 ], [ 103.798524599997421, 1.281080900000199 ], [ 103.798349181674752, 1.281117860445594 ] ], [ [ 103.799037900000187, 1.281800399999897 ], [ 103.799051188537518, 1.281964722249167 ], [ 103.799034826881737, 1.281925813551366 ], [ 103.799037900000187, 1.281800399999897 ] ], [ [ 103.797379915517482, 1.280224005873859 ], [ 103.797379456995685, 1.280224049947031 ], [ 103.797378300000531, 1.280202700000246 ], [ 103.797379915517482, 1.280224005873859 ] ], [ [ 103.797931194638153, 1.283642950296843 ], [ 103.797903429169466, 1.283654152792373 ], [ 103.797795299997162, 1.283593799998856 ], [ 103.797931194638153, 1.283642950296843 ] ], [ [ 103.797732885625521, 1.283722961752344 ], [ 103.797727918183313, 1.283724965959401 ], [ 103.797716000000918, 1.283708400000747 ], [ 103.797732885625521, 1.283722961752344 ] ], [ [ 103.797775440743692, 1.283943717254759 ], [ 103.797772299999963, 1.283934200000013 ], [ 103.797776045326458, 1.283943603580051 ], [ 103.797775440743692, 1.283943717254759 ] ], [ [ 103.797669620770606, 1.284024189831431 ], [ 103.797668850729053, 1.284018400969253 ], [ 103.797673639038166, 1.284017500669023 ], [ 103.797674791362383, 1.28402251039288 ], [ 103.797669620770606, 1.284024189831431 ] ], [ [ 103.797742422549291, 1.284076154347269 ], [ 103.797742893723523, 1.284077582125132 ], [ 103.79773352600354, 1.284089142160068 ], [ 103.797732646798025, 1.284085319816708 ], [ 103.797742422549291, 1.284076154347269 ] ], [ [ 103.797686053527769, 1.284147724552855 ], [ 103.797683839471873, 1.284131080187952 ], [ 103.797696939243707, 1.284118798211408 ], [ 103.797699715019291, 1.284130865881822 ], [ 103.797686053527769, 1.284147724552855 ] ], [ [ 103.797759037104569, 1.284126500692644 ], [ 103.797761796852313, 1.284134863433652 ], [ 103.797749235069034, 1.284157437244371 ], [ 103.797745859546211, 1.284142762176247 ], [ 103.797759037104569, 1.284126500692644 ] ], [ [ 103.796730753491047, 1.28016362035702 ], [ 103.7967319, 1.28015920000043 ], [ 103.796731194074567, 1.280163821537481 ], [ 103.796730753491047, 1.28016362035702 ] ], [ [ 103.794647795115111, 1.277806309613764 ], [ 103.794673741823871, 1.277793206391896 ], [ 103.794634899999551, 1.277839900000501 ], [ 103.794647795115111, 1.277806309613764 ] ], [ [ 103.794515642640988, 1.278019544186593 ], [ 103.794527034868523, 1.278023974497276 ], [ 103.794546623793622, 1.278040481494703 ], [ 103.794446500000404, 1.278186299999289 ], [ 103.794515642640988, 1.278019544186593 ] ], [ [ 103.794718799999032, 1.27791060000105 ], [ 103.79474282762753, 1.277881715242672 ], [ 103.794748696170259, 1.277892585942239 ], [ 103.794718799999032, 1.27791060000105 ] ], [ [ 103.792440913991172, 1.276551399976419 ], [ 103.792441077129737, 1.276551894870928 ], [ 103.792291100000341, 1.27663490000064 ], [ 103.792291099999431, 1.276634899999736 ], [ 103.792440913991172, 1.276551399976419 ] ], [ [ 103.791861058593398, 1.276681589998339 ], [ 103.791861165964576, 1.276681556479803 ], [ 103.791864071658352, 1.276690597262218 ], [ 103.791923911057978, 1.276671114666811 ], [ 103.791933652629908, 1.276694247864059 ], [ 103.791825460256121, 1.276742819193752 ], [ 103.791811427859869, 1.276707704251311 ], [ 103.791863959647088, 1.276690633695446 ], [ 103.791861058593398, 1.276681589998339 ] ], [ [ 103.791303400000047, 1.276652500000652 ], [ 103.791303057504152, 1.276652322489023 ], [ 103.791303237511784, 1.27665225459228 ], [ 103.791303400000047, 1.276652500000652 ] ], [ [ 103.791290906983036, 1.276656905498305 ], [ 103.791290972943145, 1.276656939684377 ], [ 103.791293, 1.276663100000628 ], [ 103.791290869504834, 1.276656919634718 ], [ 103.791290906983036, 1.276656905498305 ] ], [ [ 103.791261225596145, 1.276676073660348 ], [ 103.791260600000726, 1.276674199999873 ], [ 103.791261225838753, 1.276676073563585 ], [ 103.791261225596145, 1.276676073660348 ] ], [ [ 103.791280687008864, 1.276668359214256 ], [ 103.791280400000588, 1.276667500000643 ], [ 103.791280695084964, 1.276668356012938 ], [ 103.791280687008864, 1.276668359214256 ] ], [ [ 103.79130440000047, 1.276674899999963 ], [ 103.791303951281591, 1.276676147162181 ], [ 103.791303640028602, 1.276675201250343 ], [ 103.79130440000047, 1.276674899999963 ] ], [ [ 103.791285529505174, 1.27668238020741 ], [ 103.7912934460402, 1.276705345326013 ], [ 103.791293236376092, 1.276705928063538 ], [ 103.791285389121398, 1.276682435855183 ], [ 103.791285529505174, 1.27668238020741 ] ], [ [ 103.791265927951187, 1.276690150204544 ], [ 103.791281808330723, 1.276737691056499 ], [ 103.79128180350267, 1.276737704477191 ], [ 103.79126592588544, 1.27669015102296 ], [ 103.791265927951187, 1.276690150204544 ] ], [ [ 103.792349799555907, 1.276741700247717 ], [ 103.792479758885349, 1.276669238969552 ], [ 103.792479779296428, 1.276669300886305 ], [ 103.792349799555907, 1.276741700247717 ] ], [ [ 103.792300217961539, 1.276656552308321 ], [ 103.792302300000529, 1.27665540000021 ], [ 103.792300220885267, 1.276656559250271 ], [ 103.792300217961539, 1.276656552308321 ] ], [ [ 103.79430446386047, 1.276281091242694 ], [ 103.794289439597037, 1.276237000452924 ], [ 103.794292811992264, 1.276237714304171 ], [ 103.794306489357069, 1.276275465179751 ], [ 103.79430446386047, 1.276281091242694 ] ], [ [ 103.794364393884194, 1.276141338102116 ], [ 103.794371499999698, 1.27612160000184 ], [ 103.794368186796731, 1.276151806914598 ], [ 103.794364393884194, 1.276141338102116 ] ], [ [ 103.803946100000033, 1.274219099999823 ], [ 103.803782723519248, 1.274172830318797 ], [ 103.803786672572514, 1.274124890932422 ], [ 103.803788493864658, 1.274123984813307 ], [ 103.803946100000033, 1.274219099999823 ] ], [ [ 103.8037794918977, 1.274212060467248 ], [ 103.803935699999627, 1.274256299999507 ], [ 103.803775787917772, 1.274257024798055 ], [ 103.8037794918977, 1.274212060467248 ] ], [ [ 103.803935899999345, 1.274301000000635 ], [ 103.803770439495437, 1.274321951768662 ], [ 103.803772104261782, 1.274301742401154 ], [ 103.803935899999345, 1.274301000000635 ] ], [ [ 103.80383718169621, 1.274693826547611 ], [ 103.803857211798686, 1.274691290195948 ], [ 103.803844319202383, 1.274710768987639 ], [ 103.803835781905377, 1.27471295105021 ], [ 103.80383718169621, 1.274693826547611 ] ], [ [ 103.804451091266685, 1.274032833871953 ], [ 103.804452400001068, 1.274041800007854 ], [ 103.80445058833412, 1.274033284451608 ], [ 103.804451091266685, 1.274032833871953 ] ], [ [ 103.804304479447651, 1.274049583000175 ], [ 103.804304445992869, 1.274042963122195 ], [ 103.804305728551938, 1.274049642546868 ], [ 103.804304479447651, 1.274049583000175 ] ], [ [ 103.804439940608134, 1.274042823802751 ], [ 103.804440398640438, 1.274042413448742 ], [ 103.804440800000762, 1.274044300000899 ], [ 103.804439940608134, 1.274042823802751 ] ], [ [ 103.80442860000052, 1.274055500000697 ], [ 103.804427905692378, 1.274055466901243 ], [ 103.804427809543839, 1.274054966170511 ], [ 103.80442860000052, 1.274055500000697 ] ], [ [ 103.80392500000049, 1.273399300000492 ], [ 103.803934390743422, 1.273386042543403 ], [ 103.803935201568621, 1.273390864924649 ], [ 103.80392500000049, 1.273399300000492 ] ], [ [ 103.803966135115914, 1.273574842031401 ], [ 103.803966756143751, 1.273578535593076 ], [ 103.803954803734513, 1.273575358051422 ], [ 103.803954864176958, 1.273574508448345 ], [ 103.803966135115914, 1.273574842031401 ] ], [ [ 103.802507705525727, 1.273909881613735 ], [ 103.802509768754007, 1.273941587804973 ], [ 103.802491116245918, 1.2739400066068 ], [ 103.802483828064112, 1.273903598944072 ], [ 103.802507705525727, 1.273909881613735 ] ], [ [ 103.802515623653505, 1.274062431845055 ], [ 103.802517643621954, 1.27406260308101 ], [ 103.802518599999814, 1.274077299996333 ], [ 103.802515623653505, 1.274062431845055 ] ], [ [ 103.801777788041676, 1.274916209863557 ], [ 103.801796915186245, 1.274917799672535 ], [ 103.801774022444604, 1.27491859829169 ], [ 103.801777788041676, 1.274916209863557 ] ], [ [ 103.801734553160415, 1.274912616270348 ], [ 103.801729793747754, 1.274915635050141 ], [ 103.801729518121789, 1.274915194841723 ], [ 103.801726515387713, 1.27491709940332 ], [ 103.801681045810639, 1.274915623497483 ], [ 103.801685428246429, 1.274908533108855 ], [ 103.801734553160415, 1.274912616270348 ] ], [ [ 103.801743248353588, 1.275618001602758 ], [ 103.801789035574302, 1.275610733314801 ], [ 103.801788890609402, 1.27561239361381 ], [ 103.801770231936572, 1.27561686840417 ], [ 103.801773669461753, 1.275631388515149 ], [ 103.801747119236154, 1.275640501679807 ], [ 103.801743248353588, 1.275618001602758 ] ], [ [ 103.796524600000339, 1.275956800000435 ], [ 103.796402024891492, 1.275998190141534 ], [ 103.796339080902257, 1.275977681510106 ], [ 103.796524600000339, 1.275956800000435 ] ], [ [ 103.796309323429981, 1.276039109306622 ], [ 103.796285270600237, 1.275979040875579 ], [ 103.796373551391312, 1.276007804835124 ], [ 103.796326005807941, 1.276023859629193 ], [ 103.796340673757769, 1.276067863490749 ], [ 103.796309323429981, 1.276039109306622 ] ], [ [ 103.796341290954345, 1.276068429576869 ], [ 103.796539500000236, 1.2760015 ], [ 103.796351302555266, 1.276077612109074 ], [ 103.796341290954345, 1.276068429576869 ] ], [ [ 103.794829097018919, 1.275705626105747 ], [ 103.794828117038804, 1.275706142255374 ], [ 103.794827149647318, 1.275703928989808 ], [ 103.794827910416529, 1.275702774959468 ], [ 103.794829097018919, 1.275705626105747 ] ], [ [ 103.791274081986359, 1.276608220632073 ], [ 103.791275791446196, 1.276610802450574 ], [ 103.791286656596327, 1.276643822119552 ], [ 103.791286288821212, 1.276643631506878 ], [ 103.791274081986359, 1.276608220632073 ] ] ] } }
]
}
