{
"type": "FeatureCollection",
"name": "Multi-Mode_Travel_Analysis_bike_HortPark_15min",
"crs": { "type": "name", "properties": { "name": "urn:ogc:def:crs:OGC:1.3:CRS84" } },
"features": [
{ "type": "Feature", "properties": { "name": "Multi-Mode Travel Analysis_bike_HortPark_15min" }, "geometry": { "type": "Polygon", "coordinates": [ [ [ 103.777320124671064, 1.283983891246495 ], [ 103.77738491778635, 1.284099179012891 ], [ 103.777815882194417, 1.283853820967571 ], [ 103.777801127354621, 1.283827567376232 ], [ 103.77788748183805, 1.283774551630831 ], [ 103.778001180981775, 1.283762879858019 ], [ 103.778655425123233, 1.283356326902491 ], [ 103.778706598267803, 1.283326670801282 ], [ 103.778742536413063, 1.283305948805865 ], [ 103.778797808659363, 1.283273890902616 ], [ 103.778770161012403, 1.283225602416517 ], [ 103.778773584117474, 1.283223541462265 ], [ 103.778802233761297, 1.28327126240151 ], [ 103.779550565845895, 1.282816150468095 ], [ 103.779647555569511, 1.28270866741273 ], [ 103.779660162243104, 1.282701383933269 ], [ 103.77982173005482, 1.282761881490714 ], [ 103.77985886937293, 1.282661404970698 ], [ 103.779862890569333, 1.282589619046006 ], [ 103.780152064778534, 1.282436670351384 ], [ 103.780036899997796, 1.282216099996351 ], [ 103.78017334478993, 1.282424011920161 ], [ 103.78076284481881, 1.282032111890409 ], [ 103.78062639999996, 1.281824200000072 ], [ 103.780770013002041, 1.282027162386218 ], [ 103.780918313008087, 1.281920862378404 ], [ 103.780774699998659, 1.281717899998411 ], [ 103.780954041480413, 1.281889669999894 ], [ 103.781019941480224, 1.281819969995253 ], [ 103.780840600617623, 1.281648200591616 ], [ 103.781020006589699, 1.281819901105718 ], [ 103.781126136808439, 1.281707565261714 ], [ 103.781230393294308, 1.281674914070613 ], [ 103.781598364761848, 1.28126415520478 ], [ 103.781521569594815, 1.281194464457323 ], [ 103.781523077951661, 1.281192815082602 ], [ 103.781600903173455, 1.281261277248169 ], [ 103.781681403172271, 1.281168577242302 ], [ 103.781605911242266, 1.281102167654311 ], [ 103.781608453314703, 1.28109936078262 ], [ 103.781685511207485, 1.281163722633334 ], [ 103.781715111207433, 1.281127822630837 ], [ 103.781789918620817, 1.281037065005735 ], [ 103.782183495858476, 1.280621153594977 ], [ 103.782752161539491, 1.279977386798173 ], [ 103.783266240698268, 1.279347015897495 ], [ 103.783418471511979, 1.27917869490994 ], [ 103.783643008638677, 1.279000739654516 ], [ 103.78398399156319, 1.278790594608262 ], [ 103.783813965545988, 1.27891950735569 ], [ 103.783594107303173, 1.279131765550063 ], [ 103.78340873605039, 1.279339809601647 ], [ 103.783247182848868, 1.279532809742515 ], [ 103.783206687245752, 1.279601558084222 ], [ 103.783182183729025, 1.279643094526621 ], [ 103.783121185652405, 1.279746289889907 ], [ 103.782967276057732, 1.280033405974556 ], [ 103.782239430957091, 1.281339979890451 ], [ 103.781710856392849, 1.282107217682077 ], [ 103.781683752532132, 1.282146625694959 ], [ 103.781092060208323, 1.282899168851368 ], [ 103.781073856316297, 1.282884102226065 ], [ 103.781110968356785, 1.282844896161872 ], [ 103.781104249411555, 1.282838453338974 ], [ 103.781097826709498, 1.282832214142535 ], [ 103.780925899999886, 1.283011500000334 ], [ 103.781088196220594, 1.282823340432786 ], [ 103.780631896226694, 1.282424640461099 ], [ 103.780469600000188, 1.282612799999773 ], [ 103.780575853089729, 1.282387744093687 ], [ 103.780566653090517, 1.28238334409429 ], [ 103.780460400000365, 1.282608399999974 ], [ 103.780474844295867, 1.282359652324572 ], [ 103.780462944297227, 1.282358952325196 ], [ 103.780448500000574, 1.282607700000483 ], [ 103.780335987941612, 1.282385747070808 ], [ 103.780328587942009, 1.282389547069976 ], [ 103.780441100000473, 1.282611499999952 ], [ 103.78028340217115, 1.282419420290279 ], [ 103.78027330217077, 1.282427820289519 ], [ 103.780431000001613, 1.282619900001605 ], [ 103.780245557921447, 1.282454822442214 ], [ 103.780172357920421, 1.282538122436313 ], [ 103.780376934163684, 1.282720232922675 ], [ 103.780307303748913, 1.282800959526822 ], [ 103.780599613879758, 1.283056370586598 ], [ 103.780466794205225, 1.283203340522189 ], [ 103.780365223737093, 1.283116221418046 ], [ 103.78029755689694, 1.283056607818786 ], [ 103.780074067795027, 1.283313588408838 ], [ 103.780073209021509, 1.28331413320355 ], [ 103.779983354847346, 1.283168873221969 ], [ 103.779946294086486, 1.283192096312473 ], [ 103.779877639179588, 1.283078742805576 ], [ 103.779403839206125, 1.283369442783301 ], [ 103.779478092643302, 1.283492039848276 ], [ 103.779478086812603, 1.283492043646483 ], [ 103.7794038252175, 1.283369451367233 ], [ 103.778918525244464, 1.283667251343684 ], [ 103.779000749373083, 1.283802988349428 ], [ 103.778984585477019, 1.283813517748517 ], [ 103.7790141546066, 1.283859500422631 ], [ 103.778836299459556, 1.283749832427874 ], [ 103.77883209945908, 1.283756732427361 ], [ 103.779024266504777, 1.283875225340915 ], [ 103.779030008123996, 1.283884154078091 ], [ 103.778800763292097, 1.283836436182627 ], [ 103.778799263291745, 1.283843736182535 ], [ 103.77903565962994, 1.283892942682048 ], [ 103.779036957880891, 1.283894961579662 ], [ 103.778797225624743, 1.283933462315973 ], [ 103.778798525623372, 1.283941662316331 ], [ 103.779041858988606, 1.283902583245243 ], [ 103.779042108512769, 1.283902971278116 ], [ 103.77883416772795, 1.284036222695015 ], [ 103.778909335404975, 1.284155048881037 ], [ 103.778981023701064, 1.284271962041685 ], [ 103.779191700000766, 1.28414110000013 ], [ 103.779070722376588, 1.284358495449359 ], [ 103.779091122377451, 1.284369995450492 ], [ 103.77920770768489, 1.284160492943277 ], [ 103.779212948395227, 1.284168642720352 ], [ 103.779217319866007, 1.284251305017964 ], [ 103.779193194805714, 1.284224293611193 ], [ 103.779184794805175, 1.284231893610181 ], [ 103.77921827574707, 1.284269380246212 ], [ 103.779223274771482, 1.284363909266475 ], [ 103.779121789470921, 1.284321333259498 ], [ 103.779117689470098, 1.28433123325929 ], [ 103.779223903223965, 1.284375792988544 ], [ 103.779225258466411, 1.28440141992758 ], [ 103.779242058467858, 1.284400519927279 ], [ 103.779241133085279, 1.284383021410234 ], [ 103.779346199998784, 1.284427099999947 ], [ 103.779099847053914, 1.284451747650577 ], [ 103.779102504779672, 1.284478657153708 ], [ 103.779119242722885, 1.284544493085719 ], [ 103.779350784031735, 1.284891037551141 ], [ 103.779447676702233, 1.28495728050157 ], [ 103.77952026092882, 1.284967649677812 ], [ 103.779438978504288, 1.285062931891108 ], [ 103.77924259174425, 1.285305593087213 ], [ 103.779138492477372, 1.285438543194496 ], [ 103.779028529077138, 1.285520418466536 ], [ 103.779025399461148, 1.28551923478991 ], [ 103.778987676169095, 1.285493398580226 ], [ 103.778848400000129, 1.285699399999451 ], [ 103.778646412505935, 1.285843473318498 ], [ 103.778796812497006, 1.286057073329256 ], [ 103.778841822603681, 1.286120987689554 ], [ 103.778980625967492, 1.286021967424277 ], [ 103.778993373189721, 1.286025030562893 ], [ 103.779110644737358, 1.2860304463009 ], [ 103.779237504802083, 1.286132068158797 ], [ 103.779294832651573, 1.28605957184472 ], [ 103.779393174486543, 1.285913446964494 ], [ 103.779504187563873, 1.285776562182951 ], [ 103.779312400016011, 1.285619000012395 ], [ 103.779506843853369, 1.285773228902781 ], [ 103.779629008279755, 1.285617206899007 ], [ 103.779818821519484, 1.28538266809515 ], [ 103.779979375634298, 1.285194460685107 ], [ 103.780005401546461, 1.285157936442654 ], [ 103.780022068900337, 1.285156872569184 ], [ 103.780020776381377, 1.285136359708118 ], [ 103.780119915315538, 1.284997230106082 ], [ 103.780121798650129, 1.284994726145606 ], [ 103.780204931816101, 1.285057059558159 ], [ 103.780549695420873, 1.284591272130712 ], [ 103.780671643197181, 1.284757039899329 ], [ 103.7807019236662, 1.284798662889004 ], [ 103.780712737073401, 1.284813203111618 ], [ 103.780712547206718, 1.284814693564634 ], [ 103.78070731679253, 1.284834403960819 ], [ 103.780733797879719, 1.284841522476115 ], [ 103.780733825356279, 1.284841559421785 ], [ 103.780707308559485, 1.284834434993013 ], [ 103.780698586174239, 1.28486732160589 ], [ 103.780646416520881, 1.28498805475793 ], [ 103.780456260504309, 1.285328383294748 ], [ 103.780345713698082, 1.285485845070965 ], [ 103.780223616404754, 1.285635806504162 ], [ 103.77957901696378, 1.286285636117058 ], [ 103.779515473065189, 1.286349673365757 ], [ 103.779360666756176, 1.286502710451134 ], [ 103.779194948890904, 1.286659826006805 ], [ 103.779247496167613, 1.286715971207463 ], [ 103.779245226334467, 1.28671848689938 ], [ 103.779277213821771, 1.286747723634614 ], [ 103.779359085843637, 1.286835201441951 ], [ 103.77935890528407, 1.286835360827826 ], [ 103.779352824432266, 1.286830936220763 ], [ 103.779176878443607, 1.286678870131667 ], [ 103.778989235886883, 1.286898803177246 ], [ 103.778824383391751, 1.287143927988999 ], [ 103.779029400000098, 1.287283599999793 ], [ 103.778912223108861, 1.287503094302759 ], [ 103.778998023112962, 1.287549494307278 ], [ 103.779110481545032, 1.287338838552701 ], [ 103.779234416631141, 1.2874232719948 ], [ 103.779239003282512, 1.287416451945514 ], [ 103.779318605476902, 1.28747203822481 ], [ 103.779451036273684, 1.287279924468572 ], [ 103.779621047309078, 1.287043234988871 ], [ 103.779754873689001, 1.286894913077916 ], [ 103.779711047967012, 1.286854856150039 ], [ 103.7798641269586, 1.286703526622902 ], [ 103.779929367894908, 1.286637779154064 ], [ 103.780591183619322, 1.285970593483263 ], [ 103.780739886325492, 1.285787954914229 ], [ 103.780875339517749, 1.285595016688871 ], [ 103.781090383498963, 1.285210145223624 ], [ 103.781167413841288, 1.28503187837288 ], [ 103.781185610474409, 1.284963270307123 ], [ 103.781257042702578, 1.284927681295849 ], [ 103.781359896588384, 1.284809940652193 ], [ 103.781369160181868, 1.284673045130633 ], [ 103.781363275380187, 1.284631347137094 ], [ 103.781359265765104, 1.284572316773268 ], [ 103.781338118366151, 1.28452194320569 ], [ 103.781324091006837, 1.284479259966243 ], [ 103.781264500574395, 1.284387542530447 ], [ 103.781182770176841, 1.284316190600882 ], [ 103.78116791322536, 1.284302922130316 ], [ 103.781130134425894, 1.284345774022891 ], [ 103.781120735357675, 1.284330553367288 ], [ 103.781124558460746, 1.28431781672844 ], [ 103.781129583128674, 1.284307129931566 ], [ 103.781145031578205, 1.284284791659977 ], [ 103.781144271468051, 1.284284259153615 ], [ 103.781373281527877, 1.28397110452603 ], [ 103.781389107655343, 1.283949427656609 ], [ 103.781500580671903, 1.283800142192894 ], [ 103.781778969165188, 1.283439840199096 ], [ 103.781964763690581, 1.283230395436868 ], [ 103.781974388410305, 1.283217815092864 ], [ 103.781981430167221, 1.283210498267481 ], [ 103.782160974334303, 1.283058496731459 ], [ 103.782323722511677, 1.282925905410472 ], [ 103.782440102814334, 1.282831166812752 ], [ 103.782549752016436, 1.282764512102766 ], [ 103.782621010974026, 1.282721229717723 ], [ 103.782633699528716, 1.282735697158582 ], [ 103.782712596185547, 1.282665601248837 ], [ 103.78272572430167, 1.282657627287267 ], [ 103.782637280690679, 1.282739692588751 ], [ 103.782723339864503, 1.282833647105862 ], [ 103.783201816005388, 1.283370486206926 ], [ 103.783386100000413, 1.283204100000048 ], [ 103.783458751527178, 1.283442301286329 ], [ 103.784097651581902, 1.283244901270581 ], [ 103.784025000000199, 1.283006700000096 ], [ 103.784244266875319, 1.282891013656123 ], [ 103.783975466842307, 1.282374913677591 ], [ 103.783536933139288, 1.282606286302822 ], [ 103.783667289709442, 1.282856572929005 ], [ 103.783464719498966, 1.282919160744919 ], [ 103.783382097700596, 1.282826461034722 ], [ 103.783410732505004, 1.282820488998845 ], [ 103.783360500000342, 1.282576500000239 ], [ 103.783465838600634, 1.282801990984309 ], [ 103.78352373860487, 1.282774590981954 ], [ 103.783313061412926, 1.282323609014168 ], [ 103.783281628839674, 1.282338483841235 ], [ 103.78313288170115, 1.282369506338874 ], [ 103.783221938954895, 1.28231166146444 ], [ 103.783172642750884, 1.282234778231483 ], [ 103.783175817163141, 1.282232840708332 ], [ 103.783226824436511, 1.28230840515725 ], [ 103.783405756448715, 1.282186051643507 ], [ 103.783469687032039, 1.282142399041556 ], [ 103.783404484885438, 1.282045666136332 ], [ 103.783406363456606, 1.282044569045107 ], [ 103.783473041048723, 1.282140068068683 ], [ 103.783624656389463, 1.282032832716213 ], [ 103.783755689564856, 1.281946775262801 ], [ 103.783705740390872, 1.28186973194892 ], [ 103.783708200169841, 1.281868295430016 ], [ 103.783759433490786, 1.281944267305738 ], [ 103.783891479941303, 1.281854060289916 ], [ 103.784128812495481, 1.281696832438272 ], [ 103.783992700004717, 1.281488700006674 ], [ 103.784137765863193, 1.281690613012046 ], [ 103.784333785193482, 1.281547949183649 ], [ 103.784444860178482, 1.281481451553456 ], [ 103.784407207147339, 1.281417739139519 ], [ 103.784412708656092, 1.281413551030579 ], [ 103.784453178804426, 1.281476244438797 ], [ 103.784502878806791, 1.281443744436109 ], [ 103.784460099571376, 1.281377473960029 ], [ 103.784462969117726, 1.28137528947358 ], [ 103.784507261213591, 1.281440811537339 ], [ 103.784549873254562, 1.281411631551694 ], [ 103.784731310867485, 1.281296037439631 ], [ 103.784678137098595, 1.281211489480223 ], [ 103.784679424143519, 1.28121050969721 ], [ 103.784733575627101, 1.281294577154688 ], [ 103.784919775635984, 1.281173077145454 ], [ 103.784848345556654, 1.281062185547523 ], [ 103.78484866600644, 1.28106196483892 ], [ 103.78492046851801, 1.281172623368363 ], [ 103.785041568524377, 1.281093023361889 ], [ 103.784908436964443, 1.280887847500584 ], [ 103.784908922910205, 1.280887547460637 ], [ 103.785068771137944, 1.281072318912845 ], [ 103.785132671139237, 1.28101631890897 ], [ 103.78498215321963, 1.280842332534935 ], [ 103.784982263354706, 1.280842264533329 ], [ 103.785133961905018, 1.281015179777645 ], [ 103.785197761906559, 1.280958479773809 ], [ 103.785034005308532, 1.280771820036972 ], [ 103.785034014356967, 1.280771812026281 ], [ 103.785211308211416, 1.280945491785755 ], [ 103.785255308211248, 1.280899991782831 ], [ 103.785081523032744, 1.2807297491785 ], [ 103.785082384144658, 1.28072898677384 ], [ 103.785288546135106, 1.280857110814958 ], [ 103.785403146126484, 1.280670310804952 ], [ 103.785192500001131, 1.280539400000191 ], [ 103.78541959518482, 1.280638614506328 ], [ 103.78548799517408, 1.280480014500165 ], [ 103.785411025790211, 1.280446387725781 ], [ 103.785418527783733, 1.280436924713033 ], [ 103.785494292696498, 1.280463901449909 ], [ 103.785502068141909, 1.280441779755558 ], [ 103.785506392579876, 1.280440180306027 ], [ 103.785504475679048, 1.280434930139469 ], [ 103.785504627541755, 1.280434498080312 ], [ 103.785506671963262, 1.280440076780515 ], [ 103.785536571966006, 1.280428976779576 ], [ 103.785521256984097, 1.28038718613292 ], [ 103.785522445699954, 1.280383804153481 ], [ 103.785546164285506, 1.280317585718248 ], [ 103.785547087903396, 1.280315105765187 ], [ 103.78556752914433, 1.280343294899109 ], [ 103.78565841780356, 1.280276529772046 ], [ 103.785862049999437, 1.280549157778417 ], [ 103.785908669071489, 1.280617632479073 ], [ 103.785926290735532, 1.280643523285103 ], [ 103.785752942628591, 1.280761361756244 ], [ 103.785846929342441, 1.28090142131887 ], [ 103.785833711417268, 1.280914639243132 ], [ 103.78575968952164, 1.28096894250538 ], [ 103.785747843476628, 1.280976447067061 ], [ 103.785442096615753, 1.281169650293654 ], [ 103.785366432356895, 1.281217427723607 ], [ 103.785439422496708, 1.281334524871098 ], [ 103.785432697741342, 1.281338863776583 ], [ 103.785351608869391, 1.281227558269675 ], [ 103.784934808886362, 1.281535158247048 ], [ 103.785081199992106, 1.281736099990678 ], [ 103.784930363903968, 1.281538516525929 ], [ 103.784520063919274, 1.281855816502359 ], [ 103.784670900000776, 1.282053400000391 ], [ 103.784515538764808, 1.28185940097589 ], [ 103.784124420404183, 1.282176697337706 ], [ 103.784102118922206, 1.282192880001493 ], [ 103.784391681099891, 1.282597119990771 ], [ 103.784419381101202, 1.282577019989563 ], [ 103.784274600002675, 1.282374900004338 ], [ 103.784429961245948, 1.282568899038747 ], [ 103.784824019388424, 1.282249217742723 ], [ 103.785229832332334, 1.28193538773387 ], [ 103.785637161646662, 1.281634777126384 ], [ 103.785705267668334, 1.281591772266556 ], [ 103.7855737, 1.281380699999852 ], [ 103.785705337293294, 1.281591728285895 ], [ 103.785965182490813, 1.281427530585847 ], [ 103.785971022664739, 1.281437652239392 ], [ 103.785974674314716, 1.281444074107381 ], [ 103.785977718167231, 1.281452464017938 ], [ 103.785982264428284, 1.28148778499351 ], [ 103.785988650996487, 1.281587008351557 ], [ 103.785992456363502, 1.281586760230321 ], [ 103.7859924563015, 1.281586760762086 ], [ 103.785988651030621, 1.281587008885133 ], [ 103.785989991189197, 1.281607829236741 ], [ 103.78597279335581, 1.28175481326592 ], [ 103.78592822929582, 1.281899537829652 ], [ 103.786164699987836, 1.281973299996076 ], [ 103.785925783830834, 1.281908006884743 ], [ 103.785901045034805, 1.28199970713048 ], [ 103.785885225468832, 1.281989690722439 ], [ 103.785767570578116, 1.28217792831109 ], [ 103.785754682242555, 1.282185337640625 ], [ 103.785774259347036, 1.281952313884631 ], [ 103.785755459349076, 1.281950713883993 ], [ 103.785734786912883, 1.282196775197337 ], [ 103.785734779591522, 1.282196779406113 ], [ 103.785754685488598, 1.281950649254479 ], [ 103.785713185493137, 1.281947249254618 ], [ 103.785693100000643, 1.2821956000001 ], [ 103.785701349508258, 1.28194656620976 ], [ 103.785656649512248, 1.281945066210094 ], [ 103.785649263048739, 1.282168046532432 ], [ 103.785635991607847, 1.282155148154116 ], [ 103.78557281444948, 1.28195682534263 ], [ 103.785519514454649, 1.281974025341223 ], [ 103.785575183024079, 1.282148777551653 ], [ 103.785573850064381, 1.282146859960738 ], [ 103.785557031751836, 1.282158702838581 ], [ 103.785449332414572, 1.282009899563359 ], [ 103.785358632417783, 1.282076399558662 ], [ 103.785465069815302, 1.282223459275708 ], [ 103.785462419654678, 1.28222532542653 ], [ 103.785349135495181, 1.282083722528987 ], [ 103.785258945734768, 1.282156814227625 ], [ 103.785258943745362, 1.282156815839165 ], [ 103.785258935498447, 1.282156822523168 ], [ 103.785111845739436, 1.282276014218781 ], [ 103.78521222702858, 1.282401502443583 ], [ 103.785205899114558, 1.282405958340808 ], [ 103.785095620555055, 1.282290380757643 ], [ 103.785062720555345, 1.282322180755681 ], [ 103.785168498416141, 1.282433041377722 ], [ 103.785168884733295, 1.282433597132462 ], [ 103.785062523817686, 1.28232237112522 ], [ 103.784874023820166, 1.282504971112737 ], [ 103.785217376204216, 1.282864028875967 ], [ 103.785405777564037, 1.282681524417798 ], [ 103.785430778663397, 1.282657359219259 ], [ 103.785531296432595, 1.282575906340412 ], [ 103.785578000000143, 1.282542000000229 ], [ 103.785503744605236, 1.282779699746885 ], [ 103.785511644605904, 1.282782199747353 ], [ 103.785585900000157, 1.282544500000447 ], [ 103.785589325465651, 1.282793648311534 ], [ 103.78562522546919, 1.282793148311905 ], [ 103.785621918198331, 1.282552597057548 ], [ 103.785630895957027, 1.282561200016933 ], [ 103.785738119982582, 1.282763955456884 ], [ 103.785774519985139, 1.282744455454912 ], [ 103.785725600282063, 1.282651950671847 ], [ 103.785729210363868, 1.28265541004169 ], [ 103.785776831513331, 1.282743201256566 ], [ 103.785905131521261, 1.28267270125126 ], [ 103.7858536022745, 1.282577705335013 ], [ 103.785855550679628, 1.282575674494033 ], [ 103.78590928781037, 1.282670364910023 ], [ 103.786107587822983, 1.28255636490114 ], [ 103.785987774380715, 1.28234524116732 ], [ 103.785988991868066, 1.282345533642506 ], [ 103.786134902445568, 1.282538148684053 ], [ 103.786209702448787, 1.282480748679423 ], [ 103.78605960000057, 1.282282600000263 ], [ 103.786282999811178, 1.282389977818007 ], [ 103.786333199804218, 1.282284177813447 ], [ 103.786109800002166, 1.282176800001191 ], [ 103.786348716199015, 1.282242093098923 ], [ 103.786402467917057, 1.282042849412917 ], [ 103.786452470705086, 1.281880462143892 ], [ 103.786216000000593, 1.28180670000055 ], [ 103.786461867894943, 1.281835841965582 ], [ 103.786484367876341, 1.281643541962326 ], [ 103.786238499999911, 1.281614400000096 ], [ 103.786485548970802, 1.281598291090536 ], [ 103.786482749001323, 1.281554791623911 ], [ 103.786482748967188, 1.281554791090335 ], [ 103.786475848991458, 1.281447591624318 ], [ 103.786228799999066, 1.281463699999913 ], [ 103.786474315244817, 1.281431687862925 ], [ 103.786465215238209, 1.281360987863504 ], [ 103.786219700000046, 1.281392999999878 ], [ 103.78645224830403, 1.281307533933203 ], [ 103.786432548299857, 1.281253233934319 ], [ 103.78619999999934, 1.281338700000292 ], [ 103.786414866147211, 1.281214931547047 ], [ 103.786400366145955, 1.281189431547846 ], [ 103.786185499969079, 1.281313200018032 ], [ 103.786399584286315, 1.281188066582224 ], [ 103.786345311492013, 1.281094005976465 ], [ 103.786345646540298, 1.281093632720616 ], [ 103.786360592750398, 1.281077123508024 ], [ 103.786301533501927, 1.281022959998329 ], [ 103.786273556070185, 1.280978153234961 ], [ 103.786379182913223, 1.281053945721528 ], [ 103.786411482910864, 1.281008345719014 ], [ 103.786299925769242, 1.280928297951211 ], [ 103.7863000592464, 1.280928187039685 ], [ 103.786411699943031, 1.281008038830493 ], [ 103.786433799942131, 1.280976738828571 ], [ 103.786330525764981, 1.280902871250957 ], [ 103.786356917900505, 1.280880941021291 ], [ 103.78636669370394, 1.280896130582607 ], [ 103.786402938030989, 1.28087250070212 ], [ 103.786473104233664, 1.280888961131212 ], [ 103.786488504227904, 1.280822461129743 ], [ 103.786465508835832, 1.280817066594854 ], [ 103.786451796392043, 1.280802102865389 ], [ 103.78646881162723, 1.280787964256828 ], [ 103.786422498942855, 1.280731503652326 ], [ 103.786441452447477, 1.280727780435516 ], [ 103.78653592792503, 1.280873829832454 ], [ 103.786479385790699, 1.280937836897331 ], [ 103.786640239410829, 1.281081779488686 ], [ 103.786747046231383, 1.281312173691839 ], [ 103.786887045011724, 1.28170687500916 ], [ 103.787120199999805, 1.281623100000581 ], [ 103.78688707197189, 1.281706950979898 ], [ 103.786923515231862, 1.281809591202131 ], [ 103.786924078408816, 1.2818111841874 ], [ 103.786719898159305, 1.281934394195796 ], [ 103.786847200007003, 1.282148100011468 ], [ 103.786716173063482, 1.28193668724898 ], [ 103.786686946771667, 1.28195503644174 ], [ 103.786678236856105, 1.281960312640127 ], [ 103.786805899993354, 1.282173799990674 ], [ 103.786666756848518, 1.281967707629902 ], [ 103.78655285685393, 1.282045607624109 ], [ 103.786692000000599, 1.282251700000752 ], [ 103.786505162864017, 1.282088223717948 ], [ 103.786420862863295, 1.282185823712182 ], [ 103.786607700000246, 1.282349300000212 ], [ 103.786394233540705, 1.282223101748502 ], [ 103.785860629567694, 1.283137444245005 ], [ 103.785853930564002, 1.283134320900331 ], [ 103.785835610984876, 1.283097038955429 ], [ 103.785805797439124, 1.283111879300942 ], [ 103.785774759396233, 1.283097408116203 ], [ 103.785756895526347, 1.283136221299564 ], [ 103.785613699999075, 1.283207500000031 ], [ 103.785773100737416, 1.283016849476949 ], [ 103.785735200737577, 1.282984749479905 ], [ 103.785502812047966, 1.283262696891306 ], [ 103.785391788996577, 1.283317961024448 ], [ 103.785411728355569, 1.283358539377455 ], [ 103.785077699213701, 1.2835013651485 ], [ 103.78514380758331, 1.283657985297716 ], [ 103.78513118363594, 1.283665508774857 ], [ 103.78503687658808, 1.28352357643937 ], [ 103.784927996850172, 1.283596862798662 ], [ 103.784688419911092, 1.283758047278837 ], [ 103.784825999999498, 1.283965199999823 ], [ 103.784620780853942, 1.283825829973827 ], [ 103.78433743678093, 1.284248474956934 ], [ 103.784214543922985, 1.2844133998734 ], [ 103.784610656100057, 1.284712400111942 ], [ 103.784737256095454, 1.284542500101587 ], [ 103.784539200004289, 1.284393000003195 ], [ 103.784744419184747, 1.28453237003311 ], [ 103.785004015019013, 1.284145148596764 ], [ 103.785203180121684, 1.284011152702381 ], [ 103.785065599999825, 1.283804000000643 ], [ 103.785203223428212, 1.284011123559148 ], [ 103.785292750846367, 1.283950863138535 ], [ 103.785742498318825, 1.283758557951937 ], [ 103.785949008318184, 1.283712726985237 ], [ 103.785905049928644, 1.283512077956583 ], [ 103.785913101588221, 1.283492140077695 ], [ 103.78604676373098, 1.283666807312942 ], [ 103.786085463732306, 1.28363680731045 ], [ 103.785934400000585, 1.283439400000158 ], [ 103.786085615415033, 1.283636689632825 ], [ 103.786118715416308, 1.283610989631071 ], [ 103.785967499999813, 1.283413700000295 ], [ 103.786155008610862, 1.283576395714365 ], [ 103.786214708610558, 1.283506695710318 ], [ 103.78602720000049, 1.283344000000611 ], [ 103.78624066653181, 1.283470198283901 ], [ 103.786809565276798, 1.282495377174276 ], [ 103.786857740034634, 1.282439601887457 ], [ 103.786939404331036, 1.28238374895509 ], [ 103.786943963164518, 1.282380987353737 ], [ 103.786943811930655, 1.282380734449932 ], [ 103.786945043173631, 1.282379892362408 ], [ 103.78692986370811, 1.282357409249828 ], [ 103.786816299987066, 1.282167499979823 ], [ 103.786947326956337, 1.282378912746549 ], [ 103.786976374468892, 1.282360675796542 ], [ 103.787184525909282, 1.28223506941651 ], [ 103.787171598533988, 1.28224804418729 ], [ 103.787300498533256, 1.282378144196121 ], [ 103.787475800000209, 1.282202199999972 ], [ 103.787324615631306, 1.282399513687168 ], [ 103.787511809640861, 1.282544810251294 ], [ 103.787576246509346, 1.28263487402885 ], [ 103.787604377898077, 1.282709601246055 ], [ 103.787606966522944, 1.28286790052064 ], [ 103.787757717119248, 1.282865403261277 ], [ 103.787757718463951, 1.28286542626472 ], [ 103.787606967492309, 1.282867959394795 ], [ 103.787607464052257, 1.282897895010847 ], [ 103.787585408087082, 1.283169064088254 ], [ 103.787564039189917, 1.283283659265965 ], [ 103.787469048434147, 1.283488666548285 ], [ 103.78729529860864, 1.283832012759642 ], [ 103.787515899986275, 1.283945099992461 ], [ 103.787292539620253, 1.283837638823476 ], [ 103.787062339588715, 1.284322338803181 ], [ 103.78728570000014, 1.284429800000412 ], [ 103.787210564222221, 1.284609034220307 ], [ 103.787206773952903, 1.28460695736041 ], [ 103.787089142431554, 1.28482442743816 ], [ 103.786897518201854, 1.284694822441278 ], [ 103.78687521820008, 1.284728222439626 ], [ 103.787069942081075, 1.284859923885124 ], [ 103.786970026026381, 1.285044642633091 ], [ 103.78698454009519, 1.28505259554774 ], [ 103.787087553437019, 1.285109147976204 ], [ 103.787181665409477, 1.2849354879173 ], [ 103.787187492134208, 1.284939428819165 ], [ 103.787117757783932, 1.285123167916932 ], [ 103.787220757791374, 1.285162767920326 ], [ 103.787281412629198, 1.285002951903396 ], [ 103.787286181822068, 1.285006177544684 ], [ 103.787308481821171, 1.284972777542692 ], [ 103.787296054659919, 1.284964372438382 ], [ 103.787309100000172, 1.284930000000577 ], [ 103.787390461804719, 1.285046513628541 ], [ 103.787421573802106, 1.285141823160838 ], [ 103.787450367823084, 1.285132301632787 ], [ 103.787451454913082, 1.285133858392228 ], [ 103.787456541691157, 1.285130260074337 ], [ 103.787460583878499, 1.285128923415096 ], [ 103.787488728658047, 1.285128604394393 ], [ 103.78752837160053, 1.285168812423977 ], [ 103.787704100001193, 1.284993299998934 ], [ 103.787576102851347, 1.285206584758724 ], [ 103.787687326145928, 1.285274200685126 ], [ 103.78774888552833, 1.285313465590943 ], [ 103.787796352403348, 1.285366506230694 ], [ 103.787806400448545, 1.285380532167505 ], [ 103.787789243317107, 1.285372039968109 ], [ 103.787746343312094, 1.285459839964127 ], [ 103.787968500001327, 1.285569800000099 ], [ 103.787723488618042, 1.285534087995319 ], [ 103.787721488616597, 1.285547987994711 ], [ 103.787966500001161, 1.285583699999727 ], [ 103.787723597537678, 1.285631842552209 ], [ 103.787726297536608, 1.285645642551853 ], [ 103.787969200000489, 1.285597500000066 ], [ 103.787756032114544, 1.285724208958322 ], [ 103.787763132113156, 1.285736308959003 ], [ 103.787976299999784, 1.285609600000186 ], [ 103.787815496751605, 1.285799053806416 ], [ 103.787826196751197, 1.285808253807519 ], [ 103.787987000000115, 1.285618799998809 ], [ 103.787897091468054, 1.285850959599671 ], [ 103.787910091469058, 1.285856059599728 ], [ 103.788000000000139, 1.285623900000187 ], [ 103.787989542416796, 1.28587284976438 ], [ 103.788003642417991, 1.285873449764764 ], [ 103.78801409999997, 1.285624500000466 ], [ 103.788058578651118, 1.285771760115453 ], [ 103.788077603584725, 1.285864415874122 ], [ 103.788086034837931, 1.285862662173935 ], [ 103.788086106558794, 1.285862899627902 ], [ 103.788088682567562, 1.285862111445923 ], [ 103.788167718272859, 1.285845672019199 ], [ 103.788235423874823, 1.285837296877421 ], [ 103.788239193917491, 1.285842884433743 ], [ 103.788250008371193, 1.285835492783628 ], [ 103.788317139950109, 1.285827188644679 ], [ 103.788256266314789, 1.285875414169212 ], [ 103.788268466314463, 1.285891014170169 ], [ 103.788463000000206, 1.285736899999039 ], [ 103.788322828436691, 1.285942285335643 ], [ 103.788339028437704, 1.285953485336036 ], [ 103.788479199999699, 1.285748100001243 ], [ 103.788406646712929, 1.285986331653202 ], [ 103.788425446715067, 1.285992131653839 ], [ 103.788498000000274, 1.285753900001297 ], [ 103.788498683108912, 1.285890222983846 ], [ 103.788493725191231, 1.28589649504653 ], [ 103.788469173256075, 1.285923756725635 ], [ 103.788498987442239, 1.28595095670708 ], [ 103.788499248575036, 1.286003068999469 ], [ 103.788518948577021, 1.286002969000208 ], [ 103.788518778421533, 1.285969012347461 ], [ 103.788654856806019, 1.286093158921353 ], [ 103.788577316028324, 1.286188023364909 ], [ 103.788721516030819, 1.286307423373698 ], [ 103.788793365060641, 1.286219522286924 ], [ 103.788836026767797, 1.286258443261952 ], [ 103.788865926767414, 1.286225243259565 ], [ 103.788821682430424, 1.286184878425563 ], [ 103.788829353221317, 1.286175493875296 ], [ 103.788876232677836, 1.286213032965887 ], [ 103.788896926593353, 1.286186853914256 ], [ 103.78891961401763, 1.286161163739891 ], [ 103.789003889360558, 1.286065791636717 ], [ 103.788954880630087, 1.286021921895502 ], [ 103.788960684703611, 1.286014821111365 ], [ 103.789011915007421, 1.28605623653612 ], [ 103.78906881500599, 1.285984936531434 ], [ 103.789018415354235, 1.285944192620307 ], [ 103.78902636130033, 1.285934471437109 ], [ 103.789078932357413, 1.285971333508401 ], [ 103.789111927158899, 1.285923665721329 ], [ 103.789111756351247, 1.285935345182424 ], [ 103.789152256355621, 1.285935945182554 ], [ 103.789153386132071, 1.285858693306302 ], [ 103.789192905387338, 1.285794468647823 ], [ 103.789236834068603, 1.28592228088257 ], [ 103.789275034071764, 1.285908980881118 ], [ 103.7891941000006, 1.28567350000042 ], [ 103.789349559959277, 1.285867419094199 ], [ 103.78938095995963, 1.285841919092434 ], [ 103.789225500000896, 1.285648000000513 ], [ 103.789437477068418, 1.285776716819505 ], [ 103.789457386852931, 1.285743501934425 ], [ 103.789850087181364, 1.285108528026367 ], [ 103.789947205207596, 1.284999065864138 ], [ 103.790028317546259, 1.284922777382323 ], [ 103.79020798217617, 1.284759373781359 ], [ 103.790041999998408, 1.284574499998169 ], [ 103.790232031508182, 1.284734203002882 ], [ 103.790462331503022, 1.28445660298627 ], [ 103.790272300000083, 1.284296900000462 ], [ 103.790478852748521, 1.284434259913367 ], [ 103.790608636562268, 1.284236560848676 ], [ 103.790724277982363, 1.284134458708405 ], [ 103.790955221541424, 1.283949977159821 ], [ 103.791008032283543, 1.283908574322843 ], [ 103.790957861863205, 1.283843747741675 ], [ 103.790958029668971, 1.283843802988494 ], [ 103.791008148277442, 1.283908483329411 ], [ 103.791030256860608, 1.28389112928056 ], [ 103.791154207874783, 1.283805221689651 ], [ 103.791038191087651, 1.283635650283683 ], [ 103.791077018854097, 1.283516181260723 ], [ 103.791163489050774, 1.283401534707802 ], [ 103.79059072488684, 1.282963917117597 ], [ 103.790376813023229, 1.28325287997638 ], [ 103.790288187018376, 1.283372482043475 ], [ 103.790339938780235, 1.283604092488003 ], [ 103.790472208890762, 1.283699589072534 ], [ 103.790411695587082, 1.283747928095043 ], [ 103.79056560000808, 1.283943100009639 ], [ 103.790402340707544, 1.283755786233779 ], [ 103.79025714071085, 1.283883986224974 ], [ 103.79042040000023, 1.284071299999944 ], [ 103.790213847283553, 1.283933940082989 ], [ 103.79007338659018, 1.284147903140938 ], [ 103.789863114801022, 1.284401361429264 ], [ 103.789694817850389, 1.284554426196711 ], [ 103.789860800000298, 1.284739299999918 ], [ 103.789691770501705, 1.28455724466279 ], [ 103.789600970502747, 1.284642644657262 ], [ 103.789770000000132, 1.284824700000285 ], [ 103.78958534168882, 1.284658734576152 ], [ 103.789466541688043, 1.284792634567354 ], [ 103.789651199998914, 1.284958599998212 ], [ 103.789441023892905, 1.284826925543661 ], [ 103.789160439647176, 1.285280614108844 ], [ 103.789101452192583, 1.285082106565545 ], [ 103.789069287815565, 1.284967219776227 ], [ 103.788831001434886, 1.285034799592325 ], [ 103.789069268330138, 1.284967150216681 ], [ 103.789044968323083, 1.28488045021882 ], [ 103.788806699999512, 1.284948100000332 ], [ 103.789022304228567, 1.284825638128374 ], [ 103.788923004217921, 1.284648538136165 ], [ 103.788707400000476, 1.284771000000216 ], [ 103.788702504639005, 1.284521876546584 ], [ 103.788469457344277, 1.284526515565628 ], [ 103.788437675597919, 1.284515693824386 ], [ 103.788424162770738, 1.284505258371543 ], [ 103.788392162972201, 1.284466125795796 ], [ 103.78826889509304, 1.284234678501374 ], [ 103.788050699997655, 1.284352400001738 ], [ 103.788249177499196, 1.284203467108096 ], [ 103.788205177497673, 1.284144067111362 ], [ 103.788006700000196, 1.284292999999899 ], [ 103.788138525654702, 1.284082090765811 ], [ 103.788078825657408, 1.284044290769345 ], [ 103.787947000000173, 1.284255200000292 ], [ 103.787984270758642, 1.284008867723288 ], [ 103.787930770763197, 1.284000667723792 ], [ 103.787893499999782, 1.284246999998039 ], [ 103.7878799390881, 1.283998201930136 ], [ 103.787814739094074, 1.284001801930045 ], [ 103.787828299999447, 1.284250599999873 ], [ 103.787750868476948, 1.284029796526004 ], [ 103.787912201390824, 1.283710987205666 ], [ 103.787691600005246, 1.283597900002621 ], [ 103.787915967718277, 1.283703213886364 ], [ 103.788025967703433, 1.283465813875911 ], [ 103.787801600000506, 1.283360500000454 ], [ 103.788044918754522, 1.283406462583042 ], [ 103.788074418739825, 1.283248262579767 ], [ 103.787831100000034, 1.283202300000464 ], [ 103.788077841625039, 1.283222630172254 ], [ 103.788101941596366, 1.282926330169384 ], [ 103.787998001435085, 1.282917766066908 ], [ 103.788005548848574, 1.282903473611844 ], [ 103.788102732511362, 1.282901840581323 ], [ 103.788102598796712, 1.282893779531947 ], [ 103.788161967270767, 1.282890263378511 ], [ 103.788199069080989, 1.282931503504599 ], [ 103.78821551936494, 1.282916511418579 ], [ 103.7882182231494, 1.282918224152317 ], [ 103.78822429576914, 1.282908512979095 ], [ 103.788250044225052, 1.282885046934982 ], [ 103.788254839494869, 1.282884762930127 ], [ 103.78825461267904, 1.282880883440537 ], [ 103.788415669084756, 1.28273410349092 ], [ 103.788249499994933, 1.282549399994718 ], [ 103.788423764972791, 1.282726384199759 ], [ 103.78855749144175, 1.282592999299887 ], [ 103.78878337995674, 1.282462165520747 ], [ 103.788536420063039, 1.282030234473214 ], [ 103.788282620078036, 1.282177234462182 ], [ 103.788406099999207, 1.282393199999424 ], [ 103.788231835049714, 1.28221621579898 ], [ 103.78807919659252, 1.282368464365878 ], [ 103.788004642086563, 1.282436410164354 ], [ 103.787796200000798, 1.282515899999911 ], [ 103.787997099816423, 1.282370294556201 ], [ 103.787892499810297, 1.282224094563896 ], [ 103.787691600000741, 1.282369699998804 ], [ 103.787842784339574, 1.282172386290481 ], [ 103.787809675515376, 1.282146687832349 ], [ 103.787924522044563, 1.281956749305631 ], [ 103.787979790262781, 1.281870734851207 ], [ 103.787987282191068, 1.28186369404924 ], [ 103.788099405785459, 1.281791781908454 ], [ 103.789525542873633, 1.281097937267399 ], [ 103.789417800332259, 1.280873600690675 ], [ 103.789525661081797, 1.281097879717474 ], [ 103.78958799102405, 1.28106751384854 ], [ 103.789859718880251, 1.280935348937499 ], [ 103.789751999997705, 1.280710999995321 ], [ 103.78988525814448, 1.280920995223054 ], [ 103.790498855921911, 1.280526553774555 ], [ 103.790596280521854, 1.280464456786319 ], [ 103.790960908714595, 1.280232402478992 ], [ 103.790828599998832, 1.28002179999797 ], [ 103.790984366159947, 1.280215469760572 ], [ 103.791088997392521, 1.280130221175863 ], [ 103.791154415588679, 1.280288034191396 ], [ 103.790999300462005, 1.280347792668129 ], [ 103.791176299553854, 1.280813207329353 ], [ 103.791426004640357, 1.280717007835423 ], [ 103.791440257637277, 1.280724712869149 ], [ 103.791449122095813, 1.280708101778025 ], [ 103.791550495336537, 1.280669047478641 ], [ 103.791564982244665, 1.280663481456432 ], [ 103.791569322385186, 1.280754083079311 ], [ 103.791627022390898, 1.280751283078935 ], [ 103.791615100000215, 1.280502400000863 ], [ 103.791706025808566, 1.280734157860008 ], [ 103.791908825824578, 1.280653557852759 ], [ 103.791726974191064, 1.280190042143612 ], [ 103.791661140684937, 1.280216206744246 ], [ 103.791621581637855, 1.280120775667752 ], [ 103.791721714718292, 1.280079916580074 ], [ 103.791535685297987, 1.279618083416034 ], [ 103.791500429982491, 1.279632469271591 ], [ 103.79154263723666, 1.279570234617139 ], [ 103.791593943993888, 1.279519302905318 ], [ 103.791420099042043, 1.279341899022229 ], [ 103.791593985321896, 1.279519261870446 ], [ 103.791724001661194, 1.279390135368748 ], [ 103.791876965130442, 1.279243252156716 ], [ 103.791988092898563, 1.279381394649082 ], [ 103.792372907077961, 1.279067805335584 ], [ 103.792166356640877, 1.27881104333151 ], [ 103.79220454320081, 1.278588874857961 ], [ 103.791960600003762, 1.278546400000216 ], [ 103.792207596700905, 1.278563297346708 ], [ 103.79221019669734, 1.278524797346157 ], [ 103.791963200000254, 1.278507900000032 ], [ 103.792191100347964, 1.278410574099938 ], [ 103.792106673576555, 1.278210305987983 ], [ 103.792057920830374, 1.278083322119285 ], [ 103.792015935936746, 1.277962894350542 ], [ 103.791959569627821, 1.277800791282642 ], [ 103.79172730972715, 1.27788260343242 ], [ 103.791727309199743, 1.277882601873286 ], [ 103.791959479909423, 1.277800533716307 ], [ 103.791928201364144, 1.277710895226625 ], [ 103.791894255629217, 1.277613451023671 ], [ 103.791881988755151, 1.27757814636918 ], [ 103.791650366475324, 1.277659672643392 ], [ 103.791650352106615, 1.277659629204712 ], [ 103.791880241367537, 1.277573280059134 ], [ 103.791857141362485, 1.277510980060969 ], [ 103.791629469408008, 1.277596496359863 ], [ 103.79162946921933, 1.277596495788301 ], [ 103.791857130008168, 1.277510949443516 ], [ 103.791820658656277, 1.277412626698689 ], [ 103.791768787279381, 1.277272504054681 ], [ 103.79161011811432, 1.277332005483678 ], [ 103.791610094175667, 1.277331940226138 ], [ 103.791768710836067, 1.277272297832957 ], [ 103.791717131561967, 1.277133339554131 ], [ 103.79172213109193, 1.277131581098379 ], [ 103.791885674223067, 1.277077887721343 ], [ 103.791809786053818, 1.276843733927971 ], [ 103.791966900000077, 1.276773199999814 ], [ 103.792063509168358, 1.277002616619221 ], [ 103.792182423395914, 1.276951889180191 ], [ 103.792187791472756, 1.276961652003326 ], [ 103.792280209242037, 1.276910174860163 ], [ 103.792294755826433, 1.276903969453423 ], [ 103.792189376006107, 1.276964489850316 ], [ 103.792216746784092, 1.277012768868971 ], [ 103.792460676268647, 1.277467315077693 ], [ 103.792678500000065, 1.27734890000032 ], [ 103.792461423683037, 1.277468697375879 ], [ 103.792677933519869, 1.277866125103461 ], [ 103.792754639975342, 1.278026099097558 ], [ 103.79320056000671, 1.277809500881829 ], [ 103.793121059995642, 1.277643700888802 ], [ 103.792898100000443, 1.277752000000296 ], [ 103.793115176321734, 1.277632202587085 ], [ 103.792895952193078, 1.277229792602907 ], [ 103.792856894207091, 1.277157010705067 ], [ 103.793132559447756, 1.277022791552731 ], [ 103.792958388422235, 1.276660415922708 ], [ 103.792855371073443, 1.27634790499739 ], [ 103.792938111689026, 1.276319837723334 ], [ 103.793318904592084, 1.276188684757519 ], [ 103.793370347632901, 1.276331169630585 ], [ 103.79342248445127, 1.276479635466439 ], [ 103.793655900000147, 1.276396600000546 ], [ 103.793422764209197, 1.276480427852593 ], [ 103.793496664192716, 1.27668862785839 ], [ 103.79372979943976, 1.276604800201918 ], [ 103.793496723458517, 1.276688794643166 ], [ 103.793740123403907, 1.277372994663366 ], [ 103.793973200000025, 1.27728900000038 ], [ 103.793740137414204, 1.277373034037815 ], [ 103.793774510769012, 1.277469606820897 ], [ 103.793787702074908, 1.277536270058631 ], [ 103.793911561384689, 1.277511441843984 ], [ 103.793869916190715, 1.277555779381703 ], [ 103.793802397899327, 1.277584445750109 ], [ 103.793825146623874, 1.277638723419072 ], [ 103.79385969575516, 1.277721401704762 ], [ 103.793948685741441, 1.277683731136219 ], [ 103.793982377832222, 1.277715789149554 ], [ 103.793899894076503, 1.27778691283964 ], [ 103.793967394074301, 1.277866212844648 ], [ 103.794068453385151, 1.277779071913136 ], [ 103.79410130661941, 1.277795577996439 ], [ 103.794028785673603, 1.277918219066556 ], [ 103.794110585677771, 1.277967219070887 ], [ 103.794186709095797, 1.277838485806866 ], [ 103.794204530004748, 1.277847439366169 ], [ 103.794229360124746, 1.277797375052883 ], [ 103.794193763003264, 1.277998406869525 ], [ 103.794239931256584, 1.278006688364858 ], [ 103.794317300000728, 1.278168400000508 ], [ 103.794144931630825, 1.277989544495176 ], [ 103.794115431631084, 1.278018344493339 ], [ 103.794287800000745, 1.278197200000621 ], [ 103.794051416415655, 1.27812315652058 ], [ 103.794046716414954, 1.278138356519796 ], [ 103.794283100003071, 1.278212400000302 ], [ 103.794037732990788, 1.278179258648308 ], [ 103.794035732989272, 1.278194258648105 ], [ 103.794281099997562, 1.27822740000033 ], [ 103.794033554738391, 1.278230669763536 ], [ 103.794036154719777, 1.27843006976372 ], [ 103.794249381270603, 1.278427253309141 ], [ 103.79425115843172, 1.278431767969484 ], [ 103.794038933102115, 1.278464167413152 ], [ 103.794060331716182, 1.278606158308527 ], [ 103.7940716317095, 1.278681158309617 ], [ 103.794244341537748, 1.278654798086623 ], [ 103.794253763258297, 1.278675201924995 ], [ 103.794094801830539, 1.278754894675181 ], [ 103.79412535597362, 1.278816633456186 ], [ 103.793848664121114, 1.279103835871618 ], [ 103.793903251267835, 1.279158071540895 ], [ 103.793788514112236, 1.27929202764102 ], [ 103.793747142117326, 1.279373426186325 ], [ 103.793732720787602, 1.279445532802871 ], [ 103.793727334759538, 1.279498888089617 ], [ 103.793714480173421, 1.279523441025169 ], [ 103.793724328946126, 1.279528664403639 ], [ 103.793723782066962, 1.279534081915194 ], [ 103.79371206083573, 1.279528184460169 ], [ 103.793674660831073, 1.279603484456805 ], [ 103.793714740460899, 1.279623650239432 ], [ 103.793705924250617, 1.27971098571948 ], [ 103.793648585030112, 1.279709805535802 ], [ 103.793646285019477, 1.279823005534899 ], [ 103.793648898015746, 1.279823059316555 ], [ 103.793624889068155, 1.27983906528128 ], [ 103.79367769498856, 1.279919304831192 ], [ 103.793675878104878, 1.279919883943623 ], [ 103.793622418456408, 1.279840733940408 ], [ 103.793614818456277, 1.279845933939969 ], [ 103.79366848751215, 1.279925393983624 ], [ 103.793668711221855, 1.279926104973333 ], [ 103.793614531713686, 1.279846130428633 ], [ 103.79359413171494, 1.279860130427246 ], [ 103.793694628047774, 1.280008473383095 ], [ 103.793695085463852, 1.280009927134805 ], [ 103.793695519239591, 1.280009788873229 ], [ 103.793849355136615, 1.28023686649004 ], [ 103.793848399234889, 1.280237297429437 ], [ 103.793896581900952, 1.280345566004188 ], [ 103.793862004303733, 1.280296070610924 ], [ 103.793855504304645, 1.280300670611142 ], [ 103.793909204436943, 1.280377538564794 ], [ 103.793886099330251, 1.280424350046284 ], [ 103.793796255653959, 1.280359941064738 ], [ 103.793791655653081, 1.280366441064172 ], [ 103.793882527322893, 1.280431587015051 ], [ 103.793862292455429, 1.280472583321793 ], [ 103.793755615714701, 1.280441301407306 ], [ 103.793753415714008, 1.280448901407386 ], [ 103.793858737392171, 1.280479785962906 ], [ 103.79383462800061, 1.28052863214219 ], [ 103.793744033977433, 1.280534440539419 ], [ 103.793744533977062, 1.280542340539326 ], [ 103.793830584969228, 1.280536823417259 ], [ 103.793793649875781, 1.280611654758402 ], [ 103.793763954689283, 1.280624429118229 ], [ 103.79376705468799, 1.28063172911795 ], [ 103.793788239830661, 1.280622615633661 ], [ 103.79376245652486, 1.280674853195449 ], [ 103.793786456525893, 1.280686853196655 ], [ 103.793826228947552, 1.280606273366833 ], [ 103.793876229120428, 1.280584764148809 ], [ 103.793864934965498, 1.280651885309682 ], [ 103.793811062659302, 1.280700908741246 ], [ 103.7938163626593, 1.280706808741583 ], [ 103.793862804437026, 1.280664547040291 ], [ 103.793855261628821, 1.280709373945917 ], [ 103.793881661630778, 1.280713873946607 ], [ 103.793894871790926, 1.280635365966332 ], [ 103.793939444586499, 1.280594805022696 ], [ 103.793945497495429, 1.280641405687658 ], [ 103.79388247695158, 1.280759006652513 ], [ 103.793889476952344, 1.280762806652806 ], [ 103.79394726044265, 1.280654978415301 ], [ 103.793955091630878, 1.280715269849404 ], [ 103.79397926265888, 1.28071208945107 ], [ 103.793966555468842, 1.280789324612245 ], [ 103.793974355469203, 1.280790624612395 ], [ 103.794006823261014, 1.280593283166108 ], [ 103.794034349497579, 1.28065513581586 ], [ 103.794058263083585, 1.280790102191033 ], [ 103.794066063084671, 1.28078870219102 ], [ 103.794047721363157, 1.280685182978582 ], [ 103.794050800782117, 1.28069210256659 ], [ 103.794072775496176, 1.280682195933485 ], [ 103.794079693394153, 1.280679254991756 ], [ 103.794100754818075, 1.280729425012807 ], [ 103.794102279356764, 1.280728776682748 ], [ 103.794120896269192, 1.280772089547438 ], [ 103.794168896272822, 1.280751189546259 ], [ 103.794128972447083, 1.280658305442751 ], [ 103.794132427442406, 1.280656836652059 ], [ 103.794104758338619, 1.28059090452666 ], [ 103.794108874001211, 1.280593855046505 ], [ 103.794188208578248, 1.280741760200352 ], [ 103.79426374668482, 1.280700715259432 ], [ 103.794312007601917, 1.280676117295811 ], [ 103.794358648172036, 1.28066031640584 ], [ 103.794341199677604, 1.280719614931688 ], [ 103.794351599678436, 1.280722714932129 ], [ 103.794371212859133, 1.280656059741528 ], [ 103.794386876394128, 1.280650753249331 ], [ 103.794380973662072, 1.280633103047929 ], [ 103.794427195871478, 1.280600752181623 ], [ 103.794428266547996, 1.280624396617633 ], [ 103.79440622836573, 1.280629059416997 ], [ 103.794409528364028, 1.280644859416545 ], [ 103.794429006536092, 1.28064073825907 ], [ 103.794430498551378, 1.280673687400029 ], [ 103.794390775466795, 1.280730650421237 ], [ 103.7944016754671, 1.280738350422443 ], [ 103.794431490598797, 1.280695595434646 ], [ 103.794433171406908, 1.280732713813833 ], [ 103.794444071407838, 1.280732213813236 ], [ 103.794443955661649, 1.280729657708663 ], [ 103.794445195201718, 1.28073182690518 ], [ 103.794499019511164, 1.280700669974819 ], [ 103.79447899471198, 1.280774856388622 ], [ 103.794491794713124, 1.280778356389459 ], [ 103.79451481342339, 1.280693078351299 ], [ 103.794523449269917, 1.280715167582433 ], [ 103.794533549270525, 1.280711167581885 ], [ 103.794523830311263, 1.280686307906976 ], [ 103.794565907345088, 1.280661951043726 ], [ 103.794569182176758, 1.280706073019471 ], [ 103.794491574574067, 1.280790408021046 ], [ 103.79450337457466, 1.280801408021762 ], [ 103.794570818393339, 1.280728117849939 ], [ 103.794575142728007, 1.280786379827487 ], [ 103.79458844272915, 1.28078537982688 ], [ 103.794583194414088, 1.280714669015994 ], [ 103.794626914908577, 1.28066715861547 ], [ 103.794637560295001, 1.280691522235619 ], [ 103.794566327436442, 1.280844122230169 ], [ 103.794579227437751, 1.280850222230964 ], [ 103.79464517389367, 1.280708947136373 ], [ 103.794662613341927, 1.28074886002119 ], [ 103.794641251877778, 1.280870040677603 ], [ 103.794655251878794, 1.280872540677384 ], [ 103.794674595629388, 1.280762806233484 ], [ 103.79468186126978, 1.280759590293443 ], [ 103.794677088179156, 1.280748666336085 ], [ 103.794694453065716, 1.280650157706916 ], [ 103.794701960631897, 1.280658093619527 ], [ 103.794726235969065, 1.280874803495625 ], [ 103.794740335969621, 1.280873203495636 ], [ 103.794718157741016, 1.280675214859667 ], [ 103.794743420307938, 1.280701918789939 ], [ 103.794805818861491, 1.280856433194194 ], [ 103.794819018862924, 1.280851033193278 ], [ 103.794760080757868, 1.280705087724717 ], [ 103.794762514854128, 1.280702755048611 ], [ 103.794756624113873, 1.280696528211049 ], [ 103.794728653433808, 1.280627265814886 ], [ 103.794788708448493, 1.280673327668993 ], [ 103.7947933001861, 1.28066726310926 ], [ 103.794929306594909, 1.28076209075619 ], [ 103.795118306585124, 1.280487490740651 ], [ 103.794917105895649, 1.280347207737845 ], [ 103.794917195549687, 1.280347166192681 ], [ 103.795122410631635, 1.280481334240673 ], [ 103.795202476727752, 1.280357276666675 ], [ 103.795616781947047, 1.27998496819395 ], [ 103.795451900038799, 1.279799100043469 ], [ 103.795617736978642, 1.279984105483906 ], [ 103.79591644493695, 1.279712862671742 ], [ 103.795921759433611, 1.279708820560351 ], [ 103.795998796515335, 1.279723852186875 ], [ 103.796035052851863, 1.279742805573938 ], [ 103.796095343483472, 1.279774348354914 ], [ 103.796098340312383, 1.279775918832614 ], [ 103.796146197965143, 1.279900473759549 ], [ 103.796377100000498, 1.27981060000027 ], [ 103.796147554761333, 1.279903928211244 ], [ 103.796212654748885, 1.280066128217104 ], [ 103.796442200000456, 1.279972799999835 ], [ 103.796241948875306, 1.280119307652512 ], [ 103.796262748874312, 1.280148107654276 ], [ 103.796460955466998, 1.280003095820502 ], [ 103.796461397705841, 1.280004158838037 ], [ 103.796331001408817, 1.280212399540614 ], [ 103.79637120141021, 1.280237899542976 ], [ 103.796483818452487, 1.280058052009972 ], [ 103.796484031737378, 1.280058564686585 ], [ 103.796373793162942, 1.280239521187971 ], [ 103.796488887338711, 1.280310548800492 ], [ 103.796421315031623, 1.280365790391755 ], [ 103.796577400000473, 1.280559199999988 ], [ 103.796392865243135, 1.280393095729386 ], [ 103.79630196524235, 1.280495395722725 ], [ 103.796486499999872, 1.280661500000726 ], [ 103.796262900372142, 1.280554544565877 ], [ 103.796221300367236, 1.280642644561412 ], [ 103.796444900000679, 1.28074960000001 ], [ 103.796220899062476, 1.280643498612312 ], [ 103.796183399057398, 1.280723698608451 ], [ 103.79640739999995, 1.280829800000444 ], [ 103.796161754856584, 1.280798814004803 ], [ 103.796148754847351, 1.28090321400348 ], [ 103.796394399996842, 1.280934199999732 ], [ 103.796146907029097, 1.280940286664797 ], [ 103.796149007020816, 1.281026786664852 ], [ 103.796396500000469, 1.281020699999831 ], [ 103.796149317843032, 1.28103458539367 ], [ 103.796173417802052, 1.281469185394555 ], [ 103.796420599999337, 1.281455300000544 ], [ 103.796182389504651, 1.281523154725145 ], [ 103.796213489495216, 1.281633754728343 ], [ 103.796451699996766, 1.281565900001166 ], [ 103.796224244253011, 1.281664274546368 ], [ 103.796269244245693, 1.281769674550245 ], [ 103.796496700002663, 1.281671299998612 ], [ 103.796276143860084, 1.281784476316117 ], [ 103.79633414385178, 1.281898976321152 ], [ 103.796554700000115, 1.281785800000741 ], [ 103.796344605984004, 1.281917606743266 ], [ 103.796544705967662, 1.282240706758972 ], [ 103.796754800000841, 1.282108900000727 ], [ 103.796559638310185, 1.282262207433591 ], [ 103.796641138306342, 1.282367307439921 ], [ 103.79683630000045, 1.282214000000116 ], [ 103.796657611054911, 1.282386457645216 ], [ 103.796722111054322, 1.282454157649574 ], [ 103.796900800000486, 1.282281700000045 ], [ 103.796746353500808, 1.282476437588161 ], [ 103.796781453501495, 1.28250463758998 ], [ 103.796935899998545, 1.282309900002461 ], [ 103.796820951308533, 1.282530584573505 ], [ 103.796864351310958, 1.282553484576056 ], [ 103.79697929999746, 1.282332800004822 ], [ 103.796889988372058, 1.282565192866692 ], [ 103.796986285221422, 1.282602682481261 ], [ 103.79700438729256, 1.282611320017382 ], [ 103.797128694112388, 1.282689642414996 ], [ 103.797208772503154, 1.282756179217287 ], [ 103.797244810702267, 1.282798813430184 ], [ 103.797380087282832, 1.283006039746143 ], [ 103.797487865983925, 1.28318344541941 ], [ 103.797511180898951, 1.283226353296312 ], [ 103.797533035694286, 1.283281024552963 ], [ 103.797551561382804, 1.28334507949818 ], [ 103.797568130384832, 1.283414443391281 ], [ 103.797572515640752, 1.283460370106218 ], [ 103.797572120877831, 1.283482081939306 ], [ 103.797569088221138, 1.283490575945334 ], [ 103.797557470087924, 1.283511661987247 ], [ 103.797547069499359, 1.283523879272207 ], [ 103.797427719287967, 1.283610861371096 ], [ 103.797403787498126, 1.283594657200589 ], [ 103.797359938540438, 1.283660259784553 ], [ 103.797263226859087, 1.283730742971707 ], [ 103.79726057892411, 1.283651904295892 ], [ 103.797271613734665, 1.283645089818214 ], [ 103.797259693289163, 1.283625535705239 ], [ 103.797257235891806, 1.283552370047871 ], [ 103.797222754753534, 1.283553543222815 ], [ 103.79721756601306, 1.283539131567902 ], [ 103.797217456541603, 1.283527199281203 ], [ 103.797213283900945, 1.28352723806075 ], [ 103.797213223870102, 1.283527071324883 ], [ 103.797213225872142, 1.283527064303423 ], [ 103.797217454852145, 1.283527021971428 ], [ 103.797217313584923, 1.283512725861145 ], [ 103.797243717693718, 1.283420108340383 ], [ 103.797352364394854, 1.283126859181966 ], [ 103.796888435621568, 1.282952740797253 ], [ 103.796796527603021, 1.283200810334415 ], [ 103.796767619031328, 1.283201760578818 ], [ 103.796769993187525, 1.283274927363903 ], [ 103.796731435275532, 1.28341017661361 ], [ 103.796774788090573, 1.283422696758337 ], [ 103.796776674403731, 1.283480829169818 ], [ 103.796721845152746, 1.283481378004611 ], [ 103.796722344271942, 1.283531889264727 ], [ 103.796722421144992, 1.283540268518013 ], [ 103.796320874970164, 1.283557199611708 ], [ 103.796299176789645, 1.28353008356058 ], [ 103.796251988524446, 1.283413081482244 ], [ 103.795793211458943, 1.283600518496381 ], [ 103.795854111448008, 1.283751518501898 ], [ 103.796083499999071, 1.28365780000086 ], [ 103.795890690059622, 1.283814092980616 ], [ 103.795971990057211, 1.283915692986714 ], [ 103.796164800000597, 1.283759399999184 ], [ 103.796035975532021, 1.283972179578992 ], [ 103.79609907553467, 1.284010879582503 ], [ 103.796227900000147, 1.283798099998559 ], [ 103.796183307161357, 1.284043196703787 ], [ 103.796238107166005, 1.284053296704652 ], [ 103.796282699999807, 1.283808199998333 ], [ 103.796293062250911, 1.284057153832586 ], [ 103.796857896909515, 1.284033337715884 ], [ 103.796712142500482, 1.284120903343073 ], [ 103.796520370317054, 1.28422593308369 ], [ 103.7966386999978, 1.284444799995267 ], [ 103.796511447266013, 1.284231064469939 ], [ 103.796396047272509, 1.284300664464507 ], [ 103.796523300000516, 1.284514399999843 ], [ 103.796362692272552, 1.284324778289434 ], [ 103.79621409227677, 1.284452278280066 ], [ 103.796374700026334, 1.284641900030347 ], [ 103.796211178539352, 1.284454817974876 ], [ 103.796018278543855, 1.284625617962688 ], [ 103.796181800000909, 1.284812700000393 ], [ 103.79595873677043, 1.284704615161149 ], [ 103.795926736765423, 1.28477151515765 ], [ 103.796149799999284, 1.28487959999978 ], [ 103.795904047541455, 1.28484948516546 ], [ 103.795896547535193, 1.284911485165324 ], [ 103.796142299999715, 1.284941600000527 ], [ 103.79589525696872, 1.28495780636069 ], [ 103.795899556962254, 1.285024206361087 ], [ 103.796146599997826, 1.285008000000701 ], [ 103.795910790038846, 1.285083875726567 ], [ 103.795971490023319, 1.285274975732048 ], [ 103.796056611237589, 1.285247586587252 ], [ 103.796038259911299, 1.285267051938848 ], [ 103.795977391867538, 1.285291520104229 ], [ 103.795988589350813, 1.285319737770301 ], [ 103.795983319569913, 1.285325327454386 ], [ 103.795982578895604, 1.285325016559071 ], [ 103.795871968566431, 1.285260368410416 ], [ 103.795778084437956, 1.285135461712475 ], [ 103.795704208629147, 1.284985417678542 ], [ 103.795703236795063, 1.284979937617316 ], [ 103.795641557908752, 1.284630157542157 ], [ 103.795397800000543, 1.284673700000037 ], [ 103.795614527280321, 1.284553263029791 ], [ 103.795432127259517, 1.284220763045032 ], [ 103.795215400000117, 1.284341199999703 ], [ 103.795360905016693, 1.284139607192859 ], [ 103.795167105023339, 1.283997907203982 ], [ 103.795021600001149, 1.284199499998829 ], [ 103.795148516006691, 1.283985561759349 ], [ 103.795022722789824, 1.283909965838614 ], [ 103.795022716013108, 1.283909961766158 ], [ 103.794902422795161, 1.283837665844504 ], [ 103.794775500000469, 1.284051599999987 ], [ 103.794805301324814, 1.283804239717637 ], [ 103.794492301354296, 1.283766039721816 ], [ 103.794462499999611, 1.284013399999665 ], [ 103.79441189911482, 1.283769488083056 ], [ 103.794100699143073, 1.283834888077566 ], [ 103.794151299999271, 1.284078799998474 ], [ 103.794030744286687, 1.28386116719895 ], [ 103.793688944307505, 1.284052967184265 ], [ 103.79380950000008, 1.284270599999966 ], [ 103.793652161917862, 1.284078221525043 ], [ 103.793424761924186, 1.28426662151131 ], [ 103.793582100000961, 1.284459000000768 ], [ 103.793362156977537, 1.284344620948895 ], [ 103.793289156969308, 1.28448682094193 ], [ 103.79350910000035, 1.284601200000278 ], [ 103.793289121476818, 1.284486890106278 ], [ 103.793271321475004, 1.2845215901052 ], [ 103.793491299997896, 1.284635899998971 ], [ 103.793260739658905, 1.284545140887126 ], [ 103.793181039644224, 1.284750240879473 ], [ 103.793411600001946, 1.284841000000709 ], [ 103.793164637845663, 1.284823589953687 ], [ 103.793155590939477, 1.284953589885679 ], [ 103.793144382702039, 1.285081992882321 ], [ 103.793390999998209, 1.285103800000198 ], [ 103.793147622006984, 1.285149444745773 ], [ 103.793162321999702, 1.285228844746765 ], [ 103.793405700000065, 1.285183200000038 ], [ 103.793184637133436, 1.285295370926652 ], [ 103.793212396845192, 1.285350790505246 ], [ 103.793240056576479, 1.285406109977845 ], [ 103.793461200000294, 1.285294100000487 ], [ 103.793254911865986, 1.285431862289909 ], [ 103.793305211862261, 1.285508162293845 ], [ 103.79351150000204, 1.285370399998716 ], [ 103.793322241609189, 1.285531030402904 ], [ 103.793378041606843, 1.285597630406809 ], [ 103.793541220237401, 1.285459134834325 ], [ 103.79354149690846, 1.285461926285978 ], [ 103.793388690008896, 1.285609540694716 ], [ 103.793528490007517, 1.285756140703937 ], [ 103.793598359904678, 1.28568864503737 ], [ 103.793604324586838, 1.285704457073704 ], [ 103.793546120044823, 1.285772901750265 ], [ 103.793712878012926, 1.285916555290109 ], [ 103.793811832196511, 1.2860129272651 ], [ 103.793894311873075, 1.286098694531081 ], [ 103.794025221078655, 1.285971165790632 ], [ 103.794027592637462, 1.285979487410513 ], [ 103.793914078011809, 1.286117126381232 ], [ 103.794024078013663, 1.286209026387715 ], [ 103.794158128610533, 1.286046487091289 ], [ 103.794159637280046, 1.286046051546328 ], [ 103.794028753047968, 1.286212836567593 ], [ 103.794151653051202, 1.286310536575139 ], [ 103.794305099997601, 1.286115000003427 ], [ 103.794186244091435, 1.286333577918726 ], [ 103.794334744100297, 1.286415377925642 ], [ 103.794453599999841, 1.286196800001442 ], [ 103.794397657425051, 1.286439527215803 ], [ 103.794517157435294, 1.28646742721823 ], [ 103.794556599544435, 1.286296293247853 ], [ 103.794561352194151, 1.286294959350947 ], [ 103.7945320145773, 1.286470416933447 ], [ 103.794654814588597, 1.286491216935762 ], [ 103.794693847951336, 1.286257772557646 ], [ 103.794696006884251, 1.286257166622786 ], [ 103.794698182711016, 1.28649466159496 ], [ 103.794741282715776, 1.286494261595164 ], [ 103.794739000000149, 1.286245100000188 ], [ 103.794741385397359, 1.286494260620918 ], [ 103.794834185406188, 1.286493360620643 ], [ 103.794831799999969, 1.28624420000063 ], [ 103.794896194846871, 1.286484795402763 ], [ 103.795044094859662, 1.286444695399491 ], [ 103.794979700000582, 1.28620410000065 ], [ 103.795057077532135, 1.286440788871146 ], [ 103.79521106283326, 1.2863897937382 ], [ 103.795211070303765, 1.286389791264875 ], [ 103.795211077545133, 1.286389788866609 ], [ 103.795567708605702, 1.286271708617906 ], [ 103.795578029809477, 1.286325252358504 ], [ 103.795583765944627, 1.286405811422104 ], [ 103.795830700000224, 1.286388000000494 ], [ 103.795584573054924, 1.286414839856165 ], [ 103.795595637613516, 1.286517623871901 ], [ 103.79560701518173, 1.28665565931922 ], [ 103.795610105202044, 1.286738902815986 ], [ 103.796104894797239, 1.286720297159952 ], [ 103.796101594788453, 1.286631397160136 ], [ 103.795854199990544, 1.286640700000187 ], [ 103.796100919850289, 1.28662009958575 ], [ 103.796088819836029, 1.286473299587181 ], [ 103.795842100002034, 1.286493899999972 ], [ 103.796088226951156, 1.286467060118561 ], [ 103.796077312094482, 1.286365666936276 ], [ 103.796070834043832, 1.286274688554516 ], [ 103.795860847559936, 1.286289834960095 ], [ 103.795859160015127, 1.28628561479684 ], [ 103.796066935605509, 1.286245042564743 ], [ 103.796040835592649, 1.286109642567071 ], [ 103.79584042435593, 1.286148776766513 ], [ 103.795838780959741, 1.286145565510451 ], [ 103.79603622028398, 1.286089994282379 ], [ 103.796013531845205, 1.286008335919825 ], [ 103.796012558512373, 1.286004828128016 ], [ 103.796219665880074, 1.285798483221725 ], [ 103.796045500000162, 1.285621400000567 ], [ 103.796225107294333, 1.285792888779117 ], [ 103.796334996515839, 1.285676300206867 ], [ 103.796423926899763, 1.285581971255629 ], [ 103.797281896338745, 1.285186454748871 ], [ 103.797336908631721, 1.285168138590658 ], [ 103.798302383867664, 1.285006784797916 ], [ 103.79830596378018, 1.28501960719196 ], [ 103.798421959308428, 1.284986800880697 ], [ 103.798521252667982, 1.28497020658064 ], [ 103.798519441853216, 1.284959230480793 ], [ 103.798527470816552, 1.284956959696656 ], [ 103.798529815711319, 1.284968619272048 ], [ 103.798674615724693, 1.284939119269946 ], [ 103.798670091457154, 1.284916623151443 ], [ 103.798670181470499, 1.2849165976939 ], [ 103.798674716384767, 1.284939098740432 ], [ 103.798996516414348, 1.284873398734678 ], [ 103.798947299999853, 1.284629199999852 ], [ 103.799130314514755, 1.284796999809512 ], [ 103.799169414514211, 1.284753799806758 ], [ 103.798986399999691, 1.284585999999874 ], [ 103.799228860851386, 1.284636346857936 ], [ 103.799246960843448, 1.284548046856511 ], [ 103.79891714118736, 1.284479559986805 ], [ 103.798898083594125, 1.284385001263857 ], [ 103.79857633240205, 1.284450691298979 ], [ 103.798435851951439, 1.284479311280358 ], [ 103.797236847451899, 1.284679693402689 ], [ 103.7972774, 1.28492549999993 ], [ 103.797199648031423, 1.284688935469379 ], [ 103.79711344803836, 1.284717635466867 ], [ 103.797191200001507, 1.284954200003422 ], [ 103.797088107816421, 1.284727659635586 ], [ 103.79641589493346, 1.285037544007514 ], [ 103.796391666018508, 1.284961264858891 ], [ 103.796391511810313, 1.284958883591987 ], [ 103.796536774452292, 1.284830263264618 ], [ 103.796668227278531, 1.284717475673777 ], [ 103.796761544138462, 1.284661194446966 ], [ 103.796953129714737, 1.284556266902299 ], [ 103.796834800007375, 1.284337400013687 ], [ 103.796961688211184, 1.284551354957016 ], [ 103.797193888224825, 1.284411854945962 ], [ 103.797066999998947, 1.284197899998269 ], [ 103.79721657095827, 1.284396455520771 ], [ 103.797424670965555, 1.284237655509393 ], [ 103.797395086875881, 1.284198382622717 ], [ 103.797395330561969, 1.284198480636693 ], [ 103.797397239761835, 1.284193672163634 ], [ 103.79742919834473, 1.284234116870146 ], [ 103.797457220029557, 1.284211686668358 ], [ 103.797456887764938, 1.284214397393868 ], [ 103.797547087774149, 1.284225597394949 ], [ 103.797548019639081, 1.284217994928308 ], [ 103.79756805207586, 1.28423963917278 ], [ 103.797607272259825, 1.28420286744053 ], [ 103.797610252090934, 1.284225268592498 ], [ 103.797624804474211, 1.284223307633353 ], [ 103.797592727114747, 1.28426289200726 ], [ 103.797626227115217, 1.284290392008909 ], [ 103.797687427427391, 1.284214869079789 ], [ 103.797694852099269, 1.284213868592113 ], [ 103.797693919498215, 1.284206857679491 ], [ 103.797712048561422, 1.284184485897228 ], [ 103.797717837161144, 1.28420965180475 ], [ 103.797720527799896, 1.284209024859967 ], [ 103.797661724077201, 1.284314696479845 ], [ 103.797708024079768, 1.284340796482005 ], [ 103.797791807526281, 1.284190235726532 ], [ 103.797805996508274, 1.284185492376412 ], [ 103.797742505883122, 1.284356869984924 ], [ 103.797785405886955, 1.284372969986451 ], [ 103.79786330678661, 1.284162695308843 ], [ 103.797864416358848, 1.28416548116747 ], [ 103.797870222104095, 1.28416313873223 ], [ 103.79785425852198, 1.284388038760089 ], [ 103.797929358528691, 1.284393438760714 ], [ 103.797947000000406, 1.28414490000058 ], [ 103.797995204938758, 1.284389303031161 ], [ 103.798095804948147, 1.284369203029724 ], [ 103.798041529412444, 1.28409402161955 ], [ 103.798389116399989, 1.283953781149931 ], [ 103.798297000000488, 1.283722500000013 ], [ 103.798439191771763, 1.283926473693608 ], [ 103.79849909177436, 1.283884173690074 ], [ 103.79835689999868, 1.283680199998793 ], [ 103.798537692472166, 1.283850422388712 ], [ 103.798606192471894, 1.283776722384563 ], [ 103.798425400000582, 1.283606500000341 ], [ 103.798629583667974, 1.283747402310806 ], [ 103.798701383663683, 1.2836420023042 ], [ 103.798497200000412, 1.283501100000415 ], [ 103.798725904320307, 1.283596497451959 ], [ 103.798746204316757, 1.283547197450373 ], [ 103.798517500001296, 1.283451800000717 ], [ 103.79876427894655, 1.283471666690284 ], [ 103.798770278939216, 1.283396166688765 ], [ 103.798523500000215, 1.283376299999966 ], [ 103.798770964183149, 1.283369116552255 ], [ 103.798768666337665, 1.2832889279152 ], [ 103.798787118972768, 1.283278844023321 ], [ 103.79895947619768, 1.283292143190689 ], [ 103.798978399999882, 1.283043699999864 ], [ 103.798959597980144, 1.283292152557034 ], [ 103.799018297985739, 1.283296652557605 ], [ 103.799037099999865, 1.283048199999858 ], [ 103.799019212286879, 1.283296720935402 ], [ 103.799301994925159, 1.283317339466019 ], [ 103.799526278308505, 1.28333574781844 ], [ 103.799539226472234, 1.283175937790819 ], [ 103.79953974955572, 1.283176627309887 ], [ 103.799527880302151, 1.283335874038424 ], [ 103.799587479548151, 1.283340373981791 ], [ 103.799587480307409, 1.283340374038777 ], [ 103.799639419774081, 1.283344295803841 ], [ 103.799785663809232, 1.283358172256527 ], [ 103.799799957114317, 1.283205575283772 ], [ 103.799800339525532, 1.283205213463325 ], [ 103.799786565262906, 1.283358256118413 ], [ 103.7998896652729, 1.283367656119576 ], [ 103.799912000000759, 1.283119499999862 ], [ 103.799890668030486, 1.283367745475869 ], [ 103.799984868038663, 1.283375945477454 ], [ 103.800006199999956, 1.283127700000434 ], [ 103.799990417914287, 1.283376365387139 ], [ 103.800182556180403, 1.283388718491751 ], [ 103.80024868001864, 1.283398450252248 ], [ 103.800284500000146, 1.283151899999924 ], [ 103.800266085291511, 1.283400381944158 ], [ 103.800540485317143, 1.283420981946725 ], [ 103.800558900000468, 1.283172499999859 ], [ 103.800558775509955, 1.283421672177699 ], [ 103.800693526262705, 1.283421740373545 ], [ 103.800778098956457, 1.283505645830075 ], [ 103.800829990849081, 1.283557137788691 ], [ 103.80091335754669, 1.283472030637402 ], [ 103.800925410061708, 1.283528568853435 ], [ 103.800956741427385, 1.283663622253512 ], [ 103.801128741037473, 1.28402887871183 ], [ 103.801234231766898, 1.284239860248192 ], [ 103.800863710455062, 1.284318833817055 ], [ 103.800914999999392, 1.284562599998711 ], [ 103.800820579422151, 1.284332262049316 ], [ 103.800466579449306, 1.284479262036997 ], [ 103.800561000000485, 1.28470960000042 ], [ 103.800445526110849, 1.284489193295691 ], [ 103.800092426133375, 1.284676593280042 ], [ 103.80020789999945, 1.284896999998127 ], [ 103.800051495700032, 1.284703851673236 ], [ 103.799814995706825, 1.284897851658759 ], [ 103.799971400003102, 1.285091000003196 ], [ 103.799791217135052, 1.284920123991042 ], [ 103.799588817133923, 1.285136323977197 ], [ 103.79976899999663, 1.285307199997143 ], [ 103.799575765532296, 1.28515143888221 ], [ 103.799359965525383, 1.285422638866029 ], [ 103.799553199999764, 1.285578399999969 ], [ 103.799338895067592, 1.285453649073767 ], [ 103.799165295051736, 1.28575574905873 ], [ 103.799379600002595, 1.285880500001557 ], [ 103.799151636003259, 1.285783323622254 ], [ 103.799016935980418, 1.286103423609955 ], [ 103.79924490000063, 1.286200599999937 ], [ 103.799006340887232, 1.286133995917209 ], [ 103.798908940857061, 1.286487395907397 ], [ 103.799147500000259, 1.286554 ], [ 103.79890204069217, 1.286521552207391 ], [ 103.798845340651894, 1.286956052201149 ], [ 103.799090800000499, 1.286988500000159 ], [ 103.798843425900415, 1.28697865453777 ], [ 103.798825525856955, 1.287434254535276 ], [ 103.79907290000078, 1.287444100000562 ], [ 103.798825412286206, 1.287437775392921 ], [ 103.798786844415972, 1.288966595948788 ], [ 103.798784094442354, 1.289044184284959 ], [ 103.798779299259877, 1.289175551951353 ], [ 103.799026699226658, 1.289184699971698 ], [ 103.798779294027526, 1.289175696439824 ], [ 103.798773194011062, 1.289345496439571 ], [ 103.7990205999984, 1.289354499999614 ], [ 103.798773120761837, 1.289347840981482 ], [ 103.798771483610892, 1.289409476035181 ], [ 103.798759612825251, 1.289411795837061 ], [ 103.798769992780691, 1.289465602419082 ], [ 103.798766067223568, 1.289613390797955 ], [ 103.798765838145115, 1.289619041396675 ], [ 103.798799862620513, 1.289620438707901 ], [ 103.798800003970044, 1.289621171424312 ], [ 103.798765805420572, 1.289619883566874 ], [ 103.798765677909046, 1.289623313623331 ], [ 103.798613426280397, 1.289500813641376 ], [ 103.798420512620424, 1.289743698299558 ], [ 103.798258274896526, 1.289929585084497 ], [ 103.798085765043012, 1.290034114356431 ], [ 103.797914624605568, 1.290122993918895 ], [ 103.797867174847866, 1.290146199274547 ], [ 103.797838506858795, 1.290154736296573 ], [ 103.797750606141491, 1.29015894142221 ], [ 103.797477065807698, 1.290145619031295 ], [ 103.797465099999414, 1.290394500011864 ], [ 103.797476607141277, 1.290145597121077 ], [ 103.797107373743742, 1.290128304924813 ], [ 103.797007940589097, 1.290123512965398 ], [ 103.796996100000129, 1.290372399990883 ], [ 103.79699609999706, 1.290123227813664 ], [ 103.796933900002983, 1.290123227813398 ], [ 103.7969339, 1.290372400000394 ], [ 103.796928303165018, 1.290123291496861 ], [ 103.796858003171707, 1.290124891496759 ], [ 103.796863599999853, 1.290373999999345 ], [ 103.796849825141507, 1.29012521381824 ], [ 103.79665601400562, 1.290136084338254 ], [ 103.796614414148209, 1.290133407477878 ], [ 103.79656908055729, 1.290130075265307 ], [ 103.796530585653613, 1.290123407847282 ], [ 103.796488108319238, 1.290112085623696 ], [ 103.796426797726525, 1.290094171829877 ], [ 103.796338639806919, 1.290061143651528 ], [ 103.796289914598532, 1.290038022454383 ], [ 103.796238016255117, 1.29001069578105 ], [ 103.796203917628773, 1.289987079554963 ], [ 103.796021430025519, 1.289835580419417 ], [ 103.795863899995197, 1.290027800005504 ], [ 103.796014345090583, 1.289829914363425 ], [ 103.795951740615166, 1.289781699576285 ], [ 103.795867481457918, 1.289710579137918 ], [ 103.795708399998645, 1.289901500002026 ], [ 103.795843974443173, 1.289693011803184 ], [ 103.795793574445952, 1.289659811806472 ], [ 103.795658000000131, 1.289868299999884 ], [ 103.795721583613442, 1.289627486114278 ], [ 103.795680083616773, 1.289616386115156 ], [ 103.79561649999988, 1.289857199999632 ], [ 103.795589708971221, 1.289609491130858 ], [ 103.795539508976091, 1.2896149911297 ], [ 103.795566299999919, 1.289862699999757 ], [ 103.795442482812689, 1.289646929937545 ], [ 103.795418232920554, 1.289661026419157 ], [ 103.795395184008555, 1.289674323868036 ], [ 103.795518300001334, 1.289890500001589 ], [ 103.795350179324672, 1.289707593842971 ], [ 103.795308079325082, 1.289746793840507 ], [ 103.79547619981156, 1.289929699794752 ], [ 103.795307863987603, 1.289746994583618 ], [ 103.795292863987527, 1.289760994582511 ], [ 103.795461199999963, 1.289943699999912 ], [ 103.795274129535969, 1.289780493567878 ], [ 103.795195929534145, 1.289871293562227 ], [ 103.795383000000342, 1.290034499999977 ], [ 103.795190476111529, 1.289877849644551 ], [ 103.795120676109477, 1.289964749639722 ], [ 103.795313200000237, 1.290121400000424 ], [ 103.795106314907699, 1.289984546966467 ], [ 103.795017114901853, 1.290121146958923 ], [ 103.795223999993041, 1.290257999995698 ], [ 103.7950133370977, 1.290127115211092 ], [ 103.794924037091022, 1.290272715203053 ], [ 103.79497988278294, 1.290307412116259 ], [ 103.794977285097886, 1.290307776587358 ], [ 103.794922863437591, 1.290274648403971 ], [ 103.794916346382465, 1.290285493577177 ], [ 103.794734592989357, 1.29020985315385 ], [ 103.794365802305393, 1.290012350937846 ], [ 103.793961430002966, 1.289743791039437 ], [ 103.793839936430146, 1.289648607114213 ], [ 103.79373923997646, 1.289539218068135 ], [ 103.793729550787319, 1.289528007437446 ], [ 103.793594010548063, 1.289371710667168 ], [ 103.79343399716204, 1.289207802028415 ], [ 103.793345552808162, 1.289114645884865 ], [ 103.793313183957153, 1.28908017905474 ], [ 103.793043332722718, 1.288795743143699 ], [ 103.79331816979446, 1.288606731438692 ], [ 103.793218318335349, 1.288459651793445 ], [ 103.79341466364879, 1.288491757494852 ], [ 103.793422863644295, 1.288440957493929 ], [ 103.793178499999783, 1.288401000000124 ], [ 103.793038830227275, 1.28819526855332 ], [ 103.792770821034154, 1.288379584560021 ], [ 103.792763757998202, 1.288381073218284 ], [ 103.792722312058544, 1.288378727222447 ], [ 103.792696967511048, 1.288370472615351 ], [ 103.79267275105083, 1.288341996394405 ], [ 103.792601510866973, 1.288222972212054 ], [ 103.792567783186911, 1.288146202705658 ], [ 103.792567101286792, 1.288133841744489 ], [ 103.792567342439199, 1.28813382420641 ], [ 103.792566989974802, 1.288128914794791 ], [ 103.792595273407741, 1.288095975242307 ], [ 103.792602387850366, 1.288128719949281 ], [ 103.792623287852109, 1.288124119948748 ], [ 103.792612750489212, 1.288075621019686 ], [ 103.792621786485498, 1.288065097484921 ], [ 103.792637257406227, 1.288120614002151 ], [ 103.7926581574078, 1.288114714001547 ], [ 103.792638806751754, 1.288045275279826 ], [ 103.792650011436251, 1.28803222603943 ], [ 103.792630421928948, 1.288015186820732 ], [ 103.792591300000112, 1.287874799998885 ], [ 103.792683709511849, 1.288105962704114 ], [ 103.792707909513837, 1.288096162703364 ], [ 103.792615499998448, 1.287864999997132 ], [ 103.792724648128669, 1.288088648210673 ], [ 103.792751348130707, 1.288075448209251 ], [ 103.792642200000444, 1.2878518000004 ], [ 103.792776226847977, 1.288061299303596 ], [ 103.792799526849578, 1.288046199301844 ], [ 103.792665500002656, 1.287836700003437 ], [ 103.792826894979768, 1.288025643543654 ], [ 103.7928513949809, 1.288004443542272 ], [ 103.792690000000533, 1.287815499999952 ], [ 103.792884406207861, 1.287969777256288 ], [ 103.792906106207369, 1.287942077255005 ], [ 103.792711700000723, 1.287787800000326 ], [ 103.792948818459664, 1.287859426588384 ], [ 103.792958718457257, 1.287826226587905 ], [ 103.792840435027728, 1.287790496607966 ], [ 103.792860466936162, 1.287770022617685 ], [ 103.792967673919861, 1.287781929061972 ], [ 103.792970973916681, 1.287751829061319 ], [ 103.792887353981129, 1.28774254220312 ], [ 103.792916035703001, 1.287713227504884 ], [ 103.792972043558635, 1.287709924360379 ], [ 103.79297034355524, 1.287680724360725 ], [ 103.792946458801168, 1.287682132999181 ], [ 103.793048996544897, 1.287577332338832 ], [ 103.792921169379085, 1.287450638690764 ], [ 103.79292056195392, 1.287444886736403 ], [ 103.79305863057408, 1.287566905903549 ], [ 103.79307850855308, 1.287544120793287 ], [ 103.793100368448705, 1.287563741438709 ], [ 103.79316256844784, 1.287493541433971 ], [ 103.793140171968602, 1.287473439171109 ], [ 103.793163892393864, 1.287446249658934 ], [ 103.793182453665565, 1.28742499400742 ], [ 103.793072703586233, 1.287327909449414 ], [ 103.793225366854159, 1.287328246364211 ], [ 103.793225466849279, 1.287282346364288 ], [ 103.793020685511479, 1.287281894426853 ], [ 103.792996499999731, 1.287260500000691 ], [ 103.793244065918202, 1.28726137438762 ], [ 103.793246149019964, 1.286663904439429 ], [ 103.793260875569047, 1.286665014845905 ], [ 103.793263175566238, 1.286634114845742 ], [ 103.793246231899232, 1.286632837264976 ], [ 103.793246266589037, 1.286619030104831 ], [ 103.793056719101031, 1.286618547671641 ], [ 103.793016299999863, 1.286615499999431 ], [ 103.793208920566386, 1.28645897041068 ], [ 103.793194320566386, 1.286440770412044 ], [ 103.793004784870732, 1.286594793136356 ], [ 103.793060868243998, 1.286377212072492 ], [ 103.79304314119166, 1.286372583342016 ], [ 103.792753927800504, 1.286296358882015 ], [ 103.792753926198415, 1.286296358459651 ], [ 103.792721347033392, 1.286287769882277 ], [ 103.792729027439705, 1.286257849327068 ], [ 103.792666727444612, 1.286241649328902 ], [ 103.792659100805082, 1.286271360421248 ], [ 103.792629127810841, 1.286263458886033 ], [ 103.792582481112177, 1.286442705896898 ], [ 103.792582449090034, 1.286442648228666 ], [ 103.792628956252429, 1.286263413724734 ], [ 103.792528059030033, 1.286236892729797 ], [ 103.792205631764148, 1.286145735284387 ], [ 103.792190593439884, 1.286141472577171 ], [ 103.792195859296186, 1.286122728265106 ], [ 103.792145259300213, 1.28610832826722 ], [ 103.792139978581787, 1.286127125478837 ], [ 103.792110811814482, 1.286118857976012 ], [ 103.79206158599419, 1.286294779620889 ], [ 103.792061556981849, 1.28629468479959 ], [ 103.79211061893659, 1.286118803388139 ], [ 103.791832879627009, 1.286040320539531 ], [ 103.791766540781836, 1.286021537854802 ], [ 103.79171559944848, 1.286203798526975 ], [ 103.79162827483097, 1.285996975515291 ], [ 103.791561874836077, 1.286025375512832 ], [ 103.791589737967499, 1.286091367642639 ], [ 103.791564619436926, 1.286052456524475 ], [ 103.791520119439454, 1.286081556522317 ], [ 103.791629946493103, 1.286251689615338 ], [ 103.791629891326437, 1.286251683840063 ], [ 103.791519924917878, 1.286081683856367 ], [ 103.791324052948809, 1.286210033841626 ], [ 103.791273164317246, 1.286204773200661 ], [ 103.791060070172918, 1.286352193928149 ], [ 103.791049857605756, 1.286434782458673 ], [ 103.791048744762847, 1.286434249568567 ], [ 103.790967357182069, 1.286606423265705 ], [ 103.790945951817363, 1.286651679408588 ], [ 103.79089839997377, 1.286631371625825 ], [ 103.790869099968788, 1.286700871623574 ], [ 103.790913679851897, 1.286719910182688 ], [ 103.790899968858682, 1.286748898552616 ], [ 103.791049199938442, 1.286820400291732 ], [ 103.791049139243384, 1.286820428480669 ], [ 103.790899902500072, 1.286749038963161 ], [ 103.790891402499298, 1.286767038962917 ], [ 103.791025734510029, 1.286831298589405 ], [ 103.790872211241705, 1.286902601023784 ], [ 103.790889760868396, 1.286940879087675 ], [ 103.790774450774506, 1.286912019167703 ], [ 103.790754682273899, 1.286906911516858 ], [ 103.790718806875176, 1.286897570001044 ], [ 103.790712148390242, 1.28692347400534 ], [ 103.790683529205822, 1.28691671216648 ], [ 103.790686571290109, 1.286891436068719 ], [ 103.790609471297628, 1.286882036069447 ], [ 103.790606441458692, 1.286907210415423 ], [ 103.790561942592376, 1.286903397315775 ], [ 103.790560183059512, 1.286881003327399 ], [ 103.790442083070729, 1.286890403327235 ], [ 103.790443133599354, 1.286903773657269 ], [ 103.790426048072462, 1.286904992752795 ], [ 103.790424147797012, 1.286892495593235 ], [ 103.790301447808204, 1.286911395591458 ], [ 103.79030441732867, 1.286930924648359 ], [ 103.790196179906445, 1.286970953831936 ], [ 103.790067294853017, 1.287041708494827 ], [ 103.789951035116175, 1.287146199115211 ], [ 103.789828736773515, 1.287323779418892 ], [ 103.789756756358102, 1.28747797546063 ], [ 103.789691934337, 1.287606990140872 ], [ 103.789625071000614, 1.287772980990479 ], [ 103.789704388313226, 1.287805346597944 ], [ 103.789701647727469, 1.287819168675194 ], [ 103.789679839378763, 1.287835949449774 ], [ 103.789684073708017, 1.287841523966614 ], [ 103.789609536280466, 1.287830556740822 ], [ 103.789585236265424, 1.287997856738025 ], [ 103.789670175471556, 1.288010354451976 ], [ 103.789668080039306, 1.288026073861988 ], [ 103.789582916760764, 1.288021962707015 ], [ 103.789576026620097, 1.288166549368811 ], [ 103.789582571825321, 1.288535844137759 ], [ 103.789815900835308, 1.288531654933666 ], [ 103.789830083485072, 1.288531948140019 ], [ 103.789822596182489, 1.288780457682948 ], [ 103.789878296187752, 1.28878215768325 ], [ 103.789885800000434, 1.288533100000338 ], [ 103.790133315347205, 1.288538217014649 ], [ 103.790133473049067, 1.28853048960325 ], [ 103.790146153556222, 1.28818734650202 ], [ 103.790172021686175, 1.287993290004116 ], [ 103.790210908456061, 1.287797165332228 ], [ 103.790246924257133, 1.287691965303198 ], [ 103.790294662469222, 1.287595955049986 ], [ 103.790351065019365, 1.287512925558716 ], [ 103.790392137154129, 1.287475483807472 ], [ 103.790422794670505, 1.287454649489366 ], [ 103.790473881186102, 1.287434006181915 ], [ 103.790497432373471, 1.287432535934073 ], [ 103.790571549714315, 1.287441866778085 ], [ 103.790644730160949, 1.287460343750346 ], [ 103.791039246025122, 1.287606439954559 ], [ 103.791354705992504, 1.287771887759084 ], [ 103.791563854438138, 1.287912124479594 ], [ 103.791801085962746, 1.288122095614172 ], [ 103.791814977748643, 1.288134887314838 ], [ 103.791819737287298, 1.288171277190477 ], [ 103.7918249563009, 1.28824815739348 ], [ 103.7918801118917, 1.288366980262209 ], [ 103.791973740027103, 1.288457894545563 ], [ 103.791982396336309, 1.288461586926569 ], [ 103.792162546705825, 1.288737101091241 ], [ 103.792374791658276, 1.28898762841505 ], [ 103.792430547375588, 1.289050887712266 ], [ 103.792451000976484, 1.289073729297681 ], [ 103.7925153064662, 1.289145366038237 ], [ 103.792859633270893, 1.289503825310514 ], [ 103.792860380926641, 1.289504597888641 ], [ 103.792887423540634, 1.28953426054933 ], [ 103.793184998865939, 1.289855728059942 ], [ 103.793288287457216, 1.289950839644503 ], [ 103.793603883982229, 1.290241352196678 ], [ 103.794091190530494, 1.290561590624052 ], [ 103.794179282843487, 1.290660874999003 ], [ 103.794309787239911, 1.290769833864909 ], [ 103.794410840117223, 1.290837202452938 ], [ 103.794477291578005, 1.29089439150115 ], [ 103.794483571323752, 1.290899821356996 ], [ 103.794522125300162, 1.290938375335924 ], [ 103.794524219685897, 1.290942685605328 ], [ 103.794530406321357, 1.290979708775188 ], [ 103.794536098644613, 1.291021971620979 ], [ 103.794531670609075, 1.29105687288341 ], [ 103.794508261111559, 1.291114223644201 ], [ 103.794224293500918, 1.291511368003859 ], [ 103.793693354534284, 1.291967913409311 ], [ 103.793554451226811, 1.292104354503216 ], [ 103.793576520127615, 1.292056322179998 ], [ 103.793588438909296, 1.291975870347832 ], [ 103.793576423467471, 1.291895767452343 ], [ 103.793541518037244, 1.291819796823332 ], [ 103.793478492992847, 1.291751923704333 ], [ 103.793443649841393, 1.291733887250052 ], [ 103.793207913855809, 1.291463827323083 ], [ 103.793190742997666, 1.291425543665329 ], [ 103.793143404107269, 1.291348762305707 ], [ 103.793073100668551, 1.291275993919013 ], [ 103.793092368438678, 1.291272422332058 ], [ 103.793230840300609, 1.291183388356364 ], [ 103.793388202873544, 1.290974948642605 ], [ 103.793295400631251, 1.290766011074347 ], [ 103.793228414308047, 1.290689623168852 ], [ 103.793084924354815, 1.290572056338032 ], [ 103.792885358881605, 1.290608498732672 ], [ 103.79279603414399, 1.290671004419972 ], [ 103.792743189666126, 1.290711048059469 ], [ 103.792656879879786, 1.290777564997166 ], [ 103.792561093092601, 1.290860692734317 ], [ 103.792440789035666, 1.290964066579431 ], [ 103.792364423288831, 1.291029637165707 ], [ 103.792211667389054, 1.29116088517119 ], [ 103.792050527574489, 1.291299321794388 ], [ 103.792047777692801, 1.29130215596308 ], [ 103.791975705266097, 1.291314526601665 ], [ 103.790876924262037, 1.292047740419181 ], [ 103.790415476624347, 1.292345233176455 ], [ 103.790335499373143, 1.292433925889493 ], [ 103.790301576534503, 1.292573857547323 ], [ 103.790331057316834, 1.292713045565901 ], [ 103.79042681091326, 1.292839400839585 ], [ 103.790559638595028, 1.292890572161561 ], [ 103.790690045715635, 1.292890572161505 ], [ 103.790770318287798, 1.292851327792975 ], [ 103.791176452785194, 1.292576683525759 ], [ 103.791588778105833, 1.293009554647165 ], [ 103.79252823300223, 1.29240173597969 ], [ 103.792798837530015, 1.292722092564213 ], [ 103.79282121956453, 1.292772825186443 ], [ 103.792819188175372, 1.292791243068512 ], [ 103.792816459733075, 1.292800476272824 ], [ 103.792735680243254, 1.29287892498911 ], [ 103.792646976656457, 1.29295749944791 ], [ 103.792107424923401, 1.293464858568291 ], [ 103.791931965120256, 1.293625741045921 ], [ 103.791781959536124, 1.29380349131846 ], [ 103.791697262448395, 1.293931823938028 ], [ 103.791544746838625, 1.294229100077238 ], [ 103.791512236044298, 1.294338394464475 ], [ 103.791417550517949, 1.294410192229248 ], [ 103.791210215085627, 1.294565693799626 ], [ 103.79096936940384, 1.294713101338728 ], [ 103.791045175275173, 1.294838568915027 ], [ 103.791041595970526, 1.294840963398046 ], [ 103.790960542495185, 1.294718764455211 ], [ 103.7907191425072, 1.294880964442592 ], [ 103.790799870582745, 1.295002672819281 ], [ 103.790793512532971, 1.295006926226157 ], [ 103.790704184533269, 1.29489184751554 ], [ 103.790497470886933, 1.295054391574693 ], [ 103.790450958116296, 1.295088051664415 ], [ 103.790388602012968, 1.294992491776589 ], [ 103.790154566427091, 1.294627172849125 ], [ 103.789946499999971, 1.294762200000068 ], [ 103.790093224847794, 1.294561504423369 ], [ 103.79006932484819, 1.294543804424372 ], [ 103.789922600002313, 1.294744499996965 ], [ 103.79005598428877, 1.294534585480752 ], [ 103.789796384301098, 1.294367485494762 ], [ 103.789663000000246, 1.294577399999795 ], [ 103.789650817696256, 1.294328529701701 ], [ 103.789638717697258, 1.294329129701531 ], [ 103.789650900000055, 1.294577999999642 ], [ 103.789530060634817, 1.294360526370396 ], [ 103.789513360635738, 1.294369926370154 ], [ 103.789634199998162, 1.294587399997438 ], [ 103.789496613628685, 1.294380251118837 ], [ 103.789106913647018, 1.294642451099016 ], [ 103.789244499999342, 1.294849599998769 ], [ 103.789069051983873, 1.294673802988453 ], [ 103.78905995198329, 1.29468300298811 ], [ 103.789235400000507, 1.294858799999953 ], [ 103.789036635260061, 1.294710254571777 ], [ 103.789011035258923, 1.294744954570146 ], [ 103.789209799999554, 1.294893500000342 ], [ 103.788971363058337, 1.294960548606707 ], [ 103.788979663055684, 1.294990448607266 ], [ 103.789218100000426, 1.294923400000221 ], [ 103.789185069546434, 1.294965087675432 ], [ 103.789021711163002, 1.295064963542409 ], [ 103.789460911122006, 1.295792663578004 ], [ 103.789672499995589, 1.295663300002272 ], [ 103.789467784304151, 1.295803419477398 ], [ 103.789477778508797, 1.295818210901188 ], [ 103.789507978506876, 1.295862910903817 ], [ 103.78971269998577, 1.295722800009905 ], [ 103.789510948786187, 1.295867209477184 ], [ 103.789563448783355, 1.295941509480822 ], [ 103.789765200000517, 1.295797100000476 ], [ 103.78956827947431, 1.29594811322132 ], [ 103.789597879473078, 1.295987213223411 ], [ 103.789794800000706, 1.295836200000342 ], [ 103.789921826101974, 1.296050072353676 ], [ 103.790175626116564, 1.295897372341991 ], [ 103.790048599998954, 1.29568349999803 ], [ 103.790194418455769, 1.295884863697718 ], [ 103.790279618459067, 1.295822363693102 ], [ 103.790133800000561, 1.295621 ], [ 103.79027976448404, 1.295822256492223 ], [ 103.790341281973184, 1.29577705996865 ], [ 103.790527365174029, 1.295646515137286 ], [ 103.790385800000593, 1.295442099999954 ], [ 103.790530324961395, 1.295644406141579 ], [ 103.790578542393831, 1.295609512437877 ], [ 103.790746547670636, 1.295876957945143 ], [ 103.791165052308216, 1.295610642036862 ], [ 103.791052757552166, 1.295431881468679 ], [ 103.791204833901176, 1.295330145452958 ], [ 103.791297992648197, 1.295425061913041 ], [ 103.791470254062418, 1.295410652218209 ], [ 103.79147657437538, 1.295487040916542 ], [ 103.791512817839816, 1.295931023885506 ], [ 103.791512775768282, 1.29593479973991 ], [ 103.791489117331196, 1.296069123561004 ], [ 103.791457118459647, 1.296165471014102 ], [ 103.791431703938883, 1.296210030683567 ], [ 103.791404138713361, 1.296258340866055 ], [ 103.791344027362967, 1.296357909410671 ], [ 103.791555600000635, 1.296487300000264 ], [ 103.791512081001969, 1.296604624404023 ], [ 103.791509733050574, 1.29660952306829 ], [ 103.791510182924398, 1.296609741497904 ], [ 103.791469012257735, 1.296720734939965 ], [ 103.79155231226369, 1.296752034943405 ], [ 103.791596411471275, 1.296633146335329 ], [ 103.791641219067913, 1.296539661684686 ], [ 103.791767172659249, 1.296616690571729 ], [ 103.791775443718436, 1.296602990372569 ], [ 103.79184986748227, 1.296648987716789 ], [ 103.791907767478349, 1.296554087711244 ], [ 103.79183280255306, 1.296507755905006 ], [ 103.791861084872096, 1.296458188945847 ], [ 103.791911081559533, 1.296370528966272 ], [ 103.791970282680964, 1.296192276416027 ], [ 103.791983688611992, 1.296116162443499 ], [ 103.792000592817502, 1.296142651041029 ], [ 103.79201017442152, 1.296136456872466 ], [ 103.792066792934421, 1.296107301158402 ], [ 103.792147502345372, 1.296022229071152 ], [ 103.792199236839636, 1.295905633397434 ], [ 103.792200999279089, 1.295757587237666 ], [ 103.79216846943612, 1.295387589925438 ], [ 103.792120740234097, 1.29527955425414 ], [ 103.79203196637755, 1.295181157224021 ], [ 103.791975108635057, 1.295147318812071 ], [ 103.791944366117349, 1.295199646116164 ], [ 103.791942914998899, 1.295188964019823 ], [ 103.791931326229175, 1.2949592125013 ], [ 103.791937337655241, 1.294718754514458 ], [ 103.791943664280623, 1.294681686960649 ], [ 103.791946215172956, 1.294654811456101 ], [ 103.79196680789434, 1.294547761939003 ], [ 103.792005853179234, 1.294416499902987 ], [ 103.792124737572863, 1.294184776045008 ], [ 103.792178240487573, 1.29410370866717 ], [ 103.792288834903545, 1.293972658942053 ], [ 103.792443175100018, 1.293831141420834 ], [ 103.792979623367827, 1.293326700541913 ], [ 103.793071319781205, 1.293245475000826 ], [ 103.79316866976076, 1.293150933900264 ], [ 103.793253143436786, 1.29324391000057 ], [ 103.79354107571551, 1.29362676584851 ], [ 103.793448612187177, 1.293603310025644 ], [ 103.793233699491509, 1.293659429659016 ], [ 103.793140710565069, 1.293887823468255 ], [ 103.793173276676285, 1.293987557217463 ], [ 103.793114108299946, 1.294037880703435 ], [ 103.793273900000116, 1.294228199999969 ], [ 103.793111448926084, 1.294040175189598 ], [ 103.792997648927724, 1.294139775182436 ], [ 103.793160099998346, 1.29432779999812 ], [ 103.792975870838546, 1.294161351372921 ], [ 103.79290657083726, 1.294239051368462 ], [ 103.793090799999632, 1.294405499999564 ], [ 103.792863641189953, 1.294306430269427 ], [ 103.792819641182689, 1.294408630265793 ], [ 103.793046799998592, 1.294507699999145 ], [ 103.79279929590129, 1.294502032679884 ], [ 103.792796795890226, 1.294612632679776 ], [ 103.793044300000034, 1.29461830000052 ], [ 103.79280658544485, 1.294687898466465 ], [ 103.792830285437645, 1.294769898467918 ], [ 103.793067999998158, 1.294700300000907 ], [ 103.792852685616012, 1.294823278859702 ], [ 103.792889785611564, 1.294889078863394 ], [ 103.793105100000361, 1.294766100000708 ], [ 103.792908829192029, 1.294917967545639 ], [ 103.793048229186041, 1.295100467556288 ], [ 103.793244500000782, 1.2949486 ], [ 103.793066203378274, 1.295121469383115 ], [ 103.793122003377661, 1.295179769386989 ], [ 103.793300299998904, 1.295006900000908 ], [ 103.793182727126492, 1.295226179930401 ], [ 103.79324182713043, 1.295258279932832 ], [ 103.793359399999417, 1.295039000000523 ], [ 103.793292905060071, 1.295279016066173 ], [ 103.79338590506822, 1.295305116068881 ], [ 103.793452399999637, 1.295065100001477 ], [ 103.793460671773559, 1.295314133043713 ], [ 103.793534971781568, 1.29531163304404 ], [ 103.793526700000371, 1.295062600001818 ], [ 103.793606207969461, 1.295298572612438 ], [ 103.793673007975116, 1.29527577261115 ], [ 103.793593500000441, 1.295039800000618 ], [ 103.793733053067712, 1.295245611905332 ], [ 103.794013453080666, 1.295053011890235 ], [ 103.793873899995859, 1.294847199993134 ], [ 103.794022648723313, 1.295046380696055 ], [ 103.794239678796558, 1.294882194982847 ], [ 103.794249632123538, 1.294918101618082 ], [ 103.794280151658199, 1.295021068514336 ], [ 103.794369129739124, 1.29537175276637 ], [ 103.794608999999866, 1.29531010000079 ], [ 103.794778763554234, 1.295491462798688 ], [ 103.794859863555374, 1.295414562793705 ], [ 103.794732394612893, 1.295278384432229 ], [ 103.794848870250533, 1.295248447211075 ], [ 103.794757448330571, 1.294888131462056 ], [ 103.794725367863805, 1.294779898358503 ], [ 103.794666672311166, 1.294568154229259 ], [ 103.794950318629617, 1.294342020664316 ], [ 103.794796599999913, 1.29414669999972 ], [ 103.794953687202607, 1.294339286548196 ], [ 103.795178655245607, 1.294153401105649 ], [ 103.795574459268721, 1.293868890378224 ], [ 103.795556987292031, 1.294110080987506 ], [ 103.795643860630094, 1.294116455952482 ], [ 103.795643566027806, 1.294120031021812 ], [ 103.795556648482176, 1.294115602589827 ], [ 103.795553248476253, 1.29418320258981 ], [ 103.79563800454433, 1.294187520895014 ], [ 103.795637983227081, 1.294187779580063 ], [ 103.795553228957672, 1.294183596839146 ], [ 103.795551328953692, 1.294222596838785 ], [ 103.795634774764636, 1.294226715004875 ], [ 103.795633242777498, 1.294245306015057 ], [ 103.795794416723666, 1.294247458604716 ], [ 103.795784149331723, 1.294376577963169 ], [ 103.795871049340107, 1.294383577964469 ], [ 103.795881780575471, 1.294248625405277 ], [ 103.796251691326916, 1.294253565767624 ], [ 103.796307477701717, 1.293481630784248 ], [ 103.796067579096118, 1.293464097370774 ], [ 103.79606537821924, 1.293381888449344 ], [ 103.795976050827733, 1.293384310989649 ], [ 103.795971067543789, 1.293375684465339 ], [ 103.795907913725628, 1.293311241799054 ], [ 103.795820997503171, 1.293270534201861 ], [ 103.795726369617284, 1.293254762887928 ], [ 103.795723959351093, 1.293255113636048 ], [ 103.795674804908259, 1.293185266891322 ], [ 103.79547940491608, 1.293324566880467 ], [ 103.795572052274849, 1.293456215548334 ], [ 103.795572088330516, 1.29345756233414 ], [ 103.795477665921354, 1.293325817985888 ], [ 103.795441640535557, 1.293351973402497 ], [ 103.795095664201213, 1.293600667164626 ], [ 103.794854003049295, 1.29322787004045 ], [ 103.794858550410368, 1.293223777414847 ], [ 103.795121977064113, 1.292988610697089 ], [ 103.79495770000058, 1.292802200000323 ], [ 103.79512402789787, 1.292986759250437 ], [ 103.795307967848657, 1.292818834194483 ], [ 103.795504647545158, 1.292690252498597 ], [ 103.795553247133611, 1.292525580058025 ], [ 103.795546086216177, 1.292400396820715 ], [ 103.795508329307495, 1.292290520004202 ], [ 103.795410975671928, 1.292187893053379 ], [ 103.795275355802744, 1.292131384775627 ], [ 103.795200677088047, 1.292132813058532 ], [ 103.795163127417737, 1.292082792182233 ], [ 103.795092323041345, 1.292136634690715 ], [ 103.795091753863446, 1.29213585669878 ], [ 103.795041639134141, 1.292172997268568 ], [ 103.795042488043563, 1.292172327392317 ], [ 103.795091728192617, 1.292135821616277 ], [ 103.795090638041685, 1.29213433206686 ], [ 103.795160427183646, 1.292079261217812 ], [ 103.794899538960138, 1.291744348997074 ], [ 103.794987534671989, 1.291653881483675 ], [ 103.795229263596156, 1.291360596887085 ], [ 103.795341194470552, 1.291153999807775 ], [ 103.795397877830027, 1.291031043483573 ], [ 103.795622036642499, 1.291127151674021 ], [ 103.795746277936303, 1.291176492936145 ], [ 103.79593135724825, 1.291259034962039 ], [ 103.796019511383236, 1.291296625601793 ], [ 103.796400130287012, 1.291458972040576 ], [ 103.796870367595574, 1.291648709978396 ], [ 103.797236379417228, 1.291823555787262 ], [ 103.79752177711147, 1.29199479440798 ], [ 103.797781997619822, 1.292168305372778 ], [ 103.798099196743124, 1.292472207084754 ], [ 103.798310153975976, 1.292727935178518 ], [ 103.798491769199757, 1.29300566233873 ], [ 103.798580932208111, 1.293207240350568 ], [ 103.798656319102378, 1.29317346129883 ], [ 103.798655388065612, 1.293183218389799 ], [ 103.798586233019279, 1.293218462525793 ], [ 103.79864153585261, 1.293328386993007 ], [ 103.798568581936507, 1.294092930042622 ], [ 103.79852793953863, 1.294315746944813 ], [ 103.798431134922041, 1.29462161471722 ], [ 103.798149241682808, 1.295063268558901 ], [ 103.797284081467211, 1.296016883038406 ], [ 103.797466900114756, 1.296184900105275 ], [ 103.797283755951298, 1.296017242538588 ], [ 103.797180627040049, 1.296131361891281 ], [ 103.797037700000502, 1.296187599999731 ], [ 103.797159891434049, 1.29597089295667 ], [ 103.796925291447053, 1.295836892968849 ], [ 103.796803100000616, 1.296053600000368 ], [ 103.796825500387655, 1.295805449899267 ], [ 103.796706300399023, 1.295794549899977 ], [ 103.796661499596127, 1.296290850098629 ], [ 103.796727429119557, 1.296296878890391 ], [ 103.796839109939114, 1.296360669301201 ], [ 103.796876925390706, 1.29645802514739 ], [ 103.79690081608085, 1.296448624779419 ], [ 103.796655564001099, 1.296735768960789 ], [ 103.796843300010494, 1.296898200008419 ], [ 103.796651318826292, 1.296740875737485 ], [ 103.796129618811719, 1.297385775697737 ], [ 103.796321600000169, 1.297543100000027 ], [ 103.796096113846502, 1.297440231613751 ], [ 103.795777713797932, 1.298147231584204 ], [ 103.796003199998808, 1.298250099999011 ], [ 103.795768656033715, 1.298170344692435 ], [ 103.795702092547373, 1.298368638377148 ], [ 103.79563966260298, 1.298341565193283 ], [ 103.795541707391408, 1.29857038273245 ], [ 103.79563965541827, 1.298341562077638 ], [ 103.795441555432248, 1.298255662085263 ], [ 103.795245644549851, 1.298713337909789 ], [ 103.795443744563983, 1.298799237918159 ], [ 103.795555995030412, 1.298847916121013 ], [ 103.795335875573556, 1.29967182526126 ], [ 103.795259387411335, 1.299874037403005 ], [ 103.795203827318602, 1.299853204794824 ], [ 103.795179562639376, 1.299918759144527 ], [ 103.794843576698725, 1.299527149005548 ], [ 103.794656200000219, 1.299689999999115 ], [ 103.79476126486955, 1.299464379344764 ], [ 103.794683464874126, 1.299427679347347 ], [ 103.794578400000503, 1.299653299998345 ], [ 103.794581247239691, 1.299404144318104 ], [ 103.794255767517853, 1.299400376522617 ], [ 103.794233013398909, 1.299397993060888 ], [ 103.794221297101444, 1.299392925858296 ], [ 103.79422846174522, 1.299386987987041 ], [ 103.794332624574338, 1.299399855853344 ], [ 103.794358124554051, 1.299190755850806 ], [ 103.794169803145081, 1.299167491362491 ], [ 103.794171076835326, 1.299154548141577 ], [ 103.794358762094461, 1.299135830224595 ], [ 103.794339062075849, 1.298935730225625 ], [ 103.794177006770667, 1.298951892060017 ], [ 103.794176819701278, 1.298947023722294 ], [ 103.794337279794448, 1.298921698936869 ], [ 103.794309079777321, 1.298740698938785 ], [ 103.794150462692528, 1.298765732850002 ], [ 103.794149458703856, 1.298759790402874 ], [ 103.794305865952111, 1.298723873621352 ], [ 103.794266965936487, 1.298552273624633 ], [ 103.794102662955851, 1.298590003552608 ], [ 103.794101460268877, 1.298587019108036 ], [ 103.794264557851292, 1.298542555725596 ], [ 103.794208257833191, 1.298333355730185 ], [ 103.794017146746, 1.2983854561053 ], [ 103.794015262165786, 1.298381649879227 ], [ 103.794201917455908, 1.298313220452771 ], [ 103.794133517440883, 1.298124220457906 ], [ 103.793942487260622, 1.298194253756957 ], [ 103.793947393597506, 1.298190941979254 ], [ 103.793947121273973, 1.298190533293527 ], [ 103.794130147461573, 1.298115429255183 ], [ 103.794045416643343, 1.297906259152925 ], [ 103.794000320624122, 1.297723067965822 ], [ 103.793965978933059, 1.297576891086529 ], [ 103.79395543849094, 1.297478657716557 ], [ 103.793943300254327, 1.297365433933674 ], [ 103.793905458194047, 1.296996698853561 ], [ 103.793782533074435, 1.297009478224347 ], [ 103.793782494371229, 1.297009319131534 ], [ 103.79390542490799, 1.296996376562815 ], [ 103.793902968594068, 1.296972742864361 ], [ 103.793902905861074, 1.296964574158393 ], [ 103.794019966698286, 1.296937920690499 ], [ 103.793988566686153, 1.296798220692836 ], [ 103.79390178006291, 1.296817981054426 ], [ 103.79390176139465, 1.296815550128391 ], [ 103.793914946106611, 1.296679362560265 ], [ 103.793929775224655, 1.29661696980983 ], [ 103.79392431431657, 1.296615655024133 ], [ 103.793925807893885, 1.296615296041909 ], [ 103.794023467975308, 1.296558394920296 ], [ 103.794032202574584, 1.296553970156255 ], [ 103.794203381871768, 1.296467079234801 ], [ 103.794103466969162, 1.296267683669608 ], [ 103.794106554436809, 1.296262347771159 ], [ 103.794250133228118, 1.296436233908485 ], [ 103.794298433230182, 1.296395833905375 ], [ 103.7941402000003, 1.296204200000074 ], [ 103.794264788732193, 1.295988880139089 ], [ 103.794047149389527, 1.29586131232463 ], [ 103.794014003034405, 1.295842356753363 ], [ 103.793891699999662, 1.296058999999743 ], [ 103.793673452252577, 1.295941375515262 ], [ 103.793654352250755, 1.29597727551314 ], [ 103.793855352408826, 1.296085604422419 ], [ 103.793855256423868, 1.296085653145366 ], [ 103.79365383052675, 1.2959782614396 ], [ 103.793624849111353, 1.296033326120501 ], [ 103.793556867648817, 1.296162390906305 ], [ 103.793675676329343, 1.296225783697006 ], [ 103.793678120201051, 1.296236083802732 ], [ 103.793548867043825, 1.29617904654789 ], [ 103.793492367035384, 1.296308746542517 ], [ 103.793547114185472, 1.296332905545001 ], [ 103.79350768586572, 1.296340612165175 ], [ 103.793411792489863, 1.296388461990561 ], [ 103.793372432844748, 1.296416046004731 ], [ 103.793324022089237, 1.296449901889781 ], [ 103.79325945748738, 1.29653723703525 ], [ 103.793198686441002, 1.296683133035361 ], [ 103.793222218754906, 1.297060123664512 ], [ 103.79322572177621, 1.297115772302084 ], [ 103.793240116584485, 1.297346889296292 ], [ 103.793243720566053, 1.297403953942409 ], [ 103.793252519474663, 1.297546036534789 ], [ 103.793256322260902, 1.297606380850441 ], [ 103.793261837756489, 1.297694935322212 ], [ 103.793388423699014, 1.297910320381781 ], [ 103.793488640094296, 1.297897443833389 ], [ 103.793435706582628, 1.297931808410619 ], [ 103.79349033966848, 1.298017056328427 ], [ 103.79347806022372, 1.29801829218759 ], [ 103.793421097527713, 1.297942059847721 ], [ 103.793258778769214, 1.298064924875165 ], [ 103.793141335660522, 1.298124162175847 ], [ 103.79308738876648, 1.298139003675349 ], [ 103.793017658759751, 1.2981385334338 ], [ 103.793016, 1.298387700004155 ], [ 103.792989303394918, 1.298139980818481 ], [ 103.792874803406775, 1.298152480817743 ], [ 103.792901500000838, 1.298400200001549 ], [ 103.79280931496487, 1.298168946387658 ], [ 103.792751614969575, 1.298192246385627 ], [ 103.792843800000114, 1.298423500000549 ], [ 103.792639317430329, 1.298283035792178 ], [ 103.79260771742787, 1.298329635789096 ], [ 103.792812200000398, 1.29847010000005 ], [ 103.792568624655729, 1.29842552740451 ], [ 103.792557424650013, 1.298487527402748 ], [ 103.792801000000352, 1.29853210000044 ], [ 103.792554791903967, 1.298506013943111 ], [ 103.792538391889238, 1.298662813941937 ], [ 103.792784599996949, 1.298688900000412 ], [ 103.792537287503109, 1.298700229704246 ], [ 103.792546187483779, 1.298897029704156 ], [ 103.792793500000343, 1.298885700000068 ], [ 103.792549668468681, 1.298928830588991 ], [ 103.792588468447235, 1.299151030591746 ], [ 103.792832300001564, 1.299107899999787 ], [ 103.792591525431604, 1.299165873570221 ], [ 103.792658625406119, 1.299448173576138 ], [ 103.792899399999882, 1.299390200000196 ], [ 103.792700031631114, 1.299492656539891 ], [ 103.792649055281061, 1.299473207101647 ], [ 103.792561300000145, 1.299706199998368 ], [ 103.792609503094909, 1.29946179658802 ], [ 103.792513903103398, 1.299442696590001 ], [ 103.792465699999923, 1.299687099998269 ], [ 103.792498184287624, 1.299440082146454 ], [ 103.792385584298586, 1.299425082148363 ], [ 103.792353100000241, 1.299672099994791 ], [ 103.792364865789381, 1.29942320940215 ], [ 103.792258365799256, 1.299418109403289 ], [ 103.792255503470656, 1.299478658356161 ], [ 103.792244118816839, 1.299464053801587 ], [ 103.792238031946752, 1.299456524555777 ], [ 103.792236465180835, 1.299418036723716 ], [ 103.792207870489307, 1.299419215886869 ], [ 103.791898235629134, 1.299036208293744 ], [ 103.791837181229525, 1.298966518072175 ], [ 103.791853229989073, 1.298953251403105 ], [ 103.791696100000578, 1.298760700000241 ], [ 103.791859875615685, 1.298947557451746 ], [ 103.791914689082304, 1.298898890499636 ], [ 103.791991053784827, 1.298844923943963 ], [ 103.792049455318477, 1.298809052605524 ], [ 103.792103004345094, 1.298789164974362 ], [ 103.791931595670277, 1.29832163502283 ], [ 103.791855395676379, 1.298349935019785 ], [ 103.791941099999988, 1.298583700001137 ], [ 103.791812135426483, 1.298371006000732 ], [ 103.791726335431193, 1.298423705996362 ], [ 103.791855299999924, 1.298636400000033 ], [ 103.7917130369825, 1.29843247610657 ], [ 103.791618936986467, 1.29849897610119 ], [ 103.791761199999726, 1.29870289999975 ], [ 103.791597424407229, 1.298516042542194 ], [ 103.791535597342659, 1.29857093661553 ], [ 103.791480066614753, 1.298616840954336 ], [ 103.791411589283783, 1.298661389402549 ], [ 103.791394770545367, 1.298672243355081 ], [ 103.791410253001359, 1.298696545993056 ], [ 103.791361350026605, 1.298779110658891 ], [ 103.791317194803966, 1.298853753924593 ], [ 103.791307578802233, 1.29893931664397 ], [ 103.791224743967703, 1.299011507765685 ], [ 103.79132213750043, 1.299124713206984 ], [ 103.791384761883947, 1.299203208816087 ], [ 103.791466510308226, 1.299137141687041 ], [ 103.791477477373789, 1.299136233173413 ], [ 103.791392108821967, 1.299211995067569 ], [ 103.791520364346994, 1.299358391691129 ], [ 103.79171433495776, 1.299598326677403 ], [ 103.791598998025393, 1.299661682084699 ], [ 103.791717599999714, 1.299880399999945 ], [ 103.791579675179676, 1.299673479048024 ], [ 103.791456710703685, 1.299756507184588 ], [ 103.791353191954485, 1.299823882763629 ], [ 103.79131431950492, 1.299849115756303 ], [ 103.79129622589717, 1.299860638527351 ], [ 103.791375460083586, 1.299986672754054 ], [ 103.791378252059246, 1.300113815969758 ], [ 103.79133566055539, 1.300149866663221 ], [ 103.791263498747597, 1.300015026833088 ], [ 103.791135298755847, 1.30008452682742 ], [ 103.791310780335365, 1.300412427516945 ], [ 103.791309866577237, 1.300413401866722 ], [ 103.791312786070932, 1.300416175385578 ], [ 103.791370101264093, 1.300523273167237 ], [ 103.791405385478669, 1.300504144829957 ], [ 103.791431866578009, 1.300529301874614 ], [ 103.791476693821821, 1.300481502096231 ], [ 103.791485270319626, 1.300481311314413 ], [ 103.791485078185005, 1.300472561757759 ], [ 103.791561720885014, 1.300390836803952 ], [ 103.791605746930585, 1.300354169840529 ], [ 103.791737371508674, 1.300556590470064 ], [ 103.791766671509706, 1.300537290468615 ], [ 103.791632894655876, 1.300331559935385 ], [ 103.791632899222364, 1.300331556132608 ], [ 103.791767043661395, 1.300537044850272 ], [ 103.791791843662764, 1.300520644848603 ], [ 103.791655900000762, 1.300312399999765 ], [ 103.791673020795159, 1.300298140994491 ], [ 103.791831377120019, 1.300182326205061 ], [ 103.7918241308289, 1.300172289418323 ], [ 103.79184663473923, 1.300153547097243 ], [ 103.791814796205827, 1.300114821757752 ], [ 103.791846131195499, 1.300093663728392 ], [ 103.792081602009617, 1.299964317898801 ], [ 103.791980404990028, 1.299777697122037 ], [ 103.791980982148871, 1.299777241363458 ], [ 103.792085919785762, 1.299961889458807 ], [ 103.79211962894172, 1.299942483191029 ], [ 103.792179462850683, 1.299919374922615 ], [ 103.792180351204806, 1.299919113115502 ], [ 103.792245782913355, 1.299916414900942 ], [ 103.79233093583025, 1.299920492646528 ], [ 103.792425314490075, 1.299933065293044 ], [ 103.792492848116609, 1.29994655789008 ], [ 103.792559642920793, 1.299972042677642 ], [ 103.79281632106246, 1.300100285832495 ], [ 103.792926400000297, 1.299877099998357 ], [ 103.792841157717817, 1.300111036072398 ], [ 103.793068012898047, 1.300194772443857 ], [ 103.79303179715852, 1.300215422647618 ], [ 103.793095797151906, 1.300329122653095 ], [ 103.793245926940713, 1.300243518686197 ], [ 103.793266728679882, 1.300247665971428 ], [ 103.793129386199865, 1.300375418071007 ], [ 103.793377586196257, 1.300645718088556 ], [ 103.793559399999836, 1.3004766 ], [ 103.793380484025249, 1.300648820340356 ], [ 103.7935885840228, 1.300867820355229 ], [ 103.793901063727091, 1.300567034640554 ], [ 103.793917307802261, 1.300585463005491 ], [ 103.794102499999966, 1.300420100000304 ], [ 103.793946623243883, 1.300613680593334 ], [ 103.794001423245405, 1.300658380596248 ], [ 103.79415729999937, 1.300464800001646 ], [ 103.794040426583891, 1.300684458509772 ], [ 103.794099426587437, 1.30071625851289 ], [ 103.794216299999462, 1.300496600000149 ], [ 103.794184465892727, 1.300743703590079 ], [ 103.794248065898998, 1.300752003591376 ], [ 103.79427989999968, 1.300504900001375 ], [ 103.794312262767946, 1.30075193401631 ], [ 103.794386862775866, 1.300742034015233 ], [ 103.794354500000438, 1.30049500000193 ], [ 103.794453153219578, 1.300723534092127 ], [ 103.794512153223735, 1.300697734089448 ], [ 103.794413500000147, 1.30046920000049 ], [ 103.794578626764661, 1.300654849066191 ], [ 103.794618026765107, 1.300619349063386 ], [ 103.794452899998959, 1.300433699999304 ], [ 103.79469598307314, 1.300480917533325 ], [ 103.794705283068097, 1.300432417532236 ], [ 103.794462199998321, 1.300385200000137 ], [ 103.794708876590462, 1.300364065666397 ], [ 103.794703776585209, 1.300303765666869 ], [ 103.794457099999818, 1.300324900000293 ], [ 103.79469064657367, 1.300242232381917 ], [ 103.794675446570267, 1.300198732383496 ], [ 103.79444190000001, 1.300281400000591 ], [ 103.794636431573522, 1.300127281714772 ], [ 103.794610231572719, 1.300093781716054 ], [ 103.794415700001196, 1.300247899999007 ], [ 103.794572113041042, 1.300054758117177 ], [ 103.794522013042013, 1.300013658120247 ], [ 103.794365600001072, 1.300206799998074 ], [ 103.7944904879147, 1.299991655675413 ], [ 103.794454687375946, 1.299970603951392 ], [ 103.794421186734041, 1.299940755636561 ], [ 103.794399756562115, 1.299905211861091 ], [ 103.794397668155455, 1.299900396470679 ], [ 103.794510738400888, 1.299901705384781 ], [ 103.794813723268206, 1.30025485100456 ], [ 103.795001100000576, 1.300092 ], [ 103.794929168522714, 1.300330422707386 ], [ 103.794973668526737, 1.300344022709376 ], [ 103.79504559999998, 1.300105600000631 ], [ 103.795072329598199, 1.300208463827236 ], [ 103.795030972665273, 1.300320195201195 ], [ 103.795083211508953, 1.300339782487063 ], [ 103.795004644601221, 1.300547479550202 ], [ 103.794706685773363, 1.301197695263492 ], [ 103.794542298841009, 1.301484888862545 ], [ 103.794498615388164, 1.301561159959016 ], [ 103.794690701045425, 1.301672604538216 ], [ 103.794690699250964, 1.301672608893608 ], [ 103.794498593177323, 1.301561198747773 ], [ 103.794399493168214, 1.30173429873887 ], [ 103.794613999999669, 1.301858699999981 ], [ 103.794519139392023, 1.302088854948899 ], [ 103.795056878844463, 1.30231336938837 ], [ 103.795868639039398, 1.302672235008098 ], [ 103.795968200000019, 1.302444099999932 ], [ 103.796069402385257, 1.302671502202811 ], [ 103.796150098568916, 1.302635122777313 ], [ 103.796351001324297, 1.303073458857221 ], [ 103.796413493239243, 1.303044444753832 ], [ 103.79658091372859, 1.302970156275082 ], [ 103.79663018978728, 1.303023399280365 ], [ 103.796599782567554, 1.303049122264351 ], [ 103.796668523215914, 1.30313143661208 ], [ 103.79666973829751, 1.303290614325806 ], [ 103.796815581614155, 1.303289486562924 ], [ 103.796869527823105, 1.303342153416817 ], [ 103.796910043850644, 1.303300113979194 ], [ 103.796940938558748, 1.303344299913799 ], [ 103.796955095821659, 1.303334272572011 ], [ 103.797075945885908, 1.303479988352017 ], [ 103.797232128937722, 1.303348774198129 ], [ 103.797281299031809, 1.303358703428432 ], [ 103.797284671822013, 1.303341784171016 ], [ 103.797352546769503, 1.303422146290551 ], [ 103.797490346772435, 1.303304246282096 ], [ 103.797409433980178, 1.303208447708916 ], [ 103.797414652760366, 1.303207874687059 ], [ 103.797496772802887, 1.303298552703494 ], [ 103.797710764223822, 1.303102239248286 ], [ 103.79821965890747, 1.302685248961703 ], [ 103.798339816264161, 1.302584774323421 ], [ 103.798997965892582, 1.302003020619172 ], [ 103.799221216341124, 1.301805652822706 ], [ 103.799611309612402, 1.301462013390757 ], [ 103.79985902854574, 1.301256431687349 ], [ 103.800577531105034, 1.300620557833689 ], [ 103.800667929098452, 1.300963661545291 ], [ 103.80074715339822, 1.301391019706754 ], [ 103.800804106853761, 1.301663344348217 ], [ 103.800846891518574, 1.301865288058607 ], [ 103.800930391309109, 1.302243787271138 ], [ 103.800956974240847, 1.302369262734687 ], [ 103.8009837742282, 1.302495762731886 ], [ 103.800998703583659, 1.302566063160101 ], [ 103.801105097377487, 1.303168370579393 ], [ 103.801217432172706, 1.303991795151681 ], [ 103.801462699997202, 1.303957899999833 ], [ 103.801710160734842, 1.303965271179841 ], [ 103.801723882857445, 1.303498614285099 ], [ 103.80170608384897, 1.303289780194328 ], [ 103.801655613775509, 1.302903845049994 ], [ 103.801551475743025, 1.302373512739822 ], [ 103.801524583022513, 1.302236420591041 ], [ 103.801268672608657, 1.301011956069714 ], [ 103.80118786295607, 1.300495157498345 ], [ 103.80117500390061, 1.300442033479495 ], [ 103.801200313221827, 1.300420730881199 ], [ 103.801243488950021, 1.300385923230485 ], [ 103.801287766000698, 1.300352648819438 ], [ 103.80145637207626, 1.300425540216121 ], [ 103.80155078170614, 1.300204322037888 ], [ 103.801551913536898, 1.300202942206087 ], [ 103.80174669195921, 1.300057525430816 ], [ 103.80171635377674, 1.300016360872483 ], [ 103.801717352389161, 1.300015551315001 ], [ 103.801747984666491, 1.30005655373891 ], [ 103.801895184671963, 1.299945153730557 ], [ 103.8018608615793, 1.299899211018174 ], [ 103.801872198323309, 1.299890020524565 ], [ 103.801909859853339, 1.299933137417569 ], [ 103.802328359861349, 1.299562837390881 ], [ 103.802306565879903, 1.29953788650424 ], [ 103.802307395290697, 1.299537214114836 ], [ 103.802329279692685, 1.299562019422483 ], [ 103.802462866431682, 1.299442631266123 ], [ 103.802646131526672, 1.299278885109099 ], [ 103.80278366805571, 1.299437974134971 ], [ 103.802824809318139, 1.299486479589087 ], [ 103.803013071062594, 1.299324724863029 ], [ 103.803013071452554, 1.299324725303459 ], [ 103.802827308384153, 1.29948938042252 ], [ 103.802845508384195, 1.299510180424394 ], [ 103.803031300000058, 1.299345500000242 ], [ 103.802846802794832, 1.299511648057583 ], [ 103.802942215903983, 1.299618975403582 ], [ 103.803053438521601, 1.299746201293917 ], [ 103.802840300044508, 1.299939659725429 ], [ 103.802976807496194, 1.300092008239043 ], [ 103.802896264604158, 1.300113356958247 ], [ 103.80278026346646, 1.300150543137611 ], [ 103.802660815895848, 1.30024008967499 ], [ 103.802570332948676, 1.300323214065054 ], [ 103.802492790532568, 1.300422204371234 ], [ 103.802496203888623, 1.300543622741297 ], [ 103.802499297203767, 1.300583526557121 ], [ 103.802518642668346, 1.300719912172676 ], [ 103.802675868209604, 1.300841872178729 ], [ 103.802821118208186, 1.300841872180496 ], [ 103.803174797720544, 1.300719334958462 ], [ 103.803207149684098, 1.30071052625571 ], [ 103.803206559534004, 1.300708330630261 ], [ 103.803209439479147, 1.300707332832287 ], [ 103.803210107443007, 1.300709701087416 ], [ 103.803288507449864, 1.300687301085887 ], [ 103.803286615731366, 1.300680594028926 ], [ 103.803382980153586, 1.300647207209003 ], [ 103.803342700634744, 1.300419608519446 ], [ 103.803442375879044, 1.300396701755838 ], [ 103.803475055506865, 1.300440846773182 ], [ 103.803417392575483, 1.300532569912249 ], [ 103.803835807447527, 1.300799030070259 ], [ 103.803953807437949, 1.300611330061026 ], [ 103.803744599999206, 1.300478100000422 ], [ 103.803978748635458, 1.300559024141944 ], [ 103.80399614863174, 1.300508024140071 ], [ 103.803762000000461, 1.300427100000234 ], [ 103.80381305522225, 1.300405969213803 ], [ 103.803871519875386, 1.300461231466643 ], [ 103.804210480099911, 1.300097968521587 ], [ 103.803866820007997, 1.299773132391224 ], [ 103.803821932491033, 1.299725687436436 ], [ 103.804006144685573, 1.299568418824206 ], [ 103.803846000000107, 1.299378400000206 ], [ 103.804008763546435, 1.299566151195621 ], [ 103.804214273883829, 1.299385676641806 ], [ 103.804284602157992, 1.299327804324861 ], [ 103.80416582015043, 1.299181580669433 ], [ 103.804165820660813, 1.299181580212735 ], [ 103.80428460434058, 1.299327802529722 ], [ 103.804394880731223, 1.299237055257746 ], [ 103.804635534454391, 1.29905225357079 ], [ 103.804841413465184, 1.298899537545369 ], [ 103.805236899411298, 1.298686598271676 ], [ 103.805714755912291, 1.29844374827836 ], [ 103.806029520775866, 1.298286764785244 ], [ 103.805919600001829, 1.298063500003406 ], [ 103.806041831038186, 1.298280184495464 ], [ 103.806154531044953, 1.29821578449056 ], [ 103.80613655470961, 1.298183917032054 ], [ 103.806155555803485, 1.298152227495907 ], [ 103.806188140899607, 1.298192709757605 ], [ 103.806208837455472, 1.298175834105071 ], [ 103.80636940562276, 1.298353839131055 ], [ 103.806468782335699, 1.298467799026878 ], [ 103.806465767083424, 1.298646570736286 ], [ 103.8066828910015, 1.298650280443674 ], [ 103.806687047111225, 1.298656692104401 ], [ 103.8064716662048, 1.29870503141144 ], [ 103.806486466198422, 1.29877183141283 ], [ 103.806726727899061, 1.298717907949704 ], [ 103.80672695893449, 1.298718264369521 ], [ 103.806513805080456, 1.298842370302098 ], [ 103.806526069440906, 1.298863708298915 ], [ 103.806539398883146, 1.298886930034522 ], [ 103.806620185286704, 1.299041995334124 ], [ 103.806730801790266, 1.299292946256473 ], [ 103.806957099999835, 1.299191900000246 ], [ 103.807011333940835, 1.299317864627598 ], [ 103.806991183446627, 1.29936955987014 ], [ 103.807042277618166, 1.299389734906819 ], [ 103.807055535976701, 1.299420528979684 ], [ 103.807086292589943, 1.299407114649874 ], [ 103.807152121506633, 1.29943310784174 ], [ 103.807307153543107, 1.299447717049341 ], [ 103.807482632403321, 1.299393056800115 ], [ 103.8076294103886, 1.299303433455991 ], [ 103.807500999999746, 1.299090399999935 ], [ 103.80766689624329, 1.298905447213847 ], [ 103.807570614419731, 1.298817963347935 ], [ 103.807434729711233, 1.298737316325376 ], [ 103.807268883678773, 1.298764888745196 ], [ 103.807081294395914, 1.298859215309632 ], [ 103.807069498173647, 1.298832453732983 ], [ 103.807012136793418, 1.298858066639458 ], [ 103.807145854900241, 1.298770001397392 ], [ 103.807010300000968, 1.298561500001787 ], [ 103.807178011092361, 1.298744787231137 ], [ 103.80735692950239, 1.298578945904442 ], [ 103.807381419644344, 1.298557073028777 ], [ 103.80705278037955, 1.298184326960629 ], [ 103.807026580380082, 1.298207726958997 ], [ 103.8071909, 1.2983941 ], [ 103.80702318892935, 1.298210812769653 ], [ 103.806941199851565, 1.298286809290068 ], [ 103.806939905662702, 1.298282843612764 ], [ 103.806704699999983, 1.298360600000083 ], [ 103.806890766866971, 1.298196234764818 ], [ 103.806740166863307, 1.298023534776318 ], [ 103.806554099984396, 1.298187900013378 ], [ 103.80673739574155, 1.298020410361326 ], [ 103.806591421083766, 1.297858583650654 ], [ 103.80667100630275, 1.297798938848416 ], [ 103.806936113906758, 1.297611113888691 ], [ 103.807008383007386, 1.297565699327556 ], [ 103.807091510029807, 1.297523869382391 ], [ 103.807005665788964, 1.297351057104861 ], [ 103.807007580468564, 1.297349746080932 ], [ 103.807100597613285, 1.297519056820764 ], [ 103.80736396495125, 1.297372485499219 ], [ 103.807494485102154, 1.297316140261111 ], [ 103.807658293082469, 1.297260228111005 ], [ 103.807808574000603, 1.297217864595533 ], [ 103.808001570438137, 1.297177098236247 ], [ 103.808103698403983, 1.297534200113952 ], [ 103.808142923424583, 1.297675903420332 ], [ 103.807688724582249, 1.297800035325182 ], [ 103.80775359999987, 1.298040499999699 ], [ 103.807580799763599, 1.297862065811057 ], [ 103.807564999763329, 1.297877565810281 ], [ 103.807737799999515, 1.298056 ], [ 103.807491838005021, 1.298027659645466 ], [ 103.807489438002932, 1.298048759645374 ], [ 103.807735399998506, 1.298077100000166 ], [ 103.807495962917031, 1.298140436642272 ], [ 103.807544062900774, 1.298324636646519 ], [ 103.807811193665913, 1.298253974383005 ], [ 103.807818475429329, 1.29828096467323 ], [ 103.808138271571451, 1.298193564847854 ], [ 103.808159884090159, 1.298271325625698 ], [ 103.808302992640293, 1.298231033641149 ], [ 103.808304588103596, 1.298236613307066 ], [ 103.808780411884655, 1.29809878666963 ], [ 103.808746121073511, 1.297978864665914 ], [ 103.808910327688139, 1.297929537431257 ], [ 103.808816827661161, 1.297614237439339 ], [ 103.808653891072112, 1.29766318316191 ], [ 103.808652038879899, 1.297657054014309 ], [ 103.808810235649602, 1.297594931797005 ], [ 103.808783834475278, 1.297526826271868 ], [ 103.809112803746189, 1.297395780515952 ], [ 103.808949607137308, 1.296875553047579 ], [ 103.808951530388526, 1.29687490283792 ], [ 103.808872700004883, 1.296638700014751 ], [ 103.808953792542937, 1.296874125801626 ], [ 103.809099197386189, 1.296823389997822 ], [ 103.809179052777722, 1.296801913414563 ], [ 103.809235739973573, 1.29678927555772 ], [ 103.80918220000035, 1.296546000000616 ], [ 103.809238356291672, 1.296788677288529 ], [ 103.809387683832981, 1.296753673257537 ], [ 103.80955876629119, 1.296748256185388 ], [ 103.809740938054929, 1.296766252650073 ], [ 103.810022492814397, 1.296833023782058 ], [ 103.810096989595948, 1.296850709549241 ], [ 103.810148469390725, 1.296876933583291 ], [ 103.810219150089935, 1.296902277887527 ], [ 103.810339286412102, 1.2969328538942 ], [ 103.810468673856789, 1.296961795822941 ], [ 103.810602521621988, 1.296978097084029 ], [ 103.810725783662846, 1.296992022539083 ], [ 103.810814127954956, 1.296995533658725 ], [ 103.810856338030788, 1.296996731107767 ], [ 103.810896851914322, 1.296998370955304 ], [ 103.810898609964113, 1.296954372204911 ], [ 103.810906100002072, 1.296954372204788 ], [ 103.810906100001446, 1.296852975298689 ], [ 103.810909427063706, 1.296854638830449 ], [ 103.810913018091597, 1.296998493597486 ], [ 103.810953751577614, 1.296997463555114 ], [ 103.811236786678705, 1.296996676253402 ], [ 103.811343407356119, 1.296997938036965 ], [ 103.811414880225314, 1.296994703970607 ], [ 103.811474429186205, 1.296982028890719 ], [ 103.811492787678148, 1.29697568926786 ], [ 103.812406384904108, 1.29696499249671 ], [ 103.812406145197585, 1.296987985678534 ], [ 103.812653699999814, 1.296990600000125 ], [ 103.81240613157037, 1.296990599988045 ], [ 103.812406131558603, 1.297112027782318 ], [ 103.812400406621236, 1.297120820235682 ], [ 103.812324478014688, 1.297178516914028 ], [ 103.812193688030902, 1.297235173605497 ], [ 103.811997875394852, 1.297314583766304 ], [ 103.812090400001608, 1.297545700002012 ], [ 103.8119501724793, 1.29734035286951 ], [ 103.81181067248599, 1.297436852861239 ], [ 103.811950900002103, 1.29764220000217 ], [ 103.811772227246863, 1.297469724217412 ], [ 103.811666925751837, 1.297580226989561 ], [ 103.811618194297267, 1.297629034228721 ], [ 103.811580796244911, 1.297656428875488 ], [ 103.811546764596159, 1.297668720215429 ], [ 103.811423571570657, 1.297689139416833 ], [ 103.811463799999515, 1.297934999997003 ], [ 103.811416319361157, 1.297690453328674 ], [ 103.811217910442224, 1.297729476655439 ], [ 103.810903978969051, 1.29777386310447 ], [ 103.810756298305989, 1.29779397874487 ], [ 103.810789500000425, 1.298040899999908 ], [ 103.810712036784722, 1.297804239388708 ], [ 103.810560636796694, 1.297854439384576 ], [ 103.810638099998812, 1.298091099997414 ], [ 103.810530526775153, 1.297866679899133 ], [ 103.810412726782886, 1.297923879894111 ], [ 103.810520300001087, 1.298148300001712 ], [ 103.810391758581673, 1.297935346634461 ], [ 103.810295758587017, 1.297994046629358 ], [ 103.810424300000278, 1.298207000000425 ], [ 103.810262980287831, 1.29801799075626 ], [ 103.810172880290111, 1.298095890750635 ], [ 103.810334200000597, 1.298284900000436 ], [ 103.810152071077667, 1.298116125857321 ], [ 103.810062971077059, 1.298213525850727 ], [ 103.810245100274869, 1.298382300254318 ], [ 103.8100628345329, 1.298213675236048 ], [ 103.809969804571423, 1.298315537671543 ], [ 103.809872477858249, 1.298381655965818 ], [ 103.809709617115388, 1.298464977918318 ], [ 103.809821800000222, 1.2986871 ], [ 103.809656187492834, 1.298501889822584 ], [ 103.80952878749504, 1.298617289814654 ], [ 103.809694400002144, 1.298802500002074 ], [ 103.809494708605158, 1.298655218422694 ], [ 103.809396708600886, 1.298789818414903 ], [ 103.809596399999805, 1.298937100000199 ], [ 103.809378425278368, 1.298818963237164 ], [ 103.809315025271971, 1.29893746323169 ], [ 103.809342602661289, 1.298952409478113 ], [ 103.809325935373707, 1.298949674597659 ], [ 103.809320927646681, 1.298980590022048 ], [ 103.809299434156713, 1.298972987775344 ], [ 103.809249434145428, 1.299116187770877 ], [ 103.809296279415904, 1.299132756942174 ], [ 103.809289031510772, 1.299177502192481 ], [ 103.809236891553255, 1.299171777204073 ], [ 103.809233791550355, 1.299200377204213 ], [ 103.809284425621939, 1.299205936845025 ], [ 103.809246264618039, 1.299441525400683 ], [ 103.809440064636973, 1.299473325403926 ], [ 103.809479900000298, 1.299227400000141 ], [ 103.809601656957099, 1.299240768948881 ], [ 103.809716565870133, 1.299281412207832 ], [ 103.809725990251394, 1.299254420773218 ], [ 103.809726008455002, 1.299254422772035 ], [ 103.809726016964049, 1.29925434426964 ], [ 103.809760149805669, 1.299156587783912 ], [ 103.809806236902176, 1.299070447063025 ], [ 103.809878995730145, 1.298970515030953 ], [ 103.809963118579361, 1.298894315836952 ], [ 103.810110482915974, 1.29881892206858 ], [ 103.809998300000117, 1.298596800000365 ], [ 103.810136803910794, 1.298803328762154 ], [ 103.81027090391656, 1.298712228754656 ], [ 103.810132399999702, 1.2985057 ], [ 103.810314665491987, 1.298674324759169 ], [ 103.810427296971042, 1.298550999775886 ], [ 103.810506512793069, 1.298464404696213 ], [ 103.810570206854308, 1.298409335133536 ], [ 103.810638632202355, 1.298367495882984 ], [ 103.810731017904388, 1.298322636271552 ], [ 103.81084530203664, 1.298284742854231 ], [ 103.810971001714663, 1.298267621252253 ], [ 103.8109378, 1.298020699999697 ], [ 103.810972239999231, 1.29826744937971 ], [ 103.811293340030687, 1.29822204937605 ], [ 103.811258900000794, 1.29797529999982 ], [ 103.811306380628835, 1.298219846673116 ], [ 103.811507664240509, 1.298180257949044 ], [ 103.811649428450593, 1.298156760579648 ], [ 103.811609200000618, 1.297910899999805 ], [ 103.811692818860195, 1.298145428877216 ], [ 103.811781418867454, 1.298113428874629 ], [ 103.811697800000658, 1.297878899999987 ], [ 103.811843481929998, 1.298080363931642 ], [ 103.811924981933174, 1.298020663926833 ], [ 103.811779300002414, 1.297819200003373 ], [ 103.811953927712423, 1.29799582274487 ], [ 103.812018227712841, 1.297931422739842 ], [ 103.811843600009823, 1.297754800009053 ], [ 103.81202227277798, 1.297927275777911 ], [ 103.812112022564136, 1.297833092865315 ], [ 103.812208184289659, 1.297766572385944 ], [ 103.812381424637209, 1.297696316223119 ], [ 103.812288899996815, 1.297465199993349 ], [ 103.812386773219885, 1.297694073575131 ], [ 103.81254767323226, 1.297624373569839 ], [ 103.812449800000806, 1.297395500002142 ], [ 103.812598971311644, 1.297594360454014 ], [ 103.812733071316458, 1.297492460446446 ], [ 103.812583899999964, 1.297293600000488 ], [ 103.812790965743758, 1.297430176958131 ], [ 103.812860765738918, 1.297322976951828 ], [ 103.812653699999913, 1.297186399999896 ], [ 103.812901268448769, 1.297186399987913 ], [ 103.812901268429925, 1.296991907242585 ], [ 103.812901543341553, 1.296965536574147 ], [ 103.812972632234761, 1.296965671763538 ], [ 103.81297300810968, 1.296765448749509 ], [ 103.812973008197744, 1.296765448736848 ], [ 103.812972632684037, 1.296965671764446 ], [ 103.813546979891825, 1.296966762874934 ], [ 103.813558889500626, 1.296979626918976 ], [ 103.813280679982512, 1.297206604556877 ], [ 103.813319579980558, 1.297254904559876 ], [ 103.813511900000393, 1.297098000000513 ], [ 103.813366902275888, 1.29729996329993 ], [ 103.813440602278604, 1.297353563303931 ], [ 103.813585599999556, 1.297151600000307 ], [ 103.813531104731155, 1.297394660597999 ], [ 103.813590104736164, 1.297408060599753 ], [ 103.813644600000146, 1.297164999998917 ], [ 103.813704119125774, 1.297406864047513 ], [ 103.813773919132146, 1.297389464046312 ], [ 103.813714400000237, 1.297147599999239 ], [ 103.813883172345527, 1.297329897691963 ], [ 103.814011872347209, 1.297209197683536 ], [ 103.813843100000454, 1.297026900000162 ], [ 103.814045886271828, 1.297169833570626 ], [ 103.814165286265435, 1.296998233561412 ], [ 103.8141222084936, 1.296967870267987 ], [ 103.814122890212545, 1.29696787168129 ], [ 103.814122945644939, 1.296940777827411 ], [ 103.814123031465414, 1.296940823548228 ], [ 103.814122986588572, 1.296967871861995 ], [ 103.814173963165501, 1.296967957538772 ], [ 103.814181305967594, 1.296971869434475 ], [ 103.814183354996828, 1.296967973323638 ], [ 103.814301486605856, 1.296968171862923 ], [ 103.814301900000075, 1.296719000000779 ], [ 103.814301496426054, 1.296968171879276 ], [ 103.814423355369556, 1.296968371812056 ], [ 103.815233314163848, 1.296969971731573 ], [ 103.815233800000101, 1.296720800230227 ], [ 103.815233799998452, 1.29696997221167 ], [ 103.815256473089633, 1.296969972211948 ], [ 103.815689345669739, 1.296970771792567 ], [ 103.81568979994023, 1.296721632936955 ], [ 103.815689349068023, 1.296970771798922 ], [ 103.816016649100234, 1.29697137179918 ], [ 103.816182185846671, 1.296971682376368 ], [ 103.816225098811287, 1.296989042620804 ], [ 103.816311071396413, 1.296989994347209 ], [ 103.816327907433646, 1.29698848135753 ], [ 103.816344545325904, 1.296993550925659 ], [ 103.816360078918024, 1.296998157701966 ], [ 103.816386010139553, 1.297064098585118 ], [ 103.816469584236302, 1.297228277168945 ], [ 103.816506526843114, 1.297303063434408 ], [ 103.816574138763173, 1.297435632131181 ], [ 103.816583175162862, 1.297457374740484 ], [ 103.816583722766552, 1.297460322335745 ], [ 103.816586122529898, 1.297497336925162 ], [ 103.816599796322677, 1.297684748566014 ], [ 103.81684670000034, 1.297666499999567 ], [ 103.816872030740427, 1.297914364489195 ], [ 103.816917430744581, 1.29790966448857 ], [ 103.816892236372539, 1.297663134419401 ], [ 103.817042781009022, 1.297652007702756 ], [ 103.81713915403752, 1.297645744709445 ], [ 103.817127395995271, 1.297462463917781 ], [ 103.817115370180701, 1.297352227387243 ], [ 103.817077669800582, 1.297199701070368 ], [ 103.817022674766022, 1.297046482385623 ], [ 103.816977204336695, 1.296968093271696 ], [ 103.816941547188236, 1.296895563402312 ], [ 103.816922255540078, 1.296846457401696 ], [ 103.816905960230756, 1.29680489614162 ], [ 103.816866856311265, 1.296677412882167 ], [ 103.816878240903307, 1.296650443551528 ], [ 103.816907265209551, 1.296574440349104 ], [ 103.816920723001388, 1.296517244713269 ], [ 103.816928141509109, 1.296446987014216 ], [ 103.816924091503822, 1.296392005200639 ], [ 103.81693459503802, 1.295957662888921 ], [ 103.816688959877709, 1.295951645561359 ], [ 103.816688931257289, 1.295951510093655 ], [ 103.816934374324532, 1.295939459987544 ], [ 103.816925374306479, 1.295753759987851 ], [ 103.81665000833884, 1.295767279167851 ], [ 103.816538609637831, 1.295240003911551 ], [ 103.81649820285881, 1.295078171222888 ], [ 103.816427134766172, 1.295096146348358 ], [ 103.816427091833148, 1.295095970324315 ], [ 103.816498140388333, 1.295077921569854 ], [ 103.81648690854405, 1.295033132875115 ], [ 103.816575671810511, 1.294881890584655 ], [ 103.816470296541311, 1.294473375294931 ], [ 103.816343702696585, 1.29441687296302 ], [ 103.816331520157689, 1.29435971349919 ], [ 103.816327168284033, 1.294339067414632 ], [ 103.816321264337702, 1.29431163678478 ], [ 103.816385076089773, 1.294319242044577 ], [ 103.816624768907332, 1.294347828360189 ], [ 103.816717189950253, 1.294362164612145 ], [ 103.816742448135543, 1.294197216619923 ], [ 103.816754616312608, 1.294180197182867 ], [ 103.817028753247257, 1.294084707052157 ], [ 103.817018953244883, 1.294056207053222 ], [ 103.816785000000209, 1.294137699999687 ], [ 103.816929600976621, 1.293935448876042 ], [ 103.816899500977755, 1.293913648877655 ], [ 103.816754900000234, 1.294115900000498 ], [ 103.816792610042626, 1.293869635385904 ], [ 103.816695910051763, 1.293854635388082 ], [ 103.816658199999409, 1.294100900002045 ], [ 103.816687331653284, 1.293853458878548 ], [ 103.816443331676652, 1.293824358882112 ], [ 103.816414200000438, 1.294071800000731 ], [ 103.816443312498166, 1.293824356595749 ], [ 103.816355212506267, 1.293813856596284 ], [ 103.81632610000014, 1.294061299997445 ], [ 103.816350515181355, 1.293813342455863 ], [ 103.816206641218585, 1.293798991702855 ], [ 103.816112037503117, 1.293381200230193 ], [ 103.816044555552878, 1.293112281231887 ], [ 103.816025026066725, 1.29303308379595 ], [ 103.816002941131472, 1.292940228950461 ], [ 103.815995370263167, 1.292907518929371 ], [ 103.815958782542992, 1.29274794877626 ], [ 103.816056767207257, 1.292741791885879 ], [ 103.816317453234532, 1.292766108917051 ], [ 103.816340300000604, 1.292518000000569 ], [ 103.816370480833271, 1.292765313707986 ], [ 103.816977980890968, 1.292690213701651 ], [ 103.816947800000236, 1.292442900000597 ], [ 103.816977989149478, 1.292690212680677 ], [ 103.81723675595839, 1.292658214634457 ], [ 103.817429272539812, 1.292637019252095 ], [ 103.818563850672973, 1.292539720498721 ], [ 103.818564879009102, 1.292552746092129 ], [ 103.818589849362397, 1.292882155423575 ], [ 103.818836700000432, 1.292863199999873 ], [ 103.818590114975393, 1.292885382760428 ], [ 103.818665373843871, 1.293732842345935 ], [ 103.818670251009777, 1.293817093141795 ], [ 103.818917399991889, 1.293802600000139 ], [ 103.818671508565913, 1.293831550616284 ], [ 103.818686908553005, 1.293964050617675 ], [ 103.818932800002372, 1.293935099999297 ], [ 103.818695523924887, 1.294006197991288 ], [ 103.818732823913535, 1.294132297994645 ], [ 103.818970099999973, 1.29406120000024 ], [ 103.818743908675899, 1.294162487417682 ], [ 103.818776698354966, 1.294236664082376 ], [ 103.818791486900864, 1.294270138163307 ], [ 103.819243913081507, 1.29406766181597 ], [ 103.81922911307899, 1.294034161817522 ], [ 103.819002900000413, 1.294135400000208 ], [ 103.819229091311172, 1.294034112559362 ], [ 103.819202804312653, 1.293974646251707 ], [ 103.819176198446812, 1.293884699908395 ], [ 103.81916412945688, 1.29378085966278 ], [ 103.819159448979235, 1.29370000683419 ], [ 103.818912300000079, 1.293714499999714 ], [ 103.819158885102766, 1.29369231720868 ], [ 103.819083428249101, 1.292842630052971 ], [ 103.819058550601937, 1.292514444554199 ], [ 103.818811700011594, 1.292533399999152 ], [ 103.819058490147881, 1.292513663235098 ], [ 103.819057020409986, 1.292495046580163 ], [ 103.819037287846541, 1.292234935861629 ], [ 103.819035924154306, 1.292215941601466 ], [ 103.818789000000535, 1.292233900000014 ], [ 103.819035846423702, 1.292214889887129 ], [ 103.819033246419707, 1.292180689887444 ], [ 103.81878638823251, 1.292199700906223 ], [ 103.819033245702727, 1.292180680456724 ], [ 103.819020345686312, 1.292011080457964 ], [ 103.818779157968635, 1.29202966405221 ], [ 103.818779218253255, 1.29202957158668 ], [ 103.819020031049575, 1.292007318515529 ], [ 103.819004434525695, 1.291836345480029 ], [ 103.818996450352913, 1.291712396264598 ], [ 103.818996449952195, 1.291712390042566 ], [ 103.818984418006849, 1.291525405839771 ], [ 103.818993041988804, 1.291524520171015 ], [ 103.819257949419509, 1.291502312362731 ], [ 103.819243068174103, 1.291322492337626 ], [ 103.819249249103379, 1.291278663241839 ], [ 103.819345172791088, 1.291478322976526 ], [ 103.819418871109463, 1.291442455270322 ], [ 103.819525715848158, 1.291344440668901 ], [ 103.819561628225543, 1.291194927853969 ], [ 103.819541189724291, 1.291097845016161 ], [ 103.819488258520025, 1.290975541878497 ], [ 103.819359174892398, 1.29089114104873 ], [ 103.819253190419417, 1.290876000410823 ], [ 103.819223526013914, 1.291086351333455 ], [ 103.819216850584013, 1.291005687637336 ], [ 103.81921008654767, 1.291006254682413 ], [ 103.819200656442632, 1.290874168570749 ], [ 103.819043430052218, 1.290885539484732 ], [ 103.819025018596321, 1.290745477566175 ], [ 103.819007402386603, 1.290618137620683 ], [ 103.818920777637501, 1.290630277115626 ], [ 103.818920082524812, 1.290625957999026 ], [ 103.818871775438183, 1.290633833567884 ], [ 103.818858408685387, 1.290628580517127 ], [ 103.81885308148459, 1.290596107009701 ], [ 103.818972936706828, 1.290521735479108 ], [ 103.818923136702125, 1.290440435483237 ], [ 103.818836375649283, 1.290494271705907 ], [ 103.818819869932412, 1.29039365628002 ], [ 103.81879170959678, 1.290398335985578 ], [ 103.81873419245828, 1.290404927431019 ], [ 103.818750339389581, 1.290547658180037 ], [ 103.818746635575209, 1.290549956439123 ], [ 103.818724813501674, 1.290406185417966 ], [ 103.818638313509879, 1.290419485416654 ], [ 103.818658102429964, 1.290549861385246 ], [ 103.818481788520913, 1.290480571081201 ], [ 103.818445088513371, 1.290575171077575 ], [ 103.818604829875667, 1.290637948471719 ], [ 103.818528628207588, 1.290685232458154 ], [ 103.818516997607333, 1.290686862355685 ], [ 103.818517648492701, 1.290691567329333 ], [ 103.818431317468196, 1.29070564197718 ], [ 103.81847969365171, 1.2910062301089 ], [ 103.818489458946829, 1.291073903027334 ], [ 103.818228123699001, 1.291098980923397 ], [ 103.818089186545222, 1.291115043022791 ], [ 103.817965526577566, 1.291127458286669 ], [ 103.817540045548355, 1.291170186086183 ], [ 103.817053252424145, 1.291216160992673 ], [ 103.816892372141012, 1.291233370070438 ], [ 103.816839721297185, 1.291237163892196 ], [ 103.816857400000131, 1.291485700000158 ], [ 103.816834179394235, 1.291237626241465 ], [ 103.816709529759763, 1.291249445609133 ], [ 103.816567945620051, 1.291261879343452 ], [ 103.816422887934365, 1.29127609277957 ], [ 103.816184664160645, 1.291299285358589 ], [ 103.815892963186002, 1.291327685454255 ], [ 103.815912845098566, 1.29153455049555 ], [ 103.81591284369685, 1.291534550868139 ], [ 103.81589295460401, 1.291327686289828 ], [ 103.815692763072292, 1.291347184061581 ], [ 103.815655923188928, 1.29114409686949 ], [ 103.815650542832287, 1.291112155942347 ], [ 103.815857517431539, 1.29109099672605 ], [ 103.815807482572282, 1.29059520327262 ], [ 103.815580526753863, 1.290618405187756 ], [ 103.815581100161452, 1.290552233223483 ], [ 103.815588639345876, 1.290503680844533 ], [ 103.815608413267583, 1.290456291608841 ], [ 103.815643481667422, 1.290403321151811 ], [ 103.815699067221772, 1.290339440299808 ], [ 103.815841704828472, 1.29021759890771 ], [ 103.815864265294579, 1.290204881424222 ], [ 103.816024922520526, 1.290130009272167 ], [ 103.815933818847469, 1.289931981144753 ], [ 103.815935427841396, 1.289929194434271 ], [ 103.816044799828219, 1.290119622058191 ], [ 103.816246587165395, 1.290002218513195 ], [ 103.816273758951013, 1.28998698727017 ], [ 103.816206623506432, 1.289865663525467 ], [ 103.816207013257667, 1.289864869350179 ], [ 103.816275192542449, 1.289986177376819 ], [ 103.816329992546059, 1.289954977374348 ], [ 103.816274921849995, 1.289856992815864 ], [ 103.816279223815457, 1.28985673442534 ], [ 103.816336003072237, 1.289951442137762 ], [ 103.816375447863692, 1.289927486642684 ], [ 103.816552479002553, 1.289823508104905 ], [ 103.816427700004738, 1.289608300006841 ], [ 103.816556361395897, 1.289821179724919 ], [ 103.816654361400992, 1.289761179720064 ], [ 103.816525699997385, 1.28954829999595 ], [ 103.81666059961934, 1.289757231193078 ], [ 103.816731599555652, 1.289710792858505 ], [ 103.816911598650606, 1.289594052864753 ], [ 103.816777500001933, 1.289384600003875 ], [ 103.816917670152662, 1.289589986522619 ], [ 103.817062889731176, 1.28948958967029 ], [ 103.817072116029195, 1.289491316427078 ], [ 103.817177005883266, 1.289458645816828 ], [ 103.817225530312172, 1.289426065128468 ], [ 103.817325201793523, 1.289352401922929 ], [ 103.817331444032348, 1.289343316683358 ], [ 103.817472382137467, 1.289233728709995 ], [ 103.817536773656286, 1.289175190960967 ], [ 103.81756104794907, 1.289115314361251 ], [ 103.817581627429064, 1.289103649697735 ], [ 103.817694124490927, 1.289053872236188 ], [ 103.817806538782136, 1.289017730689086 ], [ 103.817885318505546, 1.289005803291622 ], [ 103.817950746649757, 1.289000589222851 ], [ 103.818058354660025, 1.288995269486317 ], [ 103.818627859758152, 1.288985637054902 ], [ 103.818623700000572, 1.288736500000193 ], [ 103.818635089653029, 1.288985408395695 ], [ 103.818795662747846, 1.288977965267327 ], [ 103.818934735480326, 1.288972909878819 ], [ 103.818925799998823, 1.288723899986038 ], [ 103.818942578590949, 1.288972499313753 ], [ 103.819388064515209, 1.288942041298274 ], [ 103.819762993295654, 1.288918291503078 ], [ 103.819904134842389, 1.288911377641436 ], [ 103.819892235119312, 1.288665294234552 ], [ 103.819892262008153, 1.288665293443376 ], [ 103.819906526376656, 1.288911248818307 ], [ 103.81997365945945, 1.288907304750086 ], [ 103.819975984118557, 1.288907411806598 ], [ 103.819975995223999, 1.288907167523239 ], [ 103.819986526383929, 1.288906548817791 ], [ 103.819980638619285, 1.288805028265072 ], [ 103.819987117958007, 1.288662504320642 ], [ 103.819987377453089, 1.288662496690075 ], [ 103.819992127873547, 1.288907624848877 ], [ 103.820241727898392, 1.288902724848428 ], [ 103.820236900000481, 1.288653599999967 ], [ 103.820246816295992, 1.288902572267697 ], [ 103.820742516343373, 1.288882572266488 ], [ 103.820732599991672, 1.288633599786745 ], [ 103.820743061972664, 1.288882549644706 ], [ 103.821337362030221, 1.288857249643365 ], [ 103.821326900000571, 1.288608300013345 ], [ 103.821344983729915, 1.288856806595863 ], [ 103.821508421531703, 1.288844758613883 ], [ 103.821638676639523, 1.288837355902941 ], [ 103.821653000598189, 1.289061357767388 ], [ 103.821751800607302, 1.289054957767299 ], [ 103.82175135602796, 1.289048005316589 ], [ 103.821768934165618, 1.289161576067247 ], [ 103.82181918940401, 1.289291379734369 ], [ 103.821896269143181, 1.289359993345247 ], [ 103.821891901658574, 1.289427203974706 ], [ 103.822149700384841, 1.289570544354271 ], [ 103.822418744465793, 1.289533223539314 ], [ 103.822491129565904, 1.289450764220643 ], [ 103.822599543794425, 1.289439310845019 ], [ 103.822577420788761, 1.289227177876976 ], [ 103.822578380042771, 1.289226922607792 ], [ 103.822606333432731, 1.289438498000837 ], [ 103.822641160377529, 1.289433836819352 ], [ 103.822758466267373, 1.289422788352288 ], [ 103.822736347019472, 1.289184885630787 ], [ 103.822736443445621, 1.289184859969838 ], [ 103.822760854777968, 1.289422551630299 ], [ 103.822825254784291, 1.28941585162937 ], [ 103.822799800000226, 1.28916800000014 ], [ 103.823039143135972, 1.289104307786787 ], [ 103.822928230256394, 1.288682098277853 ], [ 103.822913583655748, 1.288594807528623 ], [ 103.822913196703823, 1.288498555601347 ], [ 103.822888110048865, 1.288321150813763 ], [ 103.822948887704243, 1.288268740249001 ], [ 103.823097697658127, 1.288141758407078 ], [ 103.823014017034168, 1.288042417757058 ], [ 103.823032702073618, 1.288039381170319 ], [ 103.823023702067928, 1.287983281171207 ], [ 103.823017317767153, 1.287984318711274 ], [ 103.823016963199322, 1.287924220442588 ], [ 103.823007754287673, 1.287924275479977 ], [ 103.82300530594749, 1.287916672742187 ], [ 103.822981519927026, 1.287924432270245 ], [ 103.822930049055017, 1.28792473988616 ], [ 103.822923829089333, 1.287902531937614 ], [ 103.823014262302465, 1.287888964785265 ], [ 103.823003362295964, 1.287815364786181 ], [ 103.822903607020763, 1.287830330472044 ], [ 103.822889585247765, 1.28778026672008 ], [ 103.822975929299218, 1.287732951119428 ], [ 103.822905375051732, 1.287602525436528 ], [ 103.822870746531493, 1.287428523062302 ], [ 103.822855552366093, 1.287280750684614 ], [ 103.822631594050691, 1.287304077883197 ], [ 103.82263077532761, 1.287301037512639 ], [ 103.822849582989519, 1.287246400223904 ], [ 103.822814382976929, 1.287103600226932 ], [ 103.822590249374088, 1.287159567427498 ], [ 103.822589143364738, 1.287156003766675 ], [ 103.822795380083747, 1.287051863334186 ], [ 103.822702729289517, 1.286865993949378 ], [ 103.822651467863636, 1.286733176085639 ], [ 103.822470323545787, 1.28680399855523 ], [ 103.822469447397708, 1.286801723561929 ], [ 103.822647151291591, 1.286722704202197 ], [ 103.822581351280803, 1.286572804207567 ], [ 103.822410537750557, 1.286648759637789 ], [ 103.822409304809639, 1.286645558201596 ], [ 103.82257541660158, 1.286560244735498 ], [ 103.822466716587655, 1.286345844744536 ], [ 103.822292165230422, 1.286435492690222 ], [ 103.822289282123535, 1.286430568966158 ], [ 103.822453013724541, 1.286322138092471 ], [ 103.822383596834953, 1.286215954587984 ], [ 103.822348839826006, 1.28615366281629 ], [ 103.822407943465592, 1.286106580249393 ], [ 103.82232067323288, 1.285995603326016 ], [ 103.822321568195562, 1.285994837819392 ], [ 103.822410065426553, 1.286104870721311 ], [ 103.822514480167584, 1.286019799743525 ], [ 103.822604586893135, 1.28593989998679 ], [ 103.822619024116236, 1.285925902794528 ], [ 103.822714244726399, 1.285998259508716 ], [ 103.822811321588603, 1.28613176066984 ], [ 103.823011100000045, 1.285984600000439 ], [ 103.822812085694764, 1.286132805757073 ], [ 103.823004983123724, 1.286395202287112 ], [ 103.823004985685444, 1.28639520577164 ], [ 103.823134583117309, 1.286571502296993 ], [ 103.823328245134974, 1.286427287618696 ], [ 103.823345097823164, 1.286451741942266 ], [ 103.823376889451495, 1.286429547785462 ], [ 103.823376892058164, 1.28642954596589 ], [ 103.823376897824105, 1.286429541940584 ], [ 103.823592489460196, 1.286279047773393 ], [ 103.823310310561865, 1.285869552218414 ], [ 103.823260203232067, 1.285904529739237 ], [ 103.823210497643345, 1.285836915709669 ], [ 103.82309227838266, 1.285674339323299 ], [ 103.822892499999199, 1.285821500000592 ], [ 103.823041670719093, 1.28562263958292 ], [ 103.822902570723897, 1.285516939591186 ], [ 103.822818022026226, 1.285629651984866 ], [ 103.822818602559195, 1.285627068348818 ], [ 103.822900611256046, 1.285515465861756 ], [ 103.822844800582573, 1.285473921131637 ], [ 103.822850879491071, 1.285392735607788 ], [ 103.822845987767863, 1.285303162878057 ], [ 103.823020400000431, 1.285152600000127 ], [ 103.823001861236705, 1.2854010726345 ], [ 103.823019061237957, 1.285402372634946 ], [ 103.823037600000035, 1.285153900000437 ], [ 103.823114915452962, 1.285390609466544 ], [ 103.823209815460075, 1.285359209463984 ], [ 103.823126006615254, 1.285102619814844 ], [ 103.823245607056933, 1.28506274126934 ], [ 103.823164320969241, 1.284815783602735 ], [ 103.823119079866714, 1.284678170758224 ], [ 103.82321735903372, 1.284647481627431 ], [ 103.823167011180601, 1.284484149817462 ], [ 103.823167017162191, 1.28448414770489 ], [ 103.823217378322695, 1.284647475602629 ], [ 103.82334881463332, 1.284606420821485 ], [ 103.823350161206776, 1.284611163582194 ], [ 103.823588200000628, 1.284542699999869 ], [ 103.823351437946371, 1.284615510334802 ], [ 103.82345923791658, 1.284970610344302 ], [ 103.823696000000623, 1.284897799999749 ], [ 103.823525783052901, 1.285078731229406 ], [ 103.823540683053196, 1.285092931230228 ], [ 103.823710899999924, 1.284912000000496 ], [ 103.823735892278961, 1.285159899310131 ], [ 103.823759392281389, 1.28515749931031 ], [ 103.82373440000012, 1.284909600001789 ], [ 103.823811812484323, 1.285146277337553 ], [ 103.824062012505081, 1.285063377330363 ], [ 103.82398460000023, 1.284826700000113 ], [ 103.824156987243697, 1.285005537589528 ], [ 103.824182487243846, 1.284980637587592 ], [ 103.824010100000265, 1.284801800000778 ], [ 103.824255742850156, 1.284832807861798 ], [ 103.824259742847801, 1.284800707860887 ], [ 103.824014100000028, 1.284769699999364 ], [ 103.824252755880821, 1.284703448354934 ], [ 103.824229955874216, 1.284620248357393 ], [ 103.823943118179017, 1.284699875426845 ], [ 103.823907187508624, 1.284590022667168 ], [ 103.823865613363793, 1.284603797635877 ], [ 103.823825620049405, 1.284472057165479 ], [ 103.823765138762042, 1.284259036400215 ], [ 103.823685052771012, 1.284282070362662 ], [ 103.823675022779881, 1.284251477314885 ], [ 103.82360546044734, 1.284274580134272 ], [ 103.823732677354386, 1.284188665588113 ], [ 103.823718877353826, 1.284167965589147 ], [ 103.823517996185032, 1.284303628483158 ], [ 103.823513648005886, 1.28430507258607 ], [ 103.823554420020358, 1.284102690830986 ], [ 103.823723367070727, 1.284048345150917 ], [ 103.823572632943282, 1.283573654846929 ], [ 103.823408759301884, 1.283626368549243 ], [ 103.823348021949997, 1.283424863497175 ], [ 103.823322468312284, 1.283326251627994 ], [ 103.823406158845444, 1.283300429996699 ], [ 103.823261041167484, 1.282823970001248 ], [ 103.822978741191591, 1.282911069993664 ], [ 103.823044255298612, 1.283126170359493 ], [ 103.823040452243191, 1.283127191092631 ], [ 103.823035557729284, 1.283128529436107 ], [ 103.822986295194852, 1.283063531783989 ], [ 103.822967606307245, 1.283000692783052 ], [ 103.822944048077773, 1.283007790363367 ], [ 103.822901148866563, 1.282951188559139 ], [ 103.822880048867475, 1.28296738855825 ], [ 103.822916874727383, 1.28301597710053 ], [ 103.822803306321532, 1.283050192778895 ], [ 103.822826113160716, 1.283126877882495 ], [ 103.822818840130495, 1.28312550150761 ], [ 103.822794268312379, 1.283053106845741 ], [ 103.822639648236532, 1.283106269917899 ], [ 103.822535876640202, 1.283140976839359 ], [ 103.822491397047799, 1.282980172039526 ], [ 103.82234645362341, 1.283020785851133 ], [ 103.822292952260355, 1.282859421461951 ], [ 103.822822008589057, 1.282638794325872 ], [ 103.823106082278102, 1.282530041201849 ], [ 103.823285668292968, 1.282520790046636 ], [ 103.823440967580837, 1.282516318321304 ], [ 103.823532938534072, 1.2825201132397 ], [ 103.823584031977873, 1.282531968094638 ], [ 103.823585068686612, 1.282532511555002 ], [ 103.823646411377737, 1.282569140644834 ], [ 103.823693501748309, 1.282598643814546 ], [ 103.823814823195988, 1.282721763258365 ], [ 103.8239906, 1.282546300000768 ], [ 103.824219886931132, 1.282452330056759 ], [ 103.824084147070465, 1.282116815447623 ], [ 103.824152609795334, 1.282088311003245 ], [ 103.824830976049626, 1.281767520658483 ], [ 103.824725699999732, 1.28154200000019 ], [ 103.824833497919926, 1.281766310568761 ], [ 103.824928742868309, 1.281719942757016 ], [ 103.824989536759261, 1.281817316405855 ], [ 103.824981908577655, 1.28190836233818 ], [ 103.825049987528004, 1.281914140465898 ], [ 103.825062183102261, 1.281933674129515 ], [ 103.825087971092728, 1.281917364280326 ], [ 103.825091283662402, 1.281917645430981 ], [ 103.825063419962291, 1.28193563486361 ], [ 103.825077952991066, 1.281958437829312 ], [ 103.824999432252611, 1.282072771815407 ], [ 103.825047330113605, 1.282106094424207 ], [ 103.825040302534262, 1.282121234722632 ], [ 103.825094739045568, 1.282146830920089 ], [ 103.825225704613715, 1.282278253616732 ], [ 103.825272905288031, 1.282230605168401 ], [ 103.82533782951171, 1.282261132708582 ], [ 103.825447922320564, 1.28237880115945 ], [ 103.82545876873985, 1.282368521018356 ], [ 103.825523266649412, 1.282430760452967 ], [ 103.825666843235211, 1.282569198953644 ], [ 103.825896752204244, 1.282814889827495 ], [ 103.826042561439309, 1.282977207645711 ], [ 103.82640983853733, 1.282642992340756 ], [ 103.826260647772159, 1.282476910159079 ], [ 103.826238450514239, 1.282453189195929 ], [ 103.826342435390984, 1.282358908203606 ], [ 103.826394423754678, 1.282272927436311 ], [ 103.826425175811266, 1.282117790122127 ], [ 103.826352317274598, 1.281954564440599 ], [ 103.826221665814913, 1.28186087778802 ], [ 103.826077493888874, 1.28184895806202 ], [ 103.825926663707136, 1.28190006170854 ], [ 103.825826341741418, 1.28203283430475 ], [ 103.825743248927637, 1.281952651095322 ], [ 103.825617862774919, 1.281831341741363 ], [ 103.82553076901948, 1.28174594148117 ], [ 103.825480802965416, 1.281667542553451 ], [ 103.82537828739332, 1.281503343292909 ], [ 103.825816362172489, 1.281272883629451 ], [ 103.825966149867369, 1.281565974352904 ], [ 103.826406450113836, 1.281338025627637 ], [ 103.826242450092948, 1.281017125641958 ], [ 103.826230634833294, 1.281023242545315 ], [ 103.826229012659113, 1.281020225470856 ], [ 103.82624077936228, 1.281013914160563 ], [ 103.826195879357314, 1.280929114163694 ], [ 103.82618357403112, 1.280935714376172 ], [ 103.826179510962447, 1.280928157492296 ], [ 103.826191480884219, 1.280921160559323 ], [ 103.826152836700786, 1.280854190297518 ], [ 103.826132561506469, 1.280817637838195 ], [ 103.826122982447131, 1.28082302035694 ], [ 103.826110474856762, 1.280799757543108 ], [ 103.826064012251223, 1.280825063876792 ], [ 103.826011097023638, 1.280735853957764 ], [ 103.825858475366161, 1.28082755999555 ], [ 103.825801720943531, 1.280718273345743 ], [ 103.825047393818565, 1.281115105091865 ], [ 103.824887084007841, 1.281186789895775 ], [ 103.824987599997115, 1.281414499994477 ], [ 103.824879802080659, 1.281190189437247 ], [ 103.824619159650624, 1.281317077215828 ], [ 103.824117151576203, 1.28155447015062 ], [ 103.824066778890412, 1.281260535832376 ], [ 103.824061951090812, 1.281174126535283 ], [ 103.824060206108456, 1.281068693508989 ], [ 103.824063088052668, 1.280916141847784 ], [ 103.824081969793468, 1.280349088549673 ], [ 103.824082598294652, 1.280322062912793 ], [ 103.82408429752924, 1.280249795152549 ], [ 103.824085793098618, 1.280185485754091 ], [ 103.824087093030599, 1.280134088266049 ], [ 103.824089798898171, 1.280017835696166 ], [ 103.823594801103411, 1.280006164280216 ], [ 103.823592106971049, 1.280121911710099 ], [ 103.823590806902502, 1.280173314221566 ], [ 103.823589301713866, 1.280238037063603 ], [ 103.823587602465437, 1.28031030482342 ], [ 103.823587030207733, 1.280334911426155 ], [ 103.823568111948973, 1.280903058128551 ], [ 103.823564993892049, 1.281068106466305 ], [ 103.823566967424185, 1.281187350084782 ], [ 103.823814499999926, 1.281183199999926 ], [ 103.823567323585522, 1.281197189714888 ], [ 103.823574021104008, 1.281317064144082 ], [ 103.823625030316308, 1.281614713056109 ], [ 103.823589875593385, 1.281629399917514 ], [ 103.823165007903881, 1.281818922256687 ], [ 103.823109428505859, 1.281843349501087 ], [ 103.823158591744146, 1.281956666157475 ], [ 103.823158099069971, 1.281956903837075 ], [ 103.823108436021485, 1.28184378830581 ], [ 103.822790736332109, 1.281985088166448 ], [ 103.82236307848585, 1.282175291512759 ], [ 103.822254755393416, 1.282222961176017 ], [ 103.822011392476668, 1.282063629808728 ], [ 103.821956363934873, 1.282148773981456 ], [ 103.82175511347728, 1.282009901990928 ], [ 103.82167221347224, 1.282131601984978 ], [ 103.821876400000022, 1.282272500000504 ], [ 103.821672092436472, 1.282131779835018 ], [ 103.821654593149745, 1.282157517088423 ], [ 103.821695332116306, 1.281945288981743 ], [ 103.821436077533605, 1.281662897298297 ], [ 103.821301393395899, 1.281514252625187 ], [ 103.821161260140997, 1.281363741626217 ], [ 103.821178615469776, 1.28129812419232 ], [ 103.821202566914152, 1.281185329552001 ], [ 103.82120256690061, 1.281045684664163 ], [ 103.821152009951803, 1.280917405868966 ], [ 103.821080448057714, 1.280824762625766 ], [ 103.820918539698042, 1.280951455314168 ], [ 103.820916366939713, 1.28094887149864 ], [ 103.821067814721872, 1.280809679947575 ], [ 103.820998228028515, 1.280732980808876 ], [ 103.820793127276318, 1.280491023700684 ], [ 103.820715668118723, 1.280403923239982 ], [ 103.820550793970256, 1.280238903451115 ], [ 103.82036954473827, 1.280189603660057 ], [ 103.820187408859681, 1.280244156436213 ], [ 103.820022183872979, 1.280391835405989 ], [ 103.819626420594233, 1.279967881576849 ], [ 103.819788121619538, 1.279881576779041 ], [ 103.820532776195904, 1.279653358096251 ], [ 103.820916310450457, 1.279634399451827 ], [ 103.8213421450222, 1.27967137932561 ], [ 103.82138269728631, 1.279677881941487 ], [ 103.821386662156385, 1.279703158000276 ], [ 103.821463842675243, 1.27969089372272 ], [ 103.821515407218897, 1.27969916217112 ], [ 103.821560163381861, 1.279706355126218 ], [ 103.821565170822126, 1.279674792291519 ], [ 103.821875737835981, 1.279625441976802 ], [ 103.821843737817645, 1.279421441978994 ], [ 103.821599199999866, 1.279460300000118 ], [ 103.821638236610241, 1.279214244872878 ], [ 103.821593436615046, 1.279207044873091 ], [ 103.821554400031985, 1.279453099799756 ], [ 103.82159335065829, 1.279207031074799 ], [ 103.821411250674842, 1.279177831077143 ], [ 103.82137230000113, 1.279423899993654 ], [ 103.821393581312293, 1.279175650077744 ], [ 103.820942181355036, 1.279136450081192 ], [ 103.8209209, 1.279384700000231 ], [ 103.820908755893058, 1.279135827717292 ], [ 103.820477855933959, 1.279157127715576 ], [ 103.820490000000333, 1.279406000000111 ], [ 103.820417884797124, 1.27916763360983 ], [ 103.819621084864892, 1.279411833588208 ], [ 103.8196932, 1.27965019999987 ], [ 103.819577216254487, 1.279430064729256 ], [ 103.819107316283535, 1.27968086470903 ], [ 103.81922329999172, 1.279900999983995 ], [ 103.819099849172929, 1.279685017597875 ], [ 103.818132776693176, 1.280244967322355 ], [ 103.817949406482725, 1.279980542584464 ], [ 103.81775356220011, 1.279610593176941 ], [ 103.817629686176915, 1.2793689029815 ], [ 103.817579127336998, 1.279260755234763 ], [ 103.817459346359939, 1.279004296012796 ], [ 103.817454486745191, 1.278993889567579 ], [ 103.81729302603749, 1.278540034860497 ], [ 103.817328110734849, 1.278517614880565 ], [ 103.817624196382127, 1.278308125390498 ], [ 103.817829000009169, 1.278106423027412 ], [ 103.817905730094068, 1.277989838888645 ], [ 103.818328161993719, 1.27814387415741 ], [ 103.81835468688746, 1.278070184674735 ], [ 103.818659820054805, 1.278176864773587 ], [ 103.818632207410701, 1.278260551217962 ], [ 103.818501463399471, 1.278216639942086 ], [ 103.818344736586226, 1.278689360054188 ], [ 103.818498129312118, 1.278740878057149 ], [ 103.818513285670107, 1.278773873319797 ], [ 103.818607031707018, 1.278856389367308 ], [ 103.818712890338745, 1.27889506848298 ], [ 103.81882574866232, 1.278894560112847 ], [ 103.818946026189295, 1.278846751053134 ], [ 103.819048700869828, 1.278733905757956 ], [ 103.819086114060312, 1.278579264510669 ], [ 103.819069557149604, 1.278516262264144 ], [ 103.819129408116936, 1.278334870108929 ], [ 103.81926381658225, 1.278380383184153 ], [ 103.8196597772356, 1.278515374890605 ], [ 103.819791079746096, 1.27850863062113 ], [ 103.819950925519095, 1.278471542220654 ], [ 103.820068949496218, 1.278336972817733 ], [ 103.820118907866799, 1.278232464298063 ], [ 103.820349802197924, 1.277484230066247 ], [ 103.820620466419811, 1.277582581119983 ], [ 103.820809931987071, 1.277500195029691 ], [ 103.820814651036855, 1.277501436179764 ], [ 103.821066029219068, 1.27757656408987 ], [ 103.821108548033166, 1.277432444538317 ], [ 103.821346428174223, 1.277507864464282 ], [ 103.821350528172587, 1.277494764464309 ], [ 103.821114399875384, 1.277419899961033 ], [ 103.821350846944171, 1.277493738229546 ], [ 103.82135494694252, 1.277480438229257 ], [ 103.821118499999727, 1.277406600000014 ], [ 103.821356965317023, 1.277473540710607 ], [ 103.821361565316138, 1.277456940710293 ], [ 103.821123099984092, 1.277389999995613 ], [ 103.821362824015935, 1.277452220000824 ], [ 103.821373378743871, 1.277411025039661 ], [ 103.821407515557965, 1.277315227461274 ], [ 103.821427053002708, 1.277261280774467 ], [ 103.821571802812244, 1.277308746674007 ], [ 103.821548467773056, 1.277376956768551 ], [ 103.82154319920258, 1.277484435390123 ], [ 103.821586474582475, 1.277599989888767 ], [ 103.821649955907802, 1.277673287919587 ], [ 103.821735097370365, 1.277726439817874 ], [ 103.821836535387376, 1.277748680238516 ], [ 103.821901316270711, 1.277740662802444 ], [ 103.822035397494332, 1.27779059112426 ], [ 103.822095048932056, 1.277628314004069 ], [ 103.822098509447287, 1.277622166500916 ], [ 103.822052716851005, 1.277756237389085 ], [ 103.822102609746025, 1.277773500330595 ], [ 103.822623202110904, 1.27795416298031 ], [ 103.822784597873877, 1.277483037016324 ], [ 103.822416182068253, 1.277355184648133 ], [ 103.822416065245349, 1.277318892733692 ], [ 103.822312576753248, 1.277319230194288 ], [ 103.822311417350136, 1.277318827842746 ], [ 103.82241606199382, 1.277318189241751 ], [ 103.822415961992007, 1.277301589241965 ], [ 103.822264408170156, 1.277302514108521 ], [ 103.822263897915079, 1.277302337033461 ], [ 103.822263836057232, 1.277302517599603 ], [ 103.822263595535034, 1.277302519068153 ], [ 103.822263683130899, 1.277302262606912 ], [ 103.82222066492703, 1.277287378308522 ], [ 103.822405599430539, 1.277231748578113 ], [ 103.822391999427225, 1.277185948579492 ], [ 103.822154799999069, 1.2772573000005 ], [ 103.822325874699985, 1.277077190639939 ], [ 103.822296774699723, 1.277049190642094 ], [ 103.822125700000484, 1.277229299998934 ], [ 103.82220302364415, 1.276992593310533 ], [ 103.822092751671377, 1.276956102585518 ], [ 103.821939973443818, 1.276905509796257 ], [ 103.821867146525761, 1.277128291896608 ], [ 103.821867138238545, 1.277128292590219 ], [ 103.821939849635498, 1.276905468833399 ], [ 103.82187964963974, 1.276885568835553 ], [ 103.821802400037939, 1.277122299884382 ], [ 103.821879090413645, 1.276885384715194 ], [ 103.821572453876215, 1.276784833444037 ], [ 103.821445114125453, 1.276741791815191 ], [ 103.821391545408758, 1.276902338793625 ], [ 103.821390822742998, 1.27690280742945 ], [ 103.821443509999739, 1.276741255737264 ], [ 103.821398410003553, 1.276726355738233 ], [ 103.821327463423231, 1.276943894853903 ], [ 103.821323358210449, 1.276946557012796 ], [ 103.821353430527125, 1.276716048410764 ], [ 103.821330730529084, 1.276713048410835 ], [ 103.821298499999671, 1.276960099999636 ], [ 103.821248826578937, 1.276715994996514 ], [ 103.821226026581002, 1.276720694996201 ], [ 103.821275699999646, 1.276964799999738 ], [ 103.821264343887108, 1.276954475982664 ], [ 103.821210490386079, 1.276730413383815 ], [ 103.821175990389335, 1.276738813382954 ], [ 103.821217614228686, 1.276911993328409 ], [ 103.821091983081303, 1.276797780099586 ], [ 103.821085248533564, 1.276805284308576 ], [ 103.821079915021684, 1.276811189267905 ], [ 103.821225374877443, 1.276944282241518 ], [ 103.821229647860264, 1.276962060392693 ], [ 103.821041420290982, 1.276867870426432 ], [ 103.821033220289337, 1.276884470426088 ], [ 103.82121068297657, 1.276973273595178 ], [ 103.820998854800649, 1.276903678456363 ], [ 103.820989254799045, 1.276933278455552 ], [ 103.821012226983299, 1.276940825858201 ], [ 103.821006000819324, 1.276960154840953 ], [ 103.821203174461274, 1.277024494089659 ], [ 103.821203150825184, 1.277024509416724 ], [ 103.821005959604634, 1.276960282907874 ], [ 103.820982939235805, 1.277031880931707 ], [ 103.820951670789668, 1.277022535914947 ], [ 103.820881199996208, 1.277261400012778 ], [ 103.820943790785833, 1.277020322787193 ], [ 103.820845224412366, 1.276994398991729 ], [ 103.820820378706074, 1.276986246494047 ], [ 103.820629623227006, 1.276923394113324 ], [ 103.820578489180562, 1.277080604400849 ], [ 103.820577202148641, 1.277079492980551 ], [ 103.820625215019945, 1.276921987386996 ], [ 103.820562715025659, 1.276902687389292 ], [ 103.820490100000853, 1.277140899999891 ], [ 103.820562417453161, 1.276902595704191 ], [ 103.820521514098573, 1.276890021348458 ], [ 103.820537759099764, 1.276828506916101 ], [ 103.82029850000869, 1.27676450000198 ], [ 103.820541233752252, 1.276813493173125 ], [ 103.82058320422324, 1.276602846682927 ], [ 103.820581962567374, 1.276379803920185 ], [ 103.820334400000149, 1.2763812 ], [ 103.820581958165008, 1.276379161125593 ], [ 103.820581579109728, 1.276332537866639 ], [ 103.82044490685098, 1.275857681858003 ], [ 103.820984515516216, 1.275692065731784 ], [ 103.821045682048975, 1.275879612490913 ], [ 103.821112308518181, 1.275857600105157 ], [ 103.821169511525852, 1.276098655504706 ], [ 103.82132301153942, 1.276061755501519 ], [ 103.821265500000067, 1.275819400000447 ], [ 103.821391337097523, 1.276033982723257 ], [ 103.821401437097961, 1.276027982723151 ], [ 103.82127559999995, 1.275813399999918 ], [ 103.82150018154023, 1.275918249897147 ], [ 103.821505481538765, 1.275906749896625 ], [ 103.821280900000161, 1.27580189999986 ], [ 103.821516117936511, 1.275724187487889 ], [ 103.821451177509417, 1.275525069451915 ], [ 103.821395643957246, 1.275328310918141 ], [ 103.82120636970204, 1.275382427389598 ], [ 103.821205215646543, 1.275351446874815 ], [ 103.82133824112978, 1.275226122952978 ], [ 103.821328941129309, 1.275216122953501 ], [ 103.821187176600162, 1.275349679969378 ], [ 103.821173324600323, 1.275350202686192 ], [ 103.821173775433564, 1.275362305269181 ], [ 103.821148200000209, 1.275386400000138 ], [ 103.821149687161608, 1.275142343992731 ], [ 103.82117126772124, 1.275136169577126 ], [ 103.821203742895506, 1.275126974478503 ], [ 103.821200245800057, 1.275205723742759 ], [ 103.82141364582084, 1.275215323744487 ], [ 103.821419305359754, 1.275087879319507 ], [ 103.821428871171946, 1.275086222084501 ], [ 103.821433368710515, 1.275215419459346 ], [ 103.821473068713743, 1.275214019458871 ], [ 103.821468381624925, 1.27507937706998 ], [ 103.821474415624238, 1.275078331705422 ], [ 103.821476733819452, 1.27507805082041 ], [ 103.82149142221455, 1.275212683490279 ], [ 103.821735214079922, 1.275185739650164 ], [ 103.821910042690135, 1.275167152906254 ], [ 103.822078112389349, 1.275163033179112 ], [ 103.822354145626974, 1.275327803261136 ], [ 103.822361801071082, 1.27534145306427 ], [ 103.822412002535899, 1.275477210326905 ], [ 103.822529739956522, 1.275923445036228 ], [ 103.822571873906313, 1.276087006743828 ], [ 103.822634287705156, 1.27636115354437 ], [ 103.822859513908739, 1.276309209915691 ], [ 103.822859899982433, 1.276310682316572 ], [ 103.822640361126787, 1.276383148454419 ], [ 103.822643261126302, 1.276392048455016 ], [ 103.8228622787408, 1.276319754370228 ], [ 103.822862304181569, 1.276319851395127 ], [ 103.82264371474237, 1.276393427007546 ], [ 103.822684899838762, 1.276517378343199 ], [ 103.822694598083672, 1.276547625349709 ], [ 103.822902319918086, 1.276480155670662 ], [ 103.822903404981503, 1.27648476057845 ], [ 103.822709349885201, 1.276583693312273 ], [ 103.822786349874676, 1.27673669331818 ], [ 103.82294460777203, 1.276656010633032 ], [ 103.822946811671173, 1.27666465111569 ], [ 103.822801260877682, 1.276762389313629 ], [ 103.822836260875533, 1.27681518931596 ], [ 103.822963427933033, 1.276729795903503 ], [ 103.822968880658706, 1.276751173554912 ], [ 103.822867710850318, 1.276853660024944 ], [ 103.822906210850675, 1.276892160027572 ], [ 103.822984589615814, 1.276812761211054 ], [ 103.822985609227132, 1.276816758642123 ], [ 103.823038649129941, 1.276803053862107 ], [ 103.822973054268658, 1.276939784502492 ], [ 103.823037254273132, 1.276970984505528 ], [ 103.823129018985668, 1.276779703533315 ], [ 103.823141884967512, 1.276776379140006 ], [ 103.823119802167938, 1.276994488515129 ], [ 103.823162702172297, 1.276998888514945 ], [ 103.823186394862773, 1.276764878393199 ], [ 103.82318641595954, 1.276764872941771 ], [ 103.823163065598891, 1.27699892551758 ], [ 103.823200665602684, 1.277002725517333 ], [ 103.823225399999927, 1.2767548 ], [ 103.823465190761397, 1.276692841335241 ], [ 103.823414158211165, 1.276492766118938 ], [ 103.823364765906916, 1.276283150082645 ], [ 103.823325875615211, 1.276134831291137 ], [ 103.823224016802996, 1.275682863994529 ], [ 103.823148941239765, 1.275356183972768 ], [ 103.823108340589812, 1.275041293119247 ], [ 103.823102825020243, 1.274969131173079 ], [ 103.823100247023461, 1.274935949894576 ], [ 103.823099154382632, 1.274887509702393 ], [ 103.823120153041131, 1.274921634214018 ], [ 103.823177707618171, 1.274885756788147 ], [ 103.823355925062188, 1.27486502437439 ], [ 103.82332750000009, 1.274617500003727 ], [ 103.823377887379863, 1.274861456722051 ], [ 103.823865387423865, 1.274759456713467 ], [ 103.823814999999158, 1.274515499996069 ], [ 103.823889225135773, 1.274753209350673 ], [ 103.824046370331317, 1.274703501809983 ], [ 103.82405504696365, 1.274729916026178 ], [ 103.824290099999857, 1.274651699999863 ], [ 103.824337107371278, 1.2748963392502 ], [ 103.824471707384234, 1.274870139247506 ], [ 103.824421342718125, 1.274608027785871 ], [ 103.824525153022023, 1.274573483951809 ], [ 103.82446645300729, 1.274394783956993 ], [ 103.824385541419716, 1.274421708032407 ], [ 103.824385520991868, 1.27442160172152 ], [ 103.824466401886511, 1.274394628501903 ], [ 103.824439801880231, 1.274313828504295 ], [ 103.824204799999919, 1.274392199999914 ], [ 103.824130574845299, 1.274154490657273 ], [ 103.82375253914303, 1.274274069421938 ], [ 103.823299474561523, 1.274368864474101 ], [ 103.823328053572098, 1.274227913017056 ], [ 103.823352655521276, 1.274129411636398 ], [ 103.823380761079264, 1.274022024566639 ], [ 103.823425566951883, 1.273889731728656 ], [ 103.823474972330885, 1.273753520602375 ], [ 103.823563946952433, 1.27355562873418 ], [ 103.823112853065425, 1.273350171246535 ], [ 103.823016227685642, 1.273565079376365 ], [ 103.822958633063848, 1.273723868249702 ], [ 103.8229064389337, 1.273877975411515 ], [ 103.822873144489961, 1.274005188340796 ], [ 103.822845146438794, 1.274117286960473 ], [ 103.822793759356756, 1.274370727431301 ], [ 103.822744968282407, 1.274377150559905 ], [ 103.822220870560855, 1.274407230274457 ], [ 103.822221022387367, 1.274249983591045 ], [ 103.822316133514263, 1.274250110938819 ], [ 103.822410501752145, 1.274330058257379 ], [ 103.822547049400811, 1.274166782119571 ], [ 103.822589008776177, 1.274121947579614 ], [ 103.822408800000062, 1.273951099999899 ], [ 103.822656363224709, 1.273949873651802 ], [ 103.822655763212197, 1.273827173652162 ], [ 103.822408200119654, 1.273828399999398 ], [ 103.822655756819401, 1.273826229593679 ], [ 103.822654656806918, 1.273699129593066 ], [ 103.822408831947385, 1.273701284815554 ], [ 103.822408837092254, 1.273700249854875 ], [ 103.822619325771782, 1.273573000515776 ], [ 103.822611925771014, 1.273560600515973 ], [ 103.822408921231428, 1.273683325374681 ], [ 103.822408954818385, 1.273676569458275 ], [ 103.8225489252671, 1.273490081560531 ], [ 103.822536825267534, 1.273480881561119 ], [ 103.822528453452378, 1.273492035645991 ], [ 103.822457138039411, 1.273001755893297 ], [ 103.822172748335234, 1.273043661294803 ], [ 103.821928086544787, 1.272785661261096 ], [ 103.821748999966204, 1.272957700033109 ], [ 103.821926961890853, 1.272784483053014 ], [ 103.821761424785208, 1.272612197444501 ], [ 103.821717548217364, 1.272565170258984 ], [ 103.821745402298291, 1.272503911825018 ], [ 103.821883198602137, 1.272201012558597 ], [ 103.821928789781296, 1.272118367531528 ], [ 103.821934773228932, 1.272108151887458 ], [ 103.82208295643602, 1.272252779416588 ], [ 103.822427643540394, 1.271895020571419 ], [ 103.822262728907987, 1.271734063108936 ], [ 103.822170879150121, 1.271640741405428 ], [ 103.821999136336302, 1.271811975906936 ], [ 103.821998248735227, 1.271811405041607 ], [ 103.822136485645743, 1.271611629894004 ], [ 103.822033485649996, 1.271539429899496 ], [ 103.821892397141596, 1.271743326065499 ], [ 103.82189237879625, 1.271743314266167 ], [ 103.822027051750098, 1.271535068970725 ], [ 103.821957751753402, 1.271489668974955 ], [ 103.821830822491407, 1.271685940162757 ], [ 103.821711733286733, 1.271573114523084 ], [ 103.82168018908024, 1.27160684337754 ], [ 103.821614088431915, 1.271564330404992 ], [ 103.821509761425489, 1.271728653411216 ], [ 103.821244431781537, 1.272251451752567 ], [ 103.821171772709818, 1.272394678162326 ], [ 103.820916120038987, 1.272349990905767 ], [ 103.820742104590238, 1.272341296526718 ], [ 103.820629456538029, 1.272356587483182 ], [ 103.820531069640197, 1.272378060114574 ], [ 103.820521295196428, 1.272383226606088 ], [ 103.820490440963781, 1.272379280133945 ], [ 103.82031398745427, 1.272439393955615 ], [ 103.820198617540242, 1.272572861100101 ], [ 103.820175569805215, 1.272711915693453 ], [ 103.820190107314872, 1.272850795430576 ], [ 103.82021293961003, 1.272885697118909 ], [ 103.820201871634794, 1.273139681800147 ], [ 103.820197730727486, 1.273235499880512 ], [ 103.820191909446933, 1.273314775036859 ], [ 103.820191423181683, 1.273373904120736 ], [ 103.820189546412152, 1.273395519302039 ], [ 103.82003713409911, 1.273498397609064 ], [ 103.819719367834452, 1.273707850310432 ], [ 103.819855000000757, 1.273916300000341 ], [ 103.81968913907123, 1.27373131654834 ], [ 103.819551739073006, 1.273856116539693 ], [ 103.819717600000544, 1.274041100000394 ], [ 103.819515004306282, 1.273897895496983 ], [ 103.819408804300409, 1.274050095488553 ], [ 103.819611399999602, 1.274193300000265 ], [ 103.819384057454599, 1.274094662147085 ], [ 103.819316857443994, 1.274251562140526 ], [ 103.819544199999171, 1.274350199999677 ], [ 103.819297576492545, 1.274328475322756 ], [ 103.819285176479312, 1.274471075322301 ], [ 103.819531800000277, 1.274492800000541 ], [ 103.819284948488288, 1.274511720632122 ], [ 103.819294648476571, 1.274639920632725 ], [ 103.819541499999843, 1.274621000000362 ], [ 103.819304150588735, 1.274691843559797 ], [ 103.819317312522202, 1.274736514377157 ], [ 103.819344274855084, 1.274828386057487 ], [ 103.819581700000455, 1.274757800000199 ], [ 103.819367573066373, 1.274882858713166 ], [ 103.819529744517354, 1.275164144662645 ], [ 103.819118151001859, 1.275473567777984 ], [ 103.819145179210338, 1.275509988555825 ], [ 103.819145120811598, 1.275510017827081 ], [ 103.819118088106748, 1.275473615075921 ], [ 103.818941508721238, 1.275606449713399 ], [ 103.81886512075765, 1.275678574694825 ], [ 103.818919364346243, 1.275736772105504 ], [ 103.818918296387722, 1.275737792936688 ], [ 103.818863547021067, 1.27568007369162 ], [ 103.818598285172726, 1.275934961574437 ], [ 103.818221122273812, 1.276383939952716 ], [ 103.817909963289324, 1.27686423638608 ], [ 103.817680402330666, 1.277258939668172 ], [ 103.8176099528268, 1.277227112226976 ], [ 103.817505307163671, 1.277231076078579 ], [ 103.817436369037637, 1.277253107850318 ], [ 103.817255683438447, 1.277361393838358 ], [ 103.817188094072847, 1.277450104873812 ], [ 103.817159338190862, 1.277545800648079 ], [ 103.817155892536576, 1.277671911164391 ], [ 103.817148666218998, 1.2776734371096 ], [ 103.817150279255927, 1.277681175267668 ], [ 103.817109334961302, 1.277721236661122 ], [ 103.81717219694545, 1.277786320137481 ], [ 103.817196132987419, 1.277901147563977 ], [ 103.817130647389121, 1.277957064672666 ], [ 103.817122066533642, 1.277958345782228 ], [ 103.817081450818193, 1.277957274692569 ], [ 103.817037848583226, 1.277944242428307 ], [ 103.817052345043223, 1.277918968909861 ], [ 103.817052510016964, 1.277918888491167 ], [ 103.817052455798148, 1.2779187758169 ], [ 103.817073775717461, 1.27788160609411 ], [ 103.817019353157988, 1.277849984010536 ], [ 103.816800740806187, 1.277395677589204 ], [ 103.816707069124931, 1.277185014742331 ], [ 103.816617397382885, 1.277225406376561 ], [ 103.816615111690979, 1.277220506117221 ], [ 103.816425332722176, 1.276843643083081 ], [ 103.816150156453588, 1.276400124964626 ], [ 103.815760202404277, 1.275849964349926 ], [ 103.815521702240545, 1.275510845424036 ], [ 103.815329910067717, 1.27521654027069 ], [ 103.8151229, 1.27535320000032 ], [ 103.815319815398041, 1.275202181965635 ], [ 103.815142333995325, 1.274967748337377 ], [ 103.815084380600396, 1.274886768393356 ], [ 103.814985624519281, 1.27474889007744 ], [ 103.814853126388002, 1.27456389270566 ], [ 103.814652300000517, 1.274709600000057 ], [ 103.814837098279767, 1.274543793184967 ], [ 103.814612422877047, 1.274290124122276 ], [ 103.814374886322, 1.274054798695239 ], [ 103.813844449906682, 1.273598259568364 ], [ 103.813091621028818, 1.273051381887575 ], [ 103.813031966051426, 1.273008013973283 ], [ 103.812831134011105, 1.27285513145856 ], [ 103.812756838428271, 1.272799409774021 ], [ 103.812722544365784, 1.272771679585804 ], [ 103.812749188152509, 1.272771464220138 ], [ 103.812747200000516, 1.272522299999971 ], [ 103.812834485793474, 1.272755471231579 ], [ 103.813575639305142, 1.272474414462832 ], [ 103.813601387755966, 1.272469699153117 ], [ 103.813920793208311, 1.272956676269596 ], [ 103.814127399999876, 1.272819400000208 ], [ 103.813922204275912, 1.272958803800623 ], [ 103.814028550304627, 1.273117377786259 ], [ 103.814168002952385, 1.273328947398523 ], [ 103.814374299658368, 1.273191200228244 ], [ 103.814168085809925, 1.273329073023573 ], [ 103.814191185808426, 1.273364073025706 ], [ 103.8143974000035, 1.273226199997968 ], [ 103.814199274665626, 1.273375606126667 ], [ 103.814222574664001, 1.273406906127952 ], [ 103.814618825312976, 1.273108093855739 ], [ 103.814599732105407, 1.273082445042785 ], [ 103.814580555869398, 1.273053390142901 ], [ 103.814440597015974, 1.272841052595369 ], [ 103.814234300026158, 1.272978799982551 ], [ 103.814439495709266, 1.272839396174118 ], [ 103.814333306666612, 1.272681056310963 ], [ 103.813976806744094, 1.27213752374085 ], [ 103.813770200000462, 1.272274800000448 ], [ 103.813887513885263, 1.272055380075327 ], [ 103.813807013890127, 1.27201178007916 ], [ 103.813689700000594, 1.272231200000597 ], [ 103.813728441220505, 1.271985097596336 ], [ 103.813638141228736, 1.271970697597561 ], [ 103.813599399999632, 1.272216800000355 ], [ 103.813555083109591, 1.271971652576346 ], [ 103.8134649831171, 1.27198815257452 ], [ 103.813509299999765, 1.272233299997212 ], [ 103.813425955860509, 1.272010658453475 ], [ 103.813535310330764, 1.271946957245764 ], [ 103.813382714976981, 1.271681589882513 ], [ 103.813463071033439, 1.271633325338404 ], [ 103.813727894549729, 1.271476276608432 ], [ 103.813757424567839, 1.27151564181182 ], [ 103.814152575409793, 1.271215358172717 ], [ 103.814150303020313, 1.271212328948229 ], [ 103.814484153671458, 1.270993097443976 ], [ 103.814502073790365, 1.271021624489411 ], [ 103.814427150246857, 1.271101910497817 ], [ 103.814607599999874, 1.2712725 ], [ 103.814400683728323, 1.271135696945254 ], [ 103.814371183726848, 1.271180896942302 ], [ 103.814578100000389, 1.271317700000317 ], [ 103.814348027042243, 1.271225699375536 ], [ 103.814259527026522, 1.271449899367938 ], [ 103.814489600000243, 1.271541900000746 ], [ 103.814249839639146, 1.271479824194168 ], [ 103.814226939631027, 1.271569424191419 ], [ 103.81446669999977, 1.271631500000211 ], [ 103.814221328622082, 1.271664604254447 ], [ 103.814237158079862, 1.271783460955056 ], [ 103.814238910628418, 1.271838985035885 ], [ 103.813987633869289, 1.27214482248903 ], [ 103.814035933870471, 1.272185022491758 ], [ 103.814193700000416, 1.271993 ], [ 103.81407837083708, 1.272213483210112 ], [ 103.8141904708433, 1.27227288321509 ], [ 103.814305800000795, 1.272052399999018 ], [ 103.814250633645571, 1.272295307120296 ], [ 103.81432713365183, 1.272312907122451 ], [ 103.814382300000318, 1.272069999998553 ], [ 103.814411041981572, 1.272317487289871 ], [ 103.814480741988149, 1.272309287288774 ], [ 103.81445200000033, 1.272061799999932 ], [ 103.814679027768008, 1.272161169152334 ], [ 103.814717827762124, 1.272071369148903 ], [ 103.814490799999803, 1.271972 ], [ 103.814738241191236, 1.271964088116272 ], [ 103.814731641171178, 1.271754988117116 ], [ 103.814484200000564, 1.271762899999572 ], [ 103.814729571384589, 1.271729795720305 ], [ 103.814718482776854, 1.271646536176395 ], [ 103.8147254574274, 1.27161924670243 ], [ 103.814798861810104, 1.271433288894167 ], [ 103.814802737543801, 1.27142735048111 ], [ 103.814887249776092, 1.271336789482566 ], [ 103.814706800000039, 1.271166199999792 ], [ 103.814893743747049, 1.271329551975154 ], [ 103.814952743745962, 1.271261151971114 ], [ 103.814765800000032, 1.271097799999981 ], [ 103.814973053728608, 1.27123408459444 ], [ 103.814987853727231, 1.271211284593389 ], [ 103.81478060000056, 1.271075000000117 ], [ 103.815003304211416, 1.271183829893743 ], [ 103.815017004209508, 1.271155429892215 ], [ 103.814794300001367, 1.271046600000685 ], [ 103.815041865937658, 1.271046599988321 ], [ 103.815041865936522, 1.271034499988472 ], [ 103.814794299998709, 1.271034500000852 ], [ 103.815031718284033, 1.27096389176818 ], [ 103.815028518282929, 1.270952991768172 ], [ 103.814791100008406, 1.271023599996951 ], [ 103.815023302998938, 1.270937190412212 ], [ 103.815016102996992, 1.2709175904126 ], [ 103.814783900001714, 1.271003999999436 ], [ 103.814993150242657, 1.270870841821345 ], [ 103.814772359062161, 1.270519364317741 ], [ 103.814535396761585, 1.270087655729874 ], [ 103.815046533947879, 1.269801110784365 ], [ 103.815472048383839, 1.270460869562847 ], [ 103.815887351594938, 1.270189530419529 ], [ 103.815480816658166, 1.269559199459815 ], [ 103.815727727390467, 1.269422425407851 ], [ 103.815725870585098, 1.269426209315168 ], [ 103.815846570592456, 1.269486209320418 ], [ 103.815929859970723, 1.2693164772813 ], [ 103.815934239565422, 1.269316957696067 ], [ 103.815862653768576, 1.269493498896415 ], [ 103.816406753808778, 1.269716998916712 ], [ 103.816500299708352, 1.269486300720545 ], [ 103.816406877163743, 1.269717049548398 ], [ 103.816450223125699, 1.269734827385477 ], [ 103.816526869218606, 1.269766305247146 ], [ 103.816661672305926, 1.269433796733889 ], [ 103.816885527479201, 1.269471474807591 ], [ 103.816988387090205, 1.269549611095379 ], [ 103.816990256190707, 1.269551340450267 ], [ 103.816990423086523, 1.269551157719861 ], [ 103.816991055498931, 1.269551638125276 ], [ 103.816990838371098, 1.26955187738179 ], [ 103.817050338371729, 1.26960657738561 ], [ 103.817124290457443, 1.269525088538894 ], [ 103.817127873606978, 1.269525891813952 ], [ 103.817054659524089, 1.269610457615366 ], [ 103.817122159524743, 1.269669657619244 ], [ 103.817132189998162, 1.269658071937795 ], [ 103.817134766985362, 1.269672570889891 ], [ 103.817131147919014, 1.269677172626991 ], [ 103.817136316803172, 1.269681290658398 ], [ 103.817138802815222, 1.269695277753805 ], [ 103.817150392050166, 1.26969319110864 ], [ 103.816976721431615, 1.269849241497057 ], [ 103.817018321430353, 1.269896141500036 ], [ 103.817200512492704, 1.269732435129507 ], [ 103.817200646826521, 1.269732542152903 ], [ 103.817026970267833, 1.269905405329904 ], [ 103.817077570268268, 1.269956905333897 ], [ 103.817253600000797, 1.269781700000437 ], [ 103.81736063638796, 1.270006379468176 ], [ 103.817403655362796, 1.269985618569425 ], [ 103.817419975577309, 1.269977757003203 ], [ 103.817313100000902, 1.269753000001298 ], [ 103.81746546832413, 1.269949388490169 ], [ 103.817495368325112, 1.269925888488397 ], [ 103.817343, 1.269729500000348 ], [ 103.81756376886014, 1.269842253478952 ], [ 103.817575765587364, 1.269818458312631 ], [ 103.817603062187914, 1.269764562458976 ], [ 103.817383828347573, 1.269652081527277 ], [ 103.8173849576675, 1.269650957496337 ], [ 103.817626197176565, 1.269607522222918 ], [ 103.817613078360267, 1.269533711659202 ], [ 103.817688765134122, 1.269512170036877 ], [ 103.817621399999766, 1.269272399999976 ], [ 103.817731510075987, 1.269495569730601 ], [ 103.818003010094358, 1.269359869719045 ], [ 103.817892900007507, 1.269136700015879 ], [ 103.818008148415927, 1.269357225920948 ], [ 103.818146342721761, 1.269284064230568 ], [ 103.818204594174944, 1.269316127005313 ], [ 103.818264859822051, 1.269365056597334 ], [ 103.818284388329161, 1.269399824644843 ], [ 103.818298084468225, 1.269392031638269 ], [ 103.818301665192337, 1.269394938822772 ], [ 103.818308950311049, 1.269385849049464 ], [ 103.818715411650459, 1.269154575336433 ], [ 103.818672611646022, 1.269078375339539 ], [ 103.818457100000728, 1.269200999999041 ], [ 103.81861253478499, 1.26900706116715 ], [ 103.818498234787157, 1.268914261174513 ], [ 103.818342800000991, 1.269108199998691 ], [ 103.818461584484865, 1.268889583102994 ], [ 103.818318784493286, 1.26881098310921 ], [ 103.81820000000026, 1.26902960000015 ], [ 103.818199999994462, 1.268780427730615 ], [ 103.818095200005089, 1.268780427730171 ], [ 103.818095199999973, 1.269029600000488 ], [ 103.817979951591099, 1.26880907408257 ], [ 103.817780205435696, 1.268914822044653 ], [ 103.817531896024107, 1.269038931020629 ], [ 103.817414086318195, 1.269072461475934 ], [ 103.817378559976035, 1.269066005655102 ], [ 103.817246397822558, 1.269041906064693 ], [ 103.817211688362164, 1.269034124850048 ], [ 103.817051856139599, 1.268998061623163 ], [ 103.817030178335088, 1.268991979360826 ], [ 103.816963700000173, 1.269232 ], [ 103.817004533210977, 1.268986240446927 ], [ 103.816104433293589, 1.26883474046202 ], [ 103.816070242662448, 1.269040520430071 ], [ 103.816068027667654, 1.269039610575187 ], [ 103.816090422518343, 1.268832794522822 ], [ 103.815933622533578, 1.268815594524422 ], [ 103.815912529231014, 1.269010390689035 ], [ 103.815906662198159, 1.269014720898918 ], [ 103.815906093191543, 1.26881412874848 ], [ 103.815871293195087, 1.268814228748538 ], [ 103.815871934621299, 1.269040351862611 ], [ 103.815863656839781, 1.269046461344373 ], [ 103.815762040412409, 1.268840155128026 ], [ 103.815665440418883, 1.268888355124392 ], [ 103.815775399997861, 1.269111599995594 ], [ 103.815656031826606, 1.268893305407108 ], [ 103.815216691314077, 1.269136674271122 ], [ 103.815142913905277, 1.269013895946231 ], [ 103.815244534450102, 1.268977558900543 ], [ 103.815531701313247, 1.268865123728764 ], [ 103.815791122745381, 1.268768862333248 ], [ 103.81602223872757, 1.268672978192789 ], [ 103.816192820075443, 1.268595817837126 ], [ 103.816275857308526, 1.268556158262336 ], [ 103.816419990424919, 1.268486804681773 ], [ 103.816503064176786, 1.268448917039261 ], [ 103.816563861469064, 1.268415785302522 ], [ 103.816629839851359, 1.268380936187153 ], [ 103.81657174883712, 1.26826952280224 ], [ 103.816574189936645, 1.268268205751622 ], [ 103.816634764216332, 1.268378263327712 ], [ 103.816886711329602, 1.26823778921476 ], [ 103.817125799723513, 1.268099364124822 ], [ 103.817393921264596, 1.267915533221621 ], [ 103.817851171331384, 1.267577425052966 ], [ 103.817995160972359, 1.267467339351617 ], [ 103.818178502287481, 1.267322953001488 ], [ 103.818204273749089, 1.267302335832254 ], [ 103.81822813171236, 1.267663322814847 ], [ 103.818321237738601, 1.267657089220874 ], [ 103.818424214119915, 1.267630475046711 ], [ 103.8185062702225, 1.267584937208705 ], [ 103.818561318600743, 1.267651420757248 ], [ 103.818751499999962, 1.267491900000083 ], [ 103.818578581902642, 1.26767021655268 ], [ 103.818629581902982, 1.267720316555854 ], [ 103.818794202859493, 1.267550556175658 ], [ 103.818897824847085, 1.267692890179121 ], [ 103.818904687494566, 1.26768782897595 ], [ 103.81894518597025, 1.2677456232361 ], [ 103.820115655069756, 1.266914753488417 ], [ 103.820166203636731, 1.266787445958822 ], [ 103.820156983008346, 1.266636227887599 ], [ 103.820023126307646, 1.266487430475859 ], [ 103.819898147269669, 1.266425410803804 ], [ 103.819747654042274, 1.266447872479824 ], [ 103.818792749313744, 1.267152509609685 ], [ 103.818745493763174, 1.267095437689276 ], [ 103.818734237892699, 1.267068905999759 ], [ 103.818724623852731, 1.267025166110081 ], [ 103.818742774422233, 1.266893278452292 ], [ 103.818714335507892, 1.266754552107199 ], [ 103.818660923573532, 1.266452972655485 ], [ 103.818417200004262, 1.266496699998782 ], [ 103.818657061321105, 1.266435022373497 ], [ 103.818624822075606, 1.26630801277308 ], [ 103.818551731659539, 1.266093028717073 ], [ 103.818317499997889, 1.266173700000828 ], [ 103.818543838690815, 1.266072752168794 ], [ 103.818499860202323, 1.265972862317753 ], [ 103.81837834735957, 1.265669129633194 ], [ 103.817919052624234, 1.265855270346465 ], [ 103.818043739780578, 1.266166937661664 ], [ 103.818086774212532, 1.26626468328504 ], [ 103.818131016602521, 1.266394815445766 ], [ 103.818052005853147, 1.266451024743513 ], [ 103.818142315740403, 1.266579622229736 ], [ 103.818121410243336, 1.266583905682747 ], [ 103.818150036274304, 1.266725435114616 ], [ 103.81802840470192, 1.266812239312603 ], [ 103.817965860796619, 1.266856942088472 ], [ 103.81810920000018, 1.267060099999398 ], [ 103.817955157394579, 1.266865039265686 ], [ 103.817922351760203, 1.266891283772735 ], [ 103.817845165849846, 1.266789961057964 ], [ 103.817333600829272, 1.267184737260597 ], [ 103.817135521875755, 1.267341712868542 ], [ 103.816895607777326, 1.26751037570787 ], [ 103.816631855581136, 1.26767166370535 ], [ 103.816547848692565, 1.267716988113495 ], [ 103.816513131180713, 1.267655971887371 ], [ 103.816444600508362, 1.26769547278462 ], [ 103.816443298411045, 1.267693219636609 ], [ 103.816297591503712, 1.267778520340018 ], [ 103.81617779108312, 1.267562141289176 ], [ 103.81610879108699, 1.267600841285893 ], [ 103.816229299880277, 1.267818499783151 ], [ 103.816108638995232, 1.267600926660548 ], [ 103.816066326786981, 1.26762469756375 ], [ 103.815765793449827, 1.267785595138278 ], [ 103.815254153547087, 1.26805257234116 ], [ 103.81471033602206, 1.268331308940168 ], [ 103.81443218146832, 1.268483668584195 ], [ 103.813876740791031, 1.268829725812001 ], [ 103.813302023748491, 1.269213831673202 ], [ 103.813159442098581, 1.269296468781345 ], [ 103.813032106710509, 1.269382575845851 ], [ 103.812603576846968, 1.269682397079617 ], [ 103.812313844164422, 1.269874306971443 ], [ 103.812299790299207, 1.269813682851975 ], [ 103.812058700000676, 1.269870300000163 ], [ 103.812293586875953, 1.269791581305462 ], [ 103.812262786867961, 1.269698481307498 ], [ 103.812027900016417, 1.269777199994139 ], [ 103.812260112426316, 1.269690816393729 ], [ 103.812200512413469, 1.269528516398522 ], [ 103.811968299999194, 1.269614900001101 ], [ 103.812168847988445, 1.269468805331243 ], [ 103.812045447982527, 1.269297205340622 ], [ 103.811844900005283, 1.269443299995723 ], [ 103.81196400719513, 1.26935382724951 ], [ 103.811991825502133, 1.269334382950404 ], [ 103.811993080088513, 1.269331987830721 ], [ 103.812043299479157, 1.269294263261733 ], [ 103.812025449471648, 1.269270191727564 ], [ 103.812033518131244, 1.269254787919754 ], [ 103.812064043318244, 1.269158392564551 ], [ 103.812030782113794, 1.269032578489234 ], [ 103.811852447156951, 1.268793298520589 ], [ 103.811795219284903, 1.268736070651873 ], [ 103.811676918700101, 1.268694093024908 ], [ 103.811621877659292, 1.268703037194999 ], [ 103.811563106529505, 1.26861628747887 ], [ 103.81151848930746, 1.268525009513641 ], [ 103.811496840853522, 1.268480615226042 ], [ 103.811274600000246, 1.268590400000326 ], [ 103.811496806337843, 1.268480544472756 ], [ 103.811408893812299, 1.268300407132555 ], [ 103.81126586116639, 1.267981326763816 ], [ 103.811040200000136, 1.268083799999951 ], [ 103.811264807549179, 1.267979008052546 ], [ 103.811170807534992, 1.267774908060599 ], [ 103.810946199993765, 1.267879700002922 ], [ 103.811164183067589, 1.267761583718689 ], [ 103.811049983054104, 1.267548083727945 ], [ 103.810831999999607, 1.267666200000211 ], [ 103.810946074417799, 1.267445056628837 ], [ 103.810839674424514, 1.267389456633628 ], [ 103.810725599999898, 1.267610600000262 ], [ 103.810808426434164, 1.267375786744634 ], [ 103.810730626440119, 1.267347986747252 ], [ 103.810647799999813, 1.267582800000316 ], [ 103.810674566444987, 1.267335088385713 ], [ 103.810566766455594, 1.267323288386438 ], [ 103.810540000000344, 1.267570999999758 ], [ 103.810542748079172, 1.267321843090006 ], [ 103.810334022703273, 1.267319510965201 ], [ 103.810305727153562, 1.267313613511981 ], [ 103.810154332597719, 1.267222712081308 ], [ 103.810027499999549, 1.267436700001136 ], [ 103.810126676221643, 1.267208395796283 ], [ 103.809928976235298, 1.267121395804618 ], [ 103.809829799999477, 1.267349700000841 ], [ 103.80988947886101, 1.267107875952348 ], [ 103.809725878875156, 1.267066975956457 ], [ 103.809666200000436, 1.26730880000006 ], [ 103.809703408101541, 1.267062458074728 ], [ 103.809613430139322, 1.267048690598702 ], [ 103.809536211964428, 1.26700235969431 ], [ 103.809452881300388, 1.266938377394474 ], [ 103.809414574047523, 1.266889628759704 ], [ 103.809322625562572, 1.2669628238773 ], [ 103.809300676480916, 1.266942703260553 ], [ 103.809390198107792, 1.266904471063083 ], [ 103.809364411980155, 1.266843305942298 ], [ 103.809365253005581, 1.26684213272651 ], [ 103.809363328049969, 1.266840734841622 ], [ 103.809205798076107, 1.266467071077967 ], [ 103.809024723686193, 1.266544402909865 ], [ 103.809016661850634, 1.266532949027144 ], [ 103.809170635882623, 1.266408016046536 ], [ 103.809105670319596, 1.266326906354264 ], [ 103.808936850496266, 1.266105639598454 ], [ 103.808792688808722, 1.266217062979415 ], [ 103.808789535037121, 1.266212884710005 ], [ 103.808924333584585, 1.266090511047591 ], [ 103.808760347805944, 1.265907522990316 ], [ 103.808714607363569, 1.265743738812545 ], [ 103.808753562312404, 1.265741603580792 ], [ 103.808726637689787, 1.265243996418491 ], [ 103.808577037704097, 1.265252196418017 ], [ 103.808590500000122, 1.265501000000806 ], [ 103.808544550378031, 1.265256157294026 ], [ 103.808439350387317, 1.265276157291846 ], [ 103.808485300001635, 1.265521000009318 ], [ 103.808437049602617, 1.265276606066167 ], [ 103.808434049603363, 1.265277206066164 ], [ 103.808482300000321, 1.265521600000321 ], [ 103.808263369684241, 1.265405272395197 ], [ 103.80824230408227, 1.265445434499147 ], [ 103.808007057951329, 1.265367458103147 ], [ 103.807980357944757, 1.265449058100403 ], [ 103.808215500000017, 1.265527 ], [ 103.807969894681932, 1.265495707122593 ], [ 103.80795769467268, 1.26559270712144 ], [ 103.808203299999704, 1.26562400000017 ], [ 103.807956009373129, 1.265635736686428 ], [ 103.807962109361213, 1.265765936687084 ], [ 103.808203290949777, 1.265754489942742 ], [ 103.808204067497215, 1.265757270550607 ], [ 103.807994515618262, 1.265877934263002 ], [ 103.808099615607574, 1.266062834271457 ], [ 103.808263111277597, 1.265968690547679 ], [ 103.808264392264917, 1.26597327742143 ], [ 103.808109560767974, 1.26607888468356 ], [ 103.808181170308202, 1.266185239148265 ], [ 103.808222789942306, 1.266260491718786 ], [ 103.808385329444079, 1.266169425953616 ], [ 103.808385206909151, 1.266169537193841 ], [ 103.808222862131004, 1.26626062215062 ], [ 103.808284062124031, 1.266371122155231 ], [ 103.80843375548163, 1.266287135388736 ], [ 103.80844580847851, 1.266300585060769 ], [ 103.808318650273506, 1.26641909407639 ], [ 103.808344960912862, 1.266447692598988 ], [ 103.808417673659889, 1.266544025982539 ], [ 103.808661988711322, 1.266891137594676 ], [ 103.808804021944013, 1.266789865409402 ], [ 103.808807616723229, 1.266798392290224 ], [ 103.808680337218064, 1.266914179400475 ], [ 103.808748137217123, 1.266989679405041 ], [ 103.808849417347261, 1.266897544119034 ], [ 103.808855696722105, 1.266912438906757 ], [ 103.808771179729774, 1.267012210080823 ], [ 103.808857179730879, 1.267086010085305 ], [ 103.808905048344485, 1.26702950182941 ], [ 103.808911247666003, 1.26704420672763 ], [ 103.808872412429992, 1.267098077988305 ], [ 103.808966212432566, 1.267166577993616 ], [ 103.809050614297504, 1.267049497843881 ], [ 103.809050911449987, 1.267049370938959 ], [ 103.808966534683108, 1.267166812927168 ], [ 103.809016785695363, 1.267203386150789 ], [ 103.809040838181318, 1.267221057366127 ], [ 103.809042230286352, 1.267219137882737 ], [ 103.809043105306529, 1.267220251407527 ], [ 103.809041946971277, 1.267221867263442 ], [ 103.809047602236333, 1.267225974063382 ], [ 103.80908382592753, 1.26727207122957 ], [ 103.809278, 1.267117499999942 ], [ 103.809127845466193, 1.267315608127293 ], [ 103.809247145469669, 1.26740720813391 ], [ 103.809397300000938, 1.267209099997858 ], [ 103.809270534001172, 1.267423127890781 ], [ 103.809401534008202, 1.267501727897306 ], [ 103.80952830000038, 1.267287699999738 ], [ 103.809491091878257, 1.267534041921734 ], [ 103.809617652521325, 1.267553406894184 ], [ 103.80974980450506, 1.267586444890606 ], [ 103.809914047972029, 1.267658721985389 ], [ 103.81008786739072, 1.267763087921474 ], [ 103.810214700000344, 1.267549100000319 ], [ 103.810164499304292, 1.267793095675272 ], [ 103.810257099312423, 1.26781239567646 ], [ 103.810307300000233, 1.267568400000489 ], [ 103.810304551897332, 1.267817556908193 ], [ 103.810525207796218, 1.267820022338579 ], [ 103.810592254276855, 1.267827361378925 ], [ 103.810626681134764, 1.267839663006203 ], [ 103.810650193640626, 1.267851949617512 ], [ 103.810724706691431, 1.267991253807102 ], [ 103.810815059713377, 1.268187435244414 ], [ 103.810959238793998, 1.268509073228087 ], [ 103.811184900000441, 1.268406600000103 ], [ 103.810962693655625, 1.268516455500662 ], [ 103.811052376727744, 1.268700220845622 ], [ 103.811074059124522, 1.268744684755998 ], [ 103.811296300000137, 1.268634900000465 ], [ 103.811074162289685, 1.268744896063572 ], [ 103.811126562282624, 1.268852096067926 ], [ 103.811348700001062, 1.2687420999996 ], [ 103.811144159888045, 1.268882475961286 ], [ 103.811217259883634, 1.268990375967116 ], [ 103.811421799992402, 1.268850000005238 ], [ 103.811222712735827, 1.268998104659959 ], [ 103.811343956851459, 1.26916320719663 ], [ 103.811488486911898, 1.269378777482014 ], [ 103.811693699997846, 1.269239400001607 ], [ 103.811495300505925, 1.26938843671111 ], [ 103.811645415561443, 1.269590873636619 ], [ 103.81174785334197, 1.269733323597888 ], [ 103.811794288255328, 1.269859773064996 ], [ 103.811820204864333, 1.269938111925586 ], [ 103.811869832852295, 1.270152192201362 ], [ 103.811540685517954, 1.270350590606151 ], [ 103.811229764792614, 1.270470528082368 ], [ 103.811158112117582, 1.27050213217961 ], [ 103.811097509233704, 1.27051722055226 ], [ 103.810866254559258, 1.270542708046789 ], [ 103.810594543201987, 1.270572648154068 ], [ 103.810138986772685, 1.270600380250454 ], [ 103.810081312581417, 1.270603875656301 ], [ 103.809827443812836, 1.270615750807693 ], [ 103.809326881484282, 1.270643916209922 ], [ 103.809170219901347, 1.270652768826403 ], [ 103.809156684137861, 1.270653434519553 ], [ 103.80871192231524, 1.270705687400837 ], [ 103.808430186355551, 1.270740365680739 ], [ 103.808197473631154, 1.270768935549833 ], [ 103.808076256336093, 1.270786901684453 ], [ 103.807869131256439, 1.270828430005102 ], [ 103.807320617919743, 1.270940783595119 ], [ 103.806787350394117, 1.271137585949938 ], [ 103.80644048906511, 1.271283701915743 ], [ 103.806006570842968, 1.271458583804004 ], [ 103.805419893314365, 1.271695087869291 ], [ 103.804531512031886, 1.272033133997377 ], [ 103.804097688131336, 1.272153313659879 ], [ 103.803850112443044, 1.27219542466481 ], [ 103.80336767010327, 1.272246818866637 ], [ 103.802841536194208, 1.272282809762219 ], [ 103.802793514225641, 1.272283850325324 ], [ 103.80270163464337, 1.272256512119585 ], [ 103.802594642066722, 1.272210689783057 ], [ 103.802569940095992, 1.272192935241665 ], [ 103.802519718552375, 1.272150685373464 ], [ 103.802446052117958, 1.271887032483456 ], [ 103.802340016209769, 1.271676700900351 ], [ 103.802337659395803, 1.27167269653414 ], [ 103.802524177834556, 1.271679210963442 ], [ 103.802651071567283, 1.27167511160575 ], [ 103.802784287815541, 1.27161281146878 ], [ 103.802875065954495, 1.271464990290946 ], [ 103.802875065933549, 1.271246338489992 ], [ 103.802800643170244, 1.271108577225584 ], [ 103.802780836376925, 1.271097737021897 ], [ 103.802796713997708, 1.27107754798302 ], [ 103.802602599998721, 1.270922899999714 ], [ 103.802835550283405, 1.27100724736147 ], [ 103.802871150275834, 1.270907647358729 ], [ 103.802638199998768, 1.270823299999424 ], [ 103.802885545288305, 1.270833816729795 ], [ 103.802891845274104, 1.270683716728784 ], [ 103.802644500000596, 1.27067320000026 ], [ 103.802891917144748, 1.270664564053972 ], [ 103.802888285735136, 1.270559170952553 ], [ 103.802900073512959, 1.27047735810834 ], [ 103.802924549260965, 1.270379622147815 ], [ 103.802961258967372, 1.270261588990443 ], [ 103.803003141687014, 1.27015741284719 ], [ 103.803056843862606, 1.270059868552889 ], [ 103.802840300000199, 1.269939099999779 ], [ 103.803065448170898, 1.270042710362651 ], [ 103.803186648152533, 1.269775910351993 ], [ 103.80273635186586, 1.269568689628569 ], [ 103.802619125018325, 1.269826743400283 ], [ 103.802562756151588, 1.269929131423569 ], [ 103.802779300001532, 1.270049900000658 ], [ 103.802549810439842, 1.2699564353014 ], [ 103.802498510430596, 1.270084035296956 ], [ 103.802728000001466, 1.270177500000935 ], [ 103.802491739052641, 1.270103063334961 ], [ 103.802449939042305, 1.270237463330331 ], [ 103.802686200001972, 1.270311900000343 ], [ 103.802446142228362, 1.270251000257742 ], [ 103.802416842218662, 1.270368000255022 ], [ 103.802656899995966, 1.270428899998747 ], [ 103.802411896950943, 1.270393139781076 ], [ 103.802395096940614, 1.270509739779517 ], [ 103.802640099999891, 1.270545499999926 ], [ 103.80239268286681, 1.270554135922209 ], [ 103.80239675284767, 1.270672258200835 ], [ 103.802392450566487, 1.27077476153759 ], [ 103.802383583548192, 1.270799569256284 ], [ 103.802370628075096, 1.270810912849851 ], [ 103.802331028737896, 1.270826143364078 ], [ 103.802407647850316, 1.271027946605704 ], [ 103.802403319781845, 1.271027793370414 ], [ 103.802305134189808, 1.270837856695264 ], [ 103.802237534193992, 1.270873256693118 ], [ 103.802315818696613, 1.271024695400035 ], [ 103.802304292551966, 1.271024287317081 ], [ 103.802212178027702, 1.270888536273374 ], [ 103.802155878030646, 1.270927236270637 ], [ 103.802235766144761, 1.271044969010264 ], [ 103.802157015148083, 1.271094986533381 ], [ 103.802056657277802, 1.271067438746143 ], [ 103.802035657271006, 1.271144938743273 ], [ 103.802104772555836, 1.271163910581088 ], [ 103.802087237117362, 1.271205542328832 ], [ 103.802027019670504, 1.271203948105764 ], [ 103.802026710089507, 1.271215793913502 ], [ 103.802021405909343, 1.271208612794685 ], [ 103.802007817421625, 1.271181145470573 ], [ 103.802001409552815, 1.271168190433379 ], [ 103.801973341400327, 1.271085223161578 ], [ 103.801954160300866, 1.271011412376849 ], [ 103.801940197096926, 1.270935887303753 ], [ 103.80194119908279, 1.270892488647246 ], [ 103.801693700000499, 1.270886699999938 ], [ 103.801940966568409, 1.270874450683658 ], [ 103.801936467617153, 1.270782451890741 ], [ 103.801938325175655, 1.270670533326389 ], [ 103.801939819839149, 1.270594118263131 ], [ 103.801955021393738, 1.270339124031416 ], [ 103.801707899979093, 1.270324199999343 ], [ 103.80195526881414, 1.270334139144488 ], [ 103.801981108259241, 1.269682664327485 ], [ 103.801992729183624, 1.26945858865553 ], [ 103.801745502007407, 1.269445600105182 ], [ 103.801992732057812, 1.269458533119422 ], [ 103.801998536371187, 1.269346131918871 ], [ 103.802030241622731, 1.269100208554541 ], [ 103.802043167157308, 1.269083423062959 ], [ 103.802233241649731, 1.268876594268248 ], [ 103.802051499995216, 1.268707399996104 ], [ 103.802241381909383, 1.268867281827524 ], [ 103.802891179033722, 1.268085508502188 ], [ 103.803169280140736, 1.267808745321294 ], [ 103.803395466347169, 1.267605961053205 ], [ 103.803230799857587, 1.267419899839427 ], [ 103.803395724361053, 1.267605729408562 ], [ 103.803417746606755, 1.267585930064588 ], [ 103.80378922677059, 1.267378216679608 ], [ 103.803668999997953, 1.267160399996732 ], [ 103.803811185307964, 1.267364377658681 ], [ 103.803902385311019, 1.267299977653983 ], [ 103.803760199999829, 1.267096000000501 ], [ 103.803938868033896, 1.26726847854348 ], [ 103.804611268032602, 1.266562878497737 ], [ 103.804432600004745, 1.266390400004181 ], [ 103.804619024429741, 1.266554351676427 ], [ 103.804794186203083, 1.266352586819048 ], [ 103.804928110457027, 1.266200740336019 ], [ 103.80519355064736, 1.265910138503729 ], [ 103.805011300000103, 1.265741500000039 ], [ 103.805194945162029, 1.265908598930805 ], [ 103.805284721692757, 1.265808647718002 ], [ 103.805394343452676, 1.265687259749145 ], [ 103.805489838819199, 1.265586377456528 ], [ 103.805310600001491, 1.265414500001454 ], [ 103.805491096906252, 1.265585038521652 ], [ 103.806043896902821, 1.264992338483688 ], [ 103.805863400000348, 1.264821800000613 ], [ 103.806106292596255, 1.264869983282863 ], [ 103.806113792592768, 1.264831683282144 ], [ 103.805870899998453, 1.264783499999757 ], [ 103.806113109910484, 1.264731952832073 ], [ 103.806103109906616, 1.264684352832994 ], [ 103.805860900000624, 1.26473589999985 ], [ 103.80603039443875, 1.264554284229724 ], [ 103.805756264849904, 1.264295118454704 ], [ 103.805818271787174, 1.264282129679532 ], [ 103.805787771774121, 1.264134629682367 ], [ 103.805622370725317, 1.264169276721837 ], [ 103.805429672191238, 1.263988558097696 ], [ 103.805478169787207, 1.263954947418922 ], [ 103.805638839807344, 1.263843668180228 ], [ 103.805498500000112, 1.263638399999964 ], [ 103.805639365575701, 1.263843303028624 ], [ 103.805644965575823, 1.263839403028413 ], [ 103.805363234446048, 1.263429596964163 ], [ 103.805357897142329, 1.263433314014506 ], [ 103.805197460221706, 1.263544431803429 ], [ 103.805337800000061, 1.263749699999568 ], [ 103.805197399299871, 1.263544474011286 ], [ 103.805152508936658, 1.263575584737683 ], [ 103.805096481041858, 1.263601031961254 ], [ 103.805043391861062, 1.263625081758508 ], [ 103.805145000001005, 1.263852300002072 ], [ 103.805022321311824, 1.263635872808909 ], [ 103.804921337894683, 1.263693859378227 ], [ 103.804584084698448, 1.263881632168842 ], [ 103.804536898849776, 1.263880038052277 ], [ 103.804704733206009, 1.263668834964957 ], [ 103.804511399999853, 1.263513200000638 ], [ 103.804712848826071, 1.263658033043292 ], [ 103.80477714882251, 1.263567433037918 ], [ 103.80457570000037, 1.263422600000259 ], [ 103.804783348149542, 1.263558274057325 ], [ 103.804841848145742, 1.263467574052779 ], [ 103.804426551876162, 1.26319622593081 ], [ 103.804371050324278, 1.263282277044437 ], [ 103.804313863129238, 1.263362854950073 ], [ 103.804050266809014, 1.263694565001372 ], [ 103.804243600000092, 1.26385020000059 ], [ 103.804050245052537, 1.263694592384391 ], [ 103.80399034505065, 1.263769992379553 ], [ 103.80418370000001, 1.263925600000195 ], [ 103.803938149967223, 1.263893871895829 ], [ 103.803933149964138, 1.26393307189528 ], [ 103.804178700000534, 1.263964800000197 ], [ 103.804120604067663, 1.264020876918632 ], [ 103.804092669163907, 1.264008115271375 ], [ 103.804060945352859, 1.264078462303188 ], [ 103.804000022251898, 1.26413726812957 ], [ 103.804048364783839, 1.264188003519146 ], [ 103.804025421941034, 1.264185213697067 ], [ 103.804011821930118, 1.264298513695933 ], [ 103.804182623722639, 1.264319282981315 ], [ 103.804179533830705, 1.264322797204548 ], [ 103.80419833153519, 1.264339540411544 ], [ 103.804014242104586, 1.264374142818472 ], [ 103.804035042094739, 1.264486242820013 ], [ 103.804243683569013, 1.264447025482989 ], [ 103.804243975523164, 1.264448211815024 ], [ 103.804036748105446, 1.264494635152458 ], [ 103.804079659401197, 1.264688680117576 ], [ 103.80407304177767, 1.264843224689806 ], [ 103.804027757661601, 1.264953553240024 ], [ 103.80396254817461, 1.26505083906908 ], [ 103.803875154962071, 1.265112389270461 ], [ 103.803764617076126, 1.265153105495967 ], [ 103.803849700001194, 1.265387100001659 ], [ 103.803727581491515, 1.265170352079761 ], [ 103.803622281497539, 1.265230452074792 ], [ 103.803744400001065, 1.265447200001437 ], [ 103.80359670904879, 1.26524722471159 ], [ 103.803460509054105, 1.26534912470412 ], [ 103.80360820000044, 1.265549100000597 ], [ 103.803428117304549, 1.265378118465188 ], [ 103.803380317304089, 1.265429118461349 ], [ 103.803560400000237, 1.265600100000039 ], [ 103.803336399777336, 1.265493999823229 ], [ 103.803274399768739, 1.26562659981789 ], [ 103.803498399998432, 1.265732699999287 ], [ 103.803263667297301, 1.265653517977114 ], [ 103.803204441359284, 1.265831377977304 ], [ 103.803093433005344, 1.266051377980918 ], [ 103.803007870995771, 1.266207834204701 ], [ 103.802936243356754, 1.266308918699069 ], [ 103.803137800000201, 1.266453600000461 ], [ 103.80292967609634, 1.266318666080034 ], [ 103.802881727127271, 1.266393586335239 ], [ 103.802866720601315, 1.266410947440926 ], [ 103.802791855686294, 1.266462122705284 ], [ 103.802731057227604, 1.266499415926976 ], [ 103.80250053474839, 1.26657044129212 ], [ 103.802573000000621, 1.266808700000339 ], [ 103.80247010602335, 1.26658206865475 ], [ 103.802385994252447, 1.266620753941554 ], [ 103.802161847096002, 1.266666824657237 ], [ 103.801940115439066, 1.266657065649833 ], [ 103.801918484558854, 1.267154934349975 ], [ 103.802170684582862, 1.267166034350773 ], [ 103.802181499999875, 1.266917100001613 ], [ 103.802231033656071, 1.267161233720562 ], [ 103.802512733682164, 1.267103333715949 ], [ 103.802463200000446, 1.26685920000078 ], [ 103.802566093986556, 1.267085831345507 ], [ 103.802661060156098, 1.267042153826059 ], [ 103.802905765286212, 1.266966758698812 ], [ 103.802833299999321, 1.266728499998493 ], [ 103.802962135049825, 1.266941272618537 ], [ 103.803054735054587, 1.266884472613841 ], [ 103.80292590000002, 1.26667170000003 ], [ 103.80306499093453, 1.266877827594004 ], [ 103.803171490939576, 1.266805027588649 ], [ 103.803032400000262, 1.266598900000202 ], [ 103.8032191753653, 1.266762446573412 ], [ 103.803266975364352, 1.266707146569538 ], [ 103.80308020000011, 1.266543599999748 ], [ 103.803288323929706, 1.266678533908398 ], [ 103.803342754763761, 1.266593485720352 ], [ 103.803419356662189, 1.266485381279096 ], [ 103.803217800000184, 1.266340700000241 ], [ 103.803434681930099, 1.266460851896232 ], [ 103.803529181920382, 1.266288051887959 ], [ 103.803312300000087, 1.2661679 ], [ 103.803533031102504, 1.266280727689017 ], [ 103.803654131087555, 1.266040727678973 ], [ 103.803433399997033, 1.265927899998677 ], [ 103.803668132732639, 1.266007082007742 ], [ 103.803728546101652, 1.265825655968092 ], [ 103.803767583337716, 1.265742166638405 ], [ 103.803773352704141, 1.265736011038012 ], [ 103.803879819380924, 1.26565635645091 ], [ 103.803954009272545, 1.265614012551536 ], [ 103.804075682950582, 1.265569194496975 ], [ 103.803990600001327, 1.265335200002071 ], [ 103.804132535191471, 1.265539353978548 ], [ 103.804203538600731, 1.265489346957322 ], [ 103.804140457808188, 1.265784860411046 ], [ 103.804256886689203, 1.265810037180492 ], [ 103.804254284932398, 1.265822035278339 ], [ 103.804136626428146, 1.265808119135944 ], [ 103.804121226416115, 1.265940019133565 ], [ 103.804327917447694, 1.265964465657632 ], [ 103.804355509836853, 1.26598147347754 ], [ 103.804197274873928, 1.266150402639804 ], [ 103.804255722393833, 1.266205863065927 ], [ 103.804260275101271, 1.26621020741239 ], [ 103.804249955493958, 1.266222094330886 ], [ 103.803598247045471, 1.266905981084909 ], [ 103.803537433753633, 1.266948923802552 ], [ 103.803153173272293, 1.267163783297287 ], [ 103.803273400000492, 1.267381600000514 ], [ 103.803108475661702, 1.267195770583842 ], [ 103.803066004325643, 1.267233954905271 ], [ 103.802835133680531, 1.267440938922277 ], [ 103.802999800008692, 1.267627000008758 ], [ 103.802825735766945, 1.267449816730551 ], [ 103.802534735768916, 1.26773941671116 ], [ 103.802708800002065, 1.267916600002313 ], [ 103.802518918128939, 1.267756718207036 ], [ 103.801865573066962, 1.268542759943271 ], [ 103.801839697896767, 1.268570915904982 ], [ 103.801715968684974, 1.268456776882487 ], [ 103.801408767159458, 1.268108519925457 ], [ 103.801364227675137, 1.268048673921153 ], [ 103.801342384091029, 1.267992195883266 ], [ 103.801339121858931, 1.267931040620654 ], [ 103.801355776174546, 1.267849589517795 ], [ 103.801384764538582, 1.267743081671766 ], [ 103.801409844146221, 1.267684182581504 ], [ 103.801447867733216, 1.267557944232732 ], [ 103.801434687180546, 1.26741415653846 ], [ 103.801318377821588, 1.26711611385804 ], [ 103.801061409890096, 1.267122927409233 ], [ 103.800927292866845, 1.267160714347274 ], [ 103.800906474170858, 1.267187989473353 ], [ 103.800838318208093, 1.26720334597772 ], [ 103.800851052323708, 1.26726059910291 ], [ 103.800829158846653, 1.267289282324434 ], [ 103.800811261894609, 1.267364385575194 ], [ 103.800876290270494, 1.267380083493614 ], [ 103.800837736732618, 1.267406400799509 ], [ 103.800692333820365, 1.267299737926009 ], [ 103.800637733817595, 1.267375137921996 ], [ 103.800815982732644, 1.26750589555996 ], [ 103.800817528724352, 1.267513813111398 ], [ 103.800607653485116, 1.267430086862301 ], [ 103.800580953480534, 1.267497886860287 ], [ 103.800732302376616, 1.267558264996651 ], [ 103.800732259770598, 1.267558429372568 ], [ 103.800580773596451, 1.267498344964934 ], [ 103.800573373594872, 1.267517244964572 ], [ 103.800727127775048, 1.267578228937877 ], [ 103.800721882915454, 1.267598463937155 ], [ 103.800557988766954, 1.267578159595787 ], [ 103.800549110123214, 1.267650760131146 ], [ 103.800470912260167, 1.267922162798692 ], [ 103.80042942035773, 1.268002705888152 ], [ 103.800649200000052, 1.26811740000002 ], [ 103.800429316812654, 1.268002907112534 ], [ 103.800365871517613, 1.268126340173126 ], [ 103.800348197807153, 1.268149642779672 ], [ 103.800290980352813, 1.268034071113264 ], [ 103.79984781962888, 1.26825632886688 ], [ 103.799968619613225, 1.268500328877219 ], [ 103.80019019999925, 1.26838920000002 ], [ 103.80010288213272, 1.268622358992698 ], [ 103.80020858214111, 1.26866245899705 ], [ 103.800295899999711, 1.268429300001544 ], [ 103.800299136158742, 1.268678450948261 ], [ 103.800390336167752, 1.268677250948211 ], [ 103.8003871, 1.268428100000473 ], [ 103.800472737054037, 1.268661889663245 ], [ 103.800520437058083, 1.268644189662339 ], [ 103.800434800000261, 1.268410400000123 ], [ 103.80052049466515, 1.268644168277558 ], [ 103.800558194668326, 1.268630168276701 ], [ 103.800472500000453, 1.26839640000042 ], [ 103.800669282940092, 1.268547592118856 ], [ 103.800772582936176, 1.268411392110653 ], [ 103.800575800000431, 1.268260200000074 ], [ 103.800795683215995, 1.268374692875544 ], [ 103.800816194984179, 1.268334787142898 ], [ 103.80081741514833, 1.268336933759712 ], [ 103.801021055692715, 1.268219674632834 ], [ 103.801145800000796, 1.268170799999323 ], [ 103.800947658546022, 1.268320183915704 ], [ 103.801018658542702, 1.268415583920681 ], [ 103.801216800000049, 1.268266199999927 ], [ 103.801031670355499, 1.268431631391467 ], [ 103.801212944148887, 1.268637131267258 ], [ 103.801127131430306, 1.268741015835779 ], [ 103.801041140292966, 1.268837933421506 ], [ 103.800943131304521, 1.268708779534442 ], [ 103.800648231314128, 1.26893547951791 ], [ 103.800771264266501, 1.269097609404936 ], [ 103.800761354025482, 1.26910555284331 ], [ 103.800600210640653, 1.268984314944733 ], [ 103.800574810639972, 1.269018514943298 ], [ 103.80073645162193, 1.269140127215228 ], [ 103.800753269249938, 1.269161382097536 ], [ 103.800537076344995, 1.269092504923224 ], [ 103.800524276341918, 1.269133204922321 ], [ 103.800760299999183, 1.269208399999825 ], [ 103.800512889586287, 1.269217225052266 ], [ 103.800514389582375, 1.269259825052111 ], [ 103.800761800000231, 1.269251000000539 ], [ 103.800531386015649, 1.269342131427464 ], [ 103.800546886012455, 1.269381831428973 ], [ 103.800777299999154, 1.269290700000764 ], [ 103.800609235957339, 1.269473657684212 ], [ 103.800630835957563, 1.269493757685527 ], [ 103.800798900001013, 1.26931079999888 ], [ 103.80068909365454, 1.26953412124526 ], [ 103.800715393656276, 1.269547221245655 ], [ 103.800825199999323, 1.269323900001747 ], [ 103.800780970173122, 1.269569063322804 ], [ 103.800809970176275, 1.269574363323381 ], [ 103.800854199999861, 1.269329199999958 ], [ 103.800879994409769, 1.269577016039058 ], [ 103.800909394412344, 1.269573916038554 ], [ 103.800883600000546, 1.269326100000576 ], [ 103.80103782415172, 1.269521015430991 ], [ 103.801232824157609, 1.269364715419402 ], [ 103.801109061085285, 1.26920829809104 ], [ 103.80111572911737, 1.269203172139553 ], [ 103.801263253841114, 1.269335769286248 ], [ 103.801499353838267, 1.269069669269328 ], [ 103.801314699993426, 1.268903699994688 ], [ 103.801505066180354, 1.269062997402622 ], [ 103.8015414323594, 1.26901897263133 ], [ 103.801506292512912, 1.269291536209473 ], [ 103.801519994747721, 1.269293325750966 ], [ 103.800466257684633, 1.269952909133647 ], [ 103.800727742336491, 1.270376090859778 ], [ 103.801476672536964, 1.269907300424755 ], [ 103.801460630094041, 1.270311767174828 ], [ 103.801445278584879, 1.2705692759428 ], [ 103.801692400010765, 1.270584200000671 ], [ 103.801444882093264, 1.270579295530128 ], [ 103.801443282084989, 1.27066109552986 ], [ 103.801690799849425, 1.270665999997132 ], [ 103.801443268660748, 1.270661838095549 ], [ 103.801441268649626, 1.270782338095003 ], [ 103.801688800007, 1.27078649999978 ], [ 103.8014415334397, 1.270798749292861 ], [ 103.801445992590004, 1.270889934546194 ], [ 103.801445144064473, 1.270926686172163 ], [ 103.801419794142291, 1.27104548702537 ], [ 103.801427506170612, 1.271224792085148 ], [ 103.80147265039885, 1.271398747908172 ], [ 103.801501173354509, 1.271448318845524 ], [ 103.80154274709983, 1.271528710739634 ], [ 103.801675459246567, 1.271706312353517 ], [ 103.801748564108948, 1.271831634991057 ], [ 103.801820100945122, 1.27195226027289 ], [ 103.801848371220103, 1.272011466517367 ], [ 103.801873099613019, 1.272088098344053 ], [ 103.801890021423546, 1.27213407267292 ], [ 103.801886680535063, 1.272191448707802 ], [ 103.801878565708904, 1.272253603529801 ], [ 103.801867032085454, 1.272280369686111 ], [ 103.80182792261725, 1.272327417787549 ], [ 103.801809436610228, 1.27234705916954 ], [ 103.801780468572574, 1.272362026996697 ], [ 103.8017106935242, 1.272377022214714 ], [ 103.801450915223981, 1.27242972093706 ], [ 103.801386334487717, 1.272440315080277 ], [ 103.801110170422376, 1.272545757547969 ], [ 103.801019581369999, 1.27245115936094 ], [ 103.801016958708502, 1.272445149432738 ], [ 103.801258155618541, 1.272481370201688 ], [ 103.801264055614837, 1.27244157020102 ], [ 103.801019199999317, 1.272404800000316 ], [ 103.801257362756957, 1.272336778657292 ], [ 103.801244562752231, 1.272291378658701 ], [ 103.801128041874264, 1.272324658032379 ], [ 103.80165590315093, 1.272125189668117 ], [ 103.801439906535364, 1.271567449234383 ], [ 103.800564413449024, 1.27190128409572 ], [ 103.800650352162251, 1.272121924580669 ], [ 103.800648570469335, 1.272122798248565 ], [ 103.800659432994109, 1.272145238858757 ], [ 103.80068515520837, 1.272211278492642 ], [ 103.800640457212666, 1.272126964232057 ], [ 103.800591857216276, 1.272153064229112 ], [ 103.800708400004012, 1.272372900006297 ], [ 103.800580773394813, 1.272159390738283 ], [ 103.800430919634152, 1.272250132936239 ], [ 103.799841014863546, 1.271344848156762 ], [ 103.799750510901262, 1.271404590408216 ], [ 103.799497696777962, 1.271236871108804 ], [ 103.799452583194508, 1.271305759031702 ], [ 103.799342064328343, 1.271385341576955 ], [ 103.798881982921927, 1.271716528180875 ], [ 103.799026, 1.271919200000117 ], [ 103.798871349057578, 1.271724627327853 ], [ 103.798859456842763, 1.27173420259291 ], [ 103.798758663931267, 1.271591352783721 ], [ 103.798646480835302, 1.271432276771531 ], [ 103.798242719142635, 1.271720723211599 ], [ 103.798354919135463, 1.271879823220215 ], [ 103.798556800000426, 1.271735600000487 ], [ 103.798354954580205, 1.271879873467208 ], [ 103.798470855226611, 1.272044134906964 ], [ 103.798300345567156, 1.272188326155068 ], [ 103.798459599999916, 1.272379100000437 ], [ 103.798300321947082, 1.27218834613126 ], [ 103.797974858568807, 1.272463643339711 ], [ 103.797924005491723, 1.272402207979424 ], [ 103.797733799987583, 1.272561700010722 ], [ 103.797920586800146, 1.272398166202803 ], [ 103.797662086793551, 1.272099066220691 ], [ 103.79748881182681, 1.272250770256364 ], [ 103.797488911714709, 1.272250673576639 ], [ 103.797662024506295, 1.272098994179026 ], [ 103.79733036597149, 1.271715542152516 ], [ 103.797309109865438, 1.271690941365529 ], [ 103.797920221576746, 1.270861895391502 ], [ 103.797412936278761, 1.270505825062584 ], [ 103.796701474684966, 1.27148836472417 ], [ 103.796690443818591, 1.271683577298138 ], [ 103.796754147809935, 1.271818640722213 ], [ 103.796814629545736, 1.271892047997353 ], [ 103.796854911331522, 1.271924697446469 ], [ 103.796884791402661, 1.271959279202039 ], [ 103.796785944591377, 1.271913566016265 ], [ 103.796771244589763, 1.271945766014493 ], [ 103.79694091310634, 1.272024231753458 ], [ 103.796956792961694, 1.27204261033139 ], [ 103.796965041635247, 1.272035390350573 ], [ 103.796965161415486, 1.272035445744616 ], [ 103.79695687547823, 1.272042705782841 ], [ 103.796967738783508, 1.27205526556108 ], [ 103.7969663836287, 1.272056577193706 ], [ 103.79677200503366, 1.272100758994125 ], [ 103.796591500513614, 1.2717929485392 ], [ 103.796496602747254, 1.271631186496504 ], [ 103.796379518077188, 1.271424737940599 ], [ 103.796480477375212, 1.271357359238052 ], [ 103.796636345216342, 1.271260695338185 ], [ 103.796786484586264, 1.271135893455248 ], [ 103.796887190128558, 1.271033561606098 ], [ 103.797002016997666, 1.270881151245931 ], [ 103.797141023935993, 1.270722997333273 ], [ 103.797078248806585, 1.270667103763615 ], [ 103.797082795359742, 1.270657783329037 ], [ 103.797150786145195, 1.270711174783635 ], [ 103.797327322845035, 1.270483439093734 ], [ 103.797384565835316, 1.270360146474271 ], [ 103.797384565822782, 1.27022360410048 ], [ 103.797352728848978, 1.270080180170349 ], [ 103.797218570382071, 1.269946021714747 ], [ 103.797180302588146, 1.269919911919425 ], [ 103.79709252928977, 1.269859912533792 ], [ 103.79680247012918, 1.26964958577548 ], [ 103.796714950574398, 1.269603752076765 ], [ 103.796593300970471, 1.269577215121919 ], [ 103.796453432793797, 1.269596743886728 ], [ 103.796350220527913, 1.269651858895012 ], [ 103.795743100094697, 1.270007158331971 ], [ 103.795456330933661, 1.270168051913519 ], [ 103.795331832880734, 1.270336302119675 ], [ 103.795356218299503, 1.270568558583083 ], [ 103.795428774064888, 1.270685148209174 ], [ 103.795730028715724, 1.271191541790783 ], [ 103.795587681950948, 1.271281489146115 ], [ 103.795548357130059, 1.271311761470276 ], [ 103.795281169814601, 1.271476531779943 ], [ 103.794181564184569, 1.272154517121945 ], [ 103.794033346036571, 1.272241519008309 ], [ 103.793891401576161, 1.272324719556337 ], [ 103.793824483816422, 1.272538815279831 ], [ 103.793802985816114, 1.272676947867434 ], [ 103.79382415898985, 1.272859843908299 ], [ 103.793945748813613, 1.273046842570717 ], [ 103.794108931899316, 1.273297824743286 ], [ 103.793450861864173, 1.273685814138148 ], [ 103.792911239190914, 1.273997215752488 ], [ 103.792870007107254, 1.274021797706921 ], [ 103.792707954819562, 1.273764673649358 ], [ 103.792565567017661, 1.273516133322361 ], [ 103.792136632962084, 1.27376506665879 ], [ 103.79228163294691, 1.274018166670938 ], [ 103.7924961, 1.273893700000656 ], [ 103.792287046358837, 1.274027170923421 ], [ 103.792393453648344, 1.274196004594418 ], [ 103.792375223874132, 1.274167252270997 ], [ 103.791834523700615, 1.274514533464606 ], [ 103.791780003612914, 1.274420319609422 ], [ 103.791317304939653, 1.274698693969803 ], [ 103.791312592862155, 1.274785256433057 ], [ 103.79082738770127, 1.275078721513511 ], [ 103.790827383356799, 1.275078724141522 ], [ 103.790316937303913, 1.275387402701367 ], [ 103.790249182700961, 1.275266096561472 ], [ 103.789858603916699, 1.275487090678971 ], [ 103.789926233799747, 1.275609132916032 ], [ 103.789772649028507, 1.275696442507599 ], [ 103.789850337134581, 1.275834880969624 ], [ 103.78961468549889, 1.275977101991777 ], [ 103.789552879662736, 1.276014405513423 ], [ 103.789619656813386, 1.276126484305925 ], [ 103.789618930563321, 1.276125309441453 ], [ 103.789552839516617, 1.27601442974971 ], [ 103.789470451958849, 1.27606417688916 ], [ 103.789389084581273, 1.276111837730964 ], [ 103.789191259179987, 1.276227691278896 ], [ 103.789110582493819, 1.276273661421675 ], [ 103.78878965121342, 1.276432924890734 ], [ 103.788466017563408, 1.27657070666262 ], [ 103.7880829097505, 1.276706340507958 ], [ 103.78772803382688, 1.276807211125927 ], [ 103.787434014737428, 1.276874076758648 ], [ 103.786994671254632, 1.276937716736494 ], [ 103.786508779981517, 1.27702927039585 ], [ 103.786077206827628, 1.277138140327922 ], [ 103.785811689345863, 1.277215883344875 ], [ 103.785331217189125, 1.277387827653027 ], [ 103.784931733911563, 1.277566552049043 ], [ 103.784439127609488, 1.277818712217689 ], [ 103.783782156399511, 1.278213218468838 ], [ 103.783302841418035, 1.278501323925946 ], [ 103.783015947365783, 1.27873548252976 ], [ 103.78281577450764, 1.278952621042064 ], [ 103.782318206489549, 1.279584353420893 ], [ 103.781882098755489, 1.280055799863322 ], [ 103.781419869996299, 1.280567628247393 ], [ 103.781267387729017, 1.280736198081547 ], [ 103.781234241527841, 1.280772797009607 ], [ 103.781150147166073, 1.280864753440672 ], [ 103.781226291502037, 1.280935293630594 ], [ 103.781223559495103, 1.280938343313565 ], [ 103.781145473380278, 1.280870011675877 ], [ 103.780868677463502, 1.281190436251102 ], [ 103.780595435953146, 1.280701874032545 ], [ 103.780163964026599, 1.280946325948263 ], [ 103.780524645832671, 1.281591233618459 ], [ 103.780486327927207, 1.281618699519367 ], [ 103.779910780904544, 1.282001323561638 ], [ 103.779518835266913, 1.282208629626513 ], [ 103.779632052337718, 1.282425469719686 ], [ 103.779631921419792, 1.282425554838424 ], [ 103.77951076815377, 1.282213091007121 ], [ 103.779441868157647, 1.282252891003929 ], [ 103.779564589809596, 1.282468105290862 ], [ 103.779564589743103, 1.282468105327939 ], [ 103.77944185222816, 1.282252900206405 ], [ 103.779403306925701, 1.282275169678019 ], [ 103.779248565820424, 1.282304857193792 ], [ 103.778828568808507, 1.282559048597623 ], [ 103.778494420138856, 1.282757642623852 ], [ 103.778545655746413, 1.282844971748185 ], [ 103.778541380859565, 1.282847451182091 ], [ 103.77848733348695, 1.282762017580315 ], [ 103.778405392985718, 1.282814529518416 ], [ 103.777911072311198, 1.282263631687285 ], [ 103.777674598410456, 1.283063633508472 ], [ 103.777750928381607, 1.283126138794923 ], [ 103.777747537352809, 1.2831592558251 ], [ 103.777797727697873, 1.28316446193947 ], [ 103.777815817048491, 1.283179274992117 ], [ 103.777689162704775, 1.283258821810402 ], [ 103.777630289320854, 1.283348712373622 ], [ 103.777338780787503, 1.283527678643113 ], [ 103.777467700000201, 1.283740399999636 ], [ 103.777252224678634, 1.283863091240676 ], [ 103.777320124671064, 1.283983891246495 ] ], [ [ 103.801593755244596, 1.275016683789892 ], [ 103.801588399999872, 1.275063699999252 ], [ 103.801588399999872, 1.275063700000156 ], [ 103.801583867084446, 1.275066051368456 ], [ 103.801574808381176, 1.275062874077631 ], [ 103.80155435150526, 1.275042403914305 ], [ 103.80154491338169, 1.2750152777354 ], [ 103.801546674668032, 1.274999884908797 ], [ 103.801593755244596, 1.275016683789892 ] ], [ [ 103.801588399999872, 1.275063699999252 ], [ 103.801613176668653, 1.275023613573526 ], [ 103.801644281891399, 1.275034712267364 ], [ 103.801588399999872, 1.275063699999252 ] ], [ [ 103.801588399999872, 1.275063700000156 ], [ 103.80158796832724, 1.275067489856849 ], [ 103.801586397991102, 1.275066939070131 ], [ 103.801588399999872, 1.275063700000156 ] ], [ [ 103.798507805080305, 1.283024149495163 ], [ 103.798510200000138, 1.283026399999871 ], [ 103.798507009602517, 1.283025110274148 ], [ 103.798507805080305, 1.283024149495163 ] ], [ [ 103.798510200000138, 1.283026399999871 ], [ 103.798515784257788, 1.28302159873694 ], [ 103.798524818328474, 1.283032309497534 ], [ 103.798510200001047, 1.283026400000775 ], [ 103.798540384121424, 1.283054764005881 ], [ 103.798534648473179, 1.283056790150284 ], [ 103.798506340957189, 1.283029717948255 ], [ 103.798510200000138, 1.283026399999871 ] ], [ [ 103.793365163057274, 1.291898807469562 ], [ 103.793385140261975, 1.291917681504953 ], [ 103.793400476493403, 1.291947137299075 ], [ 103.793404961861512, 1.291978140195372 ], [ 103.793398769202227, 1.292010691845282 ], [ 103.793392043192256, 1.292024215394266 ], [ 103.79331326757368, 1.291973279303898 ], [ 103.793299700000659, 1.291949800000289 ], [ 103.793365163057274, 1.291898807469562 ] ], [ [ 103.793299700000659, 1.291949800000289 ], [ 103.79330306912226, 1.291966685013585 ], [ 103.793289383585261, 1.291957835983788 ], [ 103.793299699999764, 1.291949800000289 ], [ 103.793299700000659, 1.291949800000289 ] ], [ [ 103.777535602619281, 1.283861198508877 ], [ 103.777539548107427, 1.283858951954272 ], [ 103.777539548240412, 1.283858952174036 ], [ 103.777535602619281, 1.283861198508877 ] ], [ [ 103.7896228945839, 1.276671230993316 ], [ 103.789690898297266, 1.27663123756634 ], [ 103.789776940334789, 1.276580612837528 ], [ 103.789725187448894, 1.276491508629882 ], [ 103.789728614078811, 1.276489439567021 ], [ 103.789782781324107, 1.276577066598406 ], [ 103.789863643135249, 1.276526430776639 ], [ 103.789919873107536, 1.276492942277194 ], [ 103.790252985733389, 1.276294459286722 ], [ 103.790267174964711, 1.276381041964773 ], [ 103.790264601805163, 1.276389626022855 ], [ 103.790253126637154, 1.276413213865114 ], [ 103.790228591160101, 1.276451094646673 ], [ 103.790221469401345, 1.276463325491338 ], [ 103.790211880867162, 1.276473541686303 ], [ 103.789807930901418, 1.276608308123957 ], [ 103.7896228945839, 1.276671230993316 ] ], [ [ 103.80398298325953, 1.272678234947447 ], [ 103.803984489837532, 1.272677978688493 ], [ 103.804016118804213, 1.272850025663521 ], [ 103.804003261688806, 1.272847979932584 ], [ 103.80398298325953, 1.272678234947447 ] ], [ [ 103.807508903207918, 1.271667909232792 ], [ 103.808044447898169, 1.2715804560711 ], [ 103.808014188688603, 1.271392742813331 ], [ 103.808016490632781, 1.27139272832913 ], [ 103.808053835723115, 1.271578735550594 ], [ 103.808504020352416, 1.271487174232909 ], [ 103.809440771579446, 1.271380391731157 ], [ 103.809855788989566, 1.271324079331152 ], [ 103.809947725012861, 1.271314654092642 ], [ 103.809957299999525, 1.271461900000194 ], [ 103.809709880463615, 1.27147046889676 ], [ 103.809721514574477, 1.271810767583383 ], [ 103.809678311233228, 1.271720365229468 ], [ 103.80957927931037, 1.271649328201066 ], [ 103.809297350125419, 1.271518427747626 ], [ 103.809177843528815, 1.271518427748357 ], [ 103.809024739207985, 1.271574930531493 ], [ 103.808916853084568, 1.271803741612282 ], [ 103.808900715107271, 1.271885612288134 ], [ 103.808907751522, 1.272016461130612 ], [ 103.808690901157277, 1.271849730892175 ], [ 103.808348096436944, 1.271873215466172 ], [ 103.808301585042202, 1.271984076734127 ], [ 103.808230342078431, 1.271995352598213 ], [ 103.808248390172409, 1.272110868245876 ], [ 103.808207043082632, 1.272209420221588 ], [ 103.808174298455896, 1.272208218207524 ], [ 103.808171155189925, 1.272294960037912 ], [ 103.80808598436515, 1.272497967103603 ], [ 103.808111518249575, 1.272495660145535 ], [ 103.808104208189221, 1.272516778091247 ], [ 103.808103512688291, 1.272567781100044 ], [ 103.807818512798249, 1.27260053657806 ], [ 103.807347846823518, 1.272654759795869 ], [ 103.80670011442605, 1.27284014229895 ], [ 103.806673429305889, 1.272776909045783 ], [ 103.806776500054198, 1.272730222048289 ], [ 103.806674899999706, 1.272503 ], [ 103.806900150947669, 1.272399615692384 ], [ 103.806785250929579, 1.272146015702412 ], [ 103.806334749052652, 1.272352784277268 ], [ 103.8063464207452, 1.272378545305735 ], [ 103.806241292748865, 1.272426164141941 ], [ 103.806013309777114, 1.272527742670705 ], [ 103.805946337751095, 1.272556293345398 ], [ 103.805879823400375, 1.272416593216396 ], [ 103.805844118166888, 1.272336401207792 ], [ 103.805618200015346, 1.272438299992533 ], [ 103.805841639994611, 1.272331008586293 ], [ 103.805835556874442, 1.272318175253103 ], [ 103.806034054183172, 1.272245605858137 ], [ 103.80624258781738, 1.272168278542437 ], [ 103.806478373979203, 1.272062014545739 ], [ 103.806693690027942, 1.27196492658574 ], [ 103.806721825872017, 1.271953637067654 ], [ 103.806750407909988, 1.27203485355405 ], [ 103.806856358353542, 1.272142145149038 ], [ 103.806988271840638, 1.27216058467052 ], [ 103.807067412367047, 1.272145692636317 ], [ 103.807397647635923, 1.272021985037175 ], [ 103.807505034142622, 1.27190088960489 ], [ 103.807518446328302, 1.27178167008201 ], [ 103.807508903207918, 1.271667909232792 ] ], [ [ 103.814636932800113, 1.269245810925261 ], [ 103.814687468259208, 1.26921891859093 ], [ 103.814783231907228, 1.269378285854596 ], [ 103.814635516595231, 1.269461095485827 ], [ 103.81465997261499, 1.269349005346422 ], [ 103.814637114442704, 1.269246143615326 ], [ 103.814636932800113, 1.269245810925261 ] ], [ [ 103.8153673, 1.268274200000272 ], [ 103.815390147341162, 1.268318555201603 ], [ 103.815389816579938, 1.268318702050986 ], [ 103.8153673, 1.268274200000272 ] ], [ [ 103.814770607006068, 1.268865659179485 ], [ 103.814784799993959, 1.268897399986599 ], [ 103.81477020501022, 1.268865879373175 ], [ 103.814770607006068, 1.268865659179485 ] ], [ [ 103.809186800066129, 1.267019799908095 ], [ 103.809101403491994, 1.267138926535126 ], [ 103.809099037675423, 1.267140809831168 ], [ 103.809186800066129, 1.267019799908095 ] ], [ [ 103.802500000000535, 1.271027900000826 ], [ 103.802502956885093, 1.27103132101264 ], [ 103.802501276272679, 1.271031261510563 ], [ 103.802500000000535, 1.271027900000826 ] ], [ [ 103.802619484614681, 1.271035446660999 ], [ 103.802564300000853, 1.27097160000102 ], [ 103.802645600869653, 1.271036371303062 ], [ 103.802619484614681, 1.271035446660999 ] ], [ [ 103.801667387448177, 1.26931918423425 ], [ 103.801662945463093, 1.269311995414718 ], [ 103.801751799994719, 1.269323599999831 ], [ 103.801667387448177, 1.26931918423425 ] ], [ [ 103.80155942826309, 1.268997186851225 ], [ 103.801563563298771, 1.268992180991293 ], [ 103.801570566689932, 1.268998641553085 ], [ 103.80155942826309, 1.268997186851225 ] ], [ [ 103.801813703727035, 1.268966560639843 ], [ 103.801817599998913, 1.268969599999348 ], [ 103.80181297625883, 1.268967359498931 ], [ 103.801813703727035, 1.268966560639843 ] ], [ [ 103.80176806950594, 1.269016673261467 ], [ 103.801790000001205, 1.269027300000764 ], [ 103.801761751995116, 1.269023610753209 ], [ 103.80176806950594, 1.269016673261467 ] ], [ [ 103.805094830756587, 1.265281213667997 ], [ 103.805090927413659, 1.265285337200169 ], [ 103.805011782960918, 1.265208633329606 ], [ 103.805035015630054, 1.265181922321575 ], [ 103.805036550168708, 1.265183484523943 ], [ 103.805212599999933, 1.265008300000207 ], [ 103.805042399974184, 1.265189246100918 ], [ 103.805104145819627, 1.26524808137201 ], [ 103.805103411390718, 1.265256777521981 ], [ 103.805094830756587, 1.265281213667997 ] ], [ [ 103.805274599999521, 1.263793499999528 ], [ 103.805369328009832, 1.263931965455737 ], [ 103.805312993587336, 1.263879133286793 ], [ 103.805274599999521, 1.263793499999528 ] ], [ [ 103.805042600006047, 1.263911100011385 ], [ 103.805061094086511, 1.263943726881558 ], [ 103.805060741479451, 1.263944107759132 ], [ 103.805042600006047, 1.263911100011385 ] ], [ [ 103.804541685741313, 1.264218176216592 ], [ 103.804542788579084, 1.264218118714001 ], [ 103.804541575264963, 1.264218421197874 ], [ 103.804541685741313, 1.264218176216592 ] ], [ [ 103.804780560261875, 1.264503271514068 ], [ 103.804761655365823, 1.264440069188336 ], [ 103.804749003147933, 1.264443902973117 ], [ 103.804754691040927, 1.264432661016624 ], [ 103.804755519394831, 1.264431967419491 ], [ 103.804758707167494, 1.264430863974023 ], [ 103.804758291175531, 1.264429646550409 ], [ 103.804758980704904, 1.264429069193381 ], [ 103.804910918255089, 1.264568893372736 ], [ 103.804880580391455, 1.264603411287031 ], [ 103.804780560261875, 1.264503271514068 ] ], [ [ 103.805672060665117, 1.264312756950177 ], [ 103.805673274354248, 1.264312502714549 ], [ 103.805640611689427, 1.264347501235257 ], [ 103.805640019122151, 1.264347367531199 ], [ 103.805672060665117, 1.264312756950177 ] ], [ [ 103.805587659646008, 1.264403925100613 ], [ 103.805587902497194, 1.264403979896888 ], [ 103.805587887664061, 1.264403995790943 ], [ 103.805587645046487, 1.264403940870772 ], [ 103.805587659646008, 1.264403925100613 ] ], [ [ 103.805458830010238, 1.264697635725426 ], [ 103.805554920850014, 1.264788481305287 ], [ 103.805454735181939, 1.264895898180022 ], [ 103.805385772221598, 1.264830186001817 ], [ 103.805362841050552, 1.264806841441507 ], [ 103.80544310716391, 1.264715515968219 ], [ 103.805458830010238, 1.264697635725426 ] ], [ [ 103.804247, 1.265072000000662 ], [ 103.804278202101472, 1.265084973627497 ], [ 103.804277537099111, 1.265092735214477 ], [ 103.804247, 1.265072000000662 ] ], [ [ 103.8045281834316, 1.265214283492083 ], [ 103.804528171239596, 1.265215896800311 ], [ 103.804515700000238, 1.265213200000257 ], [ 103.8045281834316, 1.265214283492083 ] ], [ [ 103.804244392691785, 1.265297958491538 ], [ 103.804231706963165, 1.265357387113526 ], [ 103.804142100000519, 1.265228500000486 ], [ 103.804244392691785, 1.265297958491538 ] ], [ [ 103.804542043003877, 1.264169415355344 ], [ 103.804528918687325, 1.264179524649656 ], [ 103.804523662486702, 1.264161984592095 ], [ 103.804539181744758, 1.264166921220561 ], [ 103.804542043003877, 1.264169415355344 ] ], [ [ 103.80447969617444, 1.264183746402351 ], [ 103.804480767709819, 1.264181429108495 ], [ 103.804486057445956, 1.26418782884646 ], [ 103.804479688534755, 1.264184919304811 ], [ 103.80447969617444, 1.264183746402351 ] ], [ [ 103.801001323755926, 1.267410266704504 ], [ 103.801004036062807, 1.267410921458059 ], [ 103.801003799999535, 1.267421400000069 ], [ 103.801001323755926, 1.267410266704504 ] ], [ [ 103.800792399997377, 1.267700999999597 ], [ 103.800835750816617, 1.267706370595627 ], [ 103.800878339709627, 1.267717553270368 ], [ 103.800876188813817, 1.267725455996001 ], [ 103.800792399997377, 1.267700999999597 ] ], [ [ 103.800892630767535, 1.267730216942899 ], [ 103.800892653949148, 1.267730261783411 ], [ 103.800890274872629, 1.267729567386577 ], [ 103.800892630767535, 1.267730216942899 ] ], [ [ 103.800716748757637, 1.268019434005915 ], [ 103.800712383091621, 1.268020570701041 ], [ 103.80070190000248, 1.2680151000007 ], [ 103.800716748757637, 1.268019434005915 ] ], [ [ 103.80095960000007, 1.268085300000257 ], [ 103.800901036897216, 1.268119021471739 ], [ 103.800877420724987, 1.26810669714942 ], [ 103.80095960000007, 1.268085300000257 ] ], [ [ 103.798636255332127, 1.272217358980827 ], [ 103.798636550829912, 1.272217147766801 ], [ 103.798642300000225, 1.272224599999837 ], [ 103.798636255332127, 1.272217358980827 ] ], [ [ 103.798835730006672, 1.272127243012544 ], [ 103.798835945651163, 1.27212699816771 ], [ 103.79896405095937, 1.272288172675502 ], [ 103.799175442439363, 1.272117966416843 ], [ 103.799568367699393, 1.271835121717205 ], [ 103.800146823184875, 1.272722836146599 ], [ 103.800268619671428, 1.27291378234237 ], [ 103.799938482311802, 1.273078284333748 ], [ 103.799922181478692, 1.273086402787086 ], [ 103.799872702711767, 1.273106110431674 ], [ 103.799947447258788, 1.273296209747792 ], [ 103.799945908202574, 1.273296950775135 ], [ 103.799863936640406, 1.273109799362438 ], [ 103.79980445339902, 1.27313619192629 ], [ 103.799639972565515, 1.273209142402839 ], [ 103.79915012633883, 1.273407422943945 ], [ 103.799226742010305, 1.273599163590941 ], [ 103.799224877813785, 1.273599861050255 ], [ 103.7991394408932, 1.273412044573167 ], [ 103.798995033446033, 1.273478589999937 ], [ 103.798967409193253, 1.273489885592915 ], [ 103.798930269989967, 1.273449021183318 ], [ 103.798820746597698, 1.27354985611138 ], [ 103.798796518312514, 1.273559763086992 ], [ 103.798908721502499, 1.273428020894989 ], [ 103.798441901662798, 1.273025260736939 ], [ 103.798267786877531, 1.272866828697725 ], [ 103.79861886909238, 1.272569861457531 ], [ 103.798797901027754, 1.272418463345277 ], [ 103.798925032044821, 1.272319108848024 ], [ 103.798804430055952, 1.272162781255221 ], [ 103.798804669259496, 1.272162509662308 ], [ 103.79892639112218, 1.272318039050595 ], [ 103.798962591123512, 1.272289339048722 ], [ 103.798835730006672, 1.272127243012544 ] ], [ [ 103.800700525823984, 1.272668460191456 ], [ 103.800830565607768, 1.272589716112082 ], [ 103.800869524261046, 1.272568793871732 ], [ 103.800883157946103, 1.272562108482884 ], [ 103.800850077411255, 1.272645502691315 ], [ 103.800721344338712, 1.272701098364372 ], [ 103.800700525823984, 1.272668460191456 ] ], [ [ 103.800929321031262, 1.272541016694747 ], [ 103.800964631192585, 1.272525407168649 ], [ 103.800975652286851, 1.272597118033435 ], [ 103.800894825247937, 1.272627978670376 ], [ 103.800929321031262, 1.272541016694747 ] ], [ [ 103.800996654674023, 1.272511250580298 ], [ 103.801021478963051, 1.272500276532549 ], [ 103.801077117562215, 1.272558377490427 ], [ 103.801007955899863, 1.272584784164217 ], [ 103.800996654674023, 1.272511250580298 ] ], [ [ 103.79691515241349, 1.272106163040991 ], [ 103.796879455681875, 1.272140713316795 ], [ 103.796917712738136, 1.272180754391116 ], [ 103.796836805634612, 1.272269386287764 ], [ 103.79712110563635, 1.272532286306423 ], [ 103.797185833582432, 1.272461378302522 ], [ 103.797226855678389, 1.272504313340826 ], [ 103.797254901093595, 1.272477168644183 ], [ 103.79722535841637, 1.272589705029343 ], [ 103.797270858419907, 1.272601805030234 ], [ 103.797310343995548, 1.272451393329973 ], [ 103.797338047853401, 1.272483448360393 ], [ 103.797342122781359, 1.272609941348711 ], [ 103.797385022785136, 1.272608541348285 ], [ 103.797382655681361, 1.272535062300278 ], [ 103.797545282434854, 1.272723231210602 ], [ 103.797737523864839, 1.272955477189249 ], [ 103.797821453142333, 1.27311291031455 ], [ 103.798039600000891, 1.272995099999739 ], [ 103.7978735751269, 1.273179934311779 ], [ 103.798112275129512, 1.273397134327371 ], [ 103.798278300000348, 1.273212300000088 ], [ 103.798117178467024, 1.273401479065576 ], [ 103.798362582088558, 1.273613207052675 ], [ 103.798300045657541, 1.273733405436594 ], [ 103.797816062197626, 1.273898441935509 ], [ 103.797526625465608, 1.273986990621627 ], [ 103.797456649188064, 1.274008383369255 ], [ 103.797211677024094, 1.274083378948962 ], [ 103.79670795169983, 1.274247846370483 ], [ 103.796468939149207, 1.274323536572103 ], [ 103.796221282141715, 1.273970018777045 ], [ 103.796758561089945, 1.273745412589064 ], [ 103.796568638926402, 1.273285187407583 ], [ 103.795923980167117, 1.273554683048834 ], [ 103.795835540830453, 1.273438625824942 ], [ 103.795748093831051, 1.273319012210784 ], [ 103.795735519042481, 1.273300848628927 ], [ 103.795702642063247, 1.273323905901592 ], [ 103.795702631150291, 1.273323428243077 ], [ 103.795735249164892, 1.273300459596171 ], [ 103.795723863777098, 1.273284080619292 ], [ 103.795700979695553, 1.273251145631602 ], [ 103.795700551714404, 1.273232413298419 ], [ 103.796391752441124, 1.272833592681286 ], [ 103.796743755610549, 1.27260317342537 ], [ 103.796835107019291, 1.272449703036767 ], [ 103.796828759155289, 1.272197540553658 ], [ 103.796791637439028, 1.2721342377055 ], [ 103.79691515241349, 1.272106163040991 ] ], [ [ 103.794665000067951, 1.273243055456653 ], [ 103.794589582345338, 1.273127005334409 ], [ 103.794524365335079, 1.273026679177077 ], [ 103.794360053063215, 1.272773960331907 ], [ 103.794302768604183, 1.272685859914431 ], [ 103.794307150968194, 1.272657701567943 ], [ 103.794435635835541, 1.272582282871945 ], [ 103.795539821605587, 1.271901473516587 ], [ 103.795828842891837, 1.271723238522482 ], [ 103.795870318071351, 1.271691310846423 ], [ 103.795936769078281, 1.271649321183951 ], [ 103.796068397232048, 1.271881413485032 ], [ 103.796165110549751, 1.272046270343421 ], [ 103.796309699076943, 1.272292834109825 ], [ 103.79613344757982, 1.272408207312411 ], [ 103.795253318485678, 1.272916038912854 ], [ 103.795203082253465, 1.272944066462914 ], [ 103.794717802628114, 1.273214751068687 ], [ 103.794665000067951, 1.273243055456653 ] ], [ [ 103.795247576749077, 1.273489004574343 ], [ 103.795276591142212, 1.273509927305063 ], [ 103.795318122413292, 1.273569699520608 ], [ 103.795521002561415, 1.273426898197021 ], [ 103.795318150814509, 1.273569740386561 ], [ 103.795329415811338, 1.273585946174811 ], [ 103.795343680934451, 1.273606551355154 ], [ 103.79554679998887, 1.273464100007858 ], [ 103.795347398312586, 1.273611775955531 ], [ 103.795438198307281, 1.273735975962942 ], [ 103.795637599985653, 1.273588300011188 ], [ 103.795441159241392, 1.27373994270447 ], [ 103.795553839958231, 1.273887811450155 ], [ 103.795640085480997, 1.274005190459881 ], [ 103.795838572994228, 1.274288521440158 ], [ 103.795695, 1.274449200000194 ], [ 103.795742986895092, 1.274204753529915 ], [ 103.79572538689672, 1.274201253530707 ], [ 103.795677400000145, 1.27444569999971 ], [ 103.795657871631121, 1.274415342675201 ], [ 103.795586031384644, 1.274297048781597 ], [ 103.795582981941507, 1.274298924823293 ], [ 103.79558258125391, 1.274298301944275 ], [ 103.795585640389831, 1.274296407139866 ], [ 103.795511840384037, 1.27417570714652 ], [ 103.795362834062061, 1.274268000478716 ], [ 103.795361522976791, 1.27426611310603 ], [ 103.795507648212777, 1.27416908681509 ], [ 103.795492048211571, 1.274145286816139 ], [ 103.795345284519158, 1.274242737038549 ], [ 103.795201943423635, 1.274036390384084 ], [ 103.79516954342543, 1.274059190382759 ], [ 103.795311400003484, 1.274263400003827 ], [ 103.795165447717835, 1.274062135389246 ], [ 103.795143846162148, 1.274078004223701 ], [ 103.79504325022809, 1.274145285918264 ], [ 103.794846745735938, 1.27426945747885 ], [ 103.794810247239667, 1.274209744262837 ], [ 103.794966668328783, 1.274092867296009 ], [ 103.794722331795413, 1.273761605480095 ], [ 103.794765053379123, 1.273754038048468 ], [ 103.79495419739105, 1.273652648926558 ], [ 103.795247576749077, 1.273489004574343 ] ], [ [ 103.795698159848271, 1.27332657680211 ], [ 103.795698856667272, 1.273326560674862 ], [ 103.795532400159274, 1.273443299888066 ], [ 103.795698159848271, 1.27332657680211 ] ], [ [ 103.795846161506375, 1.273855495105237 ], [ 103.79584615585992, 1.273855499113299 ], [ 103.795846096652951, 1.273855357566681 ], [ 103.795846102845729, 1.273855352957224 ], [ 103.795846161506375, 1.273855495105237 ] ], [ [ 103.795786816218751, 1.273711687674584 ], [ 103.795786195180185, 1.273712149928831 ], [ 103.795785892989755, 1.273711427477105 ], [ 103.795786511733681, 1.273710949836867 ], [ 103.795786816218751, 1.273711687674584 ] ], [ [ 103.795780642603248, 1.273715480520761 ], [ 103.795780898526985, 1.273716092362567 ], [ 103.7957516000006, 1.273737900000664 ], [ 103.795780642603248, 1.273715480520761 ] ], [ [ 103.79584779396491, 1.274301683911997 ], [ 103.795868979761877, 1.274331925571232 ], [ 103.795706599999775, 1.274459700000593 ], [ 103.79584779396491, 1.274301683911997 ] ], [ [ 103.796357162311665, 1.27458128809679 ], [ 103.79635786728312, 1.274580787800615 ], [ 103.796358016329052, 1.274581264581175 ], [ 103.796357306587069, 1.274581716034348 ], [ 103.796357162311665, 1.27458128809679 ] ], [ [ 103.794562153545257, 1.27377445943649 ], [ 103.794332943393826, 1.273945723944487 ], [ 103.7940989553435, 1.274120515012122 ], [ 103.794276968817954, 1.274361918692905 ], [ 103.794091151958284, 1.274468710336035 ], [ 103.794083999821893, 1.27445685740101 ], [ 103.794066700428459, 1.274467431836758 ], [ 103.793956927690829, 1.274259058799712 ], [ 103.793756503780486, 1.274366018191216 ], [ 103.793637579205736, 1.274429378005492 ], [ 103.793753400000483, 1.27464960000044 ], [ 103.793558680150795, 1.27449572521857 ], [ 103.793539880150718, 1.274519825217248 ], [ 103.793732267972587, 1.274671857146701 ], [ 103.793731260517518, 1.274672472963724 ], [ 103.793502045759354, 1.274588251890956 ], [ 103.793491345757033, 1.27461775188956 ], [ 103.79369710115887, 1.274693353221592 ], [ 103.793660800156957, 1.274715542580701 ], [ 103.793670010520685, 1.274730806532289 ], [ 103.793503268091342, 1.274816225425683 ], [ 103.793732356009713, 1.27526923841101 ], [ 103.793346642361882, 1.275401241801236 ], [ 103.793280882372983, 1.275423469913249 ], [ 103.793171648163565, 1.275150429697861 ], [ 103.79294200000372, 1.275243499997941 ], [ 103.793161575777845, 1.275128409902929 ], [ 103.793119975772541, 1.27504800990574 ], [ 103.7929004000503, 1.275163099972995 ], [ 103.793119167289333, 1.275046460661942 ], [ 103.793107167288085, 1.275023660662734 ], [ 103.792888400000194, 1.275140299999956 ], [ 103.793034693862339, 1.27493928674352 ], [ 103.793009193863526, 1.274920486745428 ], [ 103.792862900000571, 1.275121500000405 ], [ 103.792873320606844, 1.27487254862897 ], [ 103.792845020609164, 1.274871348629177 ], [ 103.792834600000162, 1.275120299999507 ], [ 103.792711286438404, 1.274904238364932 ], [ 103.792583986446004, 1.274977838358922 ], [ 103.792707300000274, 1.275193900000184 ], [ 103.792583445756009, 1.274978151878195 ], [ 103.791974545791206, 1.275332251850553 ], [ 103.792222254228633, 1.275763748143517 ], [ 103.792758492820042, 1.275451903700697 ], [ 103.792811033860104, 1.275583234562196 ], [ 103.791730460403272, 1.275952809334524 ], [ 103.791703364001194, 1.275962177235738 ], [ 103.791684538914382, 1.275968651212937 ], [ 103.791637004644599, 1.275831415381413 ], [ 103.791263856881756, 1.275962344421376 ], [ 103.791144231996299, 1.276000823109454 ], [ 103.79113372865335, 1.276004192106184 ], [ 103.791155185800193, 1.276071958570346 ], [ 103.791150841776826, 1.276070566644271 ], [ 103.791128859748639, 1.276005809919831 ], [ 103.791090504332601, 1.276018999332799 ], [ 103.791009267858527, 1.275816257389017 ], [ 103.791709608459726, 1.275392207443112 ], [ 103.791923687726538, 1.275266184918788 ], [ 103.791881863280494, 1.275194211395344 ], [ 103.791882568124009, 1.275193796457091 ], [ 103.791924745512119, 1.275265558683226 ], [ 103.791972445514517, 1.275237158681536 ], [ 103.791930211538116, 1.275165300176558 ], [ 103.791930396986942, 1.275165189227571 ], [ 103.791878404718076, 1.275077154061451 ], [ 103.79184682575594, 1.27502342439734 ], [ 103.791846828198189, 1.275023422992901 ], [ 103.791973161445256, 1.275236730787509 ], [ 103.792580849775931, 1.274872137895927 ], [ 103.792781402236372, 1.274742655960945 ], [ 103.793206616081974, 1.274491132162743 ], [ 103.793998077799316, 1.27402318253399 ], [ 103.79439060898234, 1.273798098193173 ], [ 103.794492861734952, 1.273740777327 ], [ 103.794562153545257, 1.27377445943649 ] ], [ [ 103.790972978960667, 1.275838229982241 ], [ 103.790983911963579, 1.275831610149353 ], [ 103.791049100000322, 1.27599430000084 ], [ 103.790962314219129, 1.27586100904553 ], [ 103.790972978960667, 1.275838229982241 ] ], [ [ 103.79095474791896, 1.275900981003561 ], [ 103.7910255999995, 1.276009799999278 ], [ 103.79095152852382, 1.275966244895443 ], [ 103.790951932578665, 1.275932634587761 ], [ 103.79095474791896, 1.275900981003561 ] ], [ [ 103.791015500001095, 1.276027200000242 ], [ 103.790958494196474, 1.276008934015768 ], [ 103.790953862076563, 1.27599095600569 ], [ 103.791015500001095, 1.276027200000242 ] ], [ [ 103.795642875823447, 1.274823415979151 ], [ 103.79564265743123, 1.274823564185044 ], [ 103.79564265602238, 1.27482356009006 ], [ 103.795642874401139, 1.274823411757556 ], [ 103.795642875823447, 1.274823415979151 ] ], [ [ 103.795463304731939, 1.274372551192081 ], [ 103.795460991179027, 1.274373974508649 ], [ 103.795460821312744, 1.274373719086389 ], [ 103.795463134387774, 1.27437228638703 ], [ 103.795463304731939, 1.274372551192081 ] ], [ [ 103.795301079009334, 1.274306247538055 ], [ 103.79530211993098, 1.274305556371933 ], [ 103.795302144927746, 1.274305590841264 ], [ 103.795301080660806, 1.274306250039553 ], [ 103.795301079009334, 1.274306247538055 ] ], [ [ 103.794552186029051, 1.274738619151156 ], [ 103.794661853098148, 1.274943750538318 ], [ 103.794524538919191, 1.274988998653474 ], [ 103.794247720409373, 1.275085839784921 ], [ 103.794322779721895, 1.275303188026923 ], [ 103.794322775498756, 1.275303189416868 ], [ 103.794247665577714, 1.275085858974704 ], [ 103.794203090573703, 1.27510146471259 ], [ 103.794043346316698, 1.274785576426841 ], [ 103.794122067015081, 1.274737502994144 ], [ 103.794183216165138, 1.274702359696869 ], [ 103.794188872328277, 1.274699341195571 ], [ 103.794188778441153, 1.274699162976396 ], [ 103.794410486407685, 1.274571744192334 ], [ 103.794339737459268, 1.274447039094604 ], [ 103.794394044679166, 1.274520684979391 ], [ 103.794411162363431, 1.274507897924306 ], [ 103.794552186029051, 1.274738619151156 ] ], [ [ 103.795455219004666, 1.274592855948523 ], [ 103.795454067427812, 1.274593637167902 ], [ 103.79545378460746, 1.274592829753167 ], [ 103.795454972853719, 1.274592098734715 ], [ 103.795455219004666, 1.274592855948523 ] ], [ [ 103.817192514450468, 1.269308276598459 ], [ 103.8171959174325, 1.269292899356526 ], [ 103.817196281468568, 1.269292413895688 ], [ 103.817193649878405, 1.26930703344016 ], [ 103.817192514450468, 1.269308276598459 ] ], [ [ 103.817161848523199, 1.26948370277301 ], [ 103.817161178948268, 1.269487422534114 ], [ 103.817150016105799, 1.269500316157279 ], [ 103.817151062415519, 1.26949558813831 ], [ 103.817161848523199, 1.26948370277301 ] ], [ [ 103.817481296423708, 1.269523290708255 ], [ 103.817388348055459, 1.269540026098089 ], [ 103.817394650705467, 1.269504891060159 ], [ 103.817454681308575, 1.269428560567249 ], [ 103.817481296423708, 1.269523290708255 ] ], [ [ 103.817234200116758, 1.269546139074616 ], [ 103.817222069102357, 1.269561563977053 ], [ 103.817219826410494, 1.269556847644436 ], [ 103.817229793229515, 1.26954533548525 ], [ 103.817234200116758, 1.269546139074616 ] ], [ [ 103.817131152018263, 1.269397263790513 ], [ 103.817130924399095, 1.269397514608375 ], [ 103.817130980081913, 1.269397264608783 ], [ 103.817131206761204, 1.269397016421712 ], [ 103.817131152018263, 1.269397263790513 ] ], [ [ 103.81657791701285, 1.26941969949764 ], [ 103.81654370000048, 1.269504100000695 ], [ 103.816577873895824, 1.26941969223983 ], [ 103.81657791701285, 1.26941969949764 ] ], [ [ 103.817338642177333, 1.269697056087474 ], [ 103.817355099806292, 1.269705499901166 ], [ 103.817338616684864, 1.269697081460179 ], [ 103.817338642177333, 1.269697056087474 ] ], [ [ 103.817289558688373, 1.269745909713413 ], [ 103.817289567640529, 1.269745900802761 ], [ 103.817296700126803, 1.269760900265959 ], [ 103.817289558688373, 1.269745909713413 ] ], [ [ 103.814152235205867, 1.270016808702202 ], [ 103.814152235529335, 1.270016808524045 ], [ 103.814152338882991, 1.27001696787935 ], [ 103.814152338574786, 1.270016968051177 ], [ 103.814152235205867, 1.270016808702202 ] ], [ [ 103.814199399999737, 1.269990799999628 ], [ 103.814199400000646, 1.269990799999628 ], [ 103.814199400000646, 1.269990800000532 ], [ 103.814199399999737, 1.269990799999628 ] ], [ [ 103.814058671364407, 1.270380852677448 ], [ 103.814111580024971, 1.270346084129138 ], [ 103.814231264543238, 1.270564130856703 ], [ 103.813698243294567, 1.270914152736862 ], [ 103.813660156781737, 1.270938317971245 ], [ 103.813657161235867, 1.270940069935623 ], [ 103.813558699999959, 1.270773700000395 ], [ 103.813778402462944, 1.270658855704673 ], [ 103.813760833983679, 1.270624808821107 ], [ 103.814029363826464, 1.270627986678439 ], [ 103.814058671364407, 1.270380852677448 ] ], [ [ 103.814559200006087, 1.270646299996583 ], [ 103.814559200000687, 1.2706463000002 ], [ 103.814559199999778, 1.2706463000002 ], [ 103.814559200006087, 1.270646299996583 ] ], [ [ 103.813866139454547, 1.271176719448414 ], [ 103.813867739868655, 1.271179188323524 ], [ 103.813866919244646, 1.271179811933911 ], [ 103.813865392177718, 1.271177373809573 ], [ 103.813866139454547, 1.271176719448414 ] ], [ [ 103.813122786690144, 1.270385469620696 ], [ 103.813015384428908, 1.270448849435623 ], [ 103.813140600000381, 1.270663800000051 ], [ 103.813015259284015, 1.270448923335719 ], [ 103.812911938319502, 1.270509976631826 ], [ 103.812885182229934, 1.27052576037819 ], [ 103.813116955209992, 1.270375352116637 ], [ 103.813122786690144, 1.270385469620696 ] ], [ [ 103.813037200000011, 1.270724899999982 ], [ 103.813068019486565, 1.270777735091695 ], [ 103.813067980934733, 1.270777758158123 ], [ 103.813037200000011, 1.270724899999982 ] ], [ [ 103.813434600003319, 1.270533199997828 ], [ 103.813438008053964, 1.270531158943976 ], [ 103.813438147406274, 1.270531345676524 ], [ 103.813434600003319, 1.270533199997828 ] ], [ [ 103.813427705349042, 1.270842174358748 ], [ 103.813432099871207, 1.270849599783483 ], [ 103.813427693603344, 1.270842180499295 ], [ 103.813427705349042, 1.270842174358748 ] ], [ [ 103.813419799931111, 1.270856999884038 ], [ 103.813517993523291, 1.271022338455597 ], [ 103.813517709826712, 1.271022506696941 ], [ 103.813419799931111, 1.270856999884038 ] ], [ [ 103.81365263547751, 1.271007410768552 ], [ 103.813653633621243, 1.271006812355202 ], [ 103.813750100000419, 1.271173899999943 ], [ 103.81365263547751, 1.271007410768552 ] ], [ [ 103.813336799979126, 1.271418999963994 ], [ 103.81323951738257, 1.271254924719484 ], [ 103.813240428854314, 1.27125437843412 ], [ 103.813336799979126, 1.271418999963994 ] ], [ [ 103.813378715420768, 1.271104934785704 ], [ 103.813281299719009, 1.270939999525686 ], [ 103.813378830956708, 1.2711048662692 ], [ 103.813378715420768, 1.271104934785704 ] ], [ [ 103.813162299844123, 1.271011199736093 ], [ 103.813131038000719, 1.270958360590494 ], [ 103.813131077653239, 1.270958337199407 ], [ 103.813162299844123, 1.271011199736093 ] ], [ [ 103.812854800000096, 1.270832500000081 ], [ 103.812733392785717, 1.27062426358483 ], [ 103.812733497844732, 1.270624195406504 ], [ 103.812854800000096, 1.270832500000081 ] ], [ [ 103.812534891585628, 1.270732538193184 ], [ 103.812512105459433, 1.270745996050496 ], [ 103.812669768203691, 1.271016417614572 ], [ 103.812642905631137, 1.271032529031413 ], [ 103.81243904075977, 1.271154707975869 ], [ 103.812663121391068, 1.271533471280313 ], [ 103.8125596308018, 1.271595633935853 ], [ 103.812686500000552, 1.271809600000018 ], [ 103.8125328461973, 1.271614228655831 ], [ 103.812344446202715, 1.271764328644982 ], [ 103.812498100000312, 1.27195970000014 ], [ 103.812276957928461, 1.271847689508457 ], [ 103.812206257920195, 1.271989089502851 ], [ 103.812427399999947, 1.272101100000657 ], [ 103.812179864243888, 1.272104996906653 ], [ 103.812182164229569, 1.272252996906221 ], [ 103.81242970000153, 1.272249099999339 ], [ 103.8122387419577, 1.272326379538461 ], [ 103.812187023038973, 1.272277739249594 ], [ 103.812140763717565, 1.272234271968659 ], [ 103.812120297604366, 1.272198834343418 ], [ 103.811917043567533, 1.271822747889131 ], [ 103.811913181754562, 1.271812050570765 ], [ 103.812001955598774, 1.27177120560028 ], [ 103.811944872201906, 1.271645523449059 ], [ 103.811933265193176, 1.271584967455622 ], [ 103.811934495074553, 1.271511543163314 ], [ 103.811959072374904, 1.271373576956078 ], [ 103.811985949315684, 1.271263905683293 ], [ 103.812003979482441, 1.271215721605429 ], [ 103.811842258738352, 1.271154418918363 ], [ 103.811842266198113, 1.271154404177277 ], [ 103.812003998543474, 1.271215670650049 ], [ 103.812037361478545, 1.271126451952963 ], [ 103.812073444667462, 1.271061466886958 ], [ 103.812119346952798, 1.271014361918243 ], [ 103.812385638941336, 1.270854804173406 ], [ 103.812327403773892, 1.270756347950749 ], [ 103.812334441069922, 1.27075191493253 ], [ 103.812268793267805, 1.270646344029629 ], [ 103.812273415080696, 1.270648314506042 ], [ 103.812339129161572, 1.270748887348751 ], [ 103.812479048570523, 1.270656274033817 ], [ 103.812534891585628, 1.270732538193184 ] ], [ [ 103.810588652124096, 1.271300652197346 ], [ 103.810590514292727, 1.271301375721175 ], [ 103.810596400000108, 1.271419800002063 ], [ 103.810588652124096, 1.271300652197346 ] ], [ [ 103.810649395441501, 1.271324253307423 ], [ 103.810662418919719, 1.271329313428451 ], [ 103.810654000000113, 1.271416900000111 ], [ 103.810649395441501, 1.271324253307423 ] ], [ [ 103.810724587724224, 1.27136194680553 ], [ 103.810732935547875, 1.271367508851851 ], [ 103.810718700000265, 1.271423199996636 ], [ 103.810724587724224, 1.27136194680553 ] ], [ [ 103.810786412975787, 1.271403140169475 ], [ 103.81079229189244, 1.271407057214682 ], [ 103.810777399999466, 1.271438400001219 ], [ 103.810786412975787, 1.271403140169475 ] ], [ [ 103.810852571555913, 1.271453190955378 ], [ 103.810856562434978, 1.271456920749606 ], [ 103.810844300000952, 1.271470599999236 ], [ 103.810852571555913, 1.271453190955378 ] ], [ [ 103.810901672087226, 1.271499079306959 ], [ 103.810902286511265, 1.27149965353523 ], [ 103.810890000004491, 1.271512099995281 ], [ 103.810901672087226, 1.271499079306959 ] ], [ [ 103.810964715369465, 1.271557998263525 ], [ 103.810970299824703, 1.271563217380553 ], [ 103.810950399999683, 1.271572500000286 ], [ 103.810964715369465, 1.271557998263525 ] ], [ [ 103.811068215348655, 1.271666598387517 ], [ 103.811082579766961, 1.271681967409254 ], [ 103.811006899999185, 1.271695199999976 ], [ 103.811068215348655, 1.271666598387517 ] ], [ [ 103.811374090204396, 1.272222561010748 ], [ 103.811364278247069, 1.272321801849442 ], [ 103.811362413698319, 1.272335716032381 ], [ 103.81135060510455, 1.272359294114051 ], [ 103.811344586895942, 1.272371488075144 ], [ 103.811303030926268, 1.27239632070941 ], [ 103.81129963658698, 1.272397593586542 ], [ 103.811100195331335, 1.272472835691534 ], [ 103.811051632495378, 1.272481372527272 ], [ 103.811039277410757, 1.272433464006931 ], [ 103.811065866172299, 1.272049735192364 ], [ 103.810818899999902, 1.272032400000236 ], [ 103.81105790542594, 1.271967441803982 ], [ 103.811042505420559, 1.271910041805093 ], [ 103.810803500000375, 1.271975 ], [ 103.810820310339125, 1.271915832914845 ], [ 103.811193983951384, 1.27185049617849 ], [ 103.811213610038138, 1.271894610790052 ], [ 103.811281809310046, 1.272042706632164 ], [ 103.811374090204396, 1.272222561010748 ] ], [ [ 103.810705111230916, 1.271679804200553 ], [ 103.810719736942175, 1.271693085755171 ], [ 103.810738564575786, 1.271711913390905 ], [ 103.810505751336947, 1.271709250639032 ], [ 103.81051870132903, 1.271674623684538 ], [ 103.810610669310378, 1.27166856538607 ], [ 103.810648233659649, 1.271666674126257 ], [ 103.810675679341401, 1.271669346580009 ], [ 103.810692355936155, 1.271673664880806 ], [ 103.810705111230916, 1.271679804200553 ] ], [ [ 103.810492130453682, 1.271676374013702 ], [ 103.81042140000018, 1.271865500000425 ], [ 103.81040957517817, 1.271681812255449 ], [ 103.810492130453682, 1.271676374013702 ] ], [ [ 103.80870553897374, 1.272440166588535 ], [ 103.808825444124963, 1.272425636207764 ], [ 103.808825687375403, 1.272431744498734 ], [ 103.808827974684974, 1.272506114969421 ], [ 103.808727109465067, 1.27250695126965 ], [ 103.808721087910456, 1.272468982044166 ], [ 103.80870553897374, 1.272440166588535 ] ], [ [ 103.809703067501133, 1.272503908642958 ], [ 103.809757988127345, 1.272440666702582 ], [ 103.809773292167876, 1.272337910937433 ], [ 103.809746932361037, 1.271902598246393 ], [ 103.809972100000266, 1.271894800000697 ], [ 103.809988106756407, 1.272143450878682 ], [ 103.810406685395321, 1.272116154300223 ], [ 103.810380341323452, 1.272180870329249 ], [ 103.810399741325313, 1.272188870329599 ], [ 103.81042995981889, 1.272114636513598 ], [ 103.810437406799252, 1.27211415087645 ], [ 103.810436416930528, 1.272098774174109 ], [ 103.810493599999475, 1.271958300000642 ], [ 103.81049078693809, 1.272207456166273 ], [ 103.810558549199513, 1.272208231184901 ], [ 103.810542533791875, 1.272439364780931 ], [ 103.810789499998819, 1.272456700000286 ], [ 103.810560322884598, 1.272516571631828 ], [ 103.810543124299272, 1.272516267530065 ], [ 103.81032543366193, 1.272512284170351 ], [ 103.810170791981406, 1.272508405697418 ], [ 103.810014348675978, 1.272504450378402 ], [ 103.809967831530599, 1.272505608044743 ], [ 103.809769783738489, 1.272504332848974 ], [ 103.809703067501133, 1.272503908642958 ] ], [ [ 103.810494856908306, 1.271846974136798 ], [ 103.810444099999515, 1.271874100000062 ], [ 103.810496121125936, 1.271735000838065 ], [ 103.810494856908306, 1.271846974136798 ] ], [ [ 103.810758309241052, 1.27174790874332 ], [ 103.810768569765386, 1.271770191336495 ], [ 103.810784301513891, 1.271861335644541 ], [ 103.810755900000075, 1.271961300000054 ], [ 103.810758309241052, 1.27174790874332 ] ], [ [ 103.81183494128129, 1.272919185352414 ], [ 103.812068207948656, 1.273146233954447 ], [ 103.812379940618627, 1.273427218188114 ], [ 103.812484423020408, 1.273521376249379 ], [ 103.81258749148266, 1.273607845268584 ], [ 103.813221415368318, 1.274088280129125 ], [ 103.813671100993744, 1.274425988327701 ], [ 103.813939771308469, 1.274657017924609 ], [ 103.813972553551963, 1.274688331153818 ], [ 103.814135107036748, 1.274861615013618 ], [ 103.814155854961527, 1.27495334528304 ], [ 103.814154363748258, 1.275025579283625 ], [ 103.814146724901136, 1.275071192522031 ], [ 103.813839008930302, 1.27528956403561 ], [ 103.813791407415806, 1.275321487273125 ], [ 103.813612864984279, 1.275441017521338 ], [ 103.813480501576976, 1.275510307203993 ], [ 103.813364198280269, 1.275570331690629 ], [ 103.813351316620285, 1.275530309436791 ], [ 103.813115800000148, 1.275607100000122 ], [ 103.813349352853052, 1.275524456653835 ], [ 103.813333860096421, 1.275480103756624 ], [ 103.813544510677133, 1.275393613570903 ], [ 103.813357489339467, 1.274932186425817 ], [ 103.81335484373777, 1.274933272673142 ], [ 103.813333593594777, 1.274880689356133 ], [ 103.813334334061892, 1.274880385999941 ], [ 103.813295317616138, 1.274783910514153 ], [ 103.813524396061126, 1.274691500214376 ], [ 103.813470796050808, 1.274556900219223 ], [ 103.813240999999678, 1.274649600000558 ], [ 103.813147665953821, 1.274418813996717 ], [ 103.812870865974574, 1.274532213987591 ], [ 103.812925166645783, 1.274666482661909 ], [ 103.812925136630085, 1.274666495048755 ], [ 103.812870794132792, 1.274532243433138 ], [ 103.81271162742101, 1.274597509682968 ], [ 103.812286008184046, 1.274763238145709 ], [ 103.812309142770459, 1.274685755612368 ], [ 103.812221970852363, 1.274457327062859 ], [ 103.812069916405804, 1.274360587300111 ], [ 103.812037035536875, 1.274282658204322 ], [ 103.812017332746791, 1.274235785366167 ], [ 103.811975639985121, 1.274122947187404 ], [ 103.811743600011411, 1.274209799996046 ], [ 103.811974461424697, 1.274119821837094 ], [ 103.811927561415303, 1.273997921840444 ], [ 103.811794335858892, 1.27404984646038 ], [ 103.811800903788196, 1.274041451361158 ], [ 103.811800047407388, 1.274040772647977 ], [ 103.811922201165601, 1.273985069421641 ], [ 103.811836095251181, 1.273793786552712 ], [ 103.811823816488385, 1.273759218325749 ], [ 103.811590700000281, 1.273843100000316 ], [ 103.811823595259639, 1.273758598092337 ], [ 103.811796195254075, 1.273682098095124 ], [ 103.811574453499915, 1.273762553152054 ], [ 103.811574330888945, 1.27376227736312 ], [ 103.811793997603246, 1.273676197298078 ], [ 103.811784656610101, 1.273652049842154 ], [ 103.811709615628061, 1.273457303049407 ], [ 103.8114788000007, 1.273547399999848 ], [ 103.811708373993994, 1.273454144775031 ], [ 103.811667873985712, 1.273353144777776 ], [ 103.811438300009002, 1.273446399995547 ], [ 103.811663859708418, 1.273343699697601 ], [ 103.811624151488758, 1.273255353675352 ], [ 103.811501477032834, 1.272949633552982 ], [ 103.811528165146115, 1.272938923758959 ], [ 103.811642011866752, 1.272894299629926 ], [ 103.811725161737087, 1.272884556018227 ], [ 103.81174211891225, 1.27288418238532 ], [ 103.811766800686797, 1.272889803627264 ], [ 103.81183494128129, 1.272919185352414 ] ], [ [ 103.811244100000394, 1.272973600000431 ], [ 103.811223970011326, 1.272981782583087 ], [ 103.811223863554758, 1.272981346197151 ], [ 103.811244100000394, 1.272973600000431 ] ], [ [ 103.808377244136437, 1.272537641326168 ], [ 103.808383323492009, 1.272530216034838 ], [ 103.808398472711858, 1.272520982470892 ], [ 103.808405222985684, 1.272519546777664 ], [ 103.80840580720087, 1.27253460531647 ], [ 103.808385170901346, 1.272536944317046 ], [ 103.808377244136437, 1.272537641326168 ] ], [ [ 103.805649290343254, 1.272524065508063 ], [ 103.805655200000601, 1.27252139999977 ], [ 103.805649347376118, 1.272524222839231 ], [ 103.805649290343254, 1.272524065508063 ] ], [ [ 103.805511465409168, 1.272586230456364 ], [ 103.805512856861554, 1.272590054979945 ], [ 103.805512833386302, 1.272590066303243 ], [ 103.805511442614119, 1.272586240737841 ], [ 103.805511465409168, 1.272586230456364 ] ], [ [ 103.805079870726289, 1.272576678937674 ], [ 103.80508868850302, 1.272609761699038 ], [ 103.80519003645243, 1.272582397079596 ], [ 103.805249300000355, 1.272587399999703 ], [ 103.8050109500454, 1.272654753955663 ], [ 103.805088014652952, 1.272931017789409 ], [ 103.805071417644939, 1.2729910223404 ], [ 103.80498707154176, 1.273017149751898 ], [ 103.804904907709812, 1.272647061998491 ], [ 103.804784778183219, 1.272674079344652 ], [ 103.805079870726289, 1.272576678937674 ] ], [ [ 103.805259967137943, 1.272563515327975 ], [ 103.805260100000012, 1.272564000000278 ], [ 103.805259823996366, 1.272563553977153 ], [ 103.805259967137943, 1.272563515327975 ] ], [ [ 103.805251856265158, 1.272565705317876 ], [ 103.805253400000012, 1.272568200000011 ], [ 103.805249277037177, 1.272566401726549 ], [ 103.805251856265158, 1.272565705317876 ] ], [ [ 103.805237166452144, 1.272569671665128 ], [ 103.805250300001376, 1.272575400000187 ], [ 103.805224132306662, 1.272573190972139 ], [ 103.805237166452144, 1.272569671665128 ] ], [ [ 103.805332892734299, 1.272563777998957 ], [ 103.805327800000597, 1.272545200000449 ], [ 103.805334399210622, 1.272563352291971 ], [ 103.805332892734299, 1.272563777998957 ] ], [ [ 103.805656999999314, 1.273147900000422 ], [ 103.805660146153954, 1.273142091912795 ], [ 103.805665023275694, 1.273144079513505 ], [ 103.805656999999314, 1.273147900000422 ] ], [ [ 103.805926992174619, 1.273139640659456 ], [ 103.805939299999821, 1.273134000000475 ], [ 103.805927032792894, 1.273139727071052 ], [ 103.805926992174619, 1.273139640659456 ] ], [ [ 103.806164247778682, 1.273029945361847 ], [ 103.806154635343731, 1.273008698164481 ], [ 103.806204922972427, 1.27298726017141 ], [ 103.806243466520783, 1.27307147005678 ], [ 103.806195807417794, 1.273098425081368 ], [ 103.806164247778682, 1.273029945361847 ] ], [ [ 103.805825700000298, 1.272882899999603 ], [ 103.805825700000298, 1.272882900000508 ], [ 103.805825699984126, 1.272882900007742 ], [ 103.805825700000298, 1.272882899999603 ] ], [ [ 103.805740200000031, 1.273324900000338 ], [ 103.8055223300113, 1.273443228283766 ], [ 103.805591200620029, 1.273571685819178 ], [ 103.805582181414039, 1.273578048634739 ], [ 103.805490947710609, 1.273382093809047 ], [ 103.805492917586747, 1.273381472203497 ], [ 103.805516415073896, 1.273431460854273 ], [ 103.805740200000031, 1.273324900000338 ] ], [ [ 103.805039791512257, 1.273209226091414 ], [ 103.805039788941542, 1.27320922743075 ], [ 103.805003037187532, 1.273089063254151 ], [ 103.805003009416069, 1.273088938163901 ], [ 103.805039791512257, 1.273209226091414 ] ], [ [ 103.804008029901865, 1.272887893292638 ], [ 103.804023533866214, 1.272890360171335 ], [ 103.804025143034437, 1.272899113302245 ], [ 103.804049747678704, 1.272894531122385 ], [ 103.804116800000116, 1.272905200000111 ], [ 103.803869892968308, 1.272923369530712 ], [ 103.803879292956111, 1.273052769531104 ], [ 103.804126200001107, 1.273034599999902 ], [ 103.803933037422553, 1.273133704089705 ], [ 103.803905864188309, 1.273129551369246 ], [ 103.803896719706216, 1.27319016700537 ], [ 103.803793699999517, 1.273254800000217 ], [ 103.803813945471902, 1.273006462348404 ], [ 103.80342404550845, 1.272974262352539 ], [ 103.803383554487212, 1.273470937646739 ], [ 103.803503319828891, 1.273480828507464 ], [ 103.803492266055656, 1.273636203866407 ], [ 103.803675459197393, 1.273649406304745 ], [ 103.803670122409684, 1.273669742074435 ], [ 103.803477996869233, 1.273765327280652 ], [ 103.803587700000136, 1.273988700000466 ], [ 103.803587699999241, 1.273988699999562 ], [ 103.803471519581535, 1.273768669970095 ], [ 103.803432641350412, 1.273789465696723 ], [ 103.803460968982094, 1.273547226361298 ], [ 103.803215100000145, 1.273518100000392 ], [ 103.80323033378933, 1.273290764447366 ], [ 103.803334882619296, 1.273301971072811 ], [ 103.803369216393165, 1.272977494867032 ], [ 103.803387263290318, 1.272976811536424 ], [ 103.804009654260767, 1.272901490338568 ], [ 103.804008029901865, 1.272887893292638 ] ], [ [ 103.802911672477947, 1.272994819347693 ], [ 103.802910500000138, 1.273005900000091 ], [ 103.802911117537718, 1.272994840359448 ], [ 103.802911672477947, 1.272994819347693 ] ], [ [ 103.801644468197139, 1.273332509235835 ], [ 103.801645967008085, 1.273372781739088 ], [ 103.801637603853493, 1.273606608099223 ], [ 103.801619912949974, 1.273667628875718 ], [ 103.801587239145263, 1.273766704258387 ], [ 103.801579148725367, 1.273791295714901 ], [ 103.801552687427204, 1.273859386767888 ], [ 103.801506026903141, 1.273926577912808 ], [ 103.801496002281567, 1.27401622330912 ], [ 103.801441014624842, 1.274084279778327 ], [ 103.801317530636183, 1.273843798510348 ], [ 103.801186278861394, 1.273588194157449 ], [ 103.801419686103117, 1.27343501228535 ], [ 103.801644468197139, 1.273332509235835 ] ], [ [ 103.800752577700592, 1.273828993494131 ], [ 103.800877669752595, 1.274072602264817 ], [ 103.801023248549683, 1.27435611258034 ], [ 103.801011649736367, 1.274361072568475 ], [ 103.80099497368839, 1.274368124154446 ], [ 103.800970473373283, 1.274378391628779 ], [ 103.800692157990483, 1.273857197848253 ], [ 103.800752577700592, 1.273828993494131 ] ], [ [ 103.798839845192475, 1.274257198127623 ], [ 103.798877816130556, 1.274244383476559 ], [ 103.798887522880165, 1.274245400960641 ], [ 103.798893292365449, 1.27424796069639 ], [ 103.798894112363527, 1.274246091686489 ], [ 103.798894211247244, 1.274246102050935 ], [ 103.798893391422141, 1.274248004644427 ], [ 103.798903360085703, 1.274252427420038 ], [ 103.798906330055857, 1.274255058071854 ], [ 103.798881164783936, 1.274276379353944 ], [ 103.798877217237902, 1.274285540536349 ], [ 103.798876900707285, 1.274285321992329 ], [ 103.798880622607598, 1.274276838712428 ], [ 103.798873434525632, 1.274282928816384 ], [ 103.798838400542891, 1.274258740099012 ], [ 103.798839845192475, 1.274257198127623 ] ], [ [ 103.79892421130431, 1.274279318301968 ], [ 103.798926353093592, 1.274285232646983 ], [ 103.798927620291181, 1.274293249426779 ], [ 103.798927356533952, 1.274303212502991 ], [ 103.798924441828902, 1.274314880836486 ], [ 103.798923073153688, 1.274317201102596 ], [ 103.798891435018547, 1.274295357000996 ], [ 103.79892421130431, 1.274279318301968 ] ], [ [ 103.798834187216727, 1.274323370552839 ], [ 103.798867320987085, 1.274307156924476 ], [ 103.798868125838126, 1.2743053224367 ], [ 103.79886862525484, 1.274305480195397 ], [ 103.798868058199233, 1.274306796177849 ], [ 103.798869914955688, 1.274305887595652 ], [ 103.798900618908618, 1.274315586570938 ], [ 103.798916147139138, 1.274328942529891 ], [ 103.798914003778251, 1.274332576093321 ], [ 103.798902421927011, 1.274342574812974 ], [ 103.798885751005358, 1.274349488245207 ], [ 103.798870026930146, 1.274350589104951 ], [ 103.798853237093184, 1.27434623534708 ], [ 103.798851536931465, 1.274345137555513 ], [ 103.798851282313564, 1.274345728454109 ], [ 103.798850488650359, 1.274345522650681 ], [ 103.798850851717489, 1.274344695113829 ], [ 103.798838932490852, 1.274336998890907 ], [ 103.798835505289802, 1.274332822578414 ], [ 103.798834187216727, 1.274323370552839 ] ], [ [ 103.798852740002829, 1.274300462253435 ], [ 103.798833290590437, 1.27431694077005 ], [ 103.798829990566929, 1.274293276004205 ], [ 103.798852740002829, 1.274300462253435 ] ], [ [ 103.798902084954477, 1.274316049675187 ], [ 103.798920349108158, 1.274321819081039 ], [ 103.79891651699829, 1.274328315520646 ], [ 103.798902084954477, 1.274316049675187 ] ], [ [ 103.797916182360183, 1.274571129650044 ], [ 103.797975772220198, 1.274549872740657 ], [ 103.797931699422193, 1.274635382057058 ], [ 103.797965599424046, 1.274653082058399 ], [ 103.798028487192951, 1.274531068240356 ], [ 103.798031009293112, 1.274530168556057 ], [ 103.798061001588735, 1.274520046596025 ], [ 103.798028172968557, 1.274675636806809 ], [ 103.798054372970441, 1.274681236807845 ], [ 103.798076179532316, 1.274577885292103 ], [ 103.798140134760175, 1.274645449993238 ], [ 103.798144945765074, 1.274674588059667 ], [ 103.798078901087251, 1.274694300671151 ], [ 103.797951817580739, 1.274940469384838 ], [ 103.797917317227075, 1.274956525947157 ], [ 103.797468444231853, 1.275165342836495 ], [ 103.797297503953175, 1.274791846755243 ], [ 103.797585612454355, 1.274689053988648 ], [ 103.797678105777493, 1.274656056370129 ], [ 103.797866960358064, 1.274588688133616 ], [ 103.797887510704086, 1.274605869570826 ], [ 103.797916182360183, 1.274571129650044 ] ], [ [ 103.798090482409094, 1.274510097249224 ], [ 103.798116345428497, 1.274501368858745 ], [ 103.798120291006441, 1.274525265428308 ], [ 103.798078909660845, 1.274564945934828 ], [ 103.798090482409094, 1.274510097249224 ] ], [ [ 103.798143697334837, 1.274492137989919 ], [ 103.798144105033899, 1.274492000396419 ], [ 103.798144172746149, 1.274495017341182 ], [ 103.798143697334837, 1.274492137989919 ] ], [ [ 103.799662405038973, 1.274976036753897 ], [ 103.799978960830686, 1.274895988159244 ], [ 103.800076855915123, 1.274798093068602 ], [ 103.800128158274589, 1.274657486566577 ], [ 103.8001266061504, 1.274651618164653 ], [ 103.800252956965622, 1.274616840929425 ], [ 103.800255466567592, 1.274622618149316 ], [ 103.800294712326064, 1.274605348038161 ], [ 103.800376847344779, 1.274582740906964 ], [ 103.800384308739936, 1.274582237232939 ], [ 103.800384222383116, 1.274582333671484 ], [ 103.800270303556047, 1.274651483040207 ], [ 103.80030812522719, 1.274714602662756 ], [ 103.800303240007437, 1.27472615726762 ], [ 103.800233208592957, 1.27475971741845 ], [ 103.800081586562314, 1.274862212254596 ], [ 103.799813703084595, 1.275007084354244 ], [ 103.799354160015412, 1.27515355416338 ], [ 103.799428900000123, 1.275391100000246 ], [ 103.799333626659589, 1.275161118167016 ], [ 103.798873726694495, 1.275354118151304 ], [ 103.798969000000369, 1.275584100000403 ], [ 103.798872537574852, 1.275354620836412 ], [ 103.798378437611902, 1.27556502081883 ], [ 103.798474900000471, 1.275794500000093 ], [ 103.798375838218405, 1.275566145373596 ], [ 103.797835546672431, 1.275803577984149 ], [ 103.797773340706357, 1.275830515686341 ], [ 103.797675954374142, 1.275617809764855 ], [ 103.79812506806438, 1.275408880899902 ], [ 103.798112904602505, 1.275382394005275 ], [ 103.798112945251361, 1.275382396636632 ], [ 103.798125104867751, 1.275408863775356 ], [ 103.798230604875272, 1.275359763771104 ], [ 103.798212795066021, 1.275320998186878 ], [ 103.798274842958932, 1.275355450190566 ], [ 103.798589840630697, 1.275253976357349 ], [ 103.798839693670772, 1.275189714544225 ], [ 103.799474399490947, 1.275026404288575 ], [ 103.799662405038973, 1.274976036753897 ] ], [ [ 103.801090499999944, 1.274597999999852 ], [ 103.801186391256877, 1.274827721529101 ], [ 103.801203891258453, 1.27482032152858 ], [ 103.801108000056814, 1.274590600135596 ], [ 103.801204808675791, 1.274819931405248 ], [ 103.801302358929917, 1.274778216088738 ], [ 103.801317503243524, 1.274794667702977 ], [ 103.80137144469748, 1.274812040154249 ], [ 103.801343287127835, 1.274840046336434 ], [ 103.801297092761516, 1.274972720820169 ], [ 103.801312578534052, 1.275112092895431 ], [ 103.801387100211826, 1.275231113145131 ], [ 103.801399632777645, 1.27523896011267 ], [ 103.801500010525473, 1.275434984712458 ], [ 103.801576443547759, 1.275478144655892 ], [ 103.801580692753603, 1.275482332502072 ], [ 103.801581815754815, 1.275481178216389 ], [ 103.801605067801987, 1.27549430810353 ], [ 103.801653402094587, 1.27540759760875 ], [ 103.801696193864089, 1.275363613734087 ], [ 103.801700405102309, 1.275418359901511 ], [ 103.801704430330233, 1.275444472672096 ], [ 103.801671034701897, 1.275539099421057 ], [ 103.801690334703125, 1.275545999421943 ], [ 103.80171103778838, 1.275487337083297 ], [ 103.801720452462547, 1.275548412678712 ], [ 103.801600742175495, 1.275569275515055 ], [ 103.801518563361881, 1.275600296656888 ], [ 103.801359653829138, 1.27566034864281 ], [ 103.801299839729495, 1.275509461693679 ], [ 103.801069900000201, 1.27560179999989 ], [ 103.801281787972599, 1.275472935976924 ], [ 103.801113387957713, 1.275192435990495 ], [ 103.800901500000606, 1.275321300000165 ], [ 103.801081180313957, 1.275149889466902 ], [ 103.80095824343006, 1.275019344124274 ], [ 103.800936104784128, 1.274967148643684 ], [ 103.800942830046068, 1.274957839464909 ], [ 103.800951341215054, 1.274926226541182 ], [ 103.801185660832203, 1.274828029012109 ], [ 103.801090499999944, 1.274597999999852 ] ], [ [ 103.800608651478015, 1.274789912516738 ], [ 103.800612410522248, 1.274786293922565 ], [ 103.800615351529018, 1.274799149747752 ], [ 103.800603221500182, 1.274802264993819 ], [ 103.800603319234952, 1.274801118128423 ], [ 103.800608651478015, 1.274789912516738 ] ], [ [ 103.800660920617503, 1.274826370619058 ], [ 103.8006602551323, 1.274827420407208 ], [ 103.800659617930165, 1.274826271870202 ], [ 103.800660920617503, 1.274826370619058 ] ], [ [ 103.800075991013401, 1.275452418625594 ], [ 103.800125625817586, 1.276036463976811 ], [ 103.800601560931142, 1.275818598768349 ], [ 103.800613877007365, 1.27583762399278 ], [ 103.800665808905379, 1.275917841981585 ], [ 103.800526232737539, 1.276009645593887 ], [ 103.800262181406836, 1.276155866567383 ], [ 103.799794184125986, 1.276349218431296 ], [ 103.799619629639224, 1.276386056229294 ], [ 103.799272847982081, 1.276404058555373 ], [ 103.799283015746113, 1.276602471170688 ], [ 103.7992830061973, 1.276602475887728 ], [ 103.799272799792632, 1.27640406106163 ], [ 103.799193017234714, 1.276408218466298 ], [ 103.798619434792897, 1.276434281319265 ], [ 103.79863060000055, 1.276683200002291 ], [ 103.798576930799129, 1.276439953367956 ], [ 103.798464630809463, 1.276465053366775 ], [ 103.798512025512565, 1.276679861938574 ], [ 103.798496669437, 1.276658780515466 ], [ 103.798418663349707, 1.276480198860866 ], [ 103.798400389938834, 1.276488284734874 ], [ 103.798259393077586, 1.276161092737209 ], [ 103.798572665300853, 1.276023424373115 ], [ 103.799064868535382, 1.275813832060279 ], [ 103.799514072781321, 1.275625320603526 ], [ 103.799978356408687, 1.275477339837175 ], [ 103.800075991013401, 1.275452418625594 ] ], [ [ 103.798111060327045, 1.275378377948995 ], [ 103.798107139627305, 1.275369840317724 ], [ 103.798107155261576, 1.275369793898703 ], [ 103.798111065045362, 1.275378304099534 ], [ 103.798111060327045, 1.275378377948995 ] ], [ [ 103.798040883851897, 1.275225544717563 ], [ 103.798090750861533, 1.275334087383168 ], [ 103.798090738211428, 1.275334124943073 ], [ 103.798040872494482, 1.275225538411271 ], [ 103.798040883851897, 1.275225544717563 ] ], [ [ 103.795823535137401, 1.275156064266298 ], [ 103.795823557557782, 1.275156056596709 ], [ 103.795823574958959, 1.275156109751908 ], [ 103.795823552902462, 1.275156118569142 ], [ 103.795823535137401, 1.275156064266298 ] ], [ [ 103.795638606952849, 1.275359407592983 ], [ 103.79572642159097, 1.275581945198572 ], [ 103.795713060391193, 1.275586992363173 ], [ 103.795630514140655, 1.275367402867771 ], [ 103.795628885349259, 1.275363049988656 ], [ 103.795638606952849, 1.275359407592983 ] ], [ [ 103.795092900000682, 1.275662200000225 ], [ 103.795097856032427, 1.275673076936391 ], [ 103.795097617715854, 1.275673535631163 ], [ 103.795092900000682, 1.275662200000225 ] ], [ [ 103.795107154038234, 1.27569348314769 ], [ 103.795121829579315, 1.275725691361634 ], [ 103.795121267198326, 1.275730360130946 ], [ 103.795106355915863, 1.275694531602919 ], [ 103.795107154038234, 1.27569348314769 ] ], [ [ 103.795136158867521, 1.275757139657024 ], [ 103.795184844836598, 1.275863990093403 ], [ 103.795178001622219, 1.275866680449353 ], [ 103.795132211985532, 1.275756658043712 ], [ 103.795136158867521, 1.275757139657024 ] ], [ [ 103.796470480956927, 1.275885326729878 ], [ 103.796460833725575, 1.275860099914744 ], [ 103.79649280580341, 1.275871728009858 ], [ 103.796497247446965, 1.275882318675674 ], [ 103.796470480956927, 1.275885326729878 ] ], [ [ 103.797771611212298, 1.276433754141276 ], [ 103.797730285201425, 1.276455222785457 ], [ 103.797730245303129, 1.276455133396581 ], [ 103.797771211526424, 1.276433930448865 ], [ 103.797771611212298, 1.276433754141276 ] ], [ [ 103.797341390553754, 1.276343573224755 ], [ 103.796998594278321, 1.276483149358571 ], [ 103.796838009521295, 1.276080914306519 ], [ 103.797166285021859, 1.275941446131979 ], [ 103.797341390553754, 1.276343573224755 ] ], [ [ 103.796523200000038, 1.275944200000187 ], [ 103.796484276981516, 1.275948581066939 ], [ 103.796484279265684, 1.275948573964995 ], [ 103.796523200000038, 1.275944200000187 ] ], [ [ 103.796524600000339, 1.275956800000435 ], [ 103.7964763983951, 1.275973076317496 ], [ 103.79648001953754, 1.275961817853803 ], [ 103.796524600000339, 1.275956800000435 ] ], [ [ 103.79649648721724, 1.276016024198885 ], [ 103.796539500000236, 1.2760015 ], [ 103.796504555394336, 1.276015632539788 ], [ 103.79649648721724, 1.276016024198885 ] ], [ [ 103.795209899978488, 1.276183200008542 ], [ 103.795070817991743, 1.276240911682746 ], [ 103.795069679984962, 1.276238326386179 ], [ 103.795209899978488, 1.276183200008542 ] ], [ [ 103.794852826718653, 1.275762643365344 ], [ 103.794852815229902, 1.275762648482971 ], [ 103.794852776777432, 1.275762560509405 ], [ 103.79485278981528, 1.27576255469544 ], [ 103.794852826718653, 1.275762643365344 ] ], [ [ 103.7940982131949, 1.275690586669411 ], [ 103.794098213512058, 1.275690587543033 ], [ 103.79409781595956, 1.275690740800533 ], [ 103.79409781540069, 1.27569073920613 ], [ 103.7940982131949, 1.275690586669411 ] ], [ [ 103.794265411039149, 1.276427572848096 ], [ 103.794268795287167, 1.276426503602454 ], [ 103.794323844537516, 1.276366990895317 ], [ 103.794410454373519, 1.276376614210179 ], [ 103.794434886650947, 1.276368127519521 ], [ 103.794572911572189, 1.276769501990639 ], [ 103.794418270281668, 1.276825944798407 ], [ 103.794265411039149, 1.276427572848096 ] ], [ [ 103.795193699997668, 1.276659399995201 ], [ 103.79529160297281, 1.276888260335689 ], [ 103.795467709861541, 1.276811944020743 ], [ 103.795579946164253, 1.27676353350726 ], [ 103.795530493029105, 1.276956255961559 ], [ 103.795693268168193, 1.276998568117844 ], [ 103.795709651905028, 1.27700444153284 ], [ 103.795750771464895, 1.277132314694513 ], [ 103.795784689845092, 1.277293751427582 ], [ 103.795937158297477, 1.277261300411098 ], [ 103.795937496935139, 1.277262496703445 ], [ 103.795785400798991, 1.277297026273093 ], [ 103.795818722635389, 1.277445712742341 ], [ 103.795689700000224, 1.277511200000316 ], [ 103.79557727120492, 1.277289204379626 ], [ 103.795391088191209, 1.277384723120946 ], [ 103.795201828359239, 1.277009521520058 ], [ 103.795034175766872, 1.277095189691121 ], [ 103.79509410627999, 1.277008732548032 ], [ 103.795117554984188, 1.276901454682559 ], [ 103.795114398289329, 1.276873690143262 ], [ 103.795142741613986, 1.276946846537596 ], [ 103.795283641625019, 1.27689154653308 ], [ 103.795193699997668, 1.276659399995201 ] ], [ [ 103.796579123474231, 1.277710403354999 ], [ 103.796364762760959, 1.276953138419164 ], [ 103.79662295561549, 1.276878837967808 ], [ 103.79663168481612, 1.27690070299922 ], [ 103.796861400000012, 1.276807799999711 ], [ 103.796861400000012, 1.276807800000616 ], [ 103.796654019252017, 1.276943889344669 ], [ 103.796664319251803, 1.276959789344994 ], [ 103.796868606712607, 1.276825729906751 ], [ 103.796869741406098, 1.276828552960925 ], [ 103.796819734529024, 1.276952458921004 ], [ 103.796551304815125, 1.27703238859266 ], [ 103.796736639250668, 1.277662901853011 ], [ 103.796579123474231, 1.277710403354999 ] ], [ [ 103.797327298856075, 1.277512316524876 ], [ 103.797594491035881, 1.277439514861862 ], [ 103.797529797954411, 1.277198992393292 ], [ 103.797594504272283, 1.277439511255441 ], [ 103.797961784359302, 1.277339416683033 ], [ 103.798017396155998, 1.277324271059847 ], [ 103.798236188203163, 1.27764218286155 ], [ 103.798416093134435, 1.277516758062621 ], [ 103.798416166150176, 1.27751691029625 ], [ 103.798237005285259, 1.277643362818326 ], [ 103.798429755101495, 1.277920009182024 ], [ 103.798187431893055, 1.277995031092553 ], [ 103.798088306181768, 1.278009658747665 ], [ 103.798000005202596, 1.278015701818102 ], [ 103.798016799999701, 1.278264300000699 ], [ 103.797987726787426, 1.278016851944034 ], [ 103.797897826796316, 1.278027551942892 ], [ 103.797925559105735, 1.278263587371126 ], [ 103.797923584559399, 1.278263391468264 ], [ 103.797858505167014, 1.278035525442331 ], [ 103.797704005179824, 1.278080225439163 ], [ 103.797772400000397, 1.278319700000843 ], [ 103.797703894244194, 1.278080257563365 ], [ 103.797506149131962, 1.278137569725249 ], [ 103.797327298856075, 1.277512316524876 ] ], [ [ 103.797564903316001, 1.276931288262817 ], [ 103.797646202642341, 1.276898243651781 ], [ 103.797597503599832, 1.276776870582537 ], [ 103.797674298421455, 1.276745602073529 ], [ 103.797722926794108, 1.276839181050394 ], [ 103.797942299994006, 1.276723700003765 ], [ 103.797726746255151, 1.276846250721267 ], [ 103.797746670469365, 1.276881751392956 ], [ 103.797564903316001, 1.276931288262817 ] ], [ [ 103.798366321926224, 1.276845161025401 ], [ 103.798365887241587, 1.276843064819416 ], [ 103.798376587002323, 1.276835169494889 ], [ 103.798377713492656, 1.276837748402389 ], [ 103.798366321926224, 1.276845161025401 ] ], [ [ 103.799892800821056, 1.27671128725893 ], [ 103.799867200000307, 1.276588400001458 ], [ 103.79996121018371, 1.276818907829439 ], [ 103.800089505721999, 1.276765902872495 ], [ 103.800107738910597, 1.27676879780601 ], [ 103.800106884531559, 1.276812750672828 ], [ 103.800021172981033, 1.276822728345133 ], [ 103.800030572973242, 1.276904528345601 ], [ 103.800105269533773, 1.276895832927254 ], [ 103.800104396200013, 1.276940760865451 ], [ 103.800106847445065, 1.276944900528697 ], [ 103.800046965903576, 1.276969255348926 ], [ 103.80011156589164, 1.277130155354034 ], [ 103.800116660753361, 1.27712808318861 ], [ 103.800081994547597, 1.277268892252866 ], [ 103.800391667552688, 1.277801645331182 ], [ 103.800620453355293, 1.277707118998548 ], [ 103.800622339198384, 1.277707062704297 ], [ 103.800622318153785, 1.277706348528039 ], [ 103.800662113750818, 1.277689906369463 ], [ 103.800618696820365, 1.277583455150156 ], [ 103.80061772622939, 1.277550517215265 ], [ 103.800648676761483, 1.277555055074005 ], [ 103.800631475533436, 1.27757620254047 ], [ 103.800683414587979, 1.27761899926303 ], [ 103.80071235235836, 1.27768709817867 ], [ 103.800747630681215, 1.277671912012505 ], [ 103.800785863701719, 1.277703415238231 ], [ 103.801155713272735, 1.277547454575355 ], [ 103.801162058013304, 1.277494279569368 ], [ 103.801192330421287, 1.277480996560545 ], [ 103.801196787076108, 1.277491887959944 ], [ 103.801215642386808, 1.277484072141928 ], [ 103.801215712868554, 1.277484105118669 ], [ 103.801196810800363, 1.277491945916462 ], [ 103.80120618629833, 1.277514841874769 ], [ 103.801264625587876, 1.27765863332753 ], [ 103.800373464673186, 1.278055967115119 ], [ 103.800216059617412, 1.277677570902185 ], [ 103.800021142508427, 1.277759707569482 ], [ 103.79984941465338, 1.277395263965017 ], [ 103.799612408638993, 1.277508395866979 ], [ 103.799573074023598, 1.277422699482751 ], [ 103.799443174033016, 1.277483099477907 ], [ 103.79948359474389, 1.27757116209646 ], [ 103.799482794980648, 1.277571552378053 ], [ 103.799441854687814, 1.277483717680558 ], [ 103.79905744737556, 1.277665224005338 ], [ 103.79904073114696, 1.277672772946123 ], [ 103.798964433307205, 1.277513697937688 ], [ 103.799392730518903, 1.277300406950549 ], [ 103.800027466129478, 1.276992571654456 ], [ 103.799892800821056, 1.27671128725893 ] ], [ [ 103.802729303341522, 1.276022455073155 ], [ 103.802545945388616, 1.275505467775897 ], [ 103.802526025252163, 1.275429820671446 ], [ 103.802510636098418, 1.275356420084509 ], [ 103.802504684032584, 1.275304082992905 ], [ 103.80250183232323, 1.275081809741655 ], [ 103.802563975178018, 1.275047855396231 ], [ 103.802629023852944, 1.274949668705383 ], [ 103.80264737422155, 1.274866072548825 ], [ 103.802647693455597, 1.274820882583239 ], [ 103.803511182113056, 1.27489848481897 ], [ 103.803533200000274, 1.27465030000016 ], [ 103.803732119581625, 1.274666899493128 ], [ 103.803738981278528, 1.27472179310426 ], [ 103.80376040508051, 1.274806704545888 ], [ 103.803804872567824, 1.274878637256541 ], [ 103.803879834733081, 1.274965023458166 ], [ 103.80402694297392, 1.275120923040507 ], [ 103.80401484728398, 1.275270715469149 ], [ 103.804261599993481, 1.275290899999604 ], [ 103.804014072083589, 1.2752865111376 ], [ 103.804011072067112, 1.275457911137094 ], [ 103.804258600005923, 1.275462299999763 ], [ 103.804011463945514, 1.275476984476804 ], [ 103.804040163899231, 1.275966284477726 ], [ 103.8042873, 1.275951599999949 ], [ 103.804041294914171, 1.275979539997884 ], [ 103.804053694903857, 1.276090139998744 ], [ 103.804299700009096, 1.276062199998976 ], [ 103.804055384892109, 1.276102450019068 ], [ 103.804069484884067, 1.276189150020276 ], [ 103.804313799998283, 1.276148900000857 ], [ 103.80408170061348, 1.276235592325871 ], [ 103.804100869509071, 1.276287580710315 ], [ 103.803646450902562, 1.276430154483694 ], [ 103.803694048555144, 1.276583834674625 ], [ 103.803346255623794, 1.276751331424518 ], [ 103.803299001775429, 1.27670661406773 ], [ 103.803225098254202, 1.276614177236133 ], [ 103.803205881674003, 1.276580826152207 ], [ 103.803178339493172, 1.276515793731861 ], [ 103.802950600000258, 1.276613499999916 ], [ 103.803154180374321, 1.276471716930694 ], [ 103.803134380372555, 1.276442916932436 ], [ 103.803017311036498, 1.276524449597842 ], [ 103.803002108273219, 1.276495389631059 ], [ 103.803085878056791, 1.276390471776657 ], [ 103.803065478056752, 1.276373971778377 ], [ 103.802988817888576, 1.276469985161243 ], [ 103.802957755378301, 1.276410609405763 ], [ 103.802935423090958, 1.276422444626224 ], [ 103.802940258319623, 1.276394280216739 ], [ 103.802946009976836, 1.276390501492503 ], [ 103.802941975133436, 1.276384280061928 ], [ 103.802952552904756, 1.276322666282092 ], [ 103.802904252908448, 1.276314266282434 ], [ 103.802902644482529, 1.276323635098704 ], [ 103.802900367551203, 1.276320124238643 ], [ 103.802901379838872, 1.276313784120475 ], [ 103.802895655247994, 1.276312858215127 ], [ 103.80280887610877, 1.276179051168082 ], [ 103.802746542648251, 1.276056300816334 ], [ 103.802621025384624, 1.276120868884706 ], [ 103.80262098429516, 1.2761207411472 ], [ 103.802746403307353, 1.276056026836433 ], [ 103.802729303341522, 1.276022455073155 ] ], [ [ 103.802599126943363, 1.27406951052847 ], [ 103.802599000000171, 1.274072000000122 ], [ 103.802598836399412, 1.274069485899127 ], [ 103.802599126943363, 1.27406951052847 ] ], [ [ 103.802510912518485, 1.273763550311466 ], [ 103.80251805545582, 1.273696232409336 ], [ 103.802518582603014, 1.273692402260482 ], [ 103.80259652475263, 1.273702310553947 ], [ 103.802531877124807, 1.27373493645779 ], [ 103.802510912518485, 1.273763550311466 ] ], [ [ 103.801698879765539, 1.274131491091238 ], [ 103.801711999996968, 1.274149099997494 ], [ 103.80169637654555, 1.274131624554504 ], [ 103.801698879765539, 1.274131491091238 ] ], [ [ 103.801668911756821, 1.274133088885377 ], [ 103.801686622467528, 1.274152899009267 ], [ 103.801683685284218, 1.274153338704085 ], [ 103.801659554310618, 1.27413358779272 ], [ 103.801668911756821, 1.274133088885377 ] ], [ [ 103.802517643621954, 1.274062603080105 ], [ 103.802518599999814, 1.27407729999995 ], [ 103.802515623653505, 1.274062431845055 ], [ 103.802517643621954, 1.274062603080105 ] ], [ [ 103.801650609713491, 1.274963050264057 ], [ 103.801661448492666, 1.274973896081349 ], [ 103.801670905041163, 1.275001075208841 ], [ 103.801668534095171, 1.275022131870568 ], [ 103.801650030241788, 1.275031730413449 ], [ 103.801624281661105, 1.275005646692173 ], [ 103.801650609713491, 1.274963050264057 ] ], [ [ 103.801598040248095, 1.274979063723488 ], [ 103.801574631368126, 1.274955350154855 ], [ 103.801587005539389, 1.274947563141114 ], [ 103.801601816826633, 1.274945907360481 ], [ 103.801598040248095, 1.274979063723488 ] ], [ [ 103.801752935739202, 1.275305291124719 ], [ 103.801753900000165, 1.27530430000069 ], [ 103.801753567589586, 1.275305241888046 ], [ 103.801752935739202, 1.275305291124719 ] ], [ [ 103.802845900000193, 1.274095900000392 ], [ 103.802818294677024, 1.27433588747833 ], [ 103.802818257012248, 1.274335884092843 ], [ 103.802845900000193, 1.274095900000392 ] ], [ [ 103.802912981159395, 1.274344397017356 ], [ 103.802940299999619, 1.274106900001883 ], [ 103.802918158752348, 1.274344862331193 ], [ 103.802912981159395, 1.274344397017356 ] ], [ [ 103.803143326869886, 1.274133334449498 ], [ 103.803144411321924, 1.274133475647206 ], [ 103.80315739888465, 1.274366362990755 ], [ 103.803121941203869, 1.274363176388381 ], [ 103.803143326869886, 1.274133334449498 ] ], [ [ 103.803299512555725, 1.274144522477721 ], [ 103.803300414594617, 1.274144629336298 ], [ 103.803313906314116, 1.274296775159644 ], [ 103.803310386320774, 1.274339505896805 ], [ 103.803299512555725, 1.274144522477721 ] ], [ [ 103.803215777248511, 1.27437160948648 ], [ 103.803308171727664, 1.274366389797521 ], [ 103.80330706592288, 1.274379813648387 ], [ 103.803215777248511, 1.27437160948648 ] ], [ [ 103.803891866436899, 1.273945475504828 ], [ 103.803849200000201, 1.273858600000022 ], [ 103.803940706092561, 1.273926001868067 ], [ 103.803928457817591, 1.27392779307709 ], [ 103.803891866436899, 1.273945475504828 ] ], [ [ 103.80404333052401, 1.273910993887245 ], [ 103.803892100000169, 1.273799599999979 ], [ 103.804131457240089, 1.273863232983904 ], [ 103.804170396652054, 1.273714854670275 ], [ 103.804181408025954, 1.273712979138378 ], [ 103.804177300289652, 1.273688548412554 ], [ 103.804190557220991, 1.273638032977254 ], [ 103.804167788992629, 1.273631980058108 ], [ 103.804159142382588, 1.273580554416866 ], [ 103.804190260325058, 1.273581475404627 ], [ 103.80419521376983, 1.273589625474228 ], [ 103.804406400000047, 1.27345960000014 ], [ 103.804397211177175, 1.273708600543032 ], [ 103.804440011181271, 1.273710200542961 ], [ 103.804449200000036, 1.273461199999824 ], [ 103.80453188530791, 1.273696063680655 ], [ 103.804580845016815, 1.273678602722131 ], [ 103.80458848949489, 1.273782753595407 ], [ 103.804556008137595, 1.273774633255823 ], [ 103.804408443569642, 1.273796452771878 ], [ 103.804350012353183, 1.273809045705881 ], [ 103.804258979314611, 1.273862731855026 ], [ 103.804216473329305, 1.273926490826417 ], [ 103.804210702610447, 1.273886517083772 ], [ 103.80404333052401, 1.273910993887245 ] ], [ [ 103.804786524683209, 1.273605249248498 ], [ 103.804786552429206, 1.273605239354151 ], [ 103.804800333733908, 1.273604217585357 ], [ 103.804800336182367, 1.273604222314308 ], [ 103.804786524683209, 1.273605249248498 ] ], [ [ 103.80417710000043, 1.273135100000341 ], [ 103.804059457613832, 1.273212872494392 ], [ 103.80405833611816, 1.273211061652796 ], [ 103.804068714143128, 1.273196410390257 ], [ 103.804064080791477, 1.273193085694896 ], [ 103.80417710000043, 1.273135100000341 ] ], [ [ 103.804100204680438, 1.27323002287573 ], [ 103.804197199997986, 1.273165900001808 ], [ 103.804102783898557, 1.273245362757541 ], [ 103.804100204680438, 1.27323002287573 ] ], [ [ 103.80393520156953, 1.273390864923745 ], [ 103.80392500000049, 1.273399300000492 ], [ 103.803934390743422, 1.273386042542499 ], [ 103.80393520156953, 1.273390864923745 ] ], [ [ 103.803926579815723, 1.273339587085097 ], [ 103.803926810075097, 1.273340956552093 ], [ 103.803898799999658, 1.273380500000454 ], [ 103.803902713216814, 1.273354560626193 ], [ 103.803926579815723, 1.273339587085097 ] ], [ [ 103.805205898506173, 1.273525129407374 ], [ 103.805224270561141, 1.273566975724295 ], [ 103.805203508237241, 1.273526593158086 ], [ 103.805205898506173, 1.273525129407374 ] ], [ [ 103.805262605617727, 1.273654292073915 ], [ 103.805297561873957, 1.273733912472353 ], [ 103.805442361884246, 1.273669512467603 ], [ 103.80534841256349, 1.273455522680769 ], [ 103.805348702222688, 1.273455350913389 ], [ 103.805447348963398, 1.273667227731758 ], [ 103.805450900847177, 1.273665552500505 ], [ 103.805202785035334, 1.273822784228904 ], [ 103.804927774993317, 1.273996727325795 ], [ 103.805059499990023, 1.274207699984407 ], [ 103.804920785749701, 1.274001315165419 ], [ 103.804822093786555, 1.274068510887248 ], [ 103.804800650629957, 1.273972200218763 ], [ 103.804783416047897, 1.273932991551555 ], [ 103.804751143922019, 1.273871213492399 ], [ 103.804733202926357, 1.273857159713324 ], [ 103.805088493400802, 1.273830742566468 ], [ 103.805082431304527, 1.27374815079644 ], [ 103.805138206614032, 1.273719083222925 ], [ 103.805262605617727, 1.273654292073915 ] ], [ [ 103.805334600000137, 1.274033700000338 ], [ 103.805466504883498, 1.274244558796532 ], [ 103.805791104900024, 1.274038858780799 ], [ 103.805659200000022, 1.273828000000637 ], [ 103.805801295980615, 1.274032040958621 ], [ 103.8059916509755, 1.273897750426549 ], [ 103.806090117637169, 1.274059051853651 ], [ 103.806226709017054, 1.274280875485603 ], [ 103.806337913209973, 1.274463724697271 ], [ 103.806389039630574, 1.274547900709524 ], [ 103.806455539285579, 1.274678422407316 ], [ 103.80650478668376, 1.274761473232886 ], [ 103.806538809676354, 1.274886870090102 ], [ 103.806560949066281, 1.274979175692745 ], [ 103.806587006406545, 1.275147704921616 ], [ 103.806587839653503, 1.275153433495819 ], [ 103.806627740670493, 1.275408386773016 ], [ 103.806606114863129, 1.275657908359375 ], [ 103.806572128734231, 1.275889049474959 ], [ 103.80647733154521, 1.276177830584348 ], [ 103.806401014168372, 1.276410603922728 ], [ 103.806367032327486, 1.276630353031585 ], [ 103.806326621202558, 1.276998788514688 ], [ 103.80632581568689, 1.277124715560986 ], [ 103.80636461655007, 1.277387503394807 ], [ 103.806383542576313, 1.277485939925185 ], [ 103.806421621093577, 1.2774785234316 ], [ 103.806421624524035, 1.277478539381919 ], [ 103.806383546228673, 1.277485958918694 ], [ 103.806384573674364, 1.277491300565121 ], [ 103.806200504481822, 1.277546503214673 ], [ 103.806341895530736, 1.278024096783515 ], [ 103.806508330281133, 1.277974182732896 ], [ 103.806580072174725, 1.278213489165298 ], [ 103.806702508871055, 1.278380392935942 ], [ 103.806890788787669, 1.278471000051307 ], [ 103.807079309004024, 1.278485147910501 ], [ 103.807753709017035, 1.278339520179385 ], [ 103.807790544379316, 1.278337192670706 ], [ 103.807844297833043, 1.278341489930714 ], [ 103.807853827503124, 1.278220734204103 ], [ 103.807858815084018, 1.278218741710192 ], [ 103.807853823966511, 1.278342065771659 ], [ 103.807937124289268, 1.27834548093578 ], [ 103.808068630516459, 1.278321623611034 ], [ 103.808170293432994, 1.278268473922834 ], [ 103.808250684102106, 1.278244878309144 ], [ 103.808690490497042, 1.278088755678468 ], [ 103.809108154979953, 1.277937868508844 ], [ 103.809444212797672, 1.27781869048838 ], [ 103.810099116009695, 1.277564368901692 ], [ 103.810524727622095, 1.277399064390844 ], [ 103.810446098146315, 1.277193981471193 ], [ 103.810496289558799, 1.277317540062206 ], [ 103.810496362702665, 1.277317509963787 ], [ 103.810528582100673, 1.277397529902539 ], [ 103.811266327368372, 1.27709661666004 ], [ 103.811362296787678, 1.277060531384414 ], [ 103.811430450647094, 1.277034933183296 ], [ 103.811802457680542, 1.276876144812035 ], [ 103.812182420669686, 1.276732641200564 ], [ 103.812656233707656, 1.276521295780105 ], [ 103.812798286209826, 1.276461932047887 ], [ 103.813034567046955, 1.276356158668353 ], [ 103.813626089012729, 1.276101020031106 ], [ 103.81371122726091, 1.276057907932752 ], [ 103.81390660484476, 1.275959058688201 ], [ 103.814005811641451, 1.275896722273265 ], [ 103.814174925671878, 1.275790667708378 ], [ 103.814319967584353, 1.275679358944703 ], [ 103.814463350781324, 1.275570569490351 ], [ 103.814554557563326, 1.275515784002095 ], [ 103.814570092875982, 1.275514001007831 ], [ 103.814591282689832, 1.27551705965667 ], [ 103.814604228869086, 1.275526074129222 ], [ 103.814689224370738, 1.275654980167983 ], [ 103.814895499983692, 1.275517200011661 ], [ 103.814691822990312, 1.275658842335233 ], [ 103.815478819463209, 1.276805245992332 ], [ 103.815722564089171, 1.277162508823944 ], [ 103.815769959257352, 1.277241387937529 ], [ 103.815769303688739, 1.277281564682013 ], [ 103.815759490637319, 1.27733530279389 ], [ 103.815758066787367, 1.277341303303224 ], [ 103.815745296827515, 1.277396292293229 ], [ 103.815730412707723, 1.277444226175834 ], [ 103.815713878864059, 1.277473727304652 ], [ 103.815591534603186, 1.277517051495108 ], [ 103.815673700002023, 1.277752100005243 ], [ 103.815585113477312, 1.277519426169871 ], [ 103.814851268985322, 1.277802460616929 ], [ 103.814413487052505, 1.277948290772638 ], [ 103.814145536932401, 1.278019137391321 ], [ 103.814038898254992, 1.278024526386117 ], [ 103.813945048000207, 1.278001580113117 ], [ 103.813850807285107, 1.277946552352289 ], [ 103.813716841669716, 1.277829818467001 ], [ 103.813554800000674, 1.278018199999692 ], [ 103.813693523217253, 1.27781182111856 ], [ 103.813613966721292, 1.277757649125073 ], [ 103.813580076545819, 1.277731039063356 ], [ 103.813427800000326, 1.277927500000133 ], [ 103.813566304090557, 1.27772097208571 ], [ 103.813516404093207, 1.277687072087649 ], [ 103.813239395884523, 1.278100127903828 ], [ 103.813282237636045, 1.278129232821379 ], [ 103.813316023431994, 1.278155760929922 ], [ 103.81346829999778, 1.277959300003223 ], [ 103.813329576757113, 1.278165678867852 ], [ 103.813403885977252, 1.278216277865206 ], [ 103.81354435830842, 1.278338681531215 ], [ 103.81370640000047, 1.278150299999985 ], [ 103.813582168283787, 1.278365828299199 ], [ 103.813727568291313, 1.278450728306423 ], [ 103.813851800000151, 1.278235199999244 ], [ 103.813793359903016, 1.27847733037738 ], [ 103.813956959917221, 1.278517330381582 ], [ 103.814015400000045, 1.278275200000457 ], [ 103.814027814535621, 1.278524058758735 ], [ 103.814196014551428, 1.278515558757982 ], [ 103.814183599999666, 1.278266699997547 ], [ 103.814246501158948, 1.278507695363179 ], [ 103.814546801185458, 1.27842829535614 ], [ 103.814483899999885, 1.278187300000082 ], [ 103.81456168625715, 1.278423853096847 ], [ 103.815012286294206, 1.278273753083917 ], [ 103.814934499997136, 1.278037199991025 ], [ 103.815023086480963, 1.278269873851974 ], [ 103.815759092283542, 1.277986005810875 ], [ 103.815933687751325, 1.27792417857378 ], [ 103.815999749647006, 1.277919942682241 ], [ 103.816032805584015, 1.277930511587156 ], [ 103.816040125332265, 1.277936059360253 ], [ 103.816078180346935, 1.277966862088869 ], [ 103.816086338670686, 1.27798451071054 ], [ 103.816095266980767, 1.277980329763416 ], [ 103.816100121273763, 1.277983926042182 ], [ 103.816088746388843, 1.277989569571429 ], [ 103.81635407204584, 1.278531309217099 ], [ 103.816461865849092, 1.278781523921347 ], [ 103.816503029200661, 1.278763559770135 ], [ 103.816505821168832, 1.278769355219386 ], [ 103.816619204466704, 1.279023850939583 ], [ 103.816839679957141, 1.278924346167824 ], [ 103.816839703839037, 1.278924395765159 ], [ 103.816620147658909, 1.279025942125937 ], [ 103.81664906296956, 1.279089274254914 ], [ 103.816283627305651, 1.279414856369635 ], [ 103.816636386374896, 1.279815947742198 ], [ 103.81663768581673, 1.279824333957252 ], [ 103.816643421812941, 1.280068842473699 ], [ 103.816292327917012, 1.280304327168431 ], [ 103.816137219647345, 1.280384838687584 ], [ 103.816113983236107, 1.280380478474398 ], [ 103.81609758418891, 1.280374177069015 ], [ 103.816084867476278, 1.279922442938979 ], [ 103.815589932523125, 1.279936557037266 ], [ 103.8156001034681, 1.280297860653179 ], [ 103.815195403536904, 1.280303795392066 ], [ 103.814705916803518, 1.280295010942039 ], [ 103.814710126091001, 1.280061418416363 ], [ 103.814215073910106, 1.280052381559461 ], [ 103.814206373863911, 1.280535181558535 ], [ 103.814445117424356, 1.280539539680151 ], [ 103.81444511758157, 1.280539544853119 ], [ 103.814206371281315, 1.280535327246273 ], [ 103.814203171263472, 1.280718827245566 ], [ 103.814450649141591, 1.280723199101071 ], [ 103.814450649138891, 1.280723199291892 ], [ 103.81420315680181, 1.280719754928491 ], [ 103.814202241014286, 1.28078641418802 ], [ 103.814135668570529, 1.280794188037231 ], [ 103.814149614245693, 1.280915167661525 ], [ 103.814149592933248, 1.280915170257796 ], [ 103.814135626856753, 1.280794192912348 ], [ 103.813742516668725, 1.280840165463768 ], [ 103.813379716413422, 1.280879316571239 ], [ 103.813135222995157, 1.28091075017994 ], [ 103.813120548488087, 1.280750974646284 ], [ 103.813224077083134, 1.280729765898104 ], [ 103.813174700341648, 1.280485601690211 ], [ 103.813224139411233, 1.280729753121729 ], [ 103.813294339418192, 1.280715353120262 ], [ 103.813244900131039, 1.280471200645435 ], [ 103.81329446922571, 1.280715326456084 ], [ 103.813340169230429, 1.28070592645593 ], [ 103.813241030778514, 1.280217673542621 ], [ 103.813195394774326, 1.280227060379543 ], [ 103.813125289289488, 1.280241440991516 ], [ 103.812973022939701, 1.280272634097916 ], [ 103.813022399999724, 1.280516799999111 ], [ 103.812898444403231, 1.280301110656953 ], [ 103.812790744408986, 1.280363810651806 ], [ 103.812805149925907, 1.280388877022293 ], [ 103.812664005858807, 1.280405814309764 ], [ 103.812435111775386, 1.280429079929408 ], [ 103.812362938393818, 1.280436364360807 ], [ 103.812209185349488, 1.280448033118936 ], [ 103.812227800000358, 1.280696500000512 ], [ 103.812193787660988, 1.280449690532867 ], [ 103.81209040270528, 1.280464123190737 ], [ 103.811957318520825, 1.28048057401115 ], [ 103.811952486295709, 1.280481167442866 ], [ 103.811920716568878, 1.280484865505651 ], [ 103.811875296398938, 1.280488180192298 ], [ 103.811886788539937, 1.280647702553745 ], [ 103.811882279824729, 1.280641851356415 ], [ 103.811864702833887, 1.28048918404211 ], [ 103.811823209427942, 1.280494023445943 ], [ 103.811636934120386, 1.280508352316308 ], [ 103.811647215257793, 1.280643746211554 ], [ 103.811646182250485, 1.28064484083063 ], [ 103.811634474649154, 1.280508553919891 ], [ 103.811367874675071, 1.280531753918041 ], [ 103.811389199997663, 1.280779999976263 ], [ 103.81136365473499, 1.280532157807177 ], [ 103.811295654741073, 1.280539257806241 ], [ 103.811321199999952, 1.280787100000301 ], [ 103.811294400998008, 1.280539391960636 ], [ 103.811087226652845, 1.280562097333738 ], [ 103.811066473060322, 1.280563443941617 ], [ 103.811082400000359, 1.2808121 ], [ 103.810984752258904, 1.280583129132999 ], [ 103.810857632609697, 1.280638046400619 ], [ 103.810848764501145, 1.280641731539564 ], [ 103.810796992240853, 1.280644686884648 ], [ 103.810792365004517, 1.280604293863355 ], [ 103.810664424781933, 1.280414857530181 ], [ 103.81043478103031, 1.280370410356329 ], [ 103.81001306117011, 1.280426036324591 ], [ 103.809940664071547, 1.280435567325583 ], [ 103.809802605763039, 1.280450559070657 ], [ 103.809530463404343, 1.280520187853689 ], [ 103.809470944896574, 1.280739662287566 ], [ 103.809492797055313, 1.280892752379261 ], [ 103.809381039316861, 1.280913764827778 ], [ 103.80942650000047, 1.281158700003106 ], [ 103.809372688838209, 1.28091548510531 ], [ 103.808678888900531, 1.28107098509208 ], [ 103.808732699999155, 1.281314199997622 ], [ 103.80866632159838, 1.281074151293701 ], [ 103.80850005413366, 1.281120725854726 ], [ 103.808481513328928, 1.281052426926913 ], [ 103.808003886659435, 1.281183773050135 ], [ 103.808087986633012, 1.281493573057912 ], [ 103.808245727111029, 1.281450194837598 ], [ 103.808327199999326, 1.281448600000535 ], [ 103.808183014054904, 1.281479814838993 ], [ 103.808179158411875, 1.281474315753465 ], [ 103.808166331117278, 1.281483426530951 ], [ 103.80808516868629, 1.281500997394178 ], [ 103.808087832828633, 1.281513463573619 ], [ 103.808088637672498, 1.281520751887743 ], [ 103.80808402388385, 1.281522538038518 ], [ 103.80809079007787, 1.281540243125726 ], [ 103.808090835502156, 1.281540654472004 ], [ 103.808083918315972, 1.281522578935562 ], [ 103.80799794490774, 1.281555907485413 ], [ 103.807897548946642, 1.281573501858076 ], [ 103.807820173493141, 1.281583264183269 ], [ 103.807800866949847, 1.281494663648038 ], [ 103.807788952311768, 1.281420976237267 ], [ 103.807544599995452, 1.28146100000101 ], [ 103.807788301335336, 1.281417139465592 ], [ 103.807756801318618, 1.281239839467692 ], [ 103.80726939867354, 1.281327560508862 ], [ 103.807291081897077, 1.281449606152544 ], [ 103.807225181850001, 1.281463643474396 ], [ 103.807166135079029, 1.281474822231938 ], [ 103.807211900000155, 1.281719700001454 ], [ 103.807076106588397, 1.281511356449698 ], [ 103.807044906590221, 1.28153195644813 ], [ 103.807173650300186, 1.281729483869358 ], [ 103.807162291498841, 1.281731922966529 ], [ 103.806955118682851, 1.281637646205973 ], [ 103.806943618681032, 1.281663246204474 ], [ 103.807116257689202, 1.281741807895857 ], [ 103.807086347821482, 1.281748230498775 ], [ 103.806927010275118, 1.281714249308711 ], [ 103.806918210271505, 1.281756049307409 ], [ 103.807036074904318, 1.281781185759754 ], [ 103.807039227372087, 1.281796057711232 ], [ 103.806909525059964, 1.281791666621568 ], [ 103.806330818356628, 1.281730432528155 ], [ 103.806280484177208, 1.28172613046186 ], [ 103.805782193880617, 1.281589854036581 ], [ 103.805471329921104, 1.281488071004035 ], [ 103.805328399637048, 1.281434912112711 ], [ 103.805525872780862, 1.281301959567935 ], [ 103.80549337277786, 1.281253059569753 ], [ 103.805287600000241, 1.281391599999602 ], [ 103.805395889409581, 1.281167529412761 ], [ 103.805232889419898, 1.281087729420198 ], [ 103.805124600000056, 1.281311799999102 ], [ 103.805127191754423, 1.281062641430743 ], [ 103.804937391772853, 1.281060641430952 ], [ 103.804935002722843, 1.281290311321551 ], [ 103.804931838078957, 1.281289163346132 ], [ 103.80469811464441, 1.281190423432729 ], [ 103.804609927283195, 1.281170087765562 ], [ 103.804735338167745, 1.280885203718895 ], [ 103.804970543489645, 1.280413408853833 ], [ 103.805021030403267, 1.280312274478955 ], [ 103.80513637936312, 1.280170893741285 ], [ 103.805280663644979, 1.28006002877659 ], [ 103.805484200324216, 1.279988725130817 ], [ 103.805733379037335, 1.279951467329278 ], [ 103.805732948862925, 1.27994855290311 ], [ 103.80573309328112, 1.279948573642665 ], [ 103.80573351896777, 1.279951446364903 ], [ 103.805743091390156, 1.279950009445483 ], [ 103.80614533085533, 1.280007773969251 ], [ 103.80618029999988, 1.279761100000629 ], [ 103.806163499675748, 1.280009697820301 ], [ 103.806327099691245, 1.280020897821717 ], [ 103.806343900000641, 1.279772300000653 ], [ 103.806327208009009, 1.280020905213334 ], [ 103.806450708021018, 1.280029305214375 ], [ 103.806467399999946, 1.279780699997936 ], [ 103.806509567977329, 1.280026231107188 ], [ 103.806572022756271, 1.280015365436747 ], [ 103.80651879164698, 1.280077775172954 ], [ 103.806350740346062, 1.280151268994687 ], [ 103.806548059670604, 1.280608331001005 ], [ 103.806768259686848, 1.280512030992917 ], [ 103.806669599999822, 1.280283500000161 ], [ 103.806857444375211, 1.280445802709091 ], [ 103.807071444371161, 1.28019490269329 ], [ 103.806883599999921, 1.280032599999919 ], [ 103.807094218393459, 1.280163556049671 ], [ 103.807215592979944, 1.279965807607814 ], [ 103.807397622929173, 1.279692565436007 ], [ 103.80719199999713, 1.279553799998017 ], [ 103.807418998334029, 1.27965323873002 ], [ 103.807428598332251, 1.279631038729645 ], [ 103.807201600001392, 1.279531600000321 ], [ 103.807447817239861, 1.279557581351394 ], [ 103.807450317237596, 1.279533581351276 ], [ 103.807204100000476, 1.279507600000486 ], [ 103.807446678121124, 1.279457830950685 ], [ 103.807441878118638, 1.279434130951014 ], [ 103.807199300001045, 1.279483899999507 ], [ 103.807416156091705, 1.279363698874908 ], [ 103.807404556089594, 1.279342498875648 ], [ 103.807187700000199, 1.27946270000021 ], [ 103.807359596128421, 1.279283384555809 ], [ 103.807342296128397, 1.279266584556993 ], [ 103.807170399999251, 1.27944590000025 ], [ 103.807266882115329, 1.279216429146537 ], [ 103.807229082118013, 1.279200329148149 ], [ 103.807132600000159, 1.279429800000403 ], [ 103.807156543125203, 1.279181795829802 ], [ 103.80711564312972, 1.279177795830722 ], [ 103.807091699999901, 1.279425800001771 ], [ 103.807039656866721, 1.27918219567055 ], [ 103.806999456869903, 1.279190895669776 ], [ 103.807051500000341, 1.279434499999917 ], [ 103.806929270546178, 1.279217815077659 ], [ 103.806893570548695, 1.279238215076203 ], [ 103.80699757524215, 1.279422591665102 ], [ 103.806996693806099, 1.279421996825389 ], [ 103.806890881049654, 1.279239774451867 ], [ 103.806756581057428, 1.279318774446035 ], [ 103.8068815, 1.279533900000557 ], [ 103.806708611241476, 1.279355553897071 ], [ 103.806604433724615, 1.279457857710696 ], [ 103.806551966804818, 1.279501786242238 ], [ 103.806504800428314, 1.279521329106881 ], [ 103.806493700848947, 1.279523256928599 ], [ 103.806494128452414, 1.27952575092175 ], [ 103.80649406295322, 1.279525778060145 ], [ 103.806493632024427, 1.279523268892621 ], [ 103.806454478913125, 1.279530080618282 ], [ 103.806360645610553, 1.279523698433372 ], [ 103.80620622001608, 1.279513126510665 ], [ 103.805777269178122, 1.279451526036684 ], [ 103.805742300000034, 1.279698200000535 ], [ 103.80570578103449, 1.279451753634114 ], [ 103.805660550316091, 1.279458543234186 ], [ 103.805388420994319, 1.279499232666522 ], [ 103.805424799999628, 1.279745699998392 ], [ 103.805343419151257, 1.279510375163139 ], [ 103.805080519172549, 1.279602475155827 ], [ 103.80516189999949, 1.279837799998835 ], [ 103.805023740198521, 1.279655653426577 ], [ 103.805062184562459, 1.279625813477196 ], [ 103.805000322712289, 1.279545076555541 ], [ 103.805006248927143, 1.279519599112033 ], [ 103.804975194828657, 1.279512281738993 ], [ 103.804975155865023, 1.279512230887029 ], [ 103.80500625947289, 1.279519553752828 ], [ 103.805024282090002, 1.279442007235645 ], [ 103.805156847564803, 1.279457813726868 ], [ 103.80518124754532, 1.279250513724225 ], [ 103.805071819585891, 1.279237466043446 ], [ 103.805097759438638, 1.279125853744257 ], [ 103.804856699999817, 1.279069100000541 ], [ 103.804856700000713, 1.279069099999637 ], [ 103.80509864021829, 1.279121920786168 ], [ 103.805115251731451, 1.27904484333012 ], [ 103.805132825114654, 1.278974833213613 ], [ 103.804940847101776, 1.278926017344724 ], [ 103.804940690940427, 1.278915554579731 ], [ 103.805140202818649, 1.278922864083438 ], [ 103.805144202119848, 1.278812283121707 ], [ 103.805145115419521, 1.278787150413163 ], [ 103.805376256513426, 1.278785044114713 ], [ 103.805372656475171, 1.278384844114412 ], [ 103.805125099999259, 1.27838710000016 ], [ 103.805364329938172, 1.278322982310363 ], [ 103.805358429936064, 1.278300682310526 ], [ 103.8051192, 1.278364799999824 ], [ 103.80533829410922, 1.278248783162117 ], [ 103.805329094107478, 1.278231183162578 ], [ 103.805110000000269, 1.27834720000044 ], [ 103.805204628368685, 1.278116948520491 ], [ 103.805180128370509, 1.278106748521518 ], [ 103.805085500000317, 1.278337000000536 ], [ 103.805115529760172, 1.278089667676035 ], [ 103.805003329770472, 1.27807586767761 ], [ 103.804989305605233, 1.278191374039323 ], [ 103.804910182336101, 1.278086122683752 ], [ 103.804909222839512, 1.278082518704088 ], [ 103.80490776798932, 1.2780829110728 ], [ 103.804863870104938, 1.278024517223971 ], [ 103.804814817858556, 1.277959180836172 ], [ 103.804622650007559, 1.278105331134667 ], [ 103.804622644561761, 1.278105310075565 ], [ 103.804814372901376, 1.277958589993367 ], [ 103.804605997918429, 1.27768274977749 ], [ 103.804407113657277, 1.27741411655411 ], [ 103.804208600041889, 1.277562999968114 ], [ 103.804406090035044, 1.277412743839669 ], [ 103.804352690032005, 1.277341643843315 ], [ 103.804155200073723, 1.27749189994335 ], [ 103.804352251293722, 1.277341061457218 ], [ 103.804317983038658, 1.277295711761525 ], [ 103.804525679479269, 1.277136566487109 ], [ 103.804381294134046, 1.276945680546562 ], [ 103.804396200362021, 1.276939581856164 ], [ 103.80440668972939, 1.27693576846554 ], [ 103.804421876481243, 1.276958390033692 ], [ 103.804538808909811, 1.277148063059514 ], [ 103.80455027943195, 1.277166752103687 ], [ 103.804971520546559, 1.276904847878758 ], [ 103.804959920545613, 1.276885947879193 ], [ 103.804749300100923, 1.277016899936882 ], [ 103.804959660904558, 1.276885525783909 ], [ 103.804840060894648, 1.276691525793233 ], [ 103.804629700000532, 1.276822900000081 ], [ 103.804834829088691, 1.27668339646792 ], [ 103.804758955119055, 1.276570377715971 ], [ 103.804737987320863, 1.276526182970552 ], [ 103.804686676605755, 1.276413811538985 ], [ 103.804628472987673, 1.276286157254075 ], [ 103.804554241824988, 1.276084833392494 ], [ 103.8045450126384, 1.276028083750693 ], [ 103.804534046453753, 1.275930272536013 ], [ 103.804506294985103, 1.27545714461133 ], [ 103.804508989467323, 1.275303199054213 ], [ 103.804530484474284, 1.275037005302656 ], [ 103.80454559260383, 1.274974098153786 ], [ 103.804569617231095, 1.274909633227125 ], [ 103.804598632381669, 1.274851953342794 ], [ 103.804614674412747, 1.274827316039231 ], [ 103.804637960349666, 1.274807474766796 ], [ 103.804632117029911, 1.274800527721236 ], [ 103.804634362549294, 1.274797079059522 ], [ 103.804622802914096, 1.274789454291138 ], [ 103.804501621723674, 1.274645383559935 ], [ 103.804653574971638, 1.274614477485614 ], [ 103.804729341033564, 1.274729447779608 ], [ 103.805020241047799, 1.274535247764526 ], [ 103.804883400000662, 1.274327599999896 ], [ 103.805022114264716, 1.274533984836086 ], [ 103.805194758061177, 1.274416438033926 ], [ 103.805466325042104, 1.274244672654113 ], [ 103.805334600000137, 1.274033700000338 ] ], [ [ 103.804317147775265, 1.274682904071537 ], [ 103.804383999997398, 1.274726999998278 ], [ 103.804303081378137, 1.274685765061981 ], [ 103.804317147775265, 1.274682904071537 ] ], [ [ 103.804175921099798, 1.276465147158461 ], [ 103.804399600000195, 1.276381599999856 ], [ 103.804181276821467, 1.276482439350204 ], [ 103.804175921099798, 1.276465147158461 ] ], [ [ 103.804271211409386, 1.276605783083042 ], [ 103.80427125119175, 1.276605893934208 ], [ 103.804267421124109, 1.276607665568519 ], [ 103.80426737625244, 1.276607554468595 ], [ 103.804271211409386, 1.276605783083042 ] ], [ [ 103.804543500000975, 1.276694499999603 ], [ 103.804537684979451, 1.276698454660082 ], [ 103.804537329962429, 1.276697465415681 ], [ 103.804543500000975, 1.276694499999603 ] ], [ [ 103.804166432962191, 1.276641804925227 ], [ 103.80418874171113, 1.276697040910838 ], [ 103.804186877327467, 1.276698469475838 ], [ 103.804161811089543, 1.27664325503778 ], [ 103.804166432962191, 1.276641804925227 ] ], [ [ 103.801780840553732, 1.276370021820461 ], [ 103.801824940812821, 1.276505921918267 ], [ 103.801763685418052, 1.276528138583632 ], [ 103.801730081148904, 1.276438948984121 ], [ 103.801655604085369, 1.276467375164317 ], [ 103.80163705123249, 1.276418694277673 ], [ 103.801780840553732, 1.276370021820461 ] ], [ [ 103.802882465267402, 1.276432249099465 ], [ 103.802884192597929, 1.27643111427692 ], [ 103.802880702342762, 1.276451444437471 ], [ 103.802879280123818, 1.27645219815707 ], [ 103.802882465267402, 1.276432249099465 ] ], [ [ 103.800668662849588, 1.276920275167628 ], [ 103.801172936729529, 1.276592383149046 ], [ 103.801213877866815, 1.276699808771943 ], [ 103.801170559883687, 1.276770390314908 ], [ 103.801167213119996, 1.276776325814463 ], [ 103.801051609190381, 1.27673399450084 ], [ 103.80069428212586, 1.27696354099628 ], [ 103.800668662849588, 1.276920275167628 ] ], [ [ 103.801046829217256, 1.277328265234259 ], [ 103.801047554381896, 1.277327799388829 ], [ 103.801050707547347, 1.277335079076231 ], [ 103.801049589699019, 1.277334943960848 ], [ 103.801046829217256, 1.277328265234259 ] ], [ [ 103.801957885834057, 1.276816873086147 ], [ 103.801928000000458, 1.276733400000525 ], [ 103.801968466159508, 1.276813360279609 ], [ 103.801957885834057, 1.276816873086147 ] ], [ [ 103.80216988804861, 1.276971464441317 ], [ 103.802179576857412, 1.276998291654165 ], [ 103.802023099997456, 1.277020200000218 ], [ 103.80216988804861, 1.276971464441317 ] ], [ [ 103.802183887089214, 1.277010226195222 ], [ 103.802191396752249, 1.27703101960037 ], [ 103.802024799999813, 1.277032500000435 ], [ 103.802183887089214, 1.277010226195222 ] ], [ [ 103.802195501080519, 1.277042384017359 ], [ 103.802208556840569, 1.277078533933192 ], [ 103.80228091538244, 1.277274140590602 ], [ 103.802138730623611, 1.277319775195276 ], [ 103.802135852732633, 1.277317787913365 ], [ 103.802104657262092, 1.277238418924548 ], [ 103.80210618811158, 1.277235624914455 ], [ 103.802102825540359, 1.277233758570908 ], [ 103.802095563778309, 1.277215282852145 ], [ 103.802075019427093, 1.277162824957704 ], [ 103.80205703210973, 1.277169961099363 ], [ 103.802011700000065, 1.277057100000256 ], [ 103.802150478168869, 1.277263441399004 ], [ 103.802159578168968, 1.277257241398255 ], [ 103.802020799999738, 1.277050899999981 ], [ 103.802234066829101, 1.277177439069158 ], [ 103.802238166828303, 1.277170439068495 ], [ 103.80202490000022, 1.277043899999664 ], [ 103.802195501080519, 1.277042384017359 ] ], [ [ 103.801725278287705, 1.277243094200638 ], [ 103.801733946957796, 1.277223796217903 ], [ 103.801752209271385, 1.277224494331281 ], [ 103.801744175701785, 1.277240619395926 ], [ 103.801725278287705, 1.277243094200638 ] ], [ [ 103.801829858009015, 1.277229398443472 ], [ 103.801830804426018, 1.277227498786182 ], [ 103.801841300002408, 1.277227899999616 ], [ 103.801829858009015, 1.277229398443472 ] ], [ [ 103.801778465193991, 1.277124690801074 ], [ 103.801796850503237, 1.27713488997627 ], [ 103.801796821436653, 1.2771349483192 ], [ 103.801778430570636, 1.277124767877851 ], [ 103.801778465193991, 1.277124690801074 ] ], [ [ 103.801788310699052, 1.277102772976376 ], [ 103.801788319297387, 1.277102753833792 ], [ 103.801807544649165, 1.27711342457229 ], [ 103.801807537483157, 1.277113438956124 ], [ 103.801788310699052, 1.277102772976376 ] ], [ [ 103.801899669586845, 1.277089271889369 ], [ 103.801904299999862, 1.277100799999682 ], [ 103.801897468910397, 1.277093689112013 ], [ 103.801899669586845, 1.277089271889369 ] ], [ [ 103.801887623562777, 1.277113450801178 ], [ 103.801889399999794, 1.277115300000423 ], [ 103.801887286665234, 1.277114127025883 ], [ 103.801887623562777, 1.277113450801178 ] ], [ [ 103.8018702870705, 1.277148248796337 ], [ 103.801871099297415, 1.277148699610505 ], [ 103.801870286978854, 1.277148248979922 ], [ 103.8018702870705, 1.277148248796337 ] ], [ [ 103.801769855799975, 1.277143856826139 ], [ 103.801787513457768, 1.277153631394029 ], [ 103.801787472364879, 1.277153713875211 ], [ 103.801769807180619, 1.277143965061729 ], [ 103.801769855799975, 1.277143856826139 ] ], [ [ 103.801763533473405, 1.277157931436594 ], [ 103.801780661853854, 1.277167384007032 ], [ 103.801765183623587, 1.277198452074743 ], [ 103.801745666705273, 1.277197706001949 ], [ 103.801763533473405, 1.277157931436594 ] ], [ [ 103.801844700000203, 1.277254199999893 ], [ 103.801810801661759, 1.277267648546603 ], [ 103.801815603376227, 1.277258010493271 ], [ 103.801844700000203, 1.277254199999893 ] ], [ [ 103.803245710125822, 1.276941301756964 ], [ 103.803246938450386, 1.276945588682351 ], [ 103.803217500000073, 1.276971499999739 ], [ 103.803245710125822, 1.276941301756964 ] ], [ [ 103.803073338205522, 1.277184093019133 ], [ 103.803060679618909, 1.277201966305309 ], [ 103.803033143478785, 1.277240764971219 ], [ 103.803018428204325, 1.27725020803676 ], [ 103.802987598149159, 1.277155076043849 ], [ 103.80303275438672, 1.277138684027638 ], [ 103.803039105215419, 1.277144693957315 ], [ 103.803073338205522, 1.277184093019133 ] ], [ [ 103.803206700000118, 1.277424900000427 ], [ 103.803408149731908, 1.277569733264567 ], [ 103.803463649728855, 1.277491533260706 ], [ 103.8032621997842, 1.277346699845374 ], [ 103.803463791479871, 1.27749133332448 ], [ 103.803495512230668, 1.277446545214759 ], [ 103.803569311337966, 1.277342588193536 ], [ 103.803668965658332, 1.277259252810217 ], [ 103.80369199021213, 1.277290482593464 ], [ 103.803851331987588, 1.277171476986193 ], [ 103.803853683623529, 1.277170411785501 ], [ 103.803693748695608, 1.277292838506899 ], [ 103.803821083315128, 1.277461349822534 ], [ 103.803217236799512, 1.277760235611872 ], [ 103.803507723590386, 1.278347044039379 ], [ 103.803781924498509, 1.278211391128646 ], [ 103.803810033924123, 1.278283742971516 ], [ 103.803925244820093, 1.278238399882074 ], [ 103.803968823720652, 1.27846117889046 ], [ 103.80408842373194, 1.278437478888409 ], [ 103.804046182833019, 1.278221539907774 ], [ 103.804062166566226, 1.278216002407506 ], [ 103.804067037515253, 1.278242898532342 ], [ 103.804115470948744, 1.278328233641349 ], [ 103.804185702069915, 1.278389100616513 ], [ 103.804268603363795, 1.278424847046404 ], [ 103.804359121874754, 1.278432453644039 ], [ 103.804448339048932, 1.27841168757835 ], [ 103.804506678944392, 1.278375297345709 ], [ 103.804597388989521, 1.278495961687014 ], [ 103.804637925029581, 1.278603702238753 ], [ 103.804651471394493, 1.278737057006332 ], [ 103.804651353956615, 1.278740288722924 ], [ 103.804549078434363, 1.278706950035829 ], [ 103.804517680054616, 1.278804526568814 ], [ 103.804443861268865, 1.278805642673234 ], [ 103.804447061248624, 1.279020042672794 ], [ 103.804448337033776, 1.279020023383576 ], [ 103.804396521551524, 1.279181049961773 ], [ 103.804563762117454, 1.279235565260796 ], [ 103.804524145523828, 1.279406024768305 ], [ 103.804507675006946, 1.279476833259357 ], [ 103.804398124233686, 1.279711558917586 ], [ 103.804622200000082, 1.279817500000476 ], [ 103.804384419875291, 1.279748133467033 ], [ 103.804235419832551, 1.280265533452474 ], [ 103.804457935011868, 1.28033044681384 ], [ 103.804457802036026, 1.280330713548409 ], [ 103.804234199734765, 1.280269919770732 ], [ 103.804169943080083, 1.280509333790716 ], [ 103.804069404094747, 1.280804560101177 ], [ 103.804013709919673, 1.280897839782034 ], [ 103.803962414202488, 1.280983732599814 ], [ 103.804071251620272, 1.281049576673439 ], [ 103.80404306394739, 1.281045996309976 ], [ 103.803953108720336, 1.281000789136712 ], [ 103.803937343406147, 1.281032567817191 ], [ 103.803875687629301, 1.281024736374297 ], [ 103.803655991004746, 1.281009028898762 ], [ 103.803388408163343, 1.28099373229509 ], [ 103.802962127487817, 1.281029887714531 ], [ 103.802608022676523, 1.281055804374976 ], [ 103.80302007219025, 1.28020102550327 ], [ 103.803151365994779, 1.279977681725863 ], [ 103.803089045302499, 1.279940569485864 ], [ 103.803097395643249, 1.279922440998882 ], [ 103.803164280793382, 1.279952559475103 ], [ 103.803231895042586, 1.27980045235098 ], [ 103.803238909017679, 1.279784744996919 ], [ 103.803207357553262, 1.279770472653025 ], [ 103.803208517724798, 1.279770532267997 ], [ 103.803239108450654, 1.279784297199415 ], [ 103.803244403627005, 1.279772376252232 ], [ 103.803350044742302, 1.279777804577773 ], [ 103.803350744740413, 1.279764004577504 ], [ 103.803250412293352, 1.279758849035826 ], [ 103.803453208417807, 1.279302297180722 ], [ 103.803349210159681, 1.279255501008234 ], [ 103.80336490311845, 1.279208393902391 ], [ 103.803474376177547, 1.279214589997067 ], [ 103.80349397614475, 1.278863789994286 ], [ 103.803405404484536, 1.278858776904283 ], [ 103.803406839013704, 1.278837777631269 ], [ 103.803405971132747, 1.278824803563448 ], [ 103.803491407064868, 1.278811386591163 ], [ 103.803442807034898, 1.278497886595016 ], [ 103.80338028987569, 1.278507704372651 ], [ 103.803369777179711, 1.278475642843752 ], [ 103.803431776725702, 1.278453724329642 ], [ 103.803371580945736, 1.278281236467576 ], [ 103.803371579962757, 1.278281233650468 ], [ 103.803371576711967, 1.278281224335472 ], [ 103.803353686615324, 1.278229952732012 ], [ 103.803157645481278, 1.277667854049272 ], [ 103.803195493578627, 1.277727600863632 ], [ 103.803339793586389, 1.277635000856276 ], [ 103.803206700000118, 1.277424900000427 ] ], [ [ 103.80245099949407, 1.277742620406015 ], [ 103.802571970938757, 1.27808642252488 ], [ 103.802564634930349, 1.278089012088752 ], [ 103.802483223550126, 1.277853908698405 ], [ 103.802387723558283, 1.277887408695675 ], [ 103.802469200000559, 1.278122700000339 ], [ 103.802235584608567, 1.278205164698747 ], [ 103.80235768457959, 1.278555564708737 ], [ 103.802591299999889, 1.278473100000057 ], [ 103.802632275514085, 1.278602039661779 ], [ 103.802531853133971, 1.278580433104216 ], [ 103.802480099999855, 1.278824100003129 ], [ 103.802489396646266, 1.278575103524782 ], [ 103.802318503562574, 1.278568639947197 ], [ 103.802030662207514, 1.277752040694344 ], [ 103.802112900000154, 1.277589599999581 ], [ 103.802188113578609, 1.277826994387363 ], [ 103.80245099949407, 1.277742620406015 ] ], [ [ 103.802823524157446, 1.278403257750477 ], [ 103.802823517408498, 1.278403260227452 ], [ 103.802823509188087, 1.278403234360711 ], [ 103.802823515898396, 1.27840323189911 ], [ 103.802823524157446, 1.278403257750477 ] ], [ [ 103.802776850564612, 1.278674974402623 ], [ 103.802777156235322, 1.278677712710835 ], [ 103.80277474830973, 1.278675651168806 ], [ 103.802776850564612, 1.278674974402623 ] ], [ [ 103.802788923141449, 1.278945441623979 ], [ 103.802656000001136, 1.278944500000186 ], [ 103.802792400506604, 1.278902201386961 ], [ 103.802788923141449, 1.278945441623979 ] ], [ [ 103.802794940672271, 1.278837031758587 ], [ 103.802638000000513, 1.278885700000488 ], [ 103.802781429216807, 1.278715991533433 ], [ 103.802794940672271, 1.278837031758587 ] ], [ [ 103.802728711397577, 1.278690471543011 ], [ 103.802594900000159, 1.278848799999429 ], [ 103.802641287208033, 1.278630397199156 ], [ 103.802666720069041, 1.278710428021233 ], [ 103.802728711397577, 1.278690471543011 ] ], [ [ 103.801910500000162, 1.277421799999983 ], [ 103.801732261482471, 1.277492991473155 ], [ 103.801732183022779, 1.277492798421042 ], [ 103.801910500000162, 1.277421799999983 ] ], [ [ 103.801685659256307, 1.277378325489549 ], [ 103.80168556955087, 1.277378104766445 ], [ 103.80170497520821, 1.277370405927543 ], [ 103.801705228576083, 1.277370533798825 ], [ 103.801685659256307, 1.277378325489549 ] ], [ [ 103.801772984095408, 1.277343556364489 ], [ 103.80177306588223, 1.27734339219977 ], [ 103.801865300000145, 1.277306800000487 ], [ 103.801772984095408, 1.277343556364489 ] ], [ [ 103.801729921068002, 1.277269231446123 ], [ 103.801710979498196, 1.277307251163837 ], [ 103.801693310003742, 1.277314261211225 ], [ 103.801712513365572, 1.277271511157885 ], [ 103.801729921068002, 1.277269231446123 ] ], [ [ 103.801373034909361, 1.277418830500152 ], [ 103.80137307417813, 1.277418829808805 ], [ 103.8012820931378, 1.277456569809283 ], [ 103.801282117433985, 1.277456517205399 ], [ 103.801373034909361, 1.277418830500152 ] ], [ [ 103.801441403215051, 1.277417626833246 ], [ 103.80144145209637, 1.277417625972901 ], [ 103.801435200146003, 1.27742019993957 ], [ 103.801441403215051, 1.277417626833246 ] ], [ [ 103.801572000001769, 1.277756799999844 ], [ 103.801801137496199, 1.277662462669032 ], [ 103.801781117355603, 1.277613202603015 ], [ 103.80194880000019, 1.277490800000178 ], [ 103.801808742748321, 1.2776962640702 ], [ 103.801814529608038, 1.277700260093905 ], [ 103.801723766999729, 1.27773294347069 ], [ 103.801572000001769, 1.277756799999844 ] ], [ [ 103.801635921092085, 1.277764576546573 ], [ 103.801592003305871, 1.277780391222692 ], [ 103.801592365300493, 1.277781409573635 ], [ 103.801574699998937, 1.27777419999994 ], [ 103.801635921092085, 1.277764576546573 ] ], [ [ 103.801569100000421, 1.277788100000389 ], [ 103.801570702512635, 1.277788754018079 ], [ 103.801570079420813, 1.277789003436857 ], [ 103.801569100000421, 1.277788100000389 ] ], [ [ 103.801588940349347, 1.277796197255139 ], [ 103.801599095098368, 1.277800341617817 ], [ 103.801607254002633, 1.277823293973868 ], [ 103.801595284954516, 1.277812253497609 ], [ 103.801588940349347, 1.277796197255139 ] ], [ [ 103.801609356625761, 1.277847864564837 ], [ 103.801619223390574, 1.277856965855065 ], [ 103.801675243259922, 1.278014559064253 ], [ 103.801675227928115, 1.278014564539087 ], [ 103.801609356625761, 1.277847864564837 ] ], [ [ 103.802262448323901, 1.278637572322173 ], [ 103.802312991715354, 1.278619524543886 ], [ 103.802312685611071, 1.278627723078449 ], [ 103.802263823809668, 1.278643307626183 ], [ 103.802262448323901, 1.278637572322173 ] ], [ [ 103.802306835142659, 1.278784418648058 ], [ 103.802305600000437, 1.278817499999731 ], [ 103.802298317697506, 1.278787135300678 ], [ 103.802306835142659, 1.278784418648058 ] ], [ [ 103.802110465269266, 1.278692221562735 ], [ 103.802109952810738, 1.278692385012264 ], [ 103.802109872167421, 1.278692053434959 ], [ 103.802110381342914, 1.278691871621358 ], [ 103.802110465269266, 1.278692221562735 ] ], [ [ 103.802100499999923, 1.278695400000019 ], [ 103.802103143093277, 1.278694456218261 ], [ 103.802103165835916, 1.278694549728053 ], [ 103.802100499999923, 1.278695400000019 ] ], [ [ 103.802146124799066, 1.278943262669315 ], [ 103.802158910980651, 1.278938779202814 ], [ 103.8021655757925, 1.278951157026194 ], [ 103.802201563712359, 1.279099126386073 ], [ 103.80220807711359, 1.27909752163494 ], [ 103.802240185272453, 1.279089720999216 ], [ 103.802241557810007, 1.279092270061339 ], [ 103.802251086611648, 1.279087072533334 ], [ 103.802281896174861, 1.279079587389718 ], [ 103.802275526379603, 1.279109234449228 ], [ 103.802517500000477, 1.279161900000577 ], [ 103.802297976644653, 1.2792310979939 ], [ 103.802198743408127, 1.279106931162003 ], [ 103.802146124799066, 1.278943262669315 ] ], [ [ 103.802330461820603, 1.279067788428029 ], [ 103.802449345457546, 1.279072284887428 ], [ 103.802478243291475, 1.279078502453254 ], [ 103.802525599999868, 1.279124199999554 ], [ 103.80230019739659, 1.279075141131028 ], [ 103.802330461820603, 1.279067788428029 ] ], [ [ 103.802609999999319, 1.279064699998409 ], [ 103.802622465783131, 1.279080002675991 ], [ 103.802620195922302, 1.279082910948457 ], [ 103.802609999999319, 1.279064699998409 ] ], [ [ 103.802651021858651, 1.279043415036263 ], [ 103.80264490000053, 1.279035900000227 ], [ 103.802654510045215, 1.279038945776009 ], [ 103.802651021858651, 1.279043415036263 ] ], [ [ 103.802678031128707, 1.279008809247883 ], [ 103.802655600000193, 1.279001700000525 ], [ 103.802784325526929, 1.279002611889263 ], [ 103.802781197635241, 1.279041506498274 ], [ 103.802695966584608, 1.279014493652249 ], [ 103.802682131764087, 1.279003555284828 ], [ 103.802678031128707, 1.279008809247883 ] ], [ [ 103.802707143867877, 1.279055627366224 ], [ 103.802735516761771, 1.279064619776382 ], [ 103.802698598775322, 1.279101819237007 ], [ 103.802684551025408, 1.279084574580105 ], [ 103.802707143867877, 1.279055627366224 ] ], [ [ 103.802768961552232, 1.279079642947771 ], [ 103.802762536186663, 1.27907318322344 ], [ 103.802770459871667, 1.279075694529712 ], [ 103.802768961552232, 1.279079642947771 ] ], [ [ 103.802743373386434, 1.279131988397382 ], [ 103.802749875629289, 1.279129938764156 ], [ 103.802740859740965, 1.279153697709892 ], [ 103.802732280412414, 1.279143165947606 ], [ 103.802743373386434, 1.279131988397382 ] ], [ [ 103.802549699999773, 1.279098900000132 ], [ 103.80254300074705, 1.279092435458925 ], [ 103.802543146865958, 1.279092466897315 ], [ 103.802543958564073, 1.279088645215125 ], [ 103.802549699999773, 1.279098900000132 ] ], [ [ 103.802720944253892, 1.279206179616335 ], [ 103.802708125032154, 1.279239961222595 ], [ 103.802684807947116, 1.279198314555372 ], [ 103.802720944253892, 1.279206179616335 ] ], [ [ 103.802529200000208, 1.279199499999217 ], [ 103.802457648366115, 1.279291175934897 ], [ 103.802375858807935, 1.279278407111645 ], [ 103.802358058797068, 1.279393907110146 ], [ 103.802378325228332, 1.279397071064976 ], [ 103.802392250795663, 1.279408081182916 ], [ 103.802356709780213, 1.279404024842452 ], [ 103.802354610726425, 1.279422655736921 ], [ 103.802158799999845, 1.279454500000016 ], [ 103.802351704678387, 1.279298325863962 ], [ 103.802324333840119, 1.279264077763756 ], [ 103.802529200000208, 1.279199499999217 ] ], [ [ 103.802602624160045, 1.279198525583748 ], [ 103.802569799998423, 1.279231600001606 ], [ 103.802598625563618, 1.279194667080234 ], [ 103.802602624160045, 1.279198525583748 ] ], [ [ 103.802620499999776, 1.279316599999209 ], [ 103.802664571944803, 1.279304072906462 ], [ 103.802671237743212, 1.279315978695361 ], [ 103.802681483565422, 1.279310167632483 ], [ 103.80267576840879, 1.279325228387929 ], [ 103.802620499999776, 1.279316599999209 ] ], [ [ 103.802631396789863, 1.2792448187304 ], [ 103.802639851200553, 1.279259919160806 ], [ 103.802607199999898, 1.279269200000539 ], [ 103.802631396789863, 1.2792448187304 ] ], [ [ 103.802602700000406, 1.279432100000548 ], [ 103.802461523308438, 1.279415987338697 ], [ 103.802466616838345, 1.279410854975382 ], [ 103.802602700000406, 1.279432100000548 ] ], [ [ 103.802423627542055, 1.27954201715182 ], [ 103.802576480099631, 1.279559462394577 ], [ 103.802575428775157, 1.279561675763234 ], [ 103.802428402078405, 1.279571757839953 ], [ 103.802423627542055, 1.27954201715182 ] ], [ [ 103.802608600504442, 1.279697608110744 ], [ 103.802613564526055, 1.279699996645986 ], [ 103.80261356110438, 1.279700000735483 ], [ 103.802608593724031, 1.279697610790294 ], [ 103.802608600504442, 1.279697608110744 ] ], [ [ 103.802533969347706, 1.279648960856845 ], [ 103.802446352610772, 1.279683572079217 ], [ 103.802438771390555, 1.279636348504785 ], [ 103.802543366897496, 1.279629176067329 ], [ 103.802533969347706, 1.279648960856845 ] ], [ [ 103.802420381390746, 1.279693831484774 ], [ 103.80236214767514, 1.279716835534337 ], [ 103.80237116604745, 1.279739962198402 ], [ 103.802280606298282, 1.279734170050915 ], [ 103.80227481659449, 1.279717504366386 ], [ 103.802420381390746, 1.279693831484774 ] ], [ [ 103.802167959194236, 1.279120645379853 ], [ 103.802000399999258, 1.279256300000492 ], [ 103.802062001348858, 1.27915515357425 ], [ 103.802167959194236, 1.279120645379853 ] ], [ [ 103.801369300000644, 1.278266900000539 ], [ 103.8013350448702, 1.278172288792127 ], [ 103.801335103264663, 1.278172262756196 ], [ 103.801369300000644, 1.278266900000539 ] ], [ [ 103.800302800000566, 1.278360000000113 ], [ 103.800231669771989, 1.278207563095278 ], [ 103.800233913416818, 1.278203486882697 ], [ 103.800302800000566, 1.278360000000113 ] ], [ [ 103.798668741560576, 1.277104942327815 ], [ 103.798668704721237, 1.27710496067326 ], [ 103.798655380243574, 1.277075631936514 ], [ 103.798655410226161, 1.277075548583426 ], [ 103.798668741560576, 1.277104942327815 ] ], [ [ 103.7984566, 1.277046900000336 ], [ 103.798439610045335, 1.277062577405948 ], [ 103.798437413081416, 1.277059385147263 ], [ 103.7984566, 1.277046900000336 ] ], [ [ 103.798548599999862, 1.277147900000204 ], [ 103.798529698944535, 1.277174185186049 ], [ 103.798525111032262, 1.27717646995416 ], [ 103.798526306856843, 1.277178902471202 ], [ 103.798525503831115, 1.277180019216937 ], [ 103.798524011447569, 1.277177020965931 ], [ 103.798519824809816, 1.277179131990223 ], [ 103.79851785500756, 1.277176269807052 ], [ 103.798548599999862, 1.277147900000204 ] ], [ [ 103.798069312780967, 1.277073988450034 ], [ 103.798069341177793, 1.277074093987988 ], [ 103.7980693373446, 1.277074096660333 ], [ 103.798069308965736, 1.277073991100674 ], [ 103.798069312780967, 1.277073988450034 ] ], [ [ 103.800048763909274, 1.278390001496521 ], [ 103.80005371469116, 1.278400990605443 ], [ 103.799996704557159, 1.278504565526696 ], [ 103.799942253572524, 1.278524398967258 ], [ 103.79995945527584, 1.278572239301722 ], [ 103.799959424848865, 1.278572294580622 ], [ 103.79994219767336, 1.278524419335535 ], [ 103.799902644528586, 1.278538837139953 ], [ 103.800048763909274, 1.278390001496521 ] ], [ [ 103.800014696643345, 1.278314383353959 ], [ 103.799844993380276, 1.278487241285855 ], [ 103.799898421196303, 1.278540376617367 ], [ 103.799642897697808, 1.278633519326614 ], [ 103.799727200000248, 1.278867800000156 ], [ 103.799642221179496, 1.278633767049425 ], [ 103.799491058305392, 1.278689369477687 ], [ 103.799184896318053, 1.278800374410666 ], [ 103.799268799932065, 1.279034799811008 ], [ 103.799184402523551, 1.278800554040747 ], [ 103.798725202560504, 1.278968154026536 ], [ 103.798809616156348, 1.279202444841959 ], [ 103.798725199733695, 1.278968155058378 ], [ 103.798591743306247, 1.279016866155849 ], [ 103.798445260801586, 1.279069982737124 ], [ 103.798361661111514, 1.27907047595314 ], [ 103.798321943160715, 1.278971076021968 ], [ 103.798339392670954, 1.278948077380544 ], [ 103.798463286093977, 1.278902137970374 ], [ 103.798688495197851, 1.278835723969395 ], [ 103.798936479644937, 1.2787626285542 ], [ 103.798866900000547, 1.278523499999827 ], [ 103.798939764663274, 1.278761635348211 ], [ 103.799227864687225, 1.27867233534097 ], [ 103.799155, 1.2784342 ], [ 103.799246559011024, 1.278665705186083 ], [ 103.799275416150309, 1.278654143831936 ], [ 103.799561854860343, 1.278546134219933 ], [ 103.799475000000342, 1.278312799999975 ], [ 103.799566381326244, 1.278544376293255 ], [ 103.799875081350422, 1.278420976283312 ], [ 103.799864542371338, 1.278394268673481 ], [ 103.800013960529668, 1.278312749423935 ], [ 103.800014696643345, 1.278314383353959 ] ], [ [ 103.799980599999827, 1.278238700000438 ], [ 103.799834588601058, 1.27831836059713 ], [ 103.799834584899202, 1.278318351216106 ], [ 103.799980599999827, 1.278238700000438 ] ], [ [ 103.799138450572741, 1.278293421855042 ], [ 103.799186199997408, 1.278421699992721 ], [ 103.79913594943325, 1.278294642399279 ], [ 103.799138450572741, 1.278293421855042 ] ], [ [ 103.798242100000593, 1.278238800000121 ], [ 103.79830609107816, 1.278448183051254 ], [ 103.798300017454267, 1.278431590019188 ], [ 103.798271712796236, 1.278442085325454 ], [ 103.798242100000593, 1.278238800000121 ] ], [ [ 103.798316447391088, 1.278476476314484 ], [ 103.798329431987, 1.278472456356952 ], [ 103.798385599999477, 1.278665399998003 ], [ 103.798316447391088, 1.278476476314484 ] ], [ [ 103.798561816446792, 1.278400511429058 ], [ 103.798561841541243, 1.278400503660002 ], [ 103.798618900000406, 1.278596600000218 ], [ 103.798561816446792, 1.278400511429058 ] ], [ [ 103.798907728951548, 1.278250123978615 ], [ 103.798914086390766, 1.278205928305844 ], [ 103.798944958528352, 1.278211113673308 ], [ 103.798948370054916, 1.278237526788279 ], [ 103.798907728951548, 1.278250123978615 ] ], [ [ 103.79901114194567, 1.278218069897374 ], [ 103.798994200000422, 1.278086899999969 ], [ 103.799051379816149, 1.278205597692202 ], [ 103.79901114194567, 1.278218069897374 ] ], [ [ 103.798186299999657, 1.278739299999319 ], [ 103.798110054271646, 1.278680698114695 ], [ 103.798157268550014, 1.278659986586087 ], [ 103.798186299999657, 1.278739299999319 ] ], [ [ 103.798139505280048, 1.278427882846565 ], [ 103.798126586825461, 1.278433549797015 ], [ 103.798114700000255, 1.278257600005233 ], [ 103.798139505280048, 1.278427882846565 ] ], [ [ 103.797304400000399, 1.278332900000418 ], [ 103.797079295071356, 1.278436607059253 ], [ 103.797096395068891, 1.278474207060796 ], [ 103.797321500000621, 1.278370500000557 ], [ 103.797154814186271, 1.278551909177607 ], [ 103.797056151896385, 1.278598351869057 ], [ 103.797012073101641, 1.278457191227062 ], [ 103.796869375209653, 1.278502329885537 ], [ 103.796866169854724, 1.278494506649448 ], [ 103.796816015138191, 1.278515323568064 ], [ 103.796793753035232, 1.278465520719726 ], [ 103.796831813255835, 1.278435360362944 ], [ 103.796822113254819, 1.278422960363916 ], [ 103.796787122797312, 1.278450688124584 ], [ 103.796765359598751, 1.278402001380516 ], [ 103.796781288012426, 1.278381755651575 ], [ 103.796767988013087, 1.278371155652036 ], [ 103.796757519333042, 1.278384461814279 ], [ 103.796711077765039, 1.278280566747385 ], [ 103.797003024530824, 1.278179940672106 ], [ 103.797066496606504, 1.278401836522515 ], [ 103.797304400000399, 1.278332900000418 ] ], [ [ 103.797446, 1.278414300000667 ], [ 103.797446136421868, 1.278414776825298 ], [ 103.797445984506965, 1.278414848335806 ], [ 103.797446, 1.278414300000667 ] ], [ [ 103.797390100000612, 1.278412699999359 ], [ 103.797389285184266, 1.278441538068043 ], [ 103.79737691326477, 1.278447361827443 ], [ 103.797390100000612, 1.278412699999359 ] ], [ [ 103.797249296315826, 1.278507434182489 ], [ 103.797350399999544, 1.278397400000614 ], [ 103.797321462252597, 1.278473463948426 ], [ 103.797249296315826, 1.278507434182489 ] ], [ [ 103.796072913832958, 1.278829405545566 ], [ 103.79589032858145, 1.278921855474356 ], [ 103.795745786795592, 1.27865376991833 ], [ 103.795383424854208, 1.277948006140857 ], [ 103.795580607588548, 1.277846844161015 ], [ 103.796072913832958, 1.278829405545566 ] ], [ [ 103.795049199999951, 1.277839800000141 ], [ 103.794985068290899, 1.27787315577281 ], [ 103.79493121097579, 1.277782610895209 ], [ 103.794718799999032, 1.27791060000105 ], [ 103.794858300928183, 1.277742899264823 ], [ 103.794971239986296, 1.277685864439982 ], [ 103.795049199999951, 1.277839800000141 ] ], [ [ 103.794999287341113, 1.277585731314395 ], [ 103.794922499999828, 1.277431699999951 ], [ 103.795000009767634, 1.277585360683102 ], [ 103.794999287341113, 1.277585731314395 ] ], [ [ 103.794786198254798, 1.27722175472271 ], [ 103.794460566253818, 1.277386200597386 ], [ 103.794430912362287, 1.277392473535992 ], [ 103.794424391530924, 1.27739235853077 ], [ 103.794396019058411, 1.277386663450908 ], [ 103.794364636450538, 1.277370896239997 ], [ 103.794392158552469, 1.277365575982648 ], [ 103.794786198254798, 1.27722175472271 ] ], [ [ 103.79364807139288, 1.276230761833174 ], [ 103.793648249401471, 1.276231145228714 ], [ 103.793603400016067, 1.276247099994212 ], [ 103.79364807139288, 1.276230761833174 ] ], [ [ 103.793486234924245, 1.27592497981959 ], [ 103.79348623394398, 1.275924976935555 ], [ 103.793486697778221, 1.275924809255472 ], [ 103.793486698175357, 1.275924810389551 ], [ 103.793486234924245, 1.27592497981959 ] ], [ [ 103.792407008050219, 1.276570297724658 ], [ 103.79240713426789, 1.276570680613004 ], [ 103.792291100000341, 1.276634899999736 ], [ 103.792407008050219, 1.276570297724658 ] ], [ [ 103.792302300000529, 1.27665540000021 ], [ 103.792300220884357, 1.276656559250271 ], [ 103.792300217961539, 1.276656552308321 ], [ 103.792302300000529, 1.27665540000021 ] ], [ [ 103.792445854935053, 1.276688142758531 ], [ 103.792445870020771, 1.276688188522342 ], [ 103.792349799999783, 1.276741699999927 ], [ 103.792445854935053, 1.276688142758531 ] ], [ [ 103.792404399973975, 1.276841000014697 ], [ 103.792383053044858, 1.276853259713941 ], [ 103.792382927057673, 1.276852960534502 ], [ 103.792404399973975, 1.276841000014697 ] ], [ [ 103.792594986939903, 1.276798884557763 ], [ 103.792618657209104, 1.276790980249189 ], [ 103.792433200000204, 1.27689180000061 ], [ 103.792594986939903, 1.276798884557763 ] ], [ [ 103.792654112407121, 1.276779140551577 ], [ 103.792728500002681, 1.276754299998548 ], [ 103.792658953506248, 1.276788161614474 ], [ 103.792654112407121, 1.276779140551577 ] ], [ [ 103.790104527560672, 1.277282243395523 ], [ 103.790400462731142, 1.277175269280219 ], [ 103.790407981687522, 1.277193637742085 ], [ 103.790348323193371, 1.277215640014366 ], [ 103.790385001420191, 1.277316386195336 ], [ 103.790384971606585, 1.277316396430434 ], [ 103.790348271262133, 1.277215659173363 ], [ 103.790240978498943, 1.277255256502377 ], [ 103.790135289576938, 1.277294252415185 ], [ 103.790179345868111, 1.277415210192254 ], [ 103.790179299541933, 1.277415228659503 ], [ 103.790135192750924, 1.277294288163988 ], [ 103.790110844272363, 1.277303283574451 ], [ 103.790104527560672, 1.277282243395523 ] ], [ [ 103.79100546004959, 1.276960436990376 ], [ 103.791025136285498, 1.276953218971073 ], [ 103.791110884888155, 1.276923384299829 ], [ 103.791165391100577, 1.277070737446245 ], [ 103.791214464399644, 1.277052348898278 ], [ 103.791214502969339, 1.277052458611016 ], [ 103.791165442299643, 1.2770708757335 ], [ 103.791179042296989, 1.277107575734889 ], [ 103.79122748633101, 1.277089390094955 ], [ 103.791227512452068, 1.277089464397086 ], [ 103.791179076899908, 1.277107669055047 ], [ 103.791220080164308, 1.277218182646219 ], [ 103.791191083945307, 1.277229063293397 ], [ 103.791164751903764, 1.277238900546303 ], [ 103.791210747867339, 1.277363623353372 ], [ 103.791181597857417, 1.277373851222862 ], [ 103.791113246720002, 1.277276556154392 ], [ 103.791034338927474, 1.277038919567556 ], [ 103.79100546004959, 1.276960436990376 ] ], [ [ 103.79159579255537, 1.276759824011378 ], [ 103.791598630944037, 1.276758907285135 ], [ 103.791635640914322, 1.276873102002736 ], [ 103.791635179348702, 1.276873263451437 ], [ 103.79159579255537, 1.276759824011378 ] ], [ [ 103.791764890963407, 1.276705209608463 ], [ 103.791841838500901, 1.276680357543606 ], [ 103.791915533902568, 1.276656559029375 ], [ 103.791917511934216, 1.276655918744078 ], [ 103.791933652629908, 1.276694247864059 ], [ 103.791783225163897, 1.27676177999784 ], [ 103.791764890963407, 1.276705209608463 ] ], [ [ 103.791484500000109, 1.277218600000706 ], [ 103.791482060223373, 1.277219517395328 ], [ 103.791482060098474, 1.277219517045337 ], [ 103.791484500000109, 1.277218600000706 ] ], [ [ 103.791393157700028, 1.276985392537077 ], [ 103.791393077812444, 1.276985422527212 ], [ 103.7913930768825, 1.276985419941618 ], [ 103.791393156793433, 1.276985389997606 ], [ 103.791393157700028, 1.276985392537077 ] ], [ [ 103.791350758280529, 1.277001277400325 ], [ 103.791350767982479, 1.277001305422226 ], [ 103.791350566147443, 1.277001381190202 ], [ 103.79135055624603, 1.277001353105898 ], [ 103.791350758280529, 1.277001277400325 ] ], [ [ 103.791331047176428, 1.277008663467014 ], [ 103.791331061121085, 1.277008703278283 ], [ 103.791330603416256, 1.277008875098245 ], [ 103.791330588862408, 1.277008835204669 ], [ 103.791331047176428, 1.277008663467014 ] ], [ [ 103.791390175302723, 1.277028317485929 ], [ 103.791390177846495, 1.277028316530962 ], [ 103.791390180869939, 1.277028324939795 ], [ 103.791390178227331, 1.277028325932744 ], [ 103.791390175302723, 1.277028317485929 ] ], [ [ 103.791359406055136, 1.277039868105523 ], [ 103.791359413417396, 1.27703988898833 ], [ 103.791359411630197, 1.277039889660243 ], [ 103.791359404310157, 1.277039868760254 ], [ 103.791359406055136, 1.277039868105523 ] ], [ [ 103.791339426259455, 1.277047368418958 ], [ 103.791339436785336, 1.277047397271079 ], [ 103.791339422757304, 1.277047402543295 ], [ 103.791339412567467, 1.277047373558238 ], [ 103.791339426259455, 1.277047368418958 ] ], [ [ 103.791135161017266, 1.277342552654866 ], [ 103.791161983469536, 1.277380733327045 ], [ 103.791149314973737, 1.277385178323609 ], [ 103.791135161017266, 1.277342552654866 ] ], [ [ 103.791277400000212, 1.277462599999697 ], [ 103.791283030524269, 1.27747780025579 ], [ 103.791283008551318, 1.277477808163193 ], [ 103.791277399999316, 1.277462599999697 ], [ 103.791277400000212, 1.277462599999697 ] ], [ [ 103.791014167166892, 1.277459590000799 ], [ 103.79103773108865, 1.277527622531937 ], [ 103.791140807042609, 1.277491456260463 ], [ 103.791140836990408, 1.277491537898865 ], [ 103.791037782036881, 1.277527769478481 ], [ 103.791043682035578, 1.277544769478656 ], [ 103.791147034765643, 1.277508433208157 ], [ 103.791147757431219, 1.277510403214941 ], [ 103.79120852945006, 1.277487819844665 ], [ 103.791224399999891, 1.277498900000415 ], [ 103.790991286864013, 1.277582791907554 ], [ 103.791038286853563, 1.277715091911222 ], [ 103.791271400000113, 1.277631200000226 ], [ 103.791038297679535, 1.277715122378544 ], [ 103.791132484707816, 1.277980140310565 ], [ 103.791108552152096, 1.277989978383614 ], [ 103.791090010835191, 1.277997532253343 ], [ 103.791122795699096, 1.278079051411574 ], [ 103.791119704693116, 1.278081954495075 ], [ 103.791092356719062, 1.278026546763872 ], [ 103.791077956720059, 1.278033746763533 ], [ 103.791107437590384, 1.278093475800905 ], [ 103.791107318118165, 1.278093588009789 ], [ 103.791077765209693, 1.278033842622117 ], [ 103.791031665212259, 1.278056942620569 ], [ 103.791068039579102, 1.278130478552202 ], [ 103.791068021315169, 1.278130495705889 ], [ 103.791031633233956, 1.278056958647191 ], [ 103.79099220224785, 1.27807672405254 ], [ 103.790906485051721, 1.278119623942739 ], [ 103.790866548555869, 1.278014985332516 ], [ 103.79106806521331, 1.277953332574104 ], [ 103.791063611702768, 1.277938586509052 ], [ 103.79104895791437, 1.277889840251381 ], [ 103.790899996802935, 1.277935202724647 ], [ 103.79089345357724, 1.27791899612713 ], [ 103.790838492445658, 1.277941474815495 ], [ 103.790776825210571, 1.277779898928229 ], [ 103.790742425213224, 1.277793198927713 ], [ 103.790804346427649, 1.277955440278647 ], [ 103.790804315493503, 1.277955452930194 ], [ 103.7907423221953, 1.277793238783156 ], [ 103.790602326521054, 1.277847437108728 ], [ 103.790602322206254, 1.277847438779018 ], [ 103.790470326531349, 1.277898537104099 ], [ 103.790528707566153, 1.278051307815762 ], [ 103.790528683662217, 1.278051316400495 ], [ 103.790470257513377, 1.277898563835056 ], [ 103.790332351720295, 1.277951997683922 ], [ 103.790090905086117, 1.278021009746639 ], [ 103.79007674168146, 1.278025014570723 ], [ 103.790143774440708, 1.278265166690772 ], [ 103.790079427437149, 1.278284644859546 ], [ 103.789957731630039, 1.2782710129878 ], [ 103.789850989983492, 1.278083778460808 ], [ 103.789766489988338, 1.278132578456913 ], [ 103.789889700000344, 1.278348700000031 ], [ 103.789715511203269, 1.27817164013237 ], [ 103.789686211203531, 1.278200840130368 ], [ 103.789860400000435, 1.278377899999987 ], [ 103.789629557725775, 1.278287871267688 ], [ 103.789456157692982, 1.278738271251211 ], [ 103.789686999999844, 1.278828300000064 ], [ 103.789441668344764, 1.278794894236355 ], [ 103.789432568338839, 1.278862594235081 ], [ 103.789677900000157, 1.278895999999867 ], [ 103.789439706066418, 1.278963912681455 ], [ 103.789461406060141, 1.279041012683752 ], [ 103.789699600000588, 1.278973100000405 ], [ 103.789477401728803, 1.279082973762898 ], [ 103.789627618612826, 1.279390711166957 ], [ 103.789653983441156, 1.279450078787757 ], [ 103.78988, 1.27934840000024 ], [ 103.789658255563381, 1.279459198721323 ], [ 103.789705755556199, 1.279555498725369 ], [ 103.789927500004751, 1.27944469999774 ], [ 103.789710137164846, 1.279563970236673 ], [ 103.789713540781094, 1.27957025383612 ], [ 103.789828995452623, 1.279799686816387 ], [ 103.790043182181023, 1.280228160200406 ], [ 103.789928676782594, 1.280301768152923 ], [ 103.789774837605975, 1.279963992119644 ], [ 103.789552278912339, 1.280066674782368 ], [ 103.7894660044782, 1.27997068981143 ], [ 103.789452800423419, 1.279955560166241 ], [ 103.7892668, 1.280119999999646 ], [ 103.789452700405548, 1.279955445633063 ], [ 103.789407000404665, 1.279903145637172 ], [ 103.789243405601823, 1.280047955643996 ], [ 103.789243371372919, 1.28004785023337 ], [ 103.789406442873755, 1.279902509772374 ], [ 103.789404583603385, 1.279900396533087 ], [ 103.789548843040478, 1.279784500888767 ], [ 103.789663143790634, 1.279693060285635 ], [ 103.789506511480738, 1.279494722247068 ], [ 103.78958394553689, 1.2794290742009 ], [ 103.78953646363334, 1.279372338939032 ], [ 103.789511715027672, 1.279340139143692 ], [ 103.789432896898518, 1.279401506652124 ], [ 103.789426484567798, 1.279393386940344 ], [ 103.789500704096554, 1.279326799464098 ], [ 103.789481242320818, 1.279304824768744 ], [ 103.789417034563485, 1.279192766378786 ], [ 103.789343699410566, 1.279054775389615 ], [ 103.78897215380924, 1.279254802261508 ], [ 103.788973383248859, 1.279221866147 ], [ 103.788980735405616, 1.279178335530285 ], [ 103.788981837576472, 1.279171866260831 ], [ 103.788997173273771, 1.279127556837302 ], [ 103.789007630398856, 1.279106217002479 ], [ 103.788932914425303, 1.279069127622217 ], [ 103.788934918358606, 1.279065159615995 ], [ 103.789010496179316, 1.279100164905485 ], [ 103.789023239964777, 1.279072292526116 ], [ 103.789045273523328, 1.279033146233828 ], [ 103.789070989791725, 1.27900410458305 ], [ 103.789136698350347, 1.278952171068629 ], [ 103.789079701771641, 1.278879118091408 ], [ 103.789086062859212, 1.278865667452906 ], [ 103.789153384184516, 1.278937731674319 ], [ 103.789173820063453, 1.27891839235408 ], [ 103.789224655526496, 1.278870353338319 ], [ 103.789131216774393, 1.278770188647479 ], [ 103.789135712558121, 1.278760682229221 ], [ 103.789146145026592, 1.278743903973446 ], [ 103.789267196843554, 1.278817382873806 ], [ 103.789282296842401, 1.2787921828725 ], [ 103.789161658103694, 1.278718954712417 ], [ 103.789163880268148, 1.278715380865352 ], [ 103.789287146010651, 1.27878371933905 ], [ 103.789306246008636, 1.278748819337536 ], [ 103.789184913980193, 1.278681552914963 ], [ 103.789197016451453, 1.278662088838683 ], [ 103.789325919723126, 1.278702201851539 ], [ 103.789344719718343, 1.27864100184954 ], [ 103.789231948314992, 1.278605908863359 ], [ 103.789240733394763, 1.278591780056988 ], [ 103.789221834597669, 1.278579876154006 ], [ 103.789354306665416, 1.278594420501344 ], [ 103.789361806659016, 1.278525220500468 ], [ 103.78925273082011, 1.278513244867763 ], [ 103.789266297176965, 1.278484558543008 ], [ 103.789362270019836, 1.278475865085043 ], [ 103.789356270013926, 1.27840876508557 ], [ 103.789109699997368, 1.27843110000086 ], [ 103.789347139913772, 1.278360563399027 ], [ 103.789318752762028, 1.278263763241133 ], [ 103.78971925863334, 1.278106539852923 ], [ 103.789664688359679, 1.277965720297615 ], [ 103.789742366002542, 1.277796380496137 ], [ 103.789842572729839, 1.277762767656744 ], [ 103.789850299160733, 1.277766370140651 ], [ 103.789829181683473, 1.277810251765419 ], [ 103.789836704165253, 1.277813918975798 ], [ 103.789871127775186, 1.277830884193137 ], [ 103.789892859925558, 1.277786214294406 ], [ 103.789906272310617, 1.277792467880745 ], [ 103.78997633356974, 1.277884924611837 ], [ 103.78998194495793, 1.277880617114979 ], [ 103.789995183075533, 1.277897677171473 ], [ 103.790005624549153, 1.277889469445042 ], [ 103.790015368237434, 1.277883264509173 ], [ 103.790014756376095, 1.277882291192558 ], [ 103.790015283075775, 1.277881877169772 ], [ 103.790011138374908, 1.277876535863631 ], [ 103.790004351204985, 1.277865739188512 ], [ 103.79001993407806, 1.277856262104307 ], [ 103.790010930581602, 1.277841265280461 ], [ 103.790030901976408, 1.277850577034252 ], [ 103.790030976328879, 1.277850932681454 ], [ 103.79003144972387, 1.277850832424378 ], [ 103.790068133835874, 1.277867936558037 ], [ 103.790080818567162, 1.277840376921624 ], [ 103.790093776335013, 1.277837632680961 ], [ 103.790090123528017, 1.277820160384386 ], [ 103.790095586121467, 1.277808292012385 ], [ 103.790098933419699, 1.27780114507832 ], [ 103.790089515850198, 1.277796676918559 ], [ 103.790106731541584, 1.277779493586239 ], [ 103.790107731477733, 1.277779858612904 ], [ 103.790108498599707, 1.27777772984996 ], [ 103.790109415005006, 1.277776815166598 ], [ 103.790127960421302, 1.277827766030423 ], [ 103.790197660426884, 1.277802066028874 ], [ 103.790113524858654, 1.277570915652859 ], [ 103.790113526609019, 1.277570914954719 ], [ 103.790197807255012, 1.277802011836396 ], [ 103.790305758860981, 1.277762129715116 ], [ 103.790411410446708, 1.277723147578753 ], [ 103.7903262, 1.277489199999976 ], [ 103.790411428743724, 1.277723140827074 ], [ 103.790518703030372, 1.277683550316545 ], [ 103.790669976833684, 1.277627759978218 ], [ 103.790650089646519, 1.277573134731325 ], [ 103.790650114341133, 1.277573127029263 ], [ 103.79067000846058, 1.277627748311537 ], [ 103.790777608469142, 1.277588048308361 ], [ 103.790759723470728, 1.277538943274503 ], [ 103.791014167166892, 1.277459590000799 ] ], [ [ 103.791250899999227, 1.27747249999908 ], [ 103.791250663021003, 1.277472162669848 ], [ 103.791250762028696, 1.277472125877401 ], [ 103.791250899999227, 1.27747249999908 ] ], [ [ 103.791231275231979, 1.277479367328994 ], [ 103.79123459999839, 1.277484099998538 ], [ 103.791229021041815, 1.277480205003958 ], [ 103.791231275231979, 1.277479367328994 ] ], [ [ 103.791433655640034, 1.278082705452903 ], [ 103.791521986952148, 1.278050985307938 ], [ 103.791523419522036, 1.278055105217328 ], [ 103.791456217172481, 1.27809611539141 ], [ 103.791434348279921, 1.278084542677577 ], [ 103.791433655640034, 1.278082705452903 ] ], [ [ 103.791492863946075, 1.2779672308202 ], [ 103.791492889663701, 1.277967304782281 ], [ 103.791402399999868, 1.27799980000018 ], [ 103.791492863946075, 1.2779672308202 ] ], [ [ 103.79167047510397, 1.278084689636217 ], [ 103.791670509042945, 1.278084780999313 ], [ 103.791613071019569, 1.278105066273884 ], [ 103.791612993355699, 1.278104937227909 ], [ 103.79167047510397, 1.278084689636217 ] ], [ [ 103.791877200000101, 1.278303900000015 ], [ 103.791869776832669, 1.278307070097373 ], [ 103.791869696032165, 1.278306818479186 ], [ 103.791877200000101, 1.278303900000015 ] ], [ [ 103.791526703516965, 1.278064549616978 ], [ 103.791466233652002, 1.278101415973136 ], [ 103.791466179340404, 1.278101387232439 ], [ 103.791526675632156, 1.278064469423788 ], [ 103.791526703516965, 1.278064549616978 ] ], [ [ 103.791426851278388, 1.278125387145945 ], [ 103.791426957191803, 1.278125322512738 ], [ 103.791426969128338, 1.278125354174743 ], [ 103.791426863168212, 1.278125418775392 ], [ 103.791426851278388, 1.278125387145945 ] ], [ [ 103.790697445946194, 1.278096344302803 ], [ 103.790697446263394, 1.278096344223224 ], [ 103.790733458851577, 1.278190576199535 ], [ 103.790733452429919, 1.278190565557768 ], [ 103.790697445946194, 1.278096344302803 ] ], [ [ 103.790692371455989, 1.278083065278193 ], [ 103.790692371396673, 1.278083065293566 ], [ 103.790691200000182, 1.27808000000036 ], [ 103.790692371455989, 1.278083065278193 ] ], [ [ 103.791505405760418, 1.278211765308882 ], [ 103.791546551833733, 1.278186679991872 ], [ 103.79157435349839, 1.278201392244292 ], [ 103.791591997293537, 1.278252001015814 ], [ 103.791717506596427, 1.278207675141601 ], [ 103.7917186554631, 1.278211093374095 ], [ 103.791594674627504, 1.278259312578839 ], [ 103.79162698913305, 1.278343480614861 ], [ 103.791505405760418, 1.278211765308882 ] ], [ [ 103.791666202761121, 1.278385962037202 ], [ 103.79176674361031, 1.278346859220667 ], [ 103.791767940624254, 1.278350559712483 ], [ 103.791671529397874, 1.278391732558907 ], [ 103.791666202761121, 1.278385962037202 ] ], [ [ 103.791666837936873, 1.278442828331811 ], [ 103.791705736671545, 1.278535099767638 ], [ 103.791513299999664, 1.278586399999886 ], [ 103.791666837936873, 1.278442828331811 ] ], [ [ 103.79121327379633, 1.27862745425833 ], [ 103.79113563465188, 1.278670792901279 ], [ 103.791135627614466, 1.278670796829723 ], [ 103.791052180732095, 1.278717373813532 ], [ 103.791047092542485, 1.278694596931449 ], [ 103.791014392545563, 1.278701996930385 ], [ 103.791062132430937, 1.278915700790476 ], [ 103.791059229691939, 1.278909966986931 ], [ 103.791029235250761, 1.27885033406642 ], [ 103.790973000079177, 1.278715297632235 ], [ 103.790963359624627, 1.278719364589224 ], [ 103.790933109524502, 1.27865922337516 ], [ 103.790932242722334, 1.278657489771388 ], [ 103.790802084457738, 1.278723415782593 ], [ 103.790801403106897, 1.278722262131964 ], [ 103.790930769279299, 1.27865459023156 ], [ 103.79088517816065, 1.278566301029942 ], [ 103.79093391749727, 1.278647067368585 ], [ 103.790988717500497, 1.27861356736609 ], [ 103.790967253760599, 1.27857799963635 ], [ 103.791001885560306, 1.278631082525332 ], [ 103.791018397925782, 1.278620169508399 ], [ 103.791147094005083, 1.278555759477973 ], [ 103.79121327379633, 1.27862745425833 ] ], [ [ 103.790865223872856, 1.278343633242518 ], [ 103.7908640911959, 1.278356476908141 ], [ 103.790824276625301, 1.278295449963438 ], [ 103.790838666476759, 1.278289879034353 ], [ 103.790865223872856, 1.278343633242518 ] ], [ [ 103.790735061797122, 1.27832998787215 ], [ 103.790741150099166, 1.278327630961509 ], [ 103.790741223647814, 1.278327752838542 ], [ 103.790726167410838, 1.278335522811866 ], [ 103.790725379184408, 1.278335030836966 ], [ 103.790735061797122, 1.27832998787215 ] ], [ [ 103.790675921010134, 1.278360789978308 ], [ 103.790676502620073, 1.278361152992789 ], [ 103.790632554297872, 1.27838383311224 ], [ 103.790632381421773, 1.278383466560385 ], [ 103.790675921010134, 1.278360789978308 ] ], [ [ 103.789931683735745, 1.278883477815551 ], [ 103.789931504621222, 1.278882841421922 ], [ 103.7900656699655, 1.278534351895627 ], [ 103.790097410036836, 1.278516021533768 ], [ 103.790082676605437, 1.278490177766878 ], [ 103.79009124229087, 1.278467928711891 ], [ 103.790063917072231, 1.278457271851716 ], [ 103.790055855666452, 1.278443131418579 ], [ 103.790163119344953, 1.278334471899899 ], [ 103.790210658330295, 1.278504785427594 ], [ 103.79022515833104, 1.27850068542688 ], [ 103.790175315262246, 1.278322117274371 ], [ 103.7901754597207, 1.278321970936136 ], [ 103.79022583105197, 1.278500494177774 ], [ 103.790283956253973, 1.278483880405159 ], [ 103.790316614780878, 1.278547401584493 ], [ 103.790319103530905, 1.278552286907793 ], [ 103.790534006920822, 1.278441383169804 ], [ 103.790534045111741, 1.278441468414957 ], [ 103.790320857141722, 1.278555665283938 ], [ 103.790360357136819, 1.278630365287237 ], [ 103.790502012475713, 1.278554485791616 ], [ 103.790569821814046, 1.278521324259834 ], [ 103.790569951357668, 1.27852161341001 ], [ 103.790360630718254, 1.278631109738639 ], [ 103.790378123800593, 1.278664985877186 ], [ 103.79036404399632, 1.278672393077887 ], [ 103.790347771402637, 1.278680816538571 ], [ 103.790422487142635, 1.27882703201099 ], [ 103.790421707382947, 1.278827410753947 ], [ 103.790345515160325, 1.278681999268497 ], [ 103.79025845262089, 1.278728211635397 ], [ 103.790218913694105, 1.278748170280016 ], [ 103.790286848184351, 1.278884502690748 ], [ 103.790107379461091, 1.278949071404141 ], [ 103.790129079456662, 1.279010171406607 ], [ 103.790239969545993, 1.278970275707628 ], [ 103.79024240613829, 1.278975357474406 ], [ 103.790132887954357, 1.279020206889603 ], [ 103.790141656274457, 1.279041896951048 ], [ 103.790157752909707, 1.279083575746857 ], [ 103.790273370316783, 1.279038342470274 ], [ 103.790278438113333, 1.279048386753001 ], [ 103.790166829187697, 1.279104247802655 ], [ 103.79019602918379, 1.2791633478051 ], [ 103.790308366688492, 1.279107122095958 ], [ 103.790311233906849, 1.279112746609036 ], [ 103.79038229613802, 1.279076049689557 ], [ 103.790440886324006, 1.279193629715466 ], [ 103.790482686326868, 1.279172529714197 ], [ 103.790425813622036, 1.279058396368601 ], [ 103.79042800912805, 1.279057264945823 ], [ 103.790487184852836, 1.279170200730547 ], [ 103.790572600137295, 1.27912486271737 ], [ 103.790618192595119, 1.27913646717691 ], [ 103.79062601718465, 1.279151923161123 ], [ 103.790632263952645, 1.279148719584536 ], [ 103.790633298747522, 1.279151080210775 ], [ 103.790648712921964, 1.279144235388496 ], [ 103.790649634247842, 1.279144469889406 ], [ 103.790633553715907, 1.279151659860363 ], [ 103.790671953709435, 1.279238659863486 ], [ 103.790708773338054, 1.279222196972069 ], [ 103.790712712292901, 1.279230736021364 ], [ 103.79058307025484, 1.279299911288832 ], [ 103.7906096702512, 1.279350411291167 ], [ 103.790734594539629, 1.279283753352191 ], [ 103.790734761356106, 1.279284116510761 ], [ 103.790610105201651, 1.279351233326173 ], [ 103.79067000519386, 1.279463933331256 ], [ 103.790784779342985, 1.279402137141741 ], [ 103.790784958698353, 1.279402567870127 ], [ 103.790670466198549, 1.27946479661024 ], [ 103.790723024101169, 1.279562754359142 ], [ 103.790801343930269, 1.279715123705921 ], [ 103.790775954070739, 1.279744112764832 ], [ 103.790684071330247, 1.279818974474305 ], [ 103.790463179644263, 1.279959552928541 ], [ 103.79038290353337, 1.279798963323495 ], [ 103.790597111568033, 1.279692019069718 ], [ 103.790377088451038, 1.27924558092596 ], [ 103.790159774618388, 1.279354075759005 ], [ 103.790153554867985, 1.279341715796393 ], [ 103.789932699988384, 1.279454300006062 ], [ 103.790150062816423, 1.279335029743763 ], [ 103.790147134286443, 1.279329623226588 ], [ 103.790103972170073, 1.279242117732145 ], [ 103.790077816536296, 1.279183221193691 ], [ 103.789851800004669, 1.279284899997832 ], [ 103.790073998273911, 1.279175026204749 ], [ 103.789931683735745, 1.278883477815551 ] ], [ [ 103.790117524576232, 1.278309969982022 ], [ 103.790149582585002, 1.278313560988259 ], [ 103.790043343005038, 1.27842118308181 ], [ 103.790000189487088, 1.27834548791135 ], [ 103.790117524576232, 1.278309969982022 ] ], [ [ 103.790028652011998, 1.27830001483943 ], [ 103.78998226970856, 1.278314054998406 ], [ 103.789970555430827, 1.278293507095354 ], [ 103.790028652011998, 1.27830001483943 ] ], [ [ 103.790546111293608, 1.278428398347053 ], [ 103.790546128297819, 1.278428434401646 ], [ 103.790544276990758, 1.278429389793021 ], [ 103.79054426388069, 1.278429360529368 ], [ 103.790546111293608, 1.278428398347053 ] ], [ [ 103.790762606572329, 1.278414895194662 ], [ 103.790767783787118, 1.278418126578841 ], [ 103.790685537275493, 1.278461150017131 ], [ 103.790672114903643, 1.278467714105858 ], [ 103.790670478643776, 1.278464244715732 ], [ 103.790762606572329, 1.278414895194662 ] ], [ [ 103.790584690415315, 1.278510198289134 ], [ 103.790584793874672, 1.278510417654474 ], [ 103.790581336319477, 1.278512108540582 ], [ 103.790581295279395, 1.278512016937698 ], [ 103.790584690415315, 1.278510198289134 ] ], [ [ 103.790534496780211, 1.279002388021335 ], [ 103.790573909737731, 1.27907828008486 ], [ 103.790573318069576, 1.27908013329908 ], [ 103.790533779343193, 1.279002757742524 ], [ 103.790534496780211, 1.279002388021335 ] ], [ [ 103.790587262559484, 1.279107422053938 ], [ 103.790578003512849, 1.279089302505227 ], [ 103.790579963145106, 1.279089936290634 ], [ 103.79058931535485, 1.27910794454345 ], [ 103.790587262559484, 1.279107422053938 ] ], [ [ 103.790822457812979, 1.279030973970753 ], [ 103.79083850000039, 1.279022800000285 ], [ 103.790822521213443, 1.279030994523498 ], [ 103.790822457812979, 1.279030973970753 ] ], [ [ 103.790929722663478, 1.278996171565752 ], [ 103.790929722870146, 1.278996171459041 ], [ 103.790931774145704, 1.27900109714806 ], [ 103.790931774096265, 1.279001097170668 ], [ 103.790929722663478, 1.278996171565752 ] ], [ [ 103.791061767796194, 1.278928453835262 ], [ 103.791064651050732, 1.278926975194299 ], [ 103.791067723225169, 1.278940727542169 ], [ 103.791067010850568, 1.278941043879851 ], [ 103.791061767796194, 1.278928453835262 ] ], [ [ 103.791112046743791, 1.278860543714724 ], [ 103.79110140000023, 1.278937699998496 ], [ 103.791065150332884, 1.278775431217546 ], [ 103.791112046743791, 1.278860543714724 ] ], [ [ 103.791137191381353, 1.278953108173711 ], [ 103.791138600000025, 1.278942899999521 ], [ 103.791138350380436, 1.278952559537428 ], [ 103.791137191381353, 1.278953108173711 ] ], [ [ 103.792029585444681, 1.278818468312477 ], [ 103.79201278550201, 1.27883215877108 ], [ 103.792012547178885, 1.278832075846923 ], [ 103.792029252725314, 1.278818410379816 ], [ 103.792029585444681, 1.278818468312477 ] ], [ [ 103.791967486686943, 1.278807655810463 ], [ 103.791959965350571, 1.278813780112358 ], [ 103.791917200002246, 1.278798900000621 ], [ 103.791967486686943, 1.278807655810463 ] ], [ [ 103.791673414828267, 1.278792279164883 ], [ 103.79167353169484, 1.278792216147945 ], [ 103.791809752891723, 1.278936091675125 ], [ 103.791809743876584, 1.278936099016611 ], [ 103.791673414828267, 1.278792279164883 ] ], [ [ 103.791932807296035, 1.278897304646308 ], [ 103.791946296313199, 1.278886270364952 ], [ 103.791946357523031, 1.27888629166283 ], [ 103.791932826006942, 1.278897318643464 ], [ 103.791932807296035, 1.278897304646308 ] ], [ [ 103.791858676296954, 1.27892257532426 ], [ 103.791858088355553, 1.278923056272133 ], [ 103.791857991573934, 1.278922954052929 ], [ 103.791858561844435, 1.278922489706191 ], [ 103.791858676296954, 1.27892257532426 ] ], [ [ 103.791551600013804, 1.279211300013561 ], [ 103.791423070709058, 1.279080200963807 ], [ 103.791425855629754, 1.279078646403926 ], [ 103.791551600013804, 1.279211300013561 ] ], [ [ 103.791550138596918, 1.278868319232765 ], [ 103.791547381314615, 1.278863652397088 ], [ 103.791562555038652, 1.278856396341515 ], [ 103.791550138596918, 1.278868319232765 ] ], [ [ 103.790853199453437, 1.279035415551263 ], [ 103.790853399999918, 1.279035900000166 ], [ 103.790853196655377, 1.279035416986444 ], [ 103.790853199453437, 1.279035415551263 ] ], [ [ 103.790599886017432, 1.279110635050939 ], [ 103.790604085478307, 1.279108425768296 ], [ 103.790605976422299, 1.279112185215996 ], [ 103.790599886017432, 1.279110635050939 ] ], [ [ 103.790644052768201, 1.279121876630586 ], [ 103.790657513877207, 1.279115017796786 ], [ 103.790658229796549, 1.279115249339695 ], [ 103.790644890991373, 1.279122089979729 ], [ 103.790644052768201, 1.279121876630586 ] ], [ [ 103.791324238821218, 1.279013091372364 ], [ 103.791324242968003, 1.279013089365647 ], [ 103.79135058079649, 1.279060886325177 ], [ 103.791350576096164, 1.279060890992526 ], [ 103.791324238821218, 1.279013091372364 ] ], [ [ 103.791267757134449, 1.279143143127151 ], [ 103.791246235882369, 1.279164517083698 ], [ 103.791177856030544, 1.279232397078797 ], [ 103.791351700000277, 1.279409800000124 ], [ 103.791147227475278, 1.279269323202984 ], [ 103.791136661991331, 1.279284902021513 ], [ 103.791106365181378, 1.2792284346555 ], [ 103.791093753218348, 1.279204705640503 ], [ 103.791132254210652, 1.279188463474587 ], [ 103.791132163132133, 1.279191987953258 ], [ 103.791151263133713, 1.279192487953391 ], [ 103.791151540724485, 1.279181746000839 ], [ 103.791155707467482, 1.279180803067883 ], [ 103.791155251457113, 1.279178761774452 ], [ 103.791164399937117, 1.279174902363981 ], [ 103.791152458576434, 1.279146227813015 ], [ 103.791153767781083, 1.279095565408894 ], [ 103.791223068548717, 1.279062037639653 ], [ 103.791267757134449, 1.279143143127151 ] ], [ [ 103.790950820835945, 1.279441654906549 ], [ 103.790950722366787, 1.27944150488347 ], [ 103.791077003221204, 1.279372868939968 ], [ 103.79107377131308, 1.279377634391887 ], [ 103.790950820835945, 1.279441654906549 ] ], [ [ 103.79119720763623, 1.279693599073545 ], [ 103.791197269775708, 1.279693641764203 ], [ 103.791197178920285, 1.279693683551585 ], [ 103.791197117207616, 1.279693640904343 ], [ 103.79119720763623, 1.279693599073545 ] ], [ [ 103.790049999866483, 1.279687400067974 ], [ 103.790050000000363, 1.279687399999244 ], [ 103.790050000000363, 1.279687400000148 ], [ 103.790049999866483, 1.279687400067974 ] ], [ [ 103.790245361494385, 1.280126191508788 ], [ 103.79024613700733, 1.280125798798823 ], [ 103.790246208044749, 1.280125911700912 ], [ 103.790245436009954, 1.280126308933663 ], [ 103.790245361494385, 1.280126191508788 ] ], [ [ 103.789666892085521, 1.280470052196363 ], [ 103.78959839959785, 1.280319499115611 ], [ 103.789666951256677, 1.280470014158894 ], [ 103.789666892085521, 1.280470052196363 ] ], [ [ 103.789945368574692, 1.277728286331691 ], [ 103.789956358508974, 1.277724599921867 ], [ 103.789981255113616, 1.277733688426835 ], [ 103.79000276270699, 1.277755516943562 ], [ 103.789945368574692, 1.277728286331691 ] ], [ [ 103.790062688772096, 1.277688933023571 ], [ 103.790075823449357, 1.277684527192178 ], [ 103.790081677120682, 1.277700609313135 ], [ 103.790064008535452, 1.277695245785585 ], [ 103.790062688772096, 1.277688933023571 ] ], [ [ 103.790059496843014, 1.277639672182519 ], [ 103.7900528558757, 1.277641899796042 ], [ 103.790043833544203, 1.277598743704027 ], [ 103.790044502249714, 1.277598476687217 ], [ 103.790059496843014, 1.277639672182519 ] ], [ [ 103.78936068687544, 1.277543516275709 ], [ 103.789373888817408, 1.277584317758218 ], [ 103.789401786904619, 1.277670636605474 ], [ 103.789408678033027, 1.277693553620229 ], [ 103.789055341420138, 1.277832260129312 ], [ 103.789138148646202, 1.278045945792768 ], [ 103.78913812521823, 1.278045970045615 ], [ 103.789054982862837, 1.277832401208506 ], [ 103.789035399529624, 1.277840124213729 ], [ 103.788922715231848, 1.277882625649756 ], [ 103.788907432142935, 1.277865468221011 ], [ 103.788860642507842, 1.277907688767734 ], [ 103.788860550719122, 1.277907455939254 ], [ 103.788907223185888, 1.277865233935371 ], [ 103.788882537919989, 1.277837591581789 ], [ 103.788872061263731, 1.277821023849755 ], [ 103.788848337019118, 1.277783499232076 ], [ 103.788820755848832, 1.277727943821215 ], [ 103.788960063600214, 1.277680757539651 ], [ 103.788935981346128, 1.277608734411548 ], [ 103.788936536924865, 1.277608531043156 ], [ 103.78896086912799, 1.277680483140466 ], [ 103.78936068687544, 1.277543516275709 ] ], [ [ 103.789977015015111, 1.277622291235885 ], [ 103.789982700496125, 1.277620017159069 ], [ 103.789984835232502, 1.277630228142934 ], [ 103.789977015015111, 1.277622291235885 ] ], [ [ 103.789820723414721, 1.277621393417831 ], [ 103.789821920574809, 1.277621029328345 ], [ 103.789822454677136, 1.277621918965524 ], [ 103.789820723414721, 1.277621393417831 ] ], [ [ 103.789544544672481, 1.277655687330331 ], [ 103.78963247147594, 1.277628903725031 ], [ 103.789618866182238, 1.277658463422769 ], [ 103.789660311531819, 1.277677787514416 ], [ 103.789680649492297, 1.277745799621769 ], [ 103.789689523152546, 1.277743111559373 ], [ 103.789678321388195, 1.277767531772215 ], [ 103.789636433557362, 1.277781582413129 ], [ 103.789651292346321, 1.277826455968522 ], [ 103.789629299999788, 1.277874399999908 ], [ 103.789544544672481, 1.277655687330331 ] ], [ [ 103.78978207714276, 1.277661199425627 ], [ 103.789782002985291, 1.277660951437614 ], [ 103.789786741223494, 1.277662681132202 ], [ 103.789819813781861, 1.277678372391081 ], [ 103.78982030818004, 1.277679024826289 ], [ 103.78978207714276, 1.277661199425627 ] ], [ [ 103.789779790923376, 1.277733495345203 ], [ 103.78976965190634, 1.277736896325957 ], [ 103.789772723509557, 1.27773020013024 ], [ 103.789779790923376, 1.277733495345203 ] ], [ [ 103.788933674695855, 1.27809029322503 ], [ 103.78893303583547, 1.278091318318522 ], [ 103.78893181582086, 1.278088223686144 ], [ 103.788932479171962, 1.278087082278215 ], [ 103.788933674695855, 1.27809029322503 ] ], [ [ 103.787084724213798, 1.27753475473439 ], [ 103.786998539522997, 1.277562438292003 ], [ 103.786520652374463, 1.27772176743255 ], [ 103.786598500000295, 1.277958299999962 ], [ 103.786511656880378, 1.277724961401259 ], [ 103.786459966452156, 1.277744449713647 ], [ 103.785892058509674, 1.277936298440678 ], [ 103.785780492229492, 1.277973420851723 ], [ 103.785812390054758, 1.278070532901113 ], [ 103.785811796903843, 1.278071590631341 ], [ 103.785779047372202, 1.277973906579857 ], [ 103.785731166579922, 1.277990167980537 ], [ 103.785647282866393, 1.27801880182614 ], [ 103.785633015579677, 1.278023185629034 ], [ 103.78565806924945, 1.278105785030981 ], [ 103.78565721638698, 1.278105340915939 ], [ 103.785632014986518, 1.278023495403156 ], [ 103.784948428590909, 1.278236720440049 ], [ 103.785185147201446, 1.278113188859838 ], [ 103.785549637919203, 1.277947336954784 ], [ 103.786003172251171, 1.277786318277804 ], [ 103.786230878231208, 1.277719733118837 ], [ 103.786644330749795, 1.277614962038007 ], [ 103.787071687123159, 1.277536730135278 ], [ 103.787084724213798, 1.27753475473439 ] ], [ [ 103.786286560932481, 1.278577274886302 ], [ 103.786426936792608, 1.278539393672053 ], [ 103.786648724816999, 1.278472228224051 ], [ 103.786779719070893, 1.278433049576817 ], [ 103.786709200002079, 1.278194200006247 ], [ 103.786784345476718, 1.278431616190791 ], [ 103.78706497487741, 1.278341637245619 ], [ 103.787213187811261, 1.27829070811053 ], [ 103.787324073494815, 1.278252613029061 ], [ 103.787457875769462, 1.278206584271246 ], [ 103.787817282711018, 1.278084984922414 ], [ 103.787738400000109, 1.277848800000247 ], [ 103.787821834531798, 1.278083395106076 ], [ 103.788231584799178, 1.277935769568009 ], [ 103.788188660561488, 1.278041950552642 ], [ 103.788197723334434, 1.278186478150729 ], [ 103.788268653741355, 1.278312153520877 ], [ 103.788385926518288, 1.278394103175543 ], [ 103.788527224791622, 1.278417181894658 ], [ 103.78866422705606, 1.278376222455152 ], [ 103.788701924111308, 1.278342043790278 ], [ 103.788759994976616, 1.278376231991531 ], [ 103.788819428831033, 1.278413754426092 ], [ 103.788850065580732, 1.27844373467494 ], [ 103.788857880360965, 1.27845260174333 ], [ 103.788865325700201, 1.278477990360574 ], [ 103.788866921252762, 1.278495833974737 ], [ 103.788864667763562, 1.278516626151311 ], [ 103.788860351209593, 1.2785306779082 ], [ 103.788859937318662, 1.278531434180472 ], [ 103.788834844497615, 1.278555146647923 ], [ 103.788962539457728, 1.278692033427997 ], [ 103.788962427008556, 1.278691976981929 ], [ 103.788834715838462, 1.27855526831619 ], [ 103.788822239643466, 1.278567075056064 ], [ 103.788747901675606, 1.278625828917754 ], [ 103.788875160187715, 1.278788937237398 ], [ 103.788872086544913, 1.278796043486139 ], [ 103.788715982241527, 1.278656014947565 ], [ 103.788657982241006, 1.278721514943602 ], [ 103.788835462499563, 1.278880718122652 ], [ 103.788834625414026, 1.278882653461122 ], [ 103.788627234572246, 1.278764769852726 ], [ 103.788617215254334, 1.278782626061026 ], [ 103.78858729634392, 1.278835781983074 ], [ 103.788613054555142, 1.278850468701287 ], [ 103.788598138921927, 1.278863853655526 ], [ 103.788580368797795, 1.278855623084435 ], [ 103.788579019713566, 1.278834228116743 ], [ 103.788533905838236, 1.278837109839773 ], [ 103.788501691512252, 1.278839092260628 ], [ 103.78850810387344, 1.278944649086555 ], [ 103.788257514904117, 1.279169521956993 ], [ 103.788287425357609, 1.279203286647477 ], [ 103.788233003259592, 1.279281861276842 ], [ 103.787950840721578, 1.27950922933726 ], [ 103.787971840720985, 1.279535629338243 ], [ 103.788165100000498, 1.279379900000244 ], [ 103.788023524211525, 1.27958430708491 ], [ 103.788092934382931, 1.279633007300373 ], [ 103.788101101321359, 1.279643164390173 ], [ 103.788149904674896, 1.279734085569938 ], [ 103.78811443142294, 1.279762721137895 ], [ 103.788002278978695, 1.279677785400206 ], [ 103.787971178978196, 1.279719385398041 ], [ 103.788072788758498, 1.279796336923838 ], [ 103.788069592755036, 1.279798916878385 ], [ 103.787966420483997, 1.27972597179124 ], [ 103.787935920482539, 1.279769671789178 ], [ 103.788035177523028, 1.279839848721388 ], [ 103.788035020799526, 1.279839982567286 ], [ 103.787935696657456, 1.279769993020041 ], [ 103.787921516489092, 1.279790378345187 ], [ 103.787755760637594, 1.279584723447992 ], [ 103.787371239339322, 1.279898676536355 ], [ 103.787669939328623, 1.280269276558472 ], [ 103.787709061195969, 1.280237334426855 ], [ 103.787837520802384, 1.280272476432122 ], [ 103.787836804552569, 1.280277125143064 ], [ 103.787727781089345, 1.280340025821691 ], [ 103.787804103372352, 1.280474033728427 ], [ 103.787797585476937, 1.280479561573437 ], [ 103.787708906068275, 1.280352086906517 ], [ 103.787690401594801, 1.280365127280057 ], [ 103.787259803444002, 1.279866807183716 ], [ 103.787202182696191, 1.279788233445546 ], [ 103.787022956807931, 1.279478346146959 ], [ 103.7869220613198, 1.279537459194618 ], [ 103.786922428089994, 1.279534223467777 ], [ 103.786930883907033, 1.279461602852662 ], [ 103.786896584322903, 1.279457557100022 ], [ 103.786936869293456, 1.279390337729307 ], [ 103.786843969298346, 1.279333937733999 ], [ 103.786778248639877, 1.279443599000937 ], [ 103.786724728549757, 1.279437286120336 ], [ 103.786735582330735, 1.279298900578492 ], [ 103.786699082334252, 1.279296000578712 ], [ 103.786688337761376, 1.279432993700116 ], [ 103.786666272358289, 1.27943039100875 ], [ 103.786652485095857, 1.279312450258274 ], [ 103.78670134576295, 1.279270154203098 ], [ 103.78672523859089, 1.279251516153878 ], [ 103.78674201933606, 1.279238486398186 ], [ 103.786638704827666, 1.279103698433303 ], [ 103.786786840665087, 1.278981288919564 ], [ 103.786756776931256, 1.27894443338225 ], [ 103.786743861166116, 1.278928585053854 ], [ 103.786773275095882, 1.278906823987333 ], [ 103.786729675093156, 1.278847123990347 ], [ 103.786636331020432, 1.278916181968097 ], [ 103.786636295417622, 1.278916135405326 ], [ 103.786634196635092, 1.2789177610329 ], [ 103.78654612647793, 1.278982917245918 ], [ 103.786439580687173, 1.278843913593431 ], [ 103.786422580688026, 1.278857113592537 ], [ 103.786528821736724, 1.278995719668752 ], [ 103.78652868895449, 1.27899581790383 ], [ 103.786422142528977, 1.278857454597779 ], [ 103.786393042529767, 1.278880154595412 ], [ 103.786499014402864, 1.279017771779488 ], [ 103.786495943727985, 1.279020043530503 ], [ 103.786383269454475, 1.278888187737482 ], [ 103.786363625836699, 1.278905192161469 ], [ 103.786353706921972, 1.27888048188606 ], [ 103.786303995054212, 1.278793165972237 ], [ 103.786248570184355, 1.278690488817511 ], [ 103.786250369312782, 1.278682604397142 ], [ 103.786250960584681, 1.278679976522444 ], [ 103.786286560932481, 1.278577274886302 ] ], [ [ 103.787129426214733, 1.278043774688703 ], [ 103.787129426892236, 1.278043774462624 ], [ 103.787133199999928, 1.278054899999695 ], [ 103.787129426214733, 1.278043774688703 ] ], [ [ 103.787376235325752, 1.277964225564613 ], [ 103.787376267563658, 1.277964215209314 ], [ 103.787378400000151, 1.277970599999857 ], [ 103.787376235325752, 1.277964225564613 ] ], [ [ 103.789186530311767, 1.278233422395904 ], [ 103.789208737634411, 1.278290466616372 ], [ 103.789205411190849, 1.278291454807884 ], [ 103.789184484261227, 1.278235249100306 ], [ 103.789186530311767, 1.278233422395904 ] ], [ [ 103.78911570000048, 1.278498200000679 ], [ 103.789149940614422, 1.278495098403238 ], [ 103.789146856091548, 1.278501620685812 ], [ 103.78911570000048, 1.278498200000679 ] ], [ [ 103.789108200002218, 1.278567400000618 ], [ 103.789109538981904, 1.278567547009317 ], [ 103.789109398492627, 1.278567772955163 ], [ 103.789108200002218, 1.278567400000618 ] ], [ [ 103.788801959196377, 1.278958177611619 ], [ 103.78880193063253, 1.27895824365235 ], [ 103.78880044602883, 1.278957556030729 ], [ 103.788800517476787, 1.278957355577737 ], [ 103.788801959196377, 1.278958177611619 ] ], [ [ 103.788730730168552, 1.27891756452542 ], [ 103.788729835705638, 1.278919619208237 ], [ 103.788727733694472, 1.27892387793598 ], [ 103.788706213431681, 1.27891391041805 ], [ 103.788709233343241, 1.278905307549961 ], [ 103.788730730168552, 1.27891756452542 ] ], [ [ 103.788665745452263, 1.278880511793448 ], [ 103.788665491942638, 1.278881233969422 ], [ 103.788663940576328, 1.278879482696126 ], [ 103.788665745452263, 1.278880511793448 ] ], [ [ 103.788369757320893, 1.27921975277385 ], [ 103.788489679755415, 1.27911213709574 ], [ 103.788482534634937, 1.279154441844487 ], [ 103.788521250757299, 1.27916106594821 ], [ 103.788522917196858, 1.279188497965313 ], [ 103.788479207885331, 1.279186845145063 ], [ 103.788477307880569, 1.27923774514473 ], [ 103.788526020762006, 1.27923958716919 ], [ 103.788526024329087, 1.279239645883321 ], [ 103.788477305172023, 1.279237817985831 ], [ 103.788475405167389, 1.279289117985968 ], [ 103.78852170041344, 1.279290854940523 ], [ 103.788512227838979, 1.279317839592374 ], [ 103.788531183931042, 1.279324580443921 ], [ 103.788531908489887, 1.279336507738863 ], [ 103.788547184172771, 1.279335567696775 ], [ 103.788498943287806, 1.279345777495984 ], [ 103.788455743114596, 1.279292050142814 ], [ 103.788326590438928, 1.279397248316278 ], [ 103.788311465623906, 1.279379258472463 ], [ 103.78840487576214, 1.279244392900574 ], [ 103.788369757320893, 1.27921975277385 ] ], [ [ 103.788506527010185, 1.279097018749669 ], [ 103.788506848237816, 1.279096730486363 ], [ 103.788517453699683, 1.279098560856352 ], [ 103.788517473796915, 1.279098891681442 ], [ 103.788506527010185, 1.279097018749669 ] ], [ [ 103.788680408719586, 1.278987420679405 ], [ 103.788693229235562, 1.278993784849335 ], [ 103.788691420090316, 1.278997450223076 ], [ 103.788676957351171, 1.278997252643837 ], [ 103.788680408719586, 1.278987420679405 ] ], [ [ 103.788550420835222, 1.279104250568469 ], [ 103.788550463889408, 1.279104257999485 ], [ 103.788550481616269, 1.279104539126982 ], [ 103.788550437909748, 1.279104531648927 ], [ 103.788550420835222, 1.279104250568469 ] ], [ [ 103.788749599526298, 1.279440171533864 ], [ 103.788752299999956, 1.2794396 ], [ 103.788749765401874, 1.279440839073653 ], [ 103.788749599526298, 1.279440171533864 ] ], [ [ 103.789015028086638, 1.279413705271911 ], [ 103.789108217035178, 1.279363535682323 ], [ 103.789110326485201, 1.279366198414514 ], [ 103.789017971670887, 1.27941980489475 ], [ 103.789015028086638, 1.279413705271911 ] ], [ [ 103.788874899997012, 1.279673800002857 ], [ 103.788867900637058, 1.279680058843979 ], [ 103.788867365495506, 1.279679508552253 ], [ 103.788874899997012, 1.279673800002857 ] ], [ [ 103.788490729396969, 1.279516152505631 ], [ 103.788490645461593, 1.279516220826193 ], [ 103.788490633611602, 1.279516173238315 ], [ 103.788490717557764, 1.279516104862588 ], [ 103.788490729396969, 1.279516152505631 ] ], [ [ 103.78835223442664, 1.279827439667163 ], [ 103.788361167503297, 1.279853419396434 ], [ 103.788361150330189, 1.279853433393887 ], [ 103.788352222873087, 1.279827448905045 ], [ 103.78835223442664, 1.279827439667163 ] ], [ [ 103.788020207470979, 1.280114463735142 ], [ 103.78805102764214, 1.280136181411106 ], [ 103.788050687018853, 1.280136142487528 ], [ 103.788020167593217, 1.280114500911056 ], [ 103.788020207470979, 1.280114463735142 ] ], [ [ 103.788012874303462, 1.280121300186455 ], [ 103.788030562119857, 1.280133842761859 ], [ 103.788003345089194, 1.280130732600949 ], [ 103.788003258558348, 1.280130264603359 ], [ 103.788012874303462, 1.280121300186455 ] ], [ [ 103.788015895781683, 1.280198612418821 ], [ 103.78801595292768, 1.280198618948446 ], [ 103.788015900202069, 1.280198636328492 ], [ 103.788015895781683, 1.280198612418821 ] ], [ [ 103.78794930708726, 1.280191003152893 ], [ 103.787950529554763, 1.280197614806528 ], [ 103.787926745157563, 1.280191108238735 ], [ 103.787927143709069, 1.280188470484534 ], [ 103.78794930708726, 1.280191003152893 ] ], [ [ 103.787846461661829, 1.28054840709478 ], [ 103.787850900001601, 1.280556200001966 ], [ 103.787845843483666, 1.280548931372871 ], [ 103.787846461661829, 1.28054840709478 ] ], [ [ 103.782489017671864, 1.281494443862214 ], [ 103.7825758000006, 1.281559999999851 ], [ 103.782554822648024, 1.281545634357861 ], [ 103.7824496, 1.281472200000796 ], [ 103.782489017671864, 1.281494443862214 ] ], [ [ 103.780942700000367, 1.283034399999949 ], [ 103.780952838965121, 1.283031578332838 ], [ 103.780949994525201, 1.283035059770242 ], [ 103.780942700000367, 1.283034399999949 ] ], [ [ 103.780963197763697, 1.283018899737879 ], [ 103.780940199999833, 1.283025299999969 ], [ 103.781070021349407, 1.282888153578321 ], [ 103.780963197763697, 1.283018899737879 ] ], [ [ 103.780922383250157, 1.28302941014775 ], [ 103.780922307095821, 1.283029346320652 ], [ 103.780932900033079, 1.283018299964856 ], [ 103.780922383250157, 1.28302941014775 ] ], [ [ 103.782777249902608, 1.281704948698078 ], [ 103.783159572113391, 1.281192250658798 ], [ 103.783863454149511, 1.280144315389821 ], [ 103.783886211888898, 1.280110478221319 ], [ 103.784039847785294, 1.279881686398037 ], [ 103.78435891325654, 1.279556689974813 ], [ 103.784588684887083, 1.279366970270782 ], [ 103.784719822688771, 1.279258770157851 ], [ 103.784925795050583, 1.279129353097286 ], [ 103.785152629021383, 1.279015424594584 ], [ 103.785342060307485, 1.278933895745176 ], [ 103.785430174230498, 1.278962289809077 ], [ 103.785429940878643, 1.278969166071559 ], [ 103.785338491228231, 1.278944011101353 ], [ 103.785324067710036, 1.278997129419172 ], [ 103.785318444763689, 1.279017648238091 ], [ 103.785427270379046, 1.279047858719525 ], [ 103.785425741761571, 1.279092903082832 ], [ 103.785323769211885, 1.279415391169015 ], [ 103.785268946487051, 1.279587548457799 ], [ 103.785296373562574, 1.279596396137904 ], [ 103.785271215215275, 1.279592713297123 ], [ 103.785267681828017, 1.279591640550051 ], [ 103.785267522337591, 1.279592172710461 ], [ 103.78514353200795, 1.279574022205155 ], [ 103.785101295952984, 1.279866300795715 ], [ 103.784882642744179, 1.28028326228645 ], [ 103.784986697456105, 1.280338538230076 ], [ 103.785005036800953, 1.280348290320014 ], [ 103.784972496561437, 1.280423741794068 ], [ 103.784940769451211, 1.280475457532764 ], [ 103.784740183436625, 1.280320595278091 ], [ 103.784822364586688, 1.280116977005334 ], [ 103.784363635431262, 1.279929422973964 ], [ 103.784239117313874, 1.280237938390347 ], [ 103.784249570345295, 1.280085720879223 ], [ 103.784238070345836, 1.280084920879222 ], [ 103.784225193252567, 1.280272437682963 ], [ 103.784222535406215, 1.280279022960692 ], [ 103.784224680794892, 1.280279900115436 ], [ 103.784221000000429, 1.2803335000003 ], [ 103.784192870082208, 1.280085941563761 ], [ 103.784178970084227, 1.280087541564327 ], [ 103.784207100000231, 1.280335100000965 ], [ 103.784086572702705, 1.280117451386538 ], [ 103.784074272704046, 1.280124351385641 ], [ 103.784194799999, 1.280341999997897 ], [ 103.784022876540803, 1.280162711138032 ], [ 103.783848076542228, 1.28033251112713 ], [ 103.784191923481686, 1.280691088862605 ], [ 103.784228975318825, 1.280655096861566 ], [ 103.784237537213826, 1.2806622450485 ], [ 103.784374754994332, 1.280800485579103 ], [ 103.784438465127934, 1.280892816694073 ], [ 103.784281589163839, 1.280992762544935 ], [ 103.784405772561968, 1.281190218111519 ], [ 103.784405386675644, 1.281190558158761 ], [ 103.78427473880636, 1.280997288457566 ], [ 103.78423091454323, 1.281027298549827 ], [ 103.784187529329714, 1.281055669162442 ], [ 103.784071139849146, 1.281125348435605 ], [ 103.784197700000377, 1.281339499999308 ], [ 103.784197699999481, 1.281339500000212 ], [ 103.784052634150385, 1.281137586991955 ], [ 103.784017526458982, 1.281163138542526 ], [ 103.783837987595405, 1.280984738404965 ], [ 103.78395298950484, 1.280868240179054 ], [ 103.783906389504352, 1.28082164018153 ], [ 103.783791202302126, 1.280938326108977 ], [ 103.78378748426141, 1.280934637752932 ], [ 103.783728306667172, 1.280995067791562 ], [ 103.783602424565473, 1.280869840561572 ], [ 103.783487724566143, 1.280986640553454 ], [ 103.78361376913, 1.281112029406652 ], [ 103.783468329057015, 1.281260547557782 ], [ 103.783462255964523, 1.281251822210633 ], [ 103.783344346283471, 1.281334958524739 ], [ 103.783093636773216, 1.281511394837866 ], [ 103.783227762560188, 1.281704462335959 ], [ 103.783190026448452, 1.281731152543348 ], [ 103.783127712992879, 1.281773700948611 ], [ 103.783266700000198, 1.281979900000488 ], [ 103.783127575576685, 1.28177379484517 ], [ 103.782950999184095, 1.281894537581643 ], [ 103.782729451879788, 1.282038437981233 ], [ 103.78266634459176, 1.282039226820715 ], [ 103.78251206342253, 1.2821252978529 ], [ 103.782481785867034, 1.282142011861339 ], [ 103.782777249902608, 1.281704948698078 ] ], [ [ 103.786536970587548, 1.279187764769651 ], [ 103.786632179962524, 1.279299182438336 ], [ 103.786632096910523, 1.279299192743858 ], [ 103.78653695178717, 1.279187780305385 ], [ 103.786536970587548, 1.279187764769651 ] ], [ [ 103.786643470639305, 1.279312395220896 ], [ 103.786644979922983, 1.279314161442847 ], [ 103.786644995765343, 1.279314296963988 ], [ 103.786643487208593, 1.279312530482498 ], [ 103.786643470639305, 1.279312395220896 ] ], [ [ 103.786644340776789, 1.279319498748928 ], [ 103.786645487849668, 1.279318506412413 ], [ 103.786658459417978, 1.279429469445667 ], [ 103.786657801990941, 1.279429391899737 ], [ 103.786644340776789, 1.279319498748928 ] ], [ [ 103.786629577713271, 1.279426062747592 ], [ 103.786594039469279, 1.279421870886203 ], [ 103.786576600190259, 1.279378125135332 ], [ 103.786613206570379, 1.279346433033721 ], [ 103.786619189564064, 1.279341257129851 ], [ 103.786629577713271, 1.279426062747592 ] ], [ [ 103.785952811870501, 1.279333102914855 ], [ 103.785997798584276, 1.279438161726835 ], [ 103.78610724567406, 1.279746975961623 ], [ 103.786136534941662, 1.279851115612469 ], [ 103.786013206627018, 1.279660496076407 ], [ 103.785998210427152, 1.279670324666182 ], [ 103.78588217881196, 1.279746687354414 ], [ 103.785870865953811, 1.279731545530385 ], [ 103.785797852433049, 1.279786805678232 ], [ 103.785797855454973, 1.279786797895327 ], [ 103.785870861797264, 1.279731539966657 ], [ 103.785833729142155, 1.279681842227991 ], [ 103.785923301364306, 1.279418252265366 ], [ 103.785952811870501, 1.279333102914855 ] ], [ [ 103.785107588045051, 1.280108115944518 ], [ 103.785107592453244, 1.280108117744287 ], [ 103.785104616164858, 1.280113787648984 ], [ 103.785104614209658, 1.280113786910986 ], [ 103.785107588045051, 1.280108115944518 ] ], [ [ 103.785250217843398, 1.280166353194893 ], [ 103.785250226199736, 1.280166356607218 ], [ 103.785249188472235, 1.28016833190356 ], [ 103.785249180703545, 1.280168328972368 ], [ 103.785250217843398, 1.280166353194893 ] ], [ [ 103.786808999999749, 1.279603700000287 ], [ 103.786832925342367, 1.279563778257825 ], [ 103.786869894004823, 1.279568023184833 ], [ 103.786808999999749, 1.279603700000287 ] ], [ [ 103.786676500016981, 1.279505600002231 ], [ 103.786675044749529, 1.279505432900559 ], [ 103.786675044209588, 1.279505428284672 ], [ 103.786676500016981, 1.279505600002231 ] ], [ [ 103.786667231269035, 1.279504506720703 ], [ 103.786667234705405, 1.279504536111713 ], [ 103.786667003428619, 1.279504509555333 ], [ 103.78666699973617, 1.279504479410983 ], [ 103.786667231269035, 1.279504506720703 ] ], [ [ 103.786638775457661, 1.279501150258007 ], [ 103.78663879012052, 1.27950126995998 ], [ 103.786625063644138, 1.279499693816052 ], [ 103.786624996329664, 1.2794995249618 ], [ 103.786638775457661, 1.279501150258007 ] ], [ [ 103.786228299999507, 1.279346899999722 ], [ 103.786228300000403, 1.279346900000626 ], [ 103.786228299994121, 1.279346900002435 ], [ 103.786228299999507, 1.279346899999722 ] ], [ [ 103.78664186516184, 1.279541839764619 ], [ 103.786643786691172, 1.279542060405097 ], [ 103.786644599999192, 1.279548699998441 ], [ 103.78664186516184, 1.279541839764619 ] ], [ [ 103.786645629439164, 1.279816765462271 ], [ 103.786645744926346, 1.279816718824493 ], [ 103.786781043152985, 1.280050653848424 ], [ 103.786995000000275, 1.279925300000197 ], [ 103.786795813624394, 1.280073270641082 ], [ 103.786867313620718, 1.280170770646379 ], [ 103.787066500003121, 1.280022799997431 ], [ 103.786879697496033, 1.280186316200455 ], [ 103.787291083220964, 1.280662402344445 ], [ 103.787128777038333, 1.280788849656823 ], [ 103.787128770774544, 1.280788854536661 ], [ 103.787128764163, 1.280788859686898 ], [ 103.787071502956763, 1.280833463907552 ], [ 103.78706634753209, 1.280822343084251 ], [ 103.786936245592173, 1.280883440881231 ], [ 103.786936167553208, 1.280883293012573 ], [ 103.787066180014236, 1.280821982482085 ], [ 103.787060162544876, 1.280809056069153 ], [ 103.787151516678591, 1.280759285161814 ], [ 103.787127024307892, 1.280713744667199 ], [ 103.786976593272442, 1.280421024786969 ], [ 103.786898907222209, 1.280461467715704 ], [ 103.786898527842681, 1.280460656263995 ], [ 103.786975957477452, 1.280419795993452 ], [ 103.786966585200034, 1.280401804570805 ], [ 103.786928401182635, 1.28032246987079 ], [ 103.786851783905817, 1.28035982580061 ], [ 103.786799785033097, 1.280247492797474 ], [ 103.786734292416284, 1.280088228792345 ], [ 103.786716195009802, 1.280032816273372 ], [ 103.786671003299688, 1.279894341713922 ], [ 103.786605506266596, 1.279915995056821 ], [ 103.786605481433952, 1.279915931437027 ], [ 103.786670973956873, 1.27989425186114 ], [ 103.786662673955121, 1.279868851861217 ], [ 103.786595751633385, 1.27989100473435 ], [ 103.786595724292155, 1.279890934688998 ], [ 103.786662641332825, 1.27986875210106 ], [ 103.786645629439164, 1.279816765462271 ] ], [ [ 103.786147041078294, 1.27986524430596 ], [ 103.786148300000079, 1.279869300000418 ], [ 103.786145888481215, 1.279865572691978 ], [ 103.786147041078294, 1.27986524430596 ] ], [ [ 103.785274418724342, 1.280177850774721 ], [ 103.785274071002561, 1.280177719585552 ], [ 103.785274774739804, 1.280176380034048 ], [ 103.785275136135226, 1.280176527595187 ], [ 103.785274418724342, 1.280177850774721 ] ], [ [ 103.78527878332747, 1.280296184048786 ], [ 103.785287802890338, 1.280299456777135 ], [ 103.785287799491911, 1.280299465731185 ], [ 103.785278750879257, 1.280296243895407 ], [ 103.78527878332747, 1.280296184048786 ] ], [ [ 103.785738000000165, 1.279968299999938 ], [ 103.785741413331849, 1.279965716626737 ], [ 103.785741415041713, 1.279965719062223 ], [ 103.785738000000165, 1.279968299999938 ] ], [ [ 103.786573100000155, 1.2803478 ], [ 103.786385164822349, 1.280435926984329 ], [ 103.78637994768178, 1.280428261650873 ], [ 103.786573100000155, 1.2803478 ] ], [ [ 103.786304025334175, 1.280345024678062 ], [ 103.786197836100229, 1.280418239049132 ], [ 103.786197827192339, 1.280418227371811 ], [ 103.786304012486553, 1.280344993436548 ], [ 103.786304025334175, 1.280345024678062 ] ], [ [ 103.786274630145414, 1.280273541844881 ], [ 103.786267420902604, 1.28026295281819 ], [ 103.78614420098188, 1.280347935203067 ], [ 103.786141577445534, 1.280344496323323 ], [ 103.786261085426148, 1.280254071541976 ], [ 103.786195990648409, 1.280166921010638 ], [ 103.786223479523159, 1.280145450178819 ], [ 103.786209180581494, 1.280126905194044 ], [ 103.786212123865269, 1.280124968160919 ], [ 103.786226513934452, 1.28014304165505 ], [ 103.786230071101855, 1.280140172595058 ], [ 103.786245796674777, 1.280188358267398 ], [ 103.786385338754783, 1.280142225630768 ], [ 103.786385352998053, 1.280142244202159 ], [ 103.786245813542976, 1.280188409934966 ], [ 103.786266813537665, 1.28025270993692 ], [ 103.786428936595371, 1.28019907256294 ], [ 103.786432577201722, 1.280203819525093 ], [ 103.786273251748938, 1.280270189879619 ], [ 103.786274630145414, 1.280273541844881 ] ], [ [ 103.785734400386474, 1.280156586435936 ], [ 103.785725621922239, 1.280163228590489 ], [ 103.78572562634416, 1.280163216277647 ], [ 103.78573439467273, 1.280156582571479 ], [ 103.785734400386474, 1.280156586435936 ] ], [ [ 103.785616010848045, 1.280255263515887 ], [ 103.785551811270651, 1.28030242333726 ], [ 103.785557152949735, 1.280288080714561 ], [ 103.785576215476368, 1.280240786879702 ], [ 103.785616010848045, 1.280255263515887 ] ], [ [ 103.786283850725937, 1.280530985298482 ], [ 103.786360360613187, 1.280478233968187 ], [ 103.786360590353098, 1.28047873027417 ], [ 103.786284028865808, 1.280531218799677 ], [ 103.786283850725937, 1.280530985298482 ] ], [ [ 103.78636568311488, 1.280489732154695 ], [ 103.786384287566179, 1.280529923309482 ], [ 103.786306684233892, 1.280560915002109 ], [ 103.786291288774152, 1.280540734942419 ], [ 103.78636568311488, 1.280489732154695 ] ], [ [ 103.786377508489565, 1.280628929623555 ], [ 103.786394443447449, 1.280655109335754 ], [ 103.786380617542889, 1.280657825290368 ], [ 103.786362994834874, 1.280634725801504 ], [ 103.786377508489565, 1.280628929623555 ] ], [ [ 103.785490039943468, 1.281415729785524 ], [ 103.785490203999075, 1.281415992977702 ], [ 103.785489311190886, 1.281416573429161 ], [ 103.785489126120993, 1.281416319395992 ], [ 103.785490039943468, 1.281415729785524 ] ], [ [ 103.786235700000447, 1.281570899999782 ], [ 103.786000748736654, 1.281586220052003 ], [ 103.786000745963776, 1.281586219723668 ], [ 103.786235700000447, 1.281570899999782 ] ], [ [ 103.785810923869761, 1.282153005086564 ], [ 103.7858967200781, 1.282015738614747 ], [ 103.785876751125542, 1.282089758293349 ], [ 103.785861960698014, 1.282120930144543 ], [ 103.785847754707078, 1.282131831532775 ], [ 103.785810923869761, 1.282153005086564 ] ], [ [ 103.785218476766175, 1.282409315337813 ], [ 103.785219489305604, 1.282410581129185 ], [ 103.78521403803127, 1.282414488342395 ], [ 103.785212869567687, 1.282413263732836 ], [ 103.785218476766175, 1.282409315337813 ] ], [ [ 103.78542328569344, 1.282362256931276 ], [ 103.785510372360307, 1.282471113479145 ], [ 103.785510353135379, 1.28247110251065 ], [ 103.785423281465, 1.282362252878738 ], [ 103.78542328569344, 1.282362256931276 ] ], [ [ 103.785260101190644, 1.282461350679718 ], [ 103.785267100000183, 1.282470100000569 ], [ 103.785259299848889, 1.282461925042813 ], [ 103.785260101190644, 1.282461350679718 ] ], [ [ 103.785176480939825, 1.282441407471231 ], [ 103.78517640529266, 1.282441461691883 ], [ 103.785174964599648, 1.282439955098981 ], [ 103.785175042689076, 1.282439900111474 ], [ 103.785176480939825, 1.282441407471231 ] ], [ [ 103.785221726430535, 1.282488855874468 ], [ 103.785221742757201, 1.282488844172299 ], [ 103.785234200203206, 1.282501900213304 ], [ 103.785221726430535, 1.282488855874468 ] ], [ [ 103.785549705885828, 1.282520297983793 ], [ 103.785527269248746, 1.282492249602639 ], [ 103.785527291855729, 1.282492262501112 ], [ 103.785549719076414, 1.282520296064979 ], [ 103.785549705885828, 1.282520297983793 ] ], [ [ 103.785563472780879, 1.282537487911152 ], [ 103.785566477356824, 1.282541243569532 ], [ 103.78556646688871, 1.282541251168711 ], [ 103.785563458250579, 1.282537490025283 ], [ 103.785563472780879, 1.282537487911152 ] ], [ [ 103.786317025763267, 1.281089960982849 ], [ 103.786323156870353, 1.28109553610247 ], [ 103.786322384541691, 1.281095987532564 ], [ 103.786316304022222, 1.281090417503641 ], [ 103.786317025763267, 1.281089960982849 ] ], [ [ 103.786196529394132, 1.281166178080563 ], [ 103.786198783391526, 1.281168233071151 ], [ 103.786189913161365, 1.281173417768615 ], [ 103.786188056777377, 1.281171537231893 ], [ 103.786196529394132, 1.281166178080563 ] ], [ [ 103.787010736681466, 1.281205026540507 ], [ 103.787009053399814, 1.28120201852074 ], [ 103.787009442448522, 1.281201835818126 ], [ 103.787011668231614, 1.281204691824972 ], [ 103.787010736681466, 1.281205026540507 ] ], [ [ 103.78702365630177, 1.281200384385159 ], [ 103.787020676089298, 1.281196560334498 ], [ 103.787020681336813, 1.2811965578702 ], [ 103.787023666703305, 1.281200380648514 ], [ 103.78702365630177, 1.281200384385159 ] ], [ [ 103.787281230650734, 1.281300255827215 ], [ 103.787292307971882, 1.281307964016955 ], [ 103.787273427049115, 1.281313982729462 ], [ 103.787271306763969, 1.281308004970138 ], [ 103.787272857260191, 1.281306778367731 ], [ 103.787281230650734, 1.281300255827215 ] ], [ [ 103.78730267677696, 1.281283550141154 ], [ 103.787328134151551, 1.281263719851684 ], [ 103.787383799999049, 1.281339999999309 ], [ 103.787328650546357, 1.281301624073967 ], [ 103.78732715051207, 1.28129685718514 ], [ 103.787323481094063, 1.281298026893691 ], [ 103.78730267677696, 1.281283550141154 ] ], [ [ 103.787339843063151, 1.28106333367295 ], [ 103.787280300000361, 1.280985900000546 ], [ 103.78733984822172, 1.281063329860242 ], [ 103.787339843063151, 1.28106333367295 ] ], [ [ 103.787684218572394, 1.280986317361311 ], [ 103.787797864101563, 1.280897779905412 ], [ 103.787912310186215, 1.280817101648581 ], [ 103.787957567247005, 1.280785208334679 ], [ 103.788038276679472, 1.28088674892101 ], [ 103.788256798368565, 1.28116169460585 ], [ 103.787870857244755, 1.281349462671775 ], [ 103.787978599998382, 1.281573799997309 ], [ 103.787845558264422, 1.281363665808377 ], [ 103.78770195827191, 1.281455765801413 ], [ 103.787835000000214, 1.281665900000163 ], [ 103.787666042209466, 1.281483777441648 ], [ 103.787652583468656, 1.281496425762559 ], [ 103.787638916539706, 1.281460566562822 ], [ 103.7878931517713, 1.281272623079801 ], [ 103.787684218572394, 1.280986317361311 ] ], [ [ 103.788903530859457, 1.279909082025912 ], [ 103.788903582943959, 1.279909141978059 ], [ 103.788829671471973, 1.279975312479019 ], [ 103.788829375714215, 1.279975391698913 ], [ 103.788903530859457, 1.279909082025912 ] ], [ [ 103.789080427642361, 1.279840200016252 ], [ 103.78908130001912, 1.279841300022815 ], [ 103.789080405259455, 1.279840220054776 ], [ 103.789080427642361, 1.279840200016252 ] ], [ [ 103.788839282311216, 1.280008581547982 ], [ 103.788844561292649, 1.280014554818676 ], [ 103.788864645902194, 1.280096186734672 ], [ 103.788860349968019, 1.280088258642675 ], [ 103.788839282311216, 1.280008581547982 ] ], [ [ 103.788911890707169, 1.280004310739764 ], [ 103.788911878533597, 1.280004321512344 ], [ 103.788909212019149, 1.279993483728747 ], [ 103.788909224842385, 1.279993472248061 ], [ 103.788911890707169, 1.280004310739764 ] ], [ [ 103.788914995210916, 1.280016988938421 ], [ 103.788915006594664, 1.280016978864901 ], [ 103.788915228513474, 1.280017881109993 ], [ 103.78891521720341, 1.280017891204315 ], [ 103.788914995210916, 1.280016988938421 ] ], [ [ 103.788813673152376, 1.279979597684419 ], [ 103.788363642784958, 1.280100139830113 ], [ 103.788300737939949, 1.280114123586467 ], [ 103.788341191792895, 1.280055967361485 ], [ 103.78835970902432, 1.280029436113377 ], [ 103.788415007076523, 1.280010190221718 ], [ 103.788379603658669, 1.279907144126888 ], [ 103.788379668415772, 1.279907224899552 ], [ 103.78841506580352, 1.280010169774163 ], [ 103.78855381122213, 1.279961841672161 ], [ 103.788598726086491, 1.279950511797227 ], [ 103.788753588390861, 1.279911529628939 ], [ 103.788813673152376, 1.279979597684419 ] ], [ [ 103.788254557584622, 1.280259882833725 ], [ 103.788245159646095, 1.28026792911274 ], [ 103.788240417530105, 1.28025332413912 ], [ 103.78825081656953, 1.280242835196116 ], [ 103.788254557584622, 1.280259882833725 ] ], [ [ 103.788242461729823, 1.280204762561198 ], [ 103.788229044206275, 1.280218296083006 ], [ 103.788228799376, 1.28021754204293 ], [ 103.788241317117055, 1.28019954661323 ], [ 103.788242461729823, 1.280204762561198 ] ], [ [ 103.788083146319295, 1.280206297313227 ], [ 103.788092980242297, 1.280236584262407 ], [ 103.788092843055992, 1.28023654673336 ], [ 103.788082994631139, 1.280206279979289 ], [ 103.788083146319295, 1.280206297313227 ] ], [ [ 103.787966903907304, 1.280307871066365 ], [ 103.787976194932611, 1.280336424787785 ], [ 103.787982193273351, 1.280368866529464 ], [ 103.787986489249946, 1.280368061885983 ], [ 103.788009734798337, 1.280439501464385 ], [ 103.788006463092117, 1.28044280145542 ], [ 103.787922733437355, 1.280295787591425 ], [ 103.787966903907304, 1.280307871066365 ] ], [ [ 103.789239191836728, 1.280174749610261 ], [ 103.789238967399385, 1.280173837125029 ], [ 103.78924149690593, 1.280171600830511 ], [ 103.789241760045044, 1.280172411183796 ], [ 103.789239191836728, 1.280174749610261 ] ], [ [ 103.789274221299209, 1.280142854303275 ], [ 103.789274174737628, 1.280142710915451 ], [ 103.789281200000147, 1.2801365000005 ], [ 103.789274221299209, 1.280142854303275 ] ], [ [ 103.789332782977411, 1.280323198241971 ], [ 103.789396700000268, 1.280265 ], [ 103.789334383547796, 1.280328127288609 ], [ 103.789332782977411, 1.280323198241971 ] ], [ [ 103.789519200000626, 1.280356000000471 ], [ 103.789590531752211, 1.28051279406666 ], [ 103.789474692483765, 1.2805691367877 ], [ 103.789519200000626, 1.280356000000471 ] ], [ [ 103.78950431400159, 1.280323279136762 ], [ 103.789498400000397, 1.280351600000767 ], [ 103.789504273357736, 1.280323189799303 ], [ 103.78950431400159, 1.280323279136762 ] ], [ [ 103.789479300000124, 1.28034760000081 ], [ 103.789428895790991, 1.280591411704397 ], [ 103.789372481157301, 1.280618851047514 ], [ 103.789480200133895, 1.280843200277753 ], [ 103.78937233893194, 1.280618920280506 ], [ 103.789309997788095, 1.280649291606725 ], [ 103.788678436942121, 1.280956558917706 ], [ 103.788708568261569, 1.280932281807281 ], [ 103.78865029531363, 1.280859015826565 ], [ 103.788500914751182, 1.280671064090195 ], [ 103.788635452941222, 1.280543024413767 ], [ 103.788756064920818, 1.280510718091461 ], [ 103.788544186121015, 1.280637240145301 ], [ 103.788572186117733, 1.280684740147715 ], [ 103.788832576238505, 1.280529249866674 ], [ 103.788932044524913, 1.280631099740532 ], [ 103.788951205036014, 1.280612143789752 ], [ 103.78899077691959, 1.280580223499068 ], [ 103.789051854959538, 1.280532856854952 ], [ 103.789081843740732, 1.280516395621198 ], [ 103.789084306026083, 1.280515274401903 ], [ 103.789185971646134, 1.28046935255857 ], [ 103.789235456331895, 1.280455005647519 ], [ 103.789304810530638, 1.280524359849986 ], [ 103.789479300000124, 1.28034760000081 ] ], [ [ 103.7892763635694, 1.280386902195949 ], [ 103.789273809764452, 1.280377979122874 ], [ 103.789288291264228, 1.280374370864178 ], [ 103.789286148722681, 1.280365660034525 ], [ 103.789300321721569, 1.280352755123141 ], [ 103.789302735167183, 1.280360187463455 ], [ 103.7892763635694, 1.280386902195949 ] ], [ [ 103.788355256062673, 1.280631541725246 ], [ 103.788231600000458, 1.280731100000334 ], [ 103.788355251517046, 1.280631536886815 ], [ 103.788355256062673, 1.280631541725246 ] ], [ [ 103.788301343590206, 1.281140022460613 ], [ 103.788457000615779, 1.281014699503917 ], [ 103.788301630118468, 1.281139883058773 ], [ 103.788301343590206, 1.281140022460613 ] ], [ [ 103.787481093665406, 1.281731517039485 ], [ 103.787476994155284, 1.281721670352828 ], [ 103.787492416872325, 1.281712790197653 ], [ 103.787481093665406, 1.281731517039485 ] ], [ [ 103.787513206069846, 1.281700820106799 ], [ 103.787519514707114, 1.281697187694181 ], [ 103.787714800000373, 1.281824300000197 ], [ 103.787513206069846, 1.281700820106799 ] ], [ [ 103.787652125034455, 1.281620832764942 ], [ 103.787687339198285, 1.281600557004189 ], [ 103.787788500000048, 1.28170959999988 ], [ 103.787652125034455, 1.281620832764942 ] ], [ [ 103.787369100000333, 1.281361400000268 ], [ 103.787344579333407, 1.281352243404401 ], [ 103.787341393921153, 1.281342120635142 ], [ 103.787369100000333, 1.281361400000268 ] ], [ [ 103.787355592455768, 1.281387241479516 ], [ 103.787354923751224, 1.281385116435714 ], [ 103.787359699999797, 1.281386899999593 ], [ 103.787355592455768, 1.281387241479516 ] ], [ [ 103.785598866761518, 1.283359256559219 ], [ 103.785628327600094, 1.283344591785753 ], [ 103.785638861809659, 1.28339267544794 ], [ 103.78562535742455, 1.283422016685549 ], [ 103.785598866761518, 1.283359256559219 ] ], [ [ 103.787278092854507, 1.282141159423044 ], [ 103.787268043193052, 1.282124288733006 ], [ 103.787268280783806, 1.282124131491811 ], [ 103.787278320757594, 1.282140930684413 ], [ 103.787278092854507, 1.282141159423044 ] ], [ [ 103.787334027880533, 1.282085019315073 ], [ 103.787332301504009, 1.282081761525492 ], [ 103.787340949043866, 1.282076038440968 ], [ 103.787341998086134, 1.282077019885479 ], [ 103.787334027880533, 1.282085019315073 ] ], [ [ 103.787115245084379, 1.281774206874351 ], [ 103.787118060822223, 1.281779520363457 ], [ 103.78710990942885, 1.281783488363051 ], [ 103.787106281031512, 1.28177741721504 ], [ 103.787115245084379, 1.281774206874351 ] ], [ [ 103.787199512741395, 1.281933225682715 ], [ 103.787200400000103, 1.281934900000603 ], [ 103.787199424904003, 1.281933268440387 ], [ 103.787199512741395, 1.281933225682715 ] ], [ [ 103.787167200000198, 1.281955000000407 ], [ 103.787170255517808, 1.281960112587397 ], [ 103.787170248335713, 1.281960117340607 ], [ 103.787167200000198, 1.281955000000407 ] ], [ [ 103.787929683091576, 1.282632070307146 ], [ 103.787953671907786, 1.282658734829771 ], [ 103.787953350941848, 1.282660307809882 ], [ 103.787918869501553, 1.282660879015067 ], [ 103.787919781514773, 1.282635846294058 ], [ 103.787929683091576, 1.282632070307146 ] ], [ [ 103.787922101994184, 1.282904875813432 ], [ 103.787922127916147, 1.282904875377087 ], [ 103.787920800309777, 1.282911405112057 ], [ 103.78792077020158, 1.282911402631751 ], [ 103.787922101994184, 1.282904875813432 ] ], [ [ 103.787693784232673, 1.284148314005819 ], [ 103.787709192598854, 1.28411587074964 ], [ 103.787764400000569, 1.284273299999897 ], [ 103.787693784232673, 1.284148314005819 ] ], [ [ 103.788185499998747, 1.284605500000812 ], [ 103.787994348491821, 1.284763843196622 ], [ 103.788059848489894, 1.284843943201629 ], [ 103.788251, 1.284685600000152 ], [ 103.788100295405485, 1.284883285249861 ], [ 103.788168795407245, 1.284936185253475 ], [ 103.788319499999844, 1.284738499999705 ], [ 103.788240163089753, 1.28497453082006 ], [ 103.788351763099001, 1.28501253082396 ], [ 103.788431100000267, 1.284776499999868 ], [ 103.78843599533414, 1.285025623452615 ], [ 103.788564464908163, 1.285023066154473 ], [ 103.788576496506579, 1.285044524325749 ], [ 103.788592721856304, 1.28510241479067 ], [ 103.788625412162304, 1.285219180203097 ], [ 103.788644284749509, 1.285213827797462 ], [ 103.788644673313371, 1.285217531385475 ], [ 103.788626513690133, 1.285222997791598 ], [ 103.78865547053168, 1.285320444874748 ], [ 103.788665799999947, 1.285418899999941 ], [ 103.788561401795718, 1.28519296634717 ], [ 103.788542601797189, 1.285201766346993 ], [ 103.788647, 1.285427700000476 ], [ 103.788474915097211, 1.285248567760263 ], [ 103.788460015096859, 1.285263067759184 ], [ 103.78863210000047, 1.285442200000384 ], [ 103.788412170619821, 1.285327794250817 ], [ 103.788402670618879, 1.285346294249308 ], [ 103.788622600000636, 1.285460700000627 ], [ 103.788559370283551, 1.285451682945583 ], [ 103.788520820438961, 1.285418099646859 ], [ 103.788499305794303, 1.285443117275306 ], [ 103.788441070474192, 1.285434812457453 ], [ 103.788466345537785, 1.285382066753642 ], [ 103.788408045541317, 1.285353766756681 ], [ 103.788300499999735, 1.285578200000517 ], [ 103.78828615533439, 1.285460727756887 ], [ 103.788311032402703, 1.285467006416995 ], [ 103.788318332401019, 1.285437706415913 ], [ 103.788282231570662, 1.285428595019719 ], [ 103.788274896087188, 1.285368522806531 ], [ 103.788325535217737, 1.285366314617283 ], [ 103.788324235214645, 1.285336114617189 ], [ 103.788271220979496, 1.285338426375506 ], [ 103.788270300540745, 1.285330888659066 ], [ 103.788175687466563, 1.285342592242796 ], [ 103.788076900000377, 1.285346900000236 ], [ 103.788310852290749, 1.285265406813212 ], [ 103.788301052288716, 1.285236906814433 ], [ 103.788067100000688, 1.285318400000654 ], [ 103.788267910735911, 1.285172669825294 ], [ 103.788190110730923, 1.285064069830539 ], [ 103.787989299997506, 1.285209800001821 ], [ 103.78817324967352, 1.285043039283645 ], [ 103.788094049672367, 1.284954539288671 ], [ 103.787910100000644, 1.285121300000361 ], [ 103.788042620454235, 1.284910832285004 ], [ 103.787950120458191, 1.284851832289609 ], [ 103.787817600005809, 1.285062299990125 ], [ 103.787945597121279, 1.28484901522779 ], [ 103.787858281338586, 1.284795933388097 ], [ 103.787788628375338, 1.284725287569404 ], [ 103.787612900000084, 1.284900800000631 ], [ 103.787697762033872, 1.28466672410144 ], [ 103.787652562036882, 1.284650124102859 ], [ 103.787567700000537, 1.284884200000442 ], [ 103.787584235009078, 1.28464935674383 ], [ 103.787712706334389, 1.284588653577174 ], [ 103.7876075, 1.284363100000428 ], [ 103.787729877048307, 1.284579700584477 ], [ 103.787853256933317, 1.284509085456451 ], [ 103.787967304871358, 1.284723221490602 ], [ 103.788185499998747, 1.284605500000812 ] ], [ [ 103.788863699999965, 1.285151600000247 ], [ 103.788764261759383, 1.28518153288917 ], [ 103.788764696044908, 1.285179678261075 ], [ 103.788863699999965, 1.285151600000247 ] ], [ [ 103.788740387470355, 1.285186572353751 ], [ 103.788739846553511, 1.285188882351074 ], [ 103.788664963333702, 1.285211423686536 ], [ 103.788664610765636, 1.285208063189777 ], [ 103.788740387470355, 1.285186572353751 ] ], [ [ 103.787514618320373, 1.284525558704797 ], [ 103.787565307617285, 1.284634232324281 ], [ 103.78753209417583, 1.284631863388896 ], [ 103.787501822758827, 1.284533779055161 ], [ 103.787509060429883, 1.284537261178587 ], [ 103.787514618320373, 1.284525558704797 ] ], [ [ 103.787345273230471, 1.284458461345214 ], [ 103.787346414850717, 1.284459010591043 ], [ 103.787335573569834, 1.284645709781837 ], [ 103.787299262933288, 1.284657716884716 ], [ 103.787283008077182, 1.284648793268589 ], [ 103.787345273230471, 1.284458461345214 ] ], [ [ 103.787328801093466, 1.284450536416226 ], [ 103.787266845989066, 1.284639920580624 ], [ 103.787252512397131, 1.284632051702643 ], [ 103.787328637416067, 1.284450457669329 ], [ 103.787328801093466, 1.284450536416226 ] ], [ [ 103.787196017924316, 1.284662158710361 ], [ 103.787103000000243, 1.284833799999972 ], [ 103.787195875121455, 1.284662098067406 ], [ 103.787196017924316, 1.284662158710361 ] ], [ [ 103.787200892334823, 1.284900009442397 ], [ 103.787206100000446, 1.284890400000081 ], [ 103.787202134165014, 1.284900849354712 ], [ 103.787200892334823, 1.284900009442397 ] ], [ [ 103.787377245048503, 1.284750448410624 ], [ 103.787397442192358, 1.284697232075844 ], [ 103.787367369288063, 1.284685670066475 ], [ 103.787379603779925, 1.284474978153463 ], [ 103.787387733412118, 1.284478889408951 ], [ 103.787434629887031, 1.284630841667585 ], [ 103.787416812078675, 1.28463104363282 ], [ 103.787419599999936, 1.284880199998504 ], [ 103.787377245048503, 1.284750448410624 ] ], [ [ 103.78749677805898, 1.28468072584072 ], [ 103.787513346060265, 1.284675546002511 ], [ 103.787499, 1.28487930000058 ], [ 103.78749677805898, 1.28468072584072 ] ], [ [ 103.787344300000555, 1.284905100000582 ], [ 103.787327617337326, 1.28488120970323 ], [ 103.787332393506048, 1.284868625242308 ], [ 103.787344300000555, 1.284905100000582 ] ], [ [ 103.788081782178736, 1.285376943794545 ], [ 103.788100213080114, 1.28537614009143 ], [ 103.788101034024834, 1.285382863023353 ], [ 103.78808201178893, 1.28537806204821 ], [ 103.788081782178736, 1.285376943794545 ] ], [ [ 103.788019901196805, 1.28559524184663 ], [ 103.788022609549657, 1.285596582389457 ], [ 103.788027500000737, 1.285620400003421 ], [ 103.788019901196805, 1.28559524184663 ] ], [ [ 103.788329690180802, 1.28581724605659 ], [ 103.788325608521319, 1.285783820277001 ], [ 103.788376241928063, 1.285749212472733 ], [ 103.788450800000035, 1.285721299999887 ], [ 103.788329690180802, 1.28581724605659 ] ], [ [ 103.789246299985905, 1.285613299991316 ], [ 103.789165973238624, 1.285564523936834 ], [ 103.789167245358172, 1.285563772593847 ], [ 103.789246299985905, 1.285613299991316 ] ], [ [ 103.788952911592574, 1.285599527612492 ], [ 103.788953264131081, 1.285599421491469 ], [ 103.788961569493708, 1.285604653349953 ], [ 103.788961337621558, 1.285604779828526 ], [ 103.788952911592574, 1.285599527612492 ] ], [ [ 103.788971053922708, 1.285594066410244 ], [ 103.788993200000135, 1.285587400000337 ], [ 103.788975659586654, 1.2855969676907 ], [ 103.788971053922708, 1.285594066410244 ] ], [ [ 103.789155899999699, 1.285686799999881 ], [ 103.789166299994207, 1.285717059197888 ], [ 103.78915555644808, 1.285710291437747 ], [ 103.789155899999699, 1.285686799999881 ] ], [ [ 103.78911244123168, 1.285888514477879 ], [ 103.789112222430475, 1.285903475637737 ], [ 103.789081645543703, 1.285882035563695 ], [ 103.789083624816641, 1.285870552280889 ], [ 103.78911244123168, 1.285888514477879 ] ], [ [ 103.788623880583756, 1.285713419279892 ], [ 103.788649743711559, 1.285713728969452 ], [ 103.788650055150057, 1.285713876449678 ], [ 103.788639400037511, 1.285727228108736 ], [ 103.788623880583756, 1.285713419279892 ] ], [ [ 103.788597234042058, 1.285776114275943 ], [ 103.788587639209737, 1.285786972484525 ], [ 103.788580318968883, 1.285776407099367 ], [ 103.788594929429337, 1.285774063687991 ], [ 103.788597234042058, 1.285776114275943 ] ], [ [ 103.788571495571574, 1.285753212816255 ], [ 103.788564973560227, 1.285754258899114 ], [ 103.788552599998155, 1.28573639999801 ], [ 103.788571495571574, 1.285753212816255 ] ], [ [ 103.788518307240793, 1.285874982454317 ], [ 103.788517700000355, 1.285753800000169 ], [ 103.788544106131312, 1.285836241398971 ], [ 103.788522361563665, 1.285860863921826 ], [ 103.788563893454153, 1.285898018509704 ], [ 103.788569695157349, 1.285916131744115 ], [ 103.788518307240793, 1.285874982454317 ] ], [ [ 103.788536500000049, 1.285747700000299 ], [ 103.788574226576543, 1.285802151191539 ], [ 103.788559337692334, 1.285819000533232 ], [ 103.788536500000049, 1.285747700000299 ] ], [ [ 103.788628109528076, 1.285900275950572 ], [ 103.788628074193454, 1.285900301619435 ], [ 103.788568230885076, 1.285846765570485 ], [ 103.788568190700957, 1.285846640111794 ], [ 103.788628109528076, 1.285900275950572 ] ], [ [ 103.788683174176171, 1.286058515061521 ], [ 103.788682499999837, 1.286057900000314 ], [ 103.788683211332483, 1.286058469605192 ], [ 103.788683174176171, 1.286058515061521 ] ], [ [ 103.788734600000595, 1.285995600000169 ], [ 103.788722994729554, 1.285985217882798 ], [ 103.788722997984109, 1.285985214553889 ], [ 103.788734600000595, 1.285995600000169 ] ], [ [ 103.78865165186086, 1.285921349672745 ], [ 103.788665242015171, 1.285933514784764 ], [ 103.788665310005072, 1.285933612915853 ], [ 103.788651624337334, 1.285921369666858 ], [ 103.78865165186086, 1.285921349672745 ] ], [ [ 103.788707400005023, 1.28602640000416 ], [ 103.788597608277783, 1.285938483400267 ], [ 103.788592982594778, 1.285924041764149 ], [ 103.788707400005023, 1.28602640000416 ] ], [ [ 103.790893108340398, 1.283760019059579 ], [ 103.790941497456402, 1.283822467417129 ], [ 103.790941466460623, 1.283822562790006 ], [ 103.790893085853966, 1.283760048872489 ], [ 103.790893108340398, 1.283760019059579 ] ], [ [ 103.788619700000112, 1.285481300000254 ], [ 103.788538058884399, 1.285497516285239 ], [ 103.788559399766058, 1.285472700711983 ], [ 103.788619700000112, 1.285481300000254 ] ], [ [ 103.788483208707291, 1.285461835265851 ], [ 103.788434903013126, 1.285518006018848 ], [ 103.78840985199669, 1.28552298187257 ], [ 103.788409720437244, 1.28552286481471 ], [ 103.788409568086806, 1.285523038265531 ], [ 103.78840119435651, 1.285524701529593 ], [ 103.788398588171034, 1.285523467380238 ], [ 103.788431645132945, 1.285454481892154 ], [ 103.788483208707291, 1.285461835265851 ] ], [ [ 103.788373090769014, 1.285576677067166 ], [ 103.788373445331743, 1.285576992548387 ], [ 103.788371188564028, 1.285581820211157 ], [ 103.788377467200803, 1.285584793436491 ], [ 103.788358799999045, 1.285606500000941 ], [ 103.788373090769014, 1.285576677067166 ] ], [ [ 103.788427980913156, 1.285625516981118 ], [ 103.788434159792374, 1.285631014797188 ], [ 103.788407700000263, 1.285649099999805 ], [ 103.788427980913156, 1.285625516981118 ] ], [ [ 103.788490205999167, 1.285680883343788 ], [ 103.788492801836568, 1.28568462994532 ], [ 103.788444000000311, 1.285702900000666 ], [ 103.788484126298087, 1.285675473774788 ], [ 103.788490205999167, 1.285680883343788 ] ], [ [ 103.788104957786246, 1.285414995761633 ], [ 103.788106481263483, 1.285427471927437 ], [ 103.788090174131909, 1.285417814522009 ], [ 103.788088755726321, 1.285410906563615 ], [ 103.788104957786246, 1.285414995761633 ] ], [ [ 103.787935852532584, 1.28541364746169 ], [ 103.787955889405794, 1.285431776080214 ], [ 103.787963968013358, 1.285458522775791 ], [ 103.787910490249573, 1.285432053096031 ], [ 103.787935852532584, 1.28541364746169 ] ], [ [ 103.787976032353811, 1.285450000669848 ], [ 103.787996272062486, 1.285468312805362 ], [ 103.787997688978209, 1.285475213508959 ], [ 103.787981179503575, 1.285467041879859 ], [ 103.787976032353811, 1.285450000669848 ] ], [ [ 103.788098355916944, 1.285457661677676 ], [ 103.788102951223507, 1.285460383109403 ], [ 103.788099700981974, 1.285464212451428 ], [ 103.788098355916944, 1.285457661677676 ] ], [ [ 103.788111878535418, 1.285471671639081 ], [ 103.788113464999341, 1.285484663618503 ], [ 103.788106330302128, 1.28547820841069 ], [ 103.788111878535418, 1.285471671639081 ] ], [ [ 103.78426406366043, 1.280296002028903 ], [ 103.784232500000087, 1.280334300000419 ], [ 103.784235920165926, 1.280284495397776 ], [ 103.78426406366043, 1.280296002028903 ] ], [ [ 103.784413430715901, 1.281302006453701 ], [ 103.784414961479101, 1.281304270937928 ], [ 103.784413529576497, 1.281305331113318 ], [ 103.784411983288138, 1.28130293571478 ], [ 103.784413430715901, 1.281302006453701 ] ], [ [ 103.783682733616359, 1.28183424551235 ], [ 103.783678061660623, 1.281827039326563 ], [ 103.783679666289743, 1.28182598366053 ], [ 103.783684530267493, 1.281833196262005 ], [ 103.783682733616359, 1.28183424551235 ] ], [ [ 103.779119100000017, 1.284022699999699 ], [ 103.779119100000017, 1.284022700000604 ], [ 103.779119099976668, 1.284022700014168 ], [ 103.779119100000017, 1.284022699999699 ] ], [ [ 103.779358699997829, 1.284409599998435 ], [ 103.779235227799973, 1.284271355475348 ], [ 103.779232604005657, 1.28422174086375 ], [ 103.779358699997829, 1.284409599998435 ] ], [ [ 103.779240504631815, 1.284371137688167 ], [ 103.779236183681164, 1.284289430702687 ], [ 103.779350300000701, 1.284417200000668 ], [ 103.779240504631815, 1.284371137688167 ] ], [ [ 103.779867832024721, 1.284811310257687 ], [ 103.779869329134542, 1.284810335374318 ], [ 103.779920599999912, 1.284849400000343 ], [ 103.779867832024721, 1.284811310257687 ] ], [ [ 103.780748589755518, 1.284845498755166 ], [ 103.780846881627113, 1.284871921088043 ], [ 103.780846877370465, 1.284871933790659 ], [ 103.780748562841154, 1.284845519031365 ], [ 103.780748589755518, 1.284845498755166 ] ], [ [ 103.779574131442729, 1.286725165417731 ], [ 103.779615213832912, 1.286767263266735 ], [ 103.779591728419831, 1.286745797478647 ], [ 103.779573193444932, 1.28672599341679 ], [ 103.779574131442729, 1.286725165417731 ] ], [ [ 103.788630209626859, 1.27919255510921 ], [ 103.788630265756225, 1.279192426175827 ], [ 103.788630248622454, 1.279192556584009 ], [ 103.788630209626859, 1.27919255510921 ] ], [ [ 103.788554214870928, 1.279166705915672 ], [ 103.788554403649485, 1.279166738214754 ], [ 103.788555854270044, 1.279189743444373 ], [ 103.788555613801819, 1.279189734351286 ], [ 103.788554214870928, 1.279166705915672 ] ], [ [ 103.790097784933295, 1.277744863213961 ], [ 103.790087997383068, 1.277734929620239 ], [ 103.790094935896931, 1.277737035896443 ], [ 103.790097784933295, 1.277744863213961 ] ], [ [ 103.791296799983556, 1.279984400007135 ], [ 103.791296799999728, 1.279984399999901 ], [ 103.791296800000623, 1.279984400000805 ], [ 103.791296799983556, 1.279984400007135 ] ], [ [ 103.790947899998997, 1.279924599998327 ], [ 103.791030889237291, 1.279998231301648 ], [ 103.791061698650438, 1.280066090018523 ], [ 103.790947899998997, 1.279924599998327 ] ], [ [ 103.791564252087852, 1.280648239221226 ], [ 103.791529692899033, 1.280557120292466 ], [ 103.791557400000087, 1.280505200000253 ], [ 103.791564252087852, 1.280648239221226 ] ], [ [ 103.791503200000179, 1.280475900000682 ], [ 103.791500679443885, 1.280480623266201 ], [ 103.791499549019164, 1.280477642783542 ], [ 103.791503200000179, 1.280475900000682 ] ], [ [ 103.791304337942094, 1.278726107080526 ], [ 103.791331727681793, 1.278776872280229 ], [ 103.791331275323699, 1.278777164086855 ], [ 103.791301368434645, 1.278722890114081 ], [ 103.791304337942094, 1.278726107080526 ] ], [ [ 103.791343883037783, 1.278799401484042 ], [ 103.791343622031505, 1.278799570457579 ], [ 103.791343434050461, 1.278799229315455 ], [ 103.791343698207939, 1.278799058913074 ], [ 103.791343883037783, 1.278799401484042 ] ], [ [ 103.79117686485327, 1.27823413729336 ], [ 103.791176869910075, 1.278234147538087 ], [ 103.791176853261732, 1.278234163129964 ], [ 103.791176848183369, 1.278234152863532 ], [ 103.79117686485327, 1.27823413729336 ] ], [ [ 103.791137501519117, 1.278270905685533 ], [ 103.791137539613132, 1.278270982698245 ], [ 103.791137538511506, 1.278270983731011 ], [ 103.791137500406705, 1.27827090672463 ], [ 103.791137501519117, 1.278270905685533 ] ], [ [ 103.794008900000165, 1.277389300000195 ], [ 103.793920471413429, 1.277421388139821 ], [ 103.793919197603216, 1.277421643481112 ], [ 103.794008900000165, 1.277389300000195 ] ], [ [ 103.794013699998828, 1.277402700000483 ], [ 103.794013700000619, 1.277402699999578 ], [ 103.794013700000619, 1.277402700000483 ], [ 103.794013699998828, 1.277402700000483 ] ], [ [ 103.794574712157399, 1.277775741797698 ], [ 103.794570743725544, 1.277756737805398 ], [ 103.794580867991797, 1.277699561793747 ], [ 103.794593912193278, 1.277725727773655 ], [ 103.794574712157399, 1.277775741797698 ] ], [ [ 103.794641829941853, 1.277821848247108 ], [ 103.794644860070022, 1.277827926524925 ], [ 103.794634900000446, 1.277839900000501 ], [ 103.794641829941853, 1.277821848247108 ] ], [ [ 103.794856088054118, 1.278626502904481 ], [ 103.794851000002453, 1.278630099998217 ], [ 103.79485578460141, 1.27862599273961 ], [ 103.794856088054118, 1.278626502904481 ] ], [ [ 103.794722058558875, 1.278401172640423 ], [ 103.794687085107086, 1.278431195014763 ], [ 103.79468705513915, 1.27843113011619 ], [ 103.794721559153629, 1.278400333040528 ], [ 103.794722058558875, 1.278401172640423 ] ], [ [ 103.794575035608972, 1.278153997740099 ], [ 103.794498400000435, 1.278222399999867 ], [ 103.794561264343272, 1.278130845493058 ], [ 103.794575035608972, 1.278153997740099 ] ], [ [ 103.794428404116928, 1.278040495941405 ], [ 103.794379600000511, 1.2781582 ], [ 103.794381620713779, 1.278032104106654 ], [ 103.794428404116928, 1.278040495941405 ] ], [ [ 103.794350901008315, 1.278026593717635 ], [ 103.794348800000193, 1.278157700002022 ], [ 103.794324084374054, 1.278021783447615 ], [ 103.794350901008315, 1.278026593717635 ] ], [ [ 103.794307845524514, 1.278018870581463 ], [ 103.79433359999986, 1.278160499997763 ], [ 103.794261895914758, 1.278010628306661 ], [ 103.794307845524514, 1.278018870581463 ] ], [ [ 103.794714437836817, 1.279067009056652 ], [ 103.794832602064886, 1.279045745011056 ], [ 103.79483057562139, 1.279034337536071 ], [ 103.794846615453949, 1.279057320949349 ], [ 103.79504920000052, 1.278914100000067 ], [ 103.794900147499533, 1.279113049843746 ], [ 103.794953247501056, 1.279153349846539 ], [ 103.79510229999957, 1.278954399999765 ], [ 103.795116228519603, 1.279203177528562 ], [ 103.795183228526398, 1.27919937752839 ], [ 103.795169299999898, 1.278950599999757 ], [ 103.795316651182148, 1.27915082956937 ], [ 103.795372051184444, 1.279109529566742 ], [ 103.795224699999167, 1.278909299999303 ], [ 103.795344626538878, 1.278954566920026 ], [ 103.795564097011848, 1.279361624814939 ], [ 103.795286539438422, 1.279613661915525 ], [ 103.794848018084593, 1.280007731767891 ], [ 103.795012899999747, 1.280193600000546 ], [ 103.794805289396749, 1.280057865750929 ], [ 103.794731093177433, 1.280172828281172 ], [ 103.794731192269396, 1.280172145687161 ], [ 103.794720992270754, 1.280170645687105 ], [ 103.794717652095471, 1.280193654419026 ], [ 103.794713358481928, 1.280200307110565 ], [ 103.794655868717683, 1.280257688480422 ], [ 103.794651454692925, 1.280233683808664 ], [ 103.794687436289124, 1.280219929172316 ], [ 103.794685436288773, 1.280214629173031 ], [ 103.794650412773123, 1.280228017565225 ], [ 103.794645712806684, 1.280202457864696 ], [ 103.794688819799589, 1.280120944466008 ], [ 103.794680419799775, 1.280116444466559 ], [ 103.79464293161034, 1.280187332958917 ], [ 103.794640146837253, 1.28017218859929 ], [ 103.794629946837986, 1.280174088598796 ], [ 103.794635103995134, 1.280202134629239 ], [ 103.794614069141957, 1.280241910595899 ], [ 103.794581122258293, 1.28025450515555 ], [ 103.794578602747123, 1.280250087722355 ], [ 103.794589021355691, 1.280188081953067 ], [ 103.794642969652756, 1.280142126049817 ], [ 103.794639269653103, 1.280137726049374 ], [ 103.794590502228942, 1.280179268621989 ], [ 103.79460538135325, 1.280090716339894 ], [ 103.794595981353481, 1.280089116340525 ], [ 103.794579218275032, 1.280188880868109 ], [ 103.79455530937004, 1.280209247688096 ], [ 103.794551747598675, 1.280203002872392 ], [ 103.794542747599081, 1.280208202872413 ], [ 103.794547256212098, 1.280216107777059 ], [ 103.794538516268574, 1.280223552905365 ], [ 103.794530213106498, 1.280166476907852 ], [ 103.794578960542964, 1.280085820082836 ], [ 103.794574060543184, 1.280082820083067 ], [ 103.79452891072691, 1.280157524336416 ], [ 103.794518833958492, 1.28008825654732 ], [ 103.794509333959439, 1.280089656547317 ], [ 103.794521089616694, 1.280170465035469 ], [ 103.794488972269875, 1.280223605943045 ], [ 103.794469077486482, 1.280183767333981 ], [ 103.794496952757598, 1.280051990097351 ], [ 103.794491352758257, 1.28005079009725 ], [ 103.794464965454694, 1.280175533133444 ], [ 103.79443402086892, 1.280113567678671 ], [ 103.794425520869865, 1.280117867678411 ], [ 103.794461797338698, 1.280190510044302 ], [ 103.794449117303643, 1.280250453493158 ], [ 103.794434702576766, 1.280235633261931 ], [ 103.794418305018283, 1.280046268779722 ], [ 103.79441260501936, 1.280046768780142 ], [ 103.794428397993627, 1.280229151322261 ], [ 103.79438268587451, 1.280182153260271 ], [ 103.794330907108787, 1.280068506174824 ], [ 103.794325707109309, 1.280070906175232 ], [ 103.794370846549711, 1.280169980877986 ], [ 103.794363516096126, 1.280162444208913 ], [ 103.794356716096857, 1.280169144208604 ], [ 103.794382581332215, 1.28019573706839 ], [ 103.794411755393057, 1.280259770011035 ], [ 103.794412156976747, 1.280268638454692 ], [ 103.794390019559671, 1.280253867728632 ], [ 103.794372377313721, 1.280234114685249 ], [ 103.794375131280134, 1.280232332313098 ], [ 103.79437053127927, 1.280225132312953 ], [ 103.794366617261289, 1.280227665473674 ], [ 103.794314201014657, 1.280168977907229 ], [ 103.794317045302193, 1.28016540296534 ], [ 103.794310345302506, 1.28016000296603 ], [ 103.794308385337672, 1.280162466415599 ], [ 103.794263395183464, 1.280112093429875 ], [ 103.794259195183145, 1.280115893430117 ], [ 103.79430480763881, 1.280166963172453 ], [ 103.794279395109825, 1.280198903799617 ], [ 103.79425082293119, 1.280177370897559 ], [ 103.794235646974087, 1.280157178548898 ], [ 103.794229867847193, 1.280161578480419 ], [ 103.794227638319924, 1.280159898237819 ], [ 103.79424203488955, 1.280121007850501 ], [ 103.794234034889683, 1.28011800785046 ], [ 103.794215545343974, 1.280167954858533 ], [ 103.79420777620463, 1.280178397928072 ], [ 103.794190706466949, 1.280191393954139 ], [ 103.794154467300118, 1.280203671057287 ], [ 103.794159162505565, 1.280102599712313 ], [ 103.794153278685542, 1.280102322826556 ], [ 103.79434801198326, 1.280004217663523 ], [ 103.794237200001021, 1.279781400001564 ], [ 103.794389823681868, 1.279977587907647 ], [ 103.794453523684325, 1.279927387903957 ], [ 103.794300900000479, 1.279731199999744 ], [ 103.794474895896741, 1.279908452020663 ], [ 103.794528495897524, 1.279855152016972 ], [ 103.794354500001859, 1.279677900001444 ], [ 103.794551037624544, 1.279829416100295 ], [ 103.794604537622774, 1.279759116096396 ], [ 103.794408000002946, 1.279607600001655 ], [ 103.794628354593002, 1.279721172963707 ], [ 103.794729654581289, 1.279522072954268 ], [ 103.794535705387858, 1.279422109602097 ], [ 103.794538321051562, 1.279419410404354 ], [ 103.794741216151024, 1.279495688387429 ], [ 103.794816516135938, 1.279292788380148 ], [ 103.794702545414395, 1.279249941331688 ], [ 103.794739864524971, 1.279211430384206 ], [ 103.794831994548801, 1.279214889981802 ], [ 103.794836294537774, 1.279098889981555 ], [ 103.794740972681097, 1.279095310526599 ], [ 103.794714437836817, 1.279067009056652 ] ], [ [ 103.794796092973456, 1.278984927485016 ], [ 103.794660377840074, 1.279009349872562 ], [ 103.794642752036339, 1.278990550583408 ], [ 103.794652800017587, 1.278985085891182 ], [ 103.794758052062662, 1.278930418809107 ], [ 103.794796092973456, 1.278984927485016 ] ], [ [ 103.795250000000266, 1.278841399999632 ], [ 103.795280645781872, 1.278833337678062 ], [ 103.795293147040127, 1.278857686084016 ], [ 103.795250000000266, 1.278841399999632 ] ], [ [ 103.795331410411279, 1.278872128799696 ], [ 103.795526999991239, 1.278770400004314 ], [ 103.795336929996196, 1.278874212197373 ], [ 103.795331410411279, 1.278872128799696 ] ], [ [ 103.795770447913952, 1.279262149634975 ], [ 103.795834199999376, 1.279463099999599 ], [ 103.795708661323715, 1.279295896161081 ], [ 103.795770447913952, 1.279262149634975 ] ], [ [ 103.795624430718888, 1.279341901128359 ], [ 103.795758600000411, 1.279520600000059 ], [ 103.795606966499065, 1.279351439713312 ], [ 103.795624430718888, 1.279341901128359 ] ], [ [ 103.794684586086248, 1.280242512623236 ], [ 103.794659721160784, 1.28027863912202 ], [ 103.794657964204134, 1.280269084310081 ], [ 103.794684586086248, 1.280242512623236 ] ], [ [ 103.794627580246811, 1.280236745723668 ], [ 103.794637885191435, 1.280217259535929 ], [ 103.794640556236914, 1.280231785410541 ], [ 103.794627580246811, 1.280236745723668 ] ], [ [ 103.794641598155792, 1.280237451653983 ], [ 103.794646955272754, 1.280266585118201 ], [ 103.794617235582123, 1.28029624877064 ], [ 103.794608805275402, 1.280293943608534 ], [ 103.794607138390461, 1.280300118965446 ], [ 103.794600355474003, 1.280288226549266 ], [ 103.794623560501179, 1.280244346883478 ], [ 103.794641598155792, 1.280237451653983 ] ], [ [ 103.794610049395374, 1.280249511754782 ], [ 103.794594761990112, 1.280278419553833 ], [ 103.794583962048449, 1.280259484129053 ], [ 103.794610049395374, 1.280249511754782 ] ], [ [ 103.794411060868569, 1.280244432362512 ], [ 103.79439442065717, 1.280207909450624 ], [ 103.794420230847038, 1.280234445715867 ], [ 103.794410628594761, 1.280234886185644 ], [ 103.794411060868569, 1.280244432362512 ] ], [ [ 103.794421594789313, 1.280235848027471 ], [ 103.794429699422309, 1.280244180654077 ], [ 103.79443302285533, 1.280282560772073 ], [ 103.794426427639195, 1.280278160253239 ], [ 103.794423188892864, 1.280271051662741 ], [ 103.794421594789313, 1.280235848027471 ] ], [ [ 103.793683451209958, 1.279823770507744 ], [ 103.793684865035246, 1.279823799607778 ], [ 103.793693237446348, 1.279836664225892 ], [ 103.793693064447041, 1.279838377995267 ], [ 103.793683451209958, 1.279823770507744 ] ], [ [ 103.793786943614393, 1.279980648324957 ], [ 103.793809299960003, 1.280014999937756 ], [ 103.79378673648965, 1.279980714343985 ], [ 103.793786943614393, 1.279980648324957 ] ], [ [ 103.793730008303029, 1.279998795851427 ], [ 103.793761600000138, 1.280046800000262 ], [ 103.793729324214127, 1.279999013897601 ], [ 103.793730008303029, 1.279998795851427 ] ], [ [ 103.793720180508757, 1.280001928355696 ], [ 103.793753999952031, 1.280051999929678 ], [ 103.793720096606478, 1.280001955099169 ], [ 103.793720180508757, 1.280001928355696 ] ], [ [ 103.793888398218499, 1.280261349038383 ], [ 103.793892186813807, 1.280258749021309 ], [ 103.793897411843233, 1.280271199637907 ], [ 103.793899320079973, 1.280285890944031 ], [ 103.793888398218499, 1.280261349038383 ] ], [ [ 103.794000431525106, 1.280186860356579 ], [ 103.794053384780611, 1.280151949464465 ], [ 103.794094602376148, 1.28013185959361 ], [ 103.794018769456741, 1.27997425176519 ], [ 103.794021705575091, 1.279977988257581 ], [ 103.794097511966001, 1.280130417674067 ], [ 103.794150593955294, 1.280103675373064 ], [ 103.794145812511999, 1.280206603126064 ], [ 103.794137123627763, 1.280209546745738 ], [ 103.794144632705596, 1.280232000213548 ], [ 103.794141585275241, 1.280297600728627 ], [ 103.794104254849231, 1.280223405871762 ], [ 103.794053240291589, 1.280249407329884 ], [ 103.794000431525106, 1.280186860356579 ] ], [ [ 103.793940700514625, 1.280374351335446 ], [ 103.793960873065359, 1.280422420096737 ], [ 103.793960164232828, 1.280422610424713 ], [ 103.793939641962893, 1.280376495985664 ], [ 103.793940700514625, 1.280374351335446 ] ], [ [ 103.793865528808212, 1.28052665095003 ], [ 103.793884876965976, 1.280487451137429 ], [ 103.793892240193628, 1.280489610331791 ], [ 103.793886230887182, 1.28052532364429 ], [ 103.793865528808212, 1.28052665095003 ] ], [ [ 103.793913684254562, 1.280523563481869 ], [ 103.793918120403148, 1.280497199449411 ], [ 103.793927109072442, 1.280499835288931 ], [ 103.793930054770641, 1.280522513892502 ], [ 103.793913684254562, 1.280523563481869 ] ], [ [ 103.793956885939366, 1.28052079362237 ], [ 103.793955234961089, 1.280508082929675 ], [ 103.79397095861232, 1.280512693736209 ], [ 103.793974072903751, 1.28051969168624 ], [ 103.793956885939366, 1.28052079362237 ] ], [ [ 103.794333636391727, 1.280473734559354 ], [ 103.79432750447279, 1.280473220808912 ], [ 103.794311272017026, 1.280424682922635 ], [ 103.7943138363012, 1.280422498535826 ], [ 103.794344282124172, 1.280463008177937 ], [ 103.794338765549981, 1.280472135822317 ], [ 103.794333636391727, 1.280473734559354 ] ], [ [ 103.794347036869794, 1.280469557686458 ], [ 103.794348003053159, 1.280467959053899 ], [ 103.794348793116313, 1.280469010271519 ], [ 103.794347036869794, 1.280469557686458 ] ], [ [ 103.794363201570334, 1.280489603779473 ], [ 103.79433888181417, 1.280507241053604 ], [ 103.794333673766744, 1.280491668080896 ], [ 103.794336284392102, 1.280487348578273 ], [ 103.794363201570334, 1.280489603779473 ] ], [ [ 103.79398265706341, 1.280538980665946 ], [ 103.793984487363886, 1.280543093431184 ], [ 103.793962393847664, 1.280563198383792 ], [ 103.793960487008363, 1.280548517845118 ], [ 103.79398265706341, 1.280538980665946 ] ], [ [ 103.793979432245663, 1.28053173436029 ], [ 103.793959424947133, 1.280540341158818 ], [ 103.793957907716674, 1.280528660168828 ], [ 103.793977504973824, 1.280527403697721 ], [ 103.793979432245663, 1.28053173436029 ] ], [ [ 103.793931076547878, 1.280530380438968 ], [ 103.793933802040357, 1.280551363696209 ], [ 103.793907071566608, 1.280562862688888 ], [ 103.793912335009665, 1.280531582045202 ], [ 103.793931076547878, 1.280530380438968 ] ], [ [ 103.7938848816422, 1.280533342207606 ], [ 103.793877795209596, 1.280575456877267 ], [ 103.793831638992472, 1.280595312492391 ], [ 103.793861485776034, 1.280534842224247 ], [ 103.7938848816422, 1.280533342207606 ] ], [ [ 103.793934864100621, 1.280559540382517 ], [ 103.793938199016011, 1.280585215517795 ], [ 103.793897002319213, 1.280622704235688 ], [ 103.793905505477568, 1.280572169960452 ], [ 103.793934864100621, 1.280559540382517 ] ], [ [ 103.793987883891774, 1.280550725578558 ], [ 103.793990700240116, 1.280557054036326 ], [ 103.793967273895589, 1.280600769322304 ], [ 103.793963639417342, 1.280572787887781 ], [ 103.793987883891774, 1.280550725578558 ] ], [ [ 103.794095651541284, 1.280569204130325 ], [ 103.794100335078198, 1.280577935748054 ], [ 103.794098877266521, 1.280576890642624 ], [ 103.794095651541284, 1.280569204130325 ] ], [ [ 103.794437782975692, 1.280593342280757 ], [ 103.794440701890096, 1.280591299335554 ], [ 103.794457253045991, 1.28061332144642 ], [ 103.794477581458708, 1.280597844431447 ], [ 103.794479667187872, 1.280603179422054 ], [ 103.794471207005714, 1.280615311350393 ], [ 103.794439085535416, 1.280622107555371 ], [ 103.794437782975692, 1.280593342280757 ] ], [ [ 103.794520135273274, 1.280535704007151 ], [ 103.794521050429452, 1.280535063490303 ], [ 103.794520795255067, 1.280536582145415 ], [ 103.794520135273274, 1.280535704007151 ] ], [ [ 103.794538063550633, 1.280542769487752 ], [ 103.79454109510111, 1.28054479138598 ], [ 103.794539713966827, 1.280549908113195 ], [ 103.794533548225345, 1.280549244478743 ], [ 103.794538063550633, 1.280542769487752 ] ], [ [ 103.794489959190628, 1.280588420659504 ], [ 103.794487140983961, 1.280592461975623 ], [ 103.794486569860169, 1.280591001122144 ], [ 103.794489959190628, 1.280588420659504 ] ], [ [ 103.794552381386836, 1.280567454514802 ], [ 103.794547467155169, 1.280572105176316 ], [ 103.794548825787018, 1.280567071816713 ], [ 103.794552381386836, 1.280567454514802 ] ], [ [ 103.79453546909626, 1.280565634202437 ], [ 103.794529006734948, 1.280589575487225 ], [ 103.794524240156662, 1.280594086414832 ], [ 103.794526993567018, 1.280597033727183 ], [ 103.794525140110508, 1.28060390027719 ], [ 103.794494174228717, 1.280610451985577 ], [ 103.794492985541041, 1.280607411497744 ], [ 103.794513943998524, 1.280577357003492 ], [ 103.794513418637422, 1.280580483658389 ], [ 103.794522818638924, 1.280582083659015 ], [ 103.794525758205808, 1.280564588995042 ], [ 103.79453546909626, 1.280565634202437 ] ], [ [ 103.794539717362596, 1.280600816047564 ], [ 103.794542275958165, 1.280591337145847 ], [ 103.794559459246557, 1.280575075469022 ], [ 103.794561035000925, 1.280596305697486 ], [ 103.794539717362596, 1.280600816047564 ] ], [ [ 103.794574202444139, 1.280593519752716 ], [ 103.794572427970579, 1.280569612179283 ], [ 103.794579262785788, 1.280570347827533 ], [ 103.794581066046248, 1.280582743451506 ], [ 103.79458948841193, 1.28058150226035 ], [ 103.794593001407648, 1.280589542298942 ], [ 103.794574202444139, 1.280593519752716 ] ], [ [ 103.794623313555178, 1.280599627113876 ], [ 103.794631711794068, 1.280605228332224 ], [ 103.794617906444643, 1.280613219747592 ], [ 103.794613712741594, 1.280603621807437 ], [ 103.794614821151754, 1.28060142392316 ], [ 103.794623313555178, 1.280599627113876 ] ], [ [ 103.794605911959607, 1.280619090102413 ], [ 103.794606286086292, 1.280619946350683 ], [ 103.794605147873156, 1.280620605220061 ], [ 103.794605911959607, 1.280619090102413 ] ], [ [ 103.794600540907652, 1.280606797616746 ], [ 103.794588807435574, 1.280630064105754 ], [ 103.794577404758783, 1.280636664699645 ], [ 103.794575408046242, 1.280609762881541 ], [ 103.794599600074534, 1.28060464437241 ], [ 103.794600540907652, 1.280606797616746 ] ], [ [ 103.794562240602048, 1.280612548826314 ], [ 103.794564581482788, 1.280644087627896 ], [ 103.794521269816684, 1.280669159174588 ], [ 103.794534994344247, 1.280618313543082 ], [ 103.794562240602048, 1.280612548826314 ] ], [ [ 103.794520417092045, 1.280621397772677 ], [ 103.794511446410709, 1.280654631702319 ], [ 103.794500131481556, 1.280625689767519 ], [ 103.794520417092045, 1.280621397772677 ] ], [ [ 103.794489358758256, 1.280627969041902 ], [ 103.794506682508086, 1.280672280661055 ], [ 103.794504979754592, 1.280678588898343 ], [ 103.794443260937527, 1.280714315671311 ], [ 103.794441747226003, 1.280680887400311 ], [ 103.794476796246641, 1.280630626996191 ], [ 103.794489358758256, 1.280627969041902 ] ], [ [ 103.794457710710148, 1.280634665080563 ], [ 103.794440755178485, 1.280658979364788 ], [ 103.794439825523568, 1.280638449196807 ], [ 103.794457710710148, 1.280634665080563 ] ], [ [ 103.794657034973682, 1.280610604713018 ], [ 103.794629729059352, 1.280640277638333 ], [ 103.794624403666703, 1.280628089650943 ], [ 103.794646666587568, 1.280615202455297 ], [ 103.794649269380841, 1.280616938392186 ], [ 103.794652718938707, 1.280611698969504 ], [ 103.794656176655266, 1.280609697423197 ], [ 103.794657034973682, 1.280610604713018 ] ], [ [ 103.794612783309191, 1.280634816253157 ], [ 103.794619856988291, 1.280651005468832 ], [ 103.794581558197422, 1.280692624185529 ], [ 103.794578730622078, 1.280654528115472 ], [ 103.794612783309191, 1.280634816253157 ] ], [ [ 103.794636786979666, 1.280656430784946 ], [ 103.794653033894477, 1.280638775507004 ], [ 103.794649407722318, 1.280663754311551 ], [ 103.79465045062075, 1.280663907678709 ], [ 103.794645080529847, 1.280675411862656 ], [ 103.794636786979666, 1.280656430784946 ] ], [ [ 103.794665402911974, 1.280625334281843 ], [ 103.79466814773869, 1.280622351520614 ], [ 103.79466928677752, 1.280623555547614 ], [ 103.794664024642401, 1.280634828460055 ], [ 103.794665402911974, 1.280625334281843 ] ], [ [ 103.794652694127649, 1.28069283676339 ], [ 103.794679831275758, 1.280634701666575 ], [ 103.794682280542887, 1.280637290677502 ], [ 103.794666798673774, 1.280725117205941 ], [ 103.794652694127649, 1.28069283676339 ] ], [ [ 103.794697327948683, 1.28063384888638 ], [ 103.794698499999697, 1.280627199998354 ], [ 103.794699502249571, 1.280636147242052 ], [ 103.794697327948683, 1.28063384888638 ] ], [ [ 103.794712599999826, 1.280625600000283 ], [ 103.794713282291951, 1.280627289527641 ], [ 103.794718628748313, 1.280656365009972 ], [ 103.794715699358548, 1.28065326848311 ], [ 103.794712599999826, 1.280625600000283 ] ], [ [ 103.794727585677563, 1.280662708285836 ], [ 103.794729787413999, 1.280668160336269 ], [ 103.794725072512719, 1.280663176424704 ], [ 103.794727585677563, 1.280662708285836 ] ], [ [ 103.79437039656635, 1.280497754707289 ], [ 103.794378627571234, 1.280508706456746 ], [ 103.794352078236557, 1.28054670066936 ], [ 103.794342480057139, 1.280518000432657 ], [ 103.79437039656635, 1.280497754707289 ] ], [ [ 103.794365766534739, 1.280546148235073 ], [ 103.794385520827404, 1.280517878267512 ], [ 103.794391004609537, 1.280525174704509 ], [ 103.794388247231055, 1.280538209900668 ], [ 103.794391730547815, 1.280538956326134 ], [ 103.794365766534739, 1.280546148235073 ] ], [ [ 103.794394080893085, 1.280538305291806 ], [ 103.794395572728888, 1.280531252807124 ], [ 103.79439632887923, 1.280532258902741 ], [ 103.794394591344755, 1.280538163898566 ], [ 103.794394080893085, 1.280538305291806 ] ], [ [ 103.794402496151349, 1.280549743788478 ], [ 103.794402502809547, 1.280549741944581 ], [ 103.794402336752313, 1.280551304830806 ], [ 103.79441137430274, 1.280552277565252 ], [ 103.794425874466839, 1.280571570732535 ], [ 103.794426479598698, 1.280584934269917 ], [ 103.794383235558769, 1.280615200719636 ], [ 103.794402496151349, 1.280549743788478 ] ], [ [ 103.794373357110914, 1.280610328227605 ], [ 103.794357284161038, 1.280562267296071 ], [ 103.794390180161443, 1.280553155259195 ], [ 103.794373357110914, 1.280610328227605 ] ], [ [ 103.793994799933486, 1.280566266224636 ], [ 103.794000972416541, 1.280580136063467 ], [ 103.793980643226121, 1.280703698272742 ], [ 103.793969036842896, 1.280614342049939 ], [ 103.793994799933486, 1.280566266224636 ] ], [ [ 103.794651395974739, 1.280290734868557 ], [ 103.794646092966261, 1.28029843966268 ], [ 103.794627581621725, 1.280299409605718 ], [ 103.794649050760071, 1.280277980947866 ], [ 103.794651395974739, 1.280290734868557 ] ], [ [ 103.794589005075949, 1.280289305620239 ], [ 103.794582410076131, 1.28030177646908 ], [ 103.794569806708239, 1.280302436849776 ], [ 103.794575879796525, 1.280266293206966 ], [ 103.794589005075949, 1.280289305620239 ] ], [ [ 103.794568411196266, 1.28025319858924 ], [ 103.794567304101335, 1.280259787403069 ], [ 103.794545026381684, 1.280268303475768 ], [ 103.794539493745347, 1.28023027208887 ], [ 103.794550155038138, 1.280221190257849 ], [ 103.794568411196266, 1.28025319858924 ] ], [ [ 103.794571134146878, 1.280236993103731 ], [ 103.794558208195184, 1.280214330168877 ], [ 103.794577737402619, 1.280197694198274 ], [ 103.794571134146878, 1.280236993103731 ] ], [ [ 103.794530860003093, 1.280237626748828 ], [ 103.794535833916115, 1.280271817466553 ], [ 103.794516700842664, 1.280279131439257 ], [ 103.794506385516144, 1.280258475359118 ], [ 103.794530860003093, 1.280237626748828 ] ], [ [ 103.794529882526348, 1.280230907565321 ], [ 103.79450373975132, 1.280253177307811 ], [ 103.794492009545436, 1.280229687980558 ], [ 103.794522391996253, 1.280179417606003 ], [ 103.794529882526348, 1.280230907565321 ] ], [ [ 103.794486179451127, 1.280239334371372 ], [ 103.794488383182738, 1.280243747268068 ], [ 103.794484255915791, 1.280242517024924 ], [ 103.794486179451127, 1.280239334371372 ] ], [ [ 103.794483142175579, 1.280233252333854 ], [ 103.794463690554579, 1.280265436709529 ], [ 103.794453925448224, 1.280255396898328 ], [ 103.794465909371411, 1.280198744244844 ], [ 103.794483142175579, 1.280233252333854 ] ], [ [ 103.794451546636992, 1.280266642460241 ], [ 103.794458587037724, 1.280273880915801 ], [ 103.794447502166221, 1.280292221786173 ], [ 103.794446304760598, 1.280291422843047 ], [ 103.794451546636992, 1.280266642460241 ] ], [ [ 103.794446738492397, 1.280261699055971 ], [ 103.794441174948844, 1.28028800008427 ], [ 103.794439118329507, 1.280286627848507 ], [ 103.794436004005462, 1.280250662593745 ], [ 103.794446738492397, 1.280261699055971 ] ], [ [ 103.794371225981038, 1.280241328109562 ], [ 103.794366305008239, 1.280238044693828 ], [ 103.794367565063581, 1.280237229183208 ], [ 103.794371225981038, 1.280241328109562 ] ], [ [ 103.79436180501115, 1.280230779971623 ], [ 103.794358562395303, 1.280232878598058 ], [ 103.794323556815414, 1.280209521860975 ], [ 103.794313581062241, 1.280224667418223 ], [ 103.794286269525358, 1.280204084577338 ], [ 103.794310623315809, 1.280173474664091 ], [ 103.79436180501115, 1.280230779971623 ] ], [ [ 103.794167037101815, 1.280298993304509 ], [ 103.794156545610065, 1.280327334647857 ], [ 103.794149383825868, 1.280313100480768 ], [ 103.794152112319139, 1.280254365573149 ], [ 103.794167037101815, 1.280298993304509 ] ], [ [ 103.794161794392053, 1.280337766690584 ], [ 103.794171361224343, 1.280311923191103 ], [ 103.794176721818175, 1.280327952309047 ], [ 103.794164552273031, 1.280343248025216 ], [ 103.794161794392053, 1.280337766690584 ] ], [ [ 103.794175404258368, 1.280364816529381 ], [ 103.794174181926053, 1.280362387123758 ], [ 103.794181551185488, 1.280357617725952 ], [ 103.794187571492927, 1.280360394746335 ], [ 103.794187925859319, 1.280361454365186 ], [ 103.794175404258368, 1.280364816529381 ] ], [ [ 103.794532226813445, 1.28031022164987 ], [ 103.794539771863697, 1.280309826310485 ], [ 103.794541123497751, 1.280328036947648 ], [ 103.794532226813445, 1.28031022164987 ] ], [ [ 103.794553094273653, 1.280309128253292 ], [ 103.7945590661095, 1.280308815346263 ], [ 103.794554907866754, 1.280333562892043 ], [ 103.794553094273653, 1.280309128253292 ] ], [ [ 103.794568820834201, 1.280308304225663 ], [ 103.794579246880446, 1.280307757930023 ], [ 103.794564100000798, 1.280336399998789 ], [ 103.794568820834201, 1.280308304225663 ] ], [ [ 103.794590333843161, 1.280307177004508 ], [ 103.794598940912095, 1.280306726017447 ], [ 103.794601769623668, 1.280311685567721 ], [ 103.794583803117874, 1.280329618195179 ], [ 103.794575145986457, 1.280335896557788 ], [ 103.794590333843161, 1.280307177004508 ] ], [ [ 103.794621432089045, 1.280305547542464 ], [ 103.794641940402428, 1.280304472964051 ], [ 103.794629220822657, 1.280322953368367 ], [ 103.794622155707771, 1.280326448668713 ], [ 103.794616467879692, 1.280316476259965 ], [ 103.794618675017205, 1.280308299416442 ], [ 103.794621432089045, 1.280305547542464 ] ], [ [ 103.794595720132961, 1.280301079059 ], [ 103.794593497038832, 1.280301195542646 ], [ 103.794594598559854, 1.280299112616589 ], [ 103.794595720132961, 1.280301079059 ] ], [ [ 103.794560051983566, 1.28030294797038 ], [ 103.794552664289924, 1.280303335064415 ], [ 103.794551557273635, 1.280288420172109 ], [ 103.79454799186766, 1.28028868824751 ], [ 103.794547592231211, 1.280285941144011 ], [ 103.794553918966244, 1.280276887079724 ], [ 103.794548489886466, 1.280273044023041 ], [ 103.794566215153992, 1.280266268209797 ], [ 103.794560051983566, 1.28030294797038 ] ], [ [ 103.794496270027523, 1.280259540398289 ], [ 103.794485084216049, 1.280269069040558 ], [ 103.794490995732275, 1.280248978805571 ], [ 103.794496270027523, 1.280259540398289 ] ], [ [ 103.794479050748521, 1.280251129421637 ], [ 103.794472251075504, 1.280274238048071 ], [ 103.794467830935957, 1.280269693564137 ], [ 103.794479050748521, 1.280251129421637 ] ], [ [ 103.794511124851141, 1.28030551161392 ], [ 103.794495302441831, 1.280293375912216 ], [ 103.794510303309096, 1.280287641552302 ], [ 103.794519020734867, 1.280305097892399 ], [ 103.794511124851141, 1.28030551161392 ] ], [ [ 103.794534783134495, 1.28030427198716 ], [ 103.794538920180898, 1.28029835154141 ], [ 103.794539341880878, 1.280304033121606 ], [ 103.794534783134495, 1.28030427198716 ] ], [ [ 103.794536669680241, 1.280277562516851 ], [ 103.794537268476802, 1.280281678649815 ], [ 103.794526015164479, 1.280297783041173 ], [ 103.794519243909548, 1.280284223840967 ], [ 103.794536669680241, 1.280277562516851 ] ], [ [ 103.794507760242226, 1.28028254914968 ], [ 103.79449002555053, 1.280289328565354 ], [ 103.794481130403057, 1.28028250603511 ], [ 103.794482118799493, 1.280279146980006 ], [ 103.794498915792332, 1.280264838449602 ], [ 103.794507760242226, 1.28028254914968 ] ], [ [ 103.794464234534942, 1.28027968728492 ], [ 103.794452313499832, 1.280295432046923 ], [ 103.794452286127054, 1.280295413783764 ], [ 103.794462727418221, 1.280278137771322 ], [ 103.794464234534942, 1.28027968728492 ] ], [ [ 103.794172370006436, 1.280353382672709 ], [ 103.794170319225373, 1.28035470994203 ], [ 103.794168829786457, 1.280351749655731 ], [ 103.794172370006436, 1.280353382672709 ] ], [ [ 103.794598430620312, 1.28033237888787 ], [ 103.794596621520313, 1.280339081110131 ], [ 103.794579199999689, 1.2803477 ], [ 103.794584237187948, 1.280342672310621 ], [ 103.794598430620312, 1.28033237888787 ] ], [ [ 103.794190654174699, 1.280369612508608 ], [ 103.7941930673027, 1.280376828185184 ], [ 103.79418108866912, 1.280376114391333 ], [ 103.794180673176143, 1.280375288593233 ], [ 103.794183637317545, 1.280372591244366 ], [ 103.794182845081053, 1.280371709321028 ], [ 103.794190654174699, 1.280369612508608 ] ], [ [ 103.793896600000139, 1.280463699998073 ], [ 103.793893562325422, 1.280481752905041 ], [ 103.793888432029178, 1.280480248496278 ], [ 103.793896600000139, 1.280463699998073 ] ], [ [ 103.793919442533962, 1.280489342022645 ], [ 103.79392299999968, 1.280468200000076 ], [ 103.793925995715327, 1.280491263679313 ], [ 103.793919442533962, 1.280489342022645 ] ], [ [ 103.793963698533091, 1.280430552153669 ], [ 103.793964226297803, 1.280430410444255 ], [ 103.793974000000134, 1.280453700000133 ], [ 103.793963698533091, 1.280430552153669 ] ], [ [ 103.794205311893364, 1.280424258457127 ], [ 103.794185513002034, 1.280384907827305 ], [ 103.794195977912423, 1.280385531420059 ], [ 103.794211032501536, 1.280430547289316 ], [ 103.794205311893364, 1.280424258457127 ] ], [ [ 103.793952981191353, 1.280472297686312 ], [ 103.793950341008454, 1.280470404937638 ], [ 103.793949600000289, 1.280464700001757 ], [ 103.793952981191353, 1.280472297686312 ] ], [ [ 103.793951744296947, 1.280481208697515 ], [ 103.793959384345015, 1.280486685851885 ], [ 103.793960953500587, 1.280490211813337 ], [ 103.793954068699108, 1.280494667669287 ], [ 103.793957864471267, 1.280500608879688 ], [ 103.793954121604784, 1.280499511320068 ], [ 103.793951744296947, 1.280481208697515 ] ], [ [ 103.793966738572152, 1.280503211121957 ], [ 103.793959756440501, 1.280501163680621 ], [ 103.793964469832602, 1.280498113164841 ], [ 103.793966738572152, 1.280503211121957 ] ], [ [ 103.794308413794653, 1.280416136336412 ], [ 103.794309394738747, 1.280416588821393 ], [ 103.794310375959256, 1.280417894383679 ], [ 103.794309306427465, 1.280418805465023 ], [ 103.794308413794653, 1.280416136336412 ] ], [ [ 103.794583399999766, 1.280356300000058 ], [ 103.794584789000552, 1.280355612824266 ], [ 103.794585972026823, 1.280355939666108 ], [ 103.794583399999766, 1.280356300000058 ] ], [ [ 103.794606595604435, 1.280353050357103 ], [ 103.79460915817036, 1.280343556747662 ], [ 103.794617573110429, 1.280339393653294 ], [ 103.794617723690649, 1.280339657664066 ], [ 103.794608709702359, 1.280352754178135 ], [ 103.794606595604435, 1.280353050357103 ] ], [ [ 103.794589622558547, 1.280365010362455 ], [ 103.794589464104263, 1.280365597392238 ], [ 103.794588841421955, 1.2803651197977 ], [ 103.794589622558547, 1.280365010362455 ] ], [ [ 103.79461282320996, 1.280331065703172 ], [ 103.794612484602425, 1.280331233221645 ], [ 103.794612624065948, 1.280330716545721 ], [ 103.79461282320996, 1.280331065703172 ] ], [ [ 103.794592460069779, 1.280351817742663 ], [ 103.794593295089058, 1.280351404636124 ], [ 103.794593133370199, 1.280352003759023 ], [ 103.794592460069779, 1.280351817742663 ] ], [ [ 103.796081099999839, 1.279486100000706 ], [ 103.796086218708624, 1.279459525259232 ], [ 103.796087765841065, 1.279473182849177 ], [ 103.796081099999839, 1.279486100000706 ] ], [ [ 103.796113100886075, 1.279424088272554 ], [ 103.79610697514228, 1.279370012172645 ], [ 103.796120410641549, 1.279363209263179 ], [ 103.796131098800188, 1.279389211682123 ], [ 103.796113100886075, 1.279424088272554 ] ], [ [ 103.796150981747303, 1.279350682248692 ], [ 103.796149977274979, 1.27934823854189 ], [ 103.796152494721554, 1.279346963862005 ], [ 103.796152690300374, 1.279347371392417 ], [ 103.796150981747303, 1.279350682248692 ] ], [ [ 103.796306628942858, 1.279269034701045 ], [ 103.796306631647482, 1.279269033463913 ], [ 103.796327011163925, 1.279311491666743 ], [ 103.796327005692703, 1.279311494131058 ], [ 103.796306628942858, 1.279269034701045 ] ], [ [ 103.797820952248856, 1.27895959424372 ], [ 103.797786399992205, 1.278872499980482 ], [ 103.797819052175569, 1.278950370516784 ], [ 103.797820952248856, 1.27895959424372 ] ], [ [ 103.798091014334773, 1.278994487739989 ], [ 103.798083868227451, 1.278979152847658 ], [ 103.798101747561603, 1.278951205847213 ], [ 103.798134871308605, 1.278976664505053 ], [ 103.798091014334773, 1.278994487739989 ] ], [ [ 103.798185451525129, 1.279015540068843 ], [ 103.798185585061674, 1.27901564270433 ], [ 103.798114315914319, 1.279044490796652 ], [ 103.79811429961353, 1.279044455817406 ], [ 103.798185451525129, 1.279015540068843 ] ], [ [ 103.798489199999324, 1.279318899998929 ], [ 103.798573112841694, 1.279553322271981 ], [ 103.798759812856318, 1.279485622266219 ], [ 103.798675899931467, 1.279251199808865 ], [ 103.79876030027043, 1.279485444943173 ], [ 103.798893997454982, 1.279436645970092 ], [ 103.798894000280896, 1.279436644939155 ], [ 103.799254057146953, 1.279305230464404 ], [ 103.799163657001685, 1.27936413636275 ], [ 103.799298199411552, 1.279573299085418 ], [ 103.799163584601402, 1.279364183557865 ], [ 103.799094884605097, 1.279408983554669 ], [ 103.799138107374631, 1.279476127379827 ], [ 103.799086200644197, 1.279444621158788 ], [ 103.79906809557238, 1.279474837531874 ], [ 103.799043821571715, 1.279453291942598 ], [ 103.798934121569914, 1.279578491933872 ], [ 103.799119800001918, 1.279743300001879 ], [ 103.798903514824872, 1.279622061327165 ], [ 103.79868053273816, 1.280025028895953 ], [ 103.798616150918392, 1.280141296046762 ], [ 103.798832399997551, 1.280262599999237 ], [ 103.798606629941318, 1.28016036773572 ], [ 103.798563131740252, 1.280257679215271 ], [ 103.798486500239051, 1.28018095096274 ], [ 103.798311900000542, 1.280357600000433 ], [ 103.798486389468792, 1.280180840122279 ], [ 103.798461689468425, 1.280156140123592 ], [ 103.798295559466183, 1.280324431763612 ], [ 103.798293831831998, 1.280320924988574 ], [ 103.798407733260149, 1.280115254679148 ], [ 103.798273333267502, 1.280039854686059 ], [ 103.798210900205632, 1.280152589239513 ], [ 103.798203566424334, 1.280137703029264 ], [ 103.798219921317184, 1.28009910927725 ], [ 103.798264677774085, 1.280052463859132 ], [ 103.798246978571669, 1.280035260434244 ], [ 103.798249926251287, 1.280028304592955 ], [ 103.798231829925271, 1.280020536120745 ], [ 103.798228977773846, 1.280017763861574 ], [ 103.798227925864069, 1.280018860167802 ], [ 103.798189826255808, 1.280002504595504 ], [ 103.798147275573569, 1.280102914328686 ], [ 103.798108326062021, 1.280143507712768 ], [ 103.798121469406993, 1.280069327680506 ], [ 103.798169166718154, 1.279974870059349 ], [ 103.798121466721511, 1.279950470061457 ], [ 103.798106053593401, 1.279980993530583 ], [ 103.79808936306965, 1.279977997794982 ], [ 103.79807952323587, 1.280033533062706 ], [ 103.798044922510186, 1.28010205478599 ], [ 103.798044238001111, 1.280017150098706 ], [ 103.798063922347268, 1.279929568382921 ], [ 103.797951922357058, 1.279904068385084 ], [ 103.797935976290233, 1.279975017330897 ], [ 103.797933691228351, 1.27997503599328 ], [ 103.797933770211159, 1.279984832854055 ], [ 103.797909554050406, 1.280092577975711 ], [ 103.797904551684965, 1.280067395429595 ], [ 103.797919875738856, 1.279898965975165 ], [ 103.797854775744895, 1.279892965975979 ], [ 103.797846118166419, 1.279988122966569 ], [ 103.797822904703764, 1.279992794185556 ], [ 103.797816613728486, 1.279892422102091 ], [ 103.797722113737549, 1.2798984221019 ], [ 103.797736439710732, 1.280126992166605 ], [ 103.797733896994146, 1.280123146221326 ], [ 103.797698635936811, 1.279901049329611 ], [ 103.797544435951693, 1.279925849327453 ], [ 103.797575473668616, 1.280121344971071 ], [ 103.797574301517798, 1.280122130012877 ], [ 103.797538224695359, 1.2799269300764 ], [ 103.797415149783973, 1.27994997273654 ], [ 103.797362137187449, 1.279954044717781 ], [ 103.797322768752252, 1.279956205930918 ], [ 103.797156071461373, 1.279524769910246 ], [ 103.797070047639977, 1.279558440092888 ], [ 103.796854883585524, 1.279642490070645 ], [ 103.796847772984663, 1.279623630980058 ], [ 103.796847953193819, 1.279623550395598 ], [ 103.796940149796384, 1.279586728841718 ], [ 103.797086790213143, 1.279528252601623 ], [ 103.797050664765479, 1.279436482298844 ], [ 103.797050795540287, 1.279436429742641 ], [ 103.797087006973086, 1.27952816604524 ], [ 103.797241215526498, 1.279466502611086 ], [ 103.79737092220131, 1.279414756886311 ], [ 103.7978888100061, 1.279222695696509 ], [ 103.797915612254073, 1.279289772234683 ], [ 103.798145300000442, 1.279196800000578 ], [ 103.797915646099923, 1.279289856895452 ], [ 103.797948246093995, 1.279371356897545 ], [ 103.798177900000738, 1.279278299999963 ], [ 103.797998987005641, 1.279450521966007 ], [ 103.798039087004469, 1.27949272196896 ], [ 103.798218, 1.279320500000166 ], [ 103.7982194511209, 1.279569667930645 ], [ 103.798490651147318, 1.279568067930886 ], [ 103.798489199999324, 1.279318899998929 ] ], [ [ 103.796481209675591, 1.279409399504931 ], [ 103.7965201, 1.279497499999903 ], [ 103.796480972983886, 1.279409514592778 ], [ 103.796481209675591, 1.279409399504931 ] ], [ [ 103.796194357264, 1.279434193667213 ], [ 103.796194374664566, 1.27943422992345 ], [ 103.796189334782213, 1.279443988467589 ], [ 103.796189320557957, 1.279443953862769 ], [ 103.796194357264, 1.279434193667213 ] ], [ [ 103.796169437609763, 1.279482483297372 ], [ 103.796169444785221, 1.27948250075262 ], [ 103.796149199437551, 1.279521701088365 ], [ 103.796169437609763, 1.279482483297372 ] ], [ [ 103.796231327637457, 1.279511229556561 ], [ 103.796231344978693, 1.279511265690707 ], [ 103.796223345171143, 1.279526729784773 ], [ 103.796223335085415, 1.279526705248305 ], [ 103.796231327637457, 1.279511229556561 ] ], [ [ 103.796218449109674, 1.27953616578665 ], [ 103.79621846781464, 1.279536157997628 ], [ 103.796209599999926, 1.279553300000298 ], [ 103.796218449109674, 1.27953616578665 ] ], [ [ 103.796307663249621, 1.279575825596634 ], [ 103.796311138819632, 1.279583641156503 ], [ 103.79631112464871, 1.279583646997589 ], [ 103.79630764373465, 1.279575863536261 ], [ 103.796307663249621, 1.279575825596634 ] ], [ [ 103.796269900000354, 1.279584900000037 ], [ 103.796254749084071, 1.279614354737296 ], [ 103.796254641164609, 1.279614396216224 ], [ 103.796269900000354, 1.279584900000037 ] ], [ [ 103.797159699911873, 1.279790699771575 ], [ 103.797225706599775, 1.279961534358043 ], [ 103.797225578909362, 1.279961541367774 ], [ 103.797159699911873, 1.279790699771575 ] ], [ [ 103.796323256108138, 1.279671194930383 ], [ 103.796242423621209, 1.279702657278221 ], [ 103.796242738850538, 1.279702044443648 ], [ 103.796323255586998, 1.279671193649795 ], [ 103.796323256108138, 1.279671194930383 ] ], [ [ 103.796201519347349, 1.279717838108246 ], [ 103.796201043228564, 1.279718763725873 ], [ 103.796200551214412, 1.279718955232413 ], [ 103.796201032648128, 1.279718024592021 ], [ 103.796201519347349, 1.279717838108246 ] ], [ [ 103.79657819356747, 1.280362950751516 ], [ 103.796607637024337, 1.280314619346116 ], [ 103.796673300000137, 1.280480799999954 ], [ 103.79657819356747, 1.280362950751516 ] ], [ [ 103.796659411886381, 1.280229630953312 ], [ 103.79670640000009, 1.280152500000399 ], [ 103.796675701644602, 1.280270857271979 ], [ 103.796659411886381, 1.280229630953312 ] ], [ [ 103.796830216060613, 1.280426512509792 ], [ 103.796830099999767, 1.280434599999788 ], [ 103.796828446022872, 1.280426238623788 ], [ 103.796830216060613, 1.280426512509792 ] ], [ [ 103.7967319, 1.28015920000043 ], [ 103.796725436207055, 1.280201516995808 ], [ 103.796720674866322, 1.280202478419971 ], [ 103.7967319, 1.28015920000043 ] ], [ [ 103.796772742223865, 1.280417619328314 ], [ 103.796772785100202, 1.280417625962445 ], [ 103.796778200000347, 1.280445000000149 ], [ 103.796772742223865, 1.280417619328314 ] ], [ [ 103.796739253553085, 1.280412437476817 ], [ 103.796747000000522, 1.280451300000155 ], [ 103.796731148714471, 1.280411183379064 ], [ 103.796739253553085, 1.280412437476817 ] ], [ [ 103.796713190763072, 1.280281685159884 ], [ 103.796703931690701, 1.280342302212568 ], [ 103.796692145435927, 1.280312473417378 ], [ 103.796707515597305, 1.280253213879666 ], [ 103.796713190763072, 1.280281685159884 ] ], [ [ 103.796799983410565, 1.280698245927198 ], [ 103.796817665776487, 1.280691168181763 ], [ 103.796826718701737, 1.280689340187018 ], [ 103.796852733390281, 1.280684127224318 ], [ 103.797314924639224, 1.280690846220012 ], [ 103.797318301442431, 1.28045553631847 ], [ 103.797319805038157, 1.280455453775745 ], [ 103.797342035819383, 1.280689743637284 ], [ 103.797514735836018, 1.280673143636788 ], [ 103.797492834074262, 1.280442321476263 ], [ 103.797495604398918, 1.28044180280326 ], [ 103.797554706201851, 1.280665934539372 ], [ 103.797627706208317, 1.280646434537442 ], [ 103.797570070052558, 1.280427860996793 ], [ 103.797572014666287, 1.28042749691689 ], [ 103.797647890389669, 1.28064010282359 ], [ 103.797721190395521, 1.280613602820999 ], [ 103.797649801811275, 1.280413570021542 ], [ 103.797659281584899, 1.280412045388982 ], [ 103.797774648776794, 1.280586542180463 ], [ 103.797935122115618, 1.280479066010409 ], [ 103.797938787209958, 1.280477682250297 ], [ 103.797961199977536, 1.280473172154464 ], [ 103.798022996251873, 1.280472667466446 ], [ 103.798043667704135, 1.280481541400811 ], [ 103.798129939995093, 1.280529941185455 ], [ 103.79820767840701, 1.28068773566725 ], [ 103.798246345188531, 1.280668438381811 ], [ 103.798263529775539, 1.280694627365431 ], [ 103.798289050023129, 1.280739556439104 ], [ 103.798295394545661, 1.280755507869568 ], [ 103.798288728201186, 1.280823546835616 ], [ 103.7985351, 1.280848000000394 ], [ 103.798288705817285, 1.280823776380269 ], [ 103.798276205805237, 1.280952576378527 ], [ 103.798522600000069, 1.280976800000173 ], [ 103.798275079417337, 1.280981617300044 ], [ 103.798277079407384, 1.281085717299984 ], [ 103.798292708842069, 1.281085413116793 ], [ 103.797952415523113, 1.281354092557745 ], [ 103.798185615513802, 1.281653292575389 ], [ 103.798316663171676, 1.281549823575457 ], [ 103.798354856245382, 1.281615102288827 ], [ 103.79832665537208, 1.281742729773377 ], [ 103.798366006963576, 1.281751538124482 ], [ 103.798184771269561, 1.281766586773401 ], [ 103.798192271261101, 1.281858086773951 ], [ 103.798482901760394, 1.281833954676144 ], [ 103.798557122139897, 1.281960810387179 ], [ 103.798663623056186, 1.281897688436076 ], [ 103.798648088714387, 1.281916748656866 ], [ 103.798703819243158, 1.281962760746832 ], [ 103.798679154446901, 1.282017245674126 ], [ 103.798746754451784, 1.282048245676827 ], [ 103.798849399557071, 1.281821500979866 ], [ 103.798746840602234, 1.282048285164372 ], [ 103.798785040605409, 1.282065785165994 ], [ 103.798807587742303, 1.282015927658929 ], [ 103.798806897285189, 1.282018568471548 ], [ 103.798884297292418, 1.282039068473769 ], [ 103.798917818174189, 1.281910860088891 ], [ 103.798942825856543, 1.281970329404843 ], [ 103.798940829261412, 1.282047187081687 ], [ 103.798975029264582, 1.28204808708102 ], [ 103.798975058052363, 1.282046978913519 ], [ 103.798975403423469, 1.282047800220664 ], [ 103.798975396164707, 1.282048096462429 ], [ 103.798975529388272, 1.282048099769681 ], [ 103.798984093655633, 1.282068465954692 ], [ 103.799028799176455, 1.282049422069259 ], [ 103.799031796169928, 1.282049496462919 ], [ 103.799031829625406, 1.282048131142975 ], [ 103.799057064401367, 1.282037381504347 ], [ 103.799057983832483, 1.282048750923812 ], [ 103.799093166821606, 1.282045868701371 ], [ 103.799121649854513, 1.282043586088917 ], [ 103.799101999999834, 1.281795200000422 ], [ 103.799154059646327, 1.282038800742807 ], [ 103.7995898092462, 1.281944465563738 ], [ 103.799716217230809, 1.282207015402114 ], [ 103.799661274186221, 1.282312291027114 ], [ 103.799718587903442, 1.282342592045708 ], [ 103.799513053618782, 1.282783632844751 ], [ 103.799499163242885, 1.282798759535334 ], [ 103.799470598575056, 1.282831179167817 ], [ 103.799341121709105, 1.282820552182505 ], [ 103.799320999996169, 1.283068900045904 ], [ 103.799338887681515, 1.282820379061746 ], [ 103.799114210789256, 1.282803997198269 ], [ 103.799105276886394, 1.282791089048108 ], [ 103.7991316235602, 1.28278864664375 ], [ 103.799124723553419, 1.28271324664361 ], [ 103.799055821899955, 1.282719634003795 ], [ 103.799044638686581, 1.282703475934974 ], [ 103.799016377084072, 1.282723290637893 ], [ 103.799016210172212, 1.282723306111131 ], [ 103.799044583663814, 1.282703396468604 ], [ 103.798990176726875, 1.282624851708099 ], [ 103.799054389520649, 1.282561056627423 ], [ 103.798942389520604, 1.282446856634812 ], [ 103.798887383063985, 1.282501505264938 ], [ 103.798841827732787, 1.282454331716314 ], [ 103.798664300000198, 1.282627999999779 ], [ 103.798799432521591, 1.282419221601926 ], [ 103.798696332525566, 1.282351621607372 ], [ 103.798561200000577, 1.282560399997918 ], [ 103.798635479378433, 1.282322707802483 ], [ 103.798534079386641, 1.282290607805187 ], [ 103.798459800000529, 1.282528300000201 ], [ 103.798523623266007, 1.282287550370232 ], [ 103.798425333201038, 1.282261154452292 ], [ 103.798252900116537, 1.282190776936077 ], [ 103.798197523939493, 1.28215283134447 ], [ 103.798196897429818, 1.282153757540986 ], [ 103.798196307000779, 1.282153249048319 ], [ 103.798196882140033, 1.282152393041557 ], [ 103.798189399528837, 1.282147300165422 ], [ 103.798115625623112, 1.282083764274288 ], [ 103.798003988632786, 1.281955390791665 ], [ 103.797817699998973, 1.282119500001345 ], [ 103.797961636565518, 1.281916769860637 ], [ 103.797811336570689, 1.281808669869507 ], [ 103.79766739999971, 1.282011400000819 ], [ 103.797741048585465, 1.281773509050442 ], [ 103.797595648596939, 1.28172790905477 ], [ 103.7975220000002, 1.281965799999777 ], [ 103.797565572766558, 1.281720517509607 ], [ 103.797433872778413, 1.28169681751209 ], [ 103.797346727212755, 1.282187382486775 ], [ 103.797463159254988, 1.282208334949706 ], [ 103.797555802970408, 1.282237389651139 ], [ 103.797650357959355, 1.282305396269429 ], [ 103.797754811340738, 1.282425509202641 ], [ 103.797941099998411, 1.282261400001403 ], [ 103.797780144619395, 1.282450722759636 ], [ 103.797878144621293, 1.282535122766326 ], [ 103.798039100000537, 1.282345800000155 ], [ 103.797900417836473, 1.282552206948353 ], [ 103.797919196581688, 1.282564988294006 ], [ 103.797996076041372, 1.28261766865098 ], [ 103.798135400000191, 1.282411700000487 ], [ 103.798042366283283, 1.282642608880098 ], [ 103.798253566298115, 1.282728808888882 ], [ 103.798346599999618, 1.282497900001262 ], [ 103.798282776711986, 1.282738649623984 ], [ 103.798387784397718, 1.282766849568362 ], [ 103.79814296395412, 1.282977342554511 ], [ 103.798257111336284, 1.283111832420545 ], [ 103.798272410285648, 1.283256961257101 ], [ 103.798275647714405, 1.283369939600129 ], [ 103.79827423033538, 1.283387774932244 ], [ 103.798231809773355, 1.283450046892165 ], [ 103.79819366706883, 1.283491085098066 ], [ 103.798178275097527, 1.283501954553649 ], [ 103.797974753690312, 1.283584069074824 ], [ 103.797818900000962, 1.283527700000238 ], [ 103.798066425655904, 1.283532259001961 ], [ 103.798067825647905, 1.283455259001098 ], [ 103.797820300000367, 1.28345070000062 ], [ 103.798066731708872, 1.283426863625777 ], [ 103.798059331701495, 1.283349363625975 ], [ 103.797812900000366, 1.28337320000032 ], [ 103.798053608146219, 1.283314953835221 ], [ 103.798031608138302, 1.283222853836689 ], [ 103.797790900000663, 1.283281099999973 ], [ 103.798028601141638, 1.283211458739389 ], [ 103.798005001133816, 1.283129858741314 ], [ 103.797767299999876, 1.283199499999928 ], [ 103.797996974353438, 1.283106493388808 ], [ 103.79796507434753, 1.283026693391306 ], [ 103.797735400000107, 1.283119699999768 ], [ 103.797952606390908, 1.283000140796533 ], [ 103.797919406386882, 1.282939040799697 ], [ 103.797702199992642, 1.283058600003872 ], [ 103.797913411102584, 1.282928614225336 ], [ 103.797800411092425, 1.282742614234844 ], [ 103.797589200006044, 1.282872599996313 ], [ 103.797796103919808, 1.282735776676118 ], [ 103.797650203908077, 1.282512276687795 ], [ 103.797443300002485, 1.282649099998454 ], [ 103.797631859446199, 1.282487639288096 ], [ 103.797571759444452, 1.282416539292039 ], [ 103.797383200000624, 1.282577999998977 ], [ 103.797540809086527, 1.282385846446201 ], [ 103.797431409088503, 1.282294946452762 ], [ 103.797273800000369, 1.282487100000631 ], [ 103.797405163224283, 1.282275898708154 ], [ 103.797254863230691, 1.282181198715806 ], [ 103.797123499999728, 1.282392400000465 ], [ 103.797229552966442, 1.282167248434618 ], [ 103.797190152969591, 1.28214844843636 ], [ 103.797084099997591, 1.282373600005043 ], [ 103.797173411603055, 1.282141207125367 ], [ 103.797081761392519, 1.28210552651012 ], [ 103.797071831076053, 1.282100286781312 ], [ 103.797068103166225, 1.282097291708169 ], [ 103.797023709474374, 1.282050695541625 ], [ 103.796957990868634, 1.281965946772297 ], [ 103.796770422874033, 1.281663082149627 ], [ 103.796720947301964, 1.281565410562849 ], [ 103.796685520401454, 1.281482432904296 ], [ 103.796666258146928, 1.281413931148196 ], [ 103.796643898251943, 1.281010711500888 ], [ 103.796642344673145, 1.280946719093491 ], [ 103.796648152895784, 1.280900074562799 ], [ 103.796668701108729, 1.280856128777407 ], [ 103.796694798234824, 1.280800860575055 ], [ 103.796748790277235, 1.280740097248859 ], [ 103.796799983410565, 1.280698245927198 ] ], [ [ 103.798896800000449, 1.280146300000224 ], [ 103.799113085217726, 1.280267538674386 ], [ 103.799323112768093, 1.279887982107858 ], [ 103.799361153838362, 1.27984456604328 ], [ 103.799407799385961, 1.27987287883343 ], [ 103.799480697482636, 1.279751215882745 ], [ 103.799529766224893, 1.279719242056671 ], [ 103.799678356611139, 1.27964435877469 ], [ 103.799777918535469, 1.279623367159564 ], [ 103.800040900487559, 1.279648876730915 ], [ 103.80012520770714, 1.279675901236456 ], [ 103.800146466111045, 1.279682728348822 ], [ 103.80017358873377, 1.279761257073631 ], [ 103.800210877526439, 1.27974821051095 ], [ 103.800240111268224, 1.279775693413585 ], [ 103.800285089750176, 1.279727226958887 ], [ 103.800343040156989, 1.279745811637448 ], [ 103.800381973786983, 1.279622829789789 ], [ 103.800409100000678, 1.27959359999925 ], [ 103.800387373854349, 1.279841810849653 ], [ 103.800488873863856, 1.279850810850775 ], [ 103.800497242429941, 1.279755203939529 ], [ 103.800657645860653, 1.279750150225456 ], [ 103.800652597703177, 1.27958783841376 ], [ 103.800658875280376, 1.279586692016503 ], [ 103.800764486906914, 1.279847664380159 ], [ 103.800907186917598, 1.279789164375408 ], [ 103.800863455247736, 1.279681100941187 ], [ 103.800888149205122, 1.279670666142877 ], [ 103.801018463054746, 1.279615986211513 ], [ 103.800981895018836, 1.27952770284119 ], [ 103.800982656025383, 1.279527563868065 ], [ 103.801019592485787, 1.279615508995237 ], [ 103.801164511541643, 1.279553851806401 ], [ 103.801340953155346, 1.279482393570558 ], [ 103.801124258218579, 1.279873640536755 ], [ 103.801523725872059, 1.28009776742938 ], [ 103.801520946040725, 1.280103851056718 ], [ 103.801300801968296, 1.280098628363082 ], [ 103.801294801943541, 1.280354828361615 ], [ 103.80132747281354, 1.280355603445724 ], [ 103.801319991656086, 1.280513241805455 ], [ 103.80132905914968, 1.280523793072973 ], [ 103.801324359044543, 1.280534079192227 ], [ 103.801346842432764, 1.280544486351295 ], [ 103.801395757257183, 1.280601405425561 ], [ 103.801421463184113, 1.280579026960408 ], [ 103.801421875702374, 1.280579217908638 ], [ 103.801396071326764, 1.280601770173389 ], [ 103.801458909463022, 1.280674605290104 ], [ 103.801580189582253, 1.280707364864132 ], [ 103.801801927420087, 1.280741223978536 ], [ 103.801928819354018, 1.280689352614606 ], [ 103.8019964360751, 1.280712058250232 ], [ 103.801803795521337, 1.281113284506562 ], [ 103.801790917138092, 1.281140121380624 ], [ 103.801748202969137, 1.281218994919421 ], [ 103.801488075027578, 1.281129011720859 ], [ 103.801360514051723, 1.281502569184883 ], [ 103.801221253555212, 1.281811122943076 ], [ 103.80099044977203, 1.282286186668619 ], [ 103.800877979370426, 1.282477286844167 ], [ 103.80065202374827, 1.282137412004321 ], [ 103.800600374910886, 1.282172195915695 ], [ 103.800464018541405, 1.282135211027211 ], [ 103.800399599839722, 1.282375800600983 ], [ 103.80046397335137, 1.282135198774293 ], [ 103.800398710034585, 1.282117510265331 ], [ 103.800451534313169, 1.282088832754603 ], [ 103.800531262646729, 1.282101175843476 ], [ 103.800552913863186, 1.281959503517757 ], [ 103.80058886797454, 1.281992008392034 ], [ 103.800604804874268, 1.282101437743232 ], [ 103.800772904890025, 1.282076637741131 ], [ 103.800736057791667, 1.281823630410986 ], [ 103.800829596854228, 1.281651860359999 ], [ 103.800748867220292, 1.281607326276732 ], [ 103.800756040646291, 1.281592582124175 ], [ 103.800645419139329, 1.281538061554047 ], [ 103.800856154196453, 1.281576225006423 ], [ 103.800897754176219, 1.281343525002012 ], [ 103.80073200975032, 1.281313509212374 ], [ 103.800703215894913, 1.281295567863975 ], [ 103.800900926373316, 1.281280142025642 ], [ 103.800894826365408, 1.281200942025914 ], [ 103.800648000000137, 1.281220199999658 ], [ 103.80088498587746, 1.28114813224383 ], [ 103.800792885851479, 1.280841332252004 ], [ 103.800555900000219, 1.280913400000094 ], [ 103.800792883368928, 1.280841323981556 ], [ 103.800728483349999, 1.280626823987258 ], [ 103.800491500000405, 1.280698900000388 ], [ 103.800699464552906, 1.28056371566479 ], [ 103.800672064551208, 1.280521015667468 ], [ 103.800464099999033, 1.280656200000927 ], [ 103.800643364598571, 1.280484348717748 ], [ 103.800590464598073, 1.280428448721401 ], [ 103.800411199999985, 1.280600300000037 ], [ 103.800562888568678, 1.280403378737162 ], [ 103.800414488572486, 1.280287578745336 ], [ 103.800262800000638, 1.28048450000034 ], [ 103.800346090619925, 1.280249853032166 ], [ 103.800269890625799, 1.28022245303522 ], [ 103.800186599999705, 1.280457100001699 ], [ 103.800186599995698, 1.280207927785746 ], [ 103.800109400003336, 1.280207927785928 ], [ 103.800109399999897, 1.280457100000781 ], [ 103.8000334554972, 1.280219941447169 ], [ 103.799955155504094, 1.280245341444899 ], [ 103.800031100000211, 1.280482500000629 ], [ 103.799879801370935, 1.280285275090376 ], [ 103.799711101376545, 1.280416375080446 ], [ 103.79986240000008, 1.280613600000378 ], [ 103.799637033777557, 1.280510468981867 ], [ 103.799613633774314, 1.280562268979623 ], [ 103.799838999999423, 1.280665399999353 ], [ 103.799591662513919, 1.28065467720588 ], [ 103.799588662507063, 1.280724777205305 ], [ 103.799836000000155, 1.280735500000147 ], [ 103.799589867196062, 1.280762280445615 ], [ 103.799610167177818, 1.280951280447437 ], [ 103.79979772318157, 1.2809308734451 ], [ 103.799796670976548, 1.280933688048678 ], [ 103.799611584334272, 1.28096220745729 ], [ 103.79964658148586, 1.281192288869206 ], [ 103.799681264934151, 1.281420482711401 ], [ 103.799655004615531, 1.281422699941605 ], [ 103.799675700000137, 1.281671000000471 ], [ 103.799623640310585, 1.281427399266026 ], [ 103.799065987636581, 1.281548125191906 ], [ 103.799053650151507, 1.281549113910671 ], [ 103.799053780990846, 1.281550767801163 ], [ 103.799053354537918, 1.281550860122923 ], [ 103.799053216167792, 1.281549149076477 ], [ 103.799030890380578, 1.281550978025275 ], [ 103.799018700540742, 1.281550675440482 ], [ 103.798878612105938, 1.281232832704286 ], [ 103.798829352441743, 1.281254826262572 ], [ 103.798819487219205, 1.281231537014976 ], [ 103.798787358612756, 1.28112813838258 ], [ 103.798771671699413, 1.281052717929738 ], [ 103.798770400190506, 1.280986536257847 ], [ 103.798781483057155, 1.280872338285479 ], [ 103.798786068437863, 1.280825538247476 ], [ 103.798788398829487, 1.280822940317636 ], [ 103.798891641421662, 1.280708004218635 ], [ 103.798763432787425, 1.280591340980281 ], [ 103.798751140033161, 1.280560434489058 ], [ 103.798933770096241, 1.280643132256233 ], [ 103.799053815747257, 1.280374573485588 ], [ 103.799113049095638, 1.280267603930151 ], [ 103.798896800000449, 1.280146300000224 ] ], [ [ 103.798721123348599, 1.280546842459122 ], [ 103.798716553863599, 1.280548683575188 ], [ 103.79870799999928, 1.28054090000008 ], [ 103.798721123348599, 1.280546842459122 ] ], [ [ 103.798521877682305, 1.280349970228542 ], [ 103.798391100000387, 1.280436900000178 ], [ 103.798558912411451, 1.280267118436098 ], [ 103.798521877682305, 1.280349970228542 ] ], [ [ 103.798491286208915, 1.280552841970979 ], [ 103.7984913768246, 1.280552781737002 ], [ 103.798492391597605, 1.280553705128116 ], [ 103.798492296388673, 1.280553759911423 ], [ 103.798491286208915, 1.280552841970979 ] ], [ [ 103.798557316256819, 1.280612842846589 ], [ 103.79855210752882, 1.280608109724549 ], [ 103.798552152075985, 1.280608084091842 ], [ 103.798557361664692, 1.280612824550102 ], [ 103.798557316256819, 1.280612842846589 ] ], [ [ 103.798584538588599, 1.280704557170391 ], [ 103.798607392945854, 1.280725324706111 ], [ 103.798607326895308, 1.280725318150375 ], [ 103.798584523842621, 1.280704563111866 ], [ 103.798584538588599, 1.280704557170391 ] ], [ [ 103.798524599997421, 1.281080900000199 ], [ 103.79839076841283, 1.281109098166996 ], [ 103.798371118603441, 1.281083887091533 ], [ 103.798524599997421, 1.281080900000199 ] ], [ [ 103.798407265859808, 1.281704679577028 ], [ 103.798431499999936, 1.281746100000194 ], [ 103.798397489504538, 1.281748924014816 ], [ 103.798407265859808, 1.281704679577028 ] ], [ [ 103.799056142748043, 1.281580621850098 ], [ 103.799061446115928, 1.281647659664011 ], [ 103.799061123381449, 1.281646927420832 ], [ 103.7990555291384, 1.281577750610296 ], [ 103.799056142748043, 1.281580621850098 ] ], [ [ 103.799064994275867, 1.281694793792841 ], [ 103.79906516873892, 1.28169471589773 ], [ 103.799073300000259, 1.281797500000747 ], [ 103.799064994275867, 1.281694793792841 ] ], [ [ 103.799051188537518, 1.281964722250071 ], [ 103.799034826881737, 1.28192581355227 ], [ 103.799037900000187, 1.281800399999897 ], [ 103.799051188537518, 1.281964722250071 ] ], [ [ 103.798715234547387, 1.281790038139372 ], [ 103.798730342183717, 1.281815825850367 ], [ 103.798730260155693, 1.281815926496911 ], [ 103.798715112973341, 1.281790037295754 ], [ 103.798715234547387, 1.281790038139372 ] ], [ [ 103.799694590558445, 1.281921781506064 ], [ 103.799712227362974, 1.281917963322065 ], [ 103.799744095225421, 1.281915272631905 ], [ 103.799754519484338, 1.281916784751633 ], [ 103.799755970130207, 1.281917514160864 ], [ 103.799777023484694, 1.281937902174022 ], [ 103.799792876274154, 1.281980286376979 ], [ 103.799803845564597, 1.282039111915035 ], [ 103.799776400000113, 1.282091700000403 ], [ 103.799694590558445, 1.281921781506064 ] ], [ [ 103.800217031900928, 1.281649924194642 ], [ 103.800151962104366, 1.281221809156657 ], [ 103.800154865902854, 1.281223450669942 ], [ 103.800160197135071, 1.281213897140163 ], [ 103.800213407837276, 1.281234048112212 ], [ 103.800230962858834, 1.281187089149318 ], [ 103.80024187620208, 1.281183700766563 ], [ 103.800237530333291, 1.281169521423305 ], [ 103.800273707825397, 1.281072748107403 ], [ 103.800245025143028, 1.281061885933015 ], [ 103.800276100000261, 1.28100619999983 ], [ 103.800353592545079, 1.281242850723562 ], [ 103.80039232262034, 1.281230003342222 ], [ 103.80040324870275, 1.281266399900332 ], [ 103.800404816955464, 1.281286761494818 ], [ 103.800383012088488, 1.281408732404768 ], [ 103.800311359372728, 1.281373417856448 ], [ 103.800246359364692, 1.281507017850638 ], [ 103.800323217282298, 1.281544897820229 ], [ 103.800309575624837, 1.281569948610174 ], [ 103.800257321438153, 1.281628499701901 ], [ 103.800249900640139, 1.281632225062014 ], [ 103.800251363072391, 1.281635176082091 ], [ 103.800245816867573, 1.281641390633854 ], [ 103.800242872169832, 1.281635895898531 ], [ 103.800217031900928, 1.281649924194642 ] ], [ [ 103.800105683343077, 1.280739341842326 ], [ 103.800145592509566, 1.280708327662448 ], [ 103.800216460067929, 1.280763627283006 ], [ 103.800198607468261, 1.280769549273672 ], [ 103.800223951888199, 1.280846947387364 ], [ 103.800168900000429, 1.280945600000168 ], [ 103.800105683343077, 1.280739341842326 ] ], [ [ 103.79993117776074, 1.281148460068238 ], [ 103.799931177337598, 1.281148455426128 ], [ 103.799931179284741, 1.281148455125905 ], [ 103.799931179704288, 1.281148459768919 ], [ 103.79993117776074, 1.281148460068238 ] ], [ [ 103.800360400000486, 1.281855200000716 ], [ 103.80028789668863, 1.281719910570934 ], [ 103.800297785075927, 1.281728850324382 ], [ 103.800360400000486, 1.281855200000716 ] ], [ [ 103.800160011579706, 1.282568912164923 ], [ 103.800335201161005, 1.282616394318224 ], [ 103.800536481463425, 1.282670988975861 ], [ 103.800600900000561, 1.28243040000044 ], [ 103.800567833643456, 1.28267733963232 ], [ 103.800599533646221, 1.282681639633078 ], [ 103.80063260000037, 1.282434699999813 ], [ 103.800668651859809, 1.282681216012991 ], [ 103.800698351862536, 1.282676816013033 ], [ 103.800662300000297, 1.282430300000196 ], [ 103.800791371057016, 1.282624444328264 ], [ 103.800615448818704, 1.282923356377337 ], [ 103.800568182268137, 1.282923332455956 ], [ 103.800451714075365, 1.282914588856956 ], [ 103.800159726931966, 1.282704117576279 ], [ 103.800034680845954, 1.282879851051807 ], [ 103.800024759389515, 1.282879213172863 ], [ 103.800015769533744, 1.282878430616769 ], [ 103.800160011579706, 1.282568912164923 ] ], [ [ 103.798171836910072, 1.282189669003837 ], [ 103.798175599244985, 1.28218524357854 ], [ 103.798058200000114, 1.282358800000216 ], [ 103.798171836910072, 1.282189669003837 ] ], [ [ 103.7985015000001, 1.283068499999936 ], [ 103.798499463332945, 1.283068717490746 ], [ 103.798499399881351, 1.28306847954337 ], [ 103.7985015000001, 1.283068499999936 ] ], [ [ 103.800215200000423, 1.283054100000084 ], [ 103.800213902797296, 1.283053996815966 ], [ 103.800213953283844, 1.28305320133737 ], [ 103.800215200000423, 1.283054100000084 ] ], [ [ 103.802279363741192, 1.281703377570024 ], [ 103.802606959896764, 1.281683416874791 ], [ 103.802866500698428, 1.281667563954992 ], [ 103.803436690059883, 1.281613559455745 ], [ 103.803840829246084, 1.281623542767601 ], [ 103.803995930266183, 1.281650810385166 ], [ 103.804135943553916, 1.281679822148307 ], [ 103.804320597399581, 1.281719101585477 ], [ 103.80434926106166, 1.281724483334925 ], [ 103.804396961917917, 1.281743372052431 ], [ 103.804705375476985, 1.281865477423241 ], [ 103.804796000000351, 1.281633600000326 ], [ 103.804709424328195, 1.281867039352952 ], [ 103.805194763756688, 1.282049379030236 ], [ 103.805259728801133, 1.282073889301566 ], [ 103.805313100000149, 1.28223420000015 ], [ 103.805097987953417, 1.282110864756382 ], [ 103.805075687951089, 1.282150264754758 ], [ 103.805290799999042, 1.282273600000424 ], [ 103.805043381241376, 1.282282221431267 ], [ 103.805048979566706, 1.282444973200033 ], [ 103.80505817799299, 1.282715327711761 ], [ 103.805305599176876, 1.282706800028724 ], [ 103.805058182648636, 1.282715463456972 ], [ 103.805065045049616, 1.282913994865859 ], [ 103.805180388571287, 1.283078881929999 ], [ 103.805328632401569, 1.283106677650834 ], [ 103.805694441854072, 1.28309380769457 ], [ 103.805785356329338, 1.283002893217125 ], [ 103.805870833180336, 1.282998864178272 ], [ 103.805882071725605, 1.283204177117677 ], [ 103.805086791727206, 1.283251512290031 ], [ 103.805081851821797, 1.283242936067654 ], [ 103.805077191394318, 1.283232236777822 ], [ 103.805074285901128, 1.283217162985467 ], [ 103.805058055781643, 1.282822008241692 ], [ 103.804563344217442, 1.282842591734853 ], [ 103.804580344176898, 1.283256491735604 ], [ 103.804827699996792, 1.283246200000354 ], [ 103.804584664161325, 1.283293654871025 ], [ 103.804596364155827, 1.283354354872212 ], [ 103.804839400000446, 1.28330690000057 ], [ 103.804612665163006, 1.283406946600279 ], [ 103.804633965158715, 1.283455846602048 ], [ 103.804860700001527, 1.283355799999651 ], [ 103.804646522057311, 1.283480771377027 ], [ 103.804675322054564, 1.283530771379611 ], [ 103.80488949999625, 1.283405800002634 ], [ 103.804682426272691, 1.283542362958471 ], [ 103.8047143262703, 1.283591362961627 ], [ 103.804921400000723, 1.283454799999676 ], [ 103.804762838082198, 1.283646157886799 ], [ 103.804795838082171, 1.28367385788901 ], [ 103.804954400000028, 1.283482499999853 ], [ 103.804826487370065, 1.283695836130981 ], [ 103.804856287371592, 1.283713936132967 ], [ 103.804984200000064, 1.283500600000334 ], [ 103.804943212703719, 1.283746333558411 ], [ 103.804972212706545, 1.283751233558961 ], [ 103.805013200000232, 1.283505500002174 ], [ 103.805027814727268, 1.283754237664928 ], [ 103.805998914821558, 1.283696437661776 ], [ 103.805984299999878, 1.283447700000632 ], [ 103.806035874783689, 1.283691405220054 ], [ 103.806110974790528, 1.283675305218245 ], [ 103.806059399999853, 1.283431600001075 ], [ 103.806145894074589, 1.283665070014605 ], [ 103.806188794077997, 1.283648970013029 ], [ 103.806102299999864, 1.283415499999049 ], [ 103.806276789818881, 1.283592259768425 ], [ 103.80629958981892, 1.283569459766663 ], [ 103.806125100000713, 1.283392699999725 ], [ 103.806308752183568, 1.283467116531245 ], [ 103.806319261046184, 1.283685781233672 ], [ 103.807235361135298, 1.283641181230993 ], [ 103.807223400000296, 1.283392300000225 ], [ 103.807264867921219, 1.283637951864386 ], [ 103.807291767923147, 1.283633351864228 ], [ 103.807250299999694, 1.283387699999541 ], [ 103.807423025122787, 1.283566206908412 ], [ 103.807433125122301, 1.283556306906995 ], [ 103.807260400000047, 1.2833777999997 ], [ 103.807485011910188, 1.283482585348168 ], [ 103.80749201190892, 1.283467385348197 ], [ 103.807267399998906, 1.283362600000357 ], [ 103.807514565660085, 1.283348415835218 ], [ 103.807508064806171, 1.283233661836571 ], [ 103.807526053582507, 1.283318230057177 ], [ 103.807555869296593, 1.283419015600662 ], [ 103.807687045290805, 1.283537448789965 ], [ 103.807812872622222, 1.283548295975632 ], [ 103.808090209665622, 1.283526712061646 ], [ 103.808661574066903, 1.283475095836892 ], [ 103.808808130671977, 1.283405107578832 ], [ 103.808895171601591, 1.283283331994618 ], [ 103.808922712728858, 1.283167191534315 ], [ 103.80892709716845, 1.283056118807931 ], [ 103.808889248778513, 1.282892215782754 ], [ 103.808920679236081, 1.282889370266515 ], [ 103.808898500000424, 1.282641200000447 ], [ 103.808979985722146, 1.282876488107411 ], [ 103.809016185725127, 1.282863788106581 ], [ 103.808934700000464, 1.282628500000698 ], [ 103.809143172276876, 1.282762890095436 ], [ 103.809158572275209, 1.282738690093395 ], [ 103.808950099999905, 1.282604299999916 ], [ 103.809196303488605, 1.282630415857203 ], [ 103.809200303485412, 1.282592215856863 ], [ 103.808954100000292, 1.282566100000024 ], [ 103.8091976330508, 1.282521302008265 ], [ 103.809126124123921, 1.282127504246243 ], [ 103.809389856339948, 1.282079613178343 ], [ 103.809459695811327, 1.282066906011739 ], [ 103.809584596045994, 1.282044228117559 ], [ 103.809613567861703, 1.282194473581136 ], [ 103.809856599999762, 1.282146999999692 ], [ 103.809622562148775, 1.282228243285224 ], [ 103.809644562143831, 1.282292443287469 ], [ 103.809878600000033, 1.282211200000049 ], [ 103.809680320598986, 1.282360399841593 ], [ 103.809724220596536, 1.282419499844935 ], [ 103.80992250000061, 1.282270300000076 ], [ 103.809833455640415, 1.282379611211188 ], [ 103.809786960088644, 1.2823848332133 ], [ 103.809792020594116, 1.282430477034419 ], [ 103.809765536915137, 1.282462988500277 ], [ 103.809798655058174, 1.282490317356187 ], [ 103.809827760053437, 1.282752833216602 ], [ 103.810126730118981, 1.282719255313904 ], [ 103.81015219374045, 1.282953556478093 ], [ 103.810138876393253, 1.282954934769647 ], [ 103.810189523611996, 1.28345066523034 ], [ 103.810910323680147, 1.283376065224482 ], [ 103.810884999999644, 1.283128200000259 ], [ 103.81091033548158, 1.283376064002789 ], [ 103.811657835552936, 1.283298663996532 ], [ 103.811632500000485, 1.283050800000061 ], [ 103.811721430489612, 1.283283340928349 ], [ 103.811773830493436, 1.283263040927157 ], [ 103.811684899999307, 1.283030499998788 ], [ 103.811870775807833, 1.283195082846904 ], [ 103.811894375806702, 1.283168082845205 ], [ 103.81170849999944, 1.283003499999691 ], [ 103.81192207039976, 1.283049330897209 ], [ 103.811937097522971, 1.283154326596545 ], [ 103.812508197576747, 1.283071526589861 ], [ 103.812472899999349, 1.282824899999713 ], [ 103.812560401315267, 1.283057989499719 ], [ 103.812595901318062, 1.283044489498671 ], [ 103.812508400000254, 1.282811400000722 ], [ 103.812719202597734, 1.282942055848728 ], [ 103.812737802596487, 1.282911655846842 ], [ 103.812527000000514, 1.282781000000373 ], [ 103.812773203828684, 1.282754887190451 ], [ 103.812752082241971, 1.282553152226855 ], [ 103.812761403867299, 1.282539620833358 ], [ 103.812851915646405, 1.282530466714459 ], [ 103.813511480916091, 1.282460691548269 ], [ 103.813688113489064, 1.282443169770309 ], [ 103.813759967014946, 1.282426928015211 ], [ 103.813884336079965, 1.282396938309968 ], [ 103.813993427600735, 1.282264271916259 ], [ 103.814030228550052, 1.282136190140732 ], [ 103.814020293771023, 1.281998734509661 ], [ 103.814014511996177, 1.281921215992648 ], [ 103.813996289575101, 1.281760764159701 ], [ 103.813977759278174, 1.281694750000182 ], [ 103.814458622728594, 1.281652358414082 ], [ 103.814435126438852, 1.28138236390066 ], [ 103.814484351609508, 1.281376366389273 ], [ 103.814469975443956, 1.281256837396719 ], [ 103.814469977751401, 1.281256837128139 ], [ 103.81448435607075, 1.281376365845783 ], [ 103.814516264475557, 1.28137247758776 ], [ 103.814531250290514, 1.281503957012217 ], [ 103.814554260080058, 1.281718715239967 ], [ 103.814792077770718, 1.281692903268993 ], [ 103.814792609614457, 1.28170069509352 ], [ 103.814634607581127, 1.281877046099268 ], [ 103.814653007580887, 1.281893746100698 ], [ 103.814804864732736, 1.2817242535887 ], [ 103.81481368335028, 1.281723643828794 ], [ 103.814738140506805, 1.281944276327824 ], [ 103.814760340508613, 1.281951976328552 ], [ 103.814839122019904, 1.281721884881192 ], [ 103.814841395205846, 1.28172172770191 ], [ 103.814859432142271, 1.281964880665551 ], [ 103.814963232151982, 1.281957080664912 ], [ 103.814945241167933, 1.281714547306982 ], [ 103.815044467674966, 1.281707686318904 ], [ 103.815041610006631, 1.281665819813866 ], [ 103.815046539914846, 1.281665284736589 ], [ 103.815032855961817, 1.281537567957021 ], [ 103.815027851266265, 1.281464246248308 ], [ 103.815027979931614, 1.281464239858991 ], [ 103.815050664282523, 1.281707179101544 ], [ 103.815586664333281, 1.281656479097459 ], [ 103.815566267350633, 1.281438037021627 ], [ 103.815578825150084, 1.281437471198393 ], [ 103.81567953261262, 1.281628509220417 ], [ 103.815757432617104, 1.281586909216931 ], [ 103.815676652321216, 1.281433672243102 ], [ 103.815704600002135, 1.281433672242365 ], [ 103.815704600002277, 1.281417222359557 ], [ 103.815835407914093, 1.281521583795464 ], [ 103.815874707912741, 1.281471683792512 ], [ 103.815704600001553, 1.281335967950351 ], [ 103.815704600001155, 1.281327745103902 ], [ 103.815906390055588, 1.281419311362322 ], [ 103.815924890053225, 1.28137801135991 ], [ 103.815704600001197, 1.281278050357928 ], [ 103.815704600000458, 1.281276319303137 ], [ 103.815944626861679, 1.281308291914229 ], [ 103.815952726856622, 1.28124669191351 ], [ 103.815875371660198, 1.281236387870891 ], [ 103.816169013575688, 1.28120006011613 ], [ 103.81651797072351, 1.281097846263931 ], [ 103.816720226006424, 1.280972589921162 ], [ 103.817086770578697, 1.280731911919958 ], [ 103.81737655709847, 1.280531849673659 ], [ 103.817481248647312, 1.280661702923918 ], [ 103.816739460179846, 1.281156582288689 ], [ 103.815803533636966, 1.281722990855648 ], [ 103.815270147294811, 1.282041624261858 ], [ 103.814341310439318, 1.282596358699718 ], [ 103.813654877466476, 1.282968233031778 ], [ 103.812404197848224, 1.283397826937472 ], [ 103.811216348259165, 1.283589446957048 ], [ 103.80967360511282, 1.283677297746054 ], [ 103.808620194728036, 1.28373307182474 ], [ 103.808631711315471, 1.283953417196252 ], [ 103.808631674562506, 1.283953418390561 ], [ 103.808619874012251, 1.283733089015405 ], [ 103.808151984249321, 1.283758474524865 ], [ 103.808113596073653, 1.283759896309381 ], [ 103.808122451527723, 1.28400210397746 ], [ 103.808122345245764, 1.284002107092846 ], [ 103.808109705114973, 1.283760071276206 ], [ 103.807625805161777, 1.283785671274632 ], [ 103.807638799998955, 1.284034499985802 ], [ 103.807618261094049, 1.283786186764924 ], [ 103.805976805795481, 1.283923723276283 ], [ 103.804730056151342, 1.283996040542321 ], [ 103.80435396622461, 1.284017839959201 ], [ 103.804368199826982, 1.284266596972435 ], [ 103.804353929426711, 1.284017842094892 ], [ 103.803774933460687, 1.284051489560281 ], [ 103.802226437879142, 1.284130043682925 ], [ 103.802235271062699, 1.284306433679137 ], [ 103.802231960041397, 1.284308356897817 ], [ 103.802214505985162, 1.284130940361873 ], [ 103.80206854200172, 1.284145486943775 ], [ 103.802060678226383, 1.284146235874442 ], [ 103.802061282796004, 1.284152666430058 ], [ 103.802058966480132, 1.284148316085897 ], [ 103.80205877399645, 1.284146424704973 ], [ 103.802058001811474, 1.284146504312123 ], [ 103.801900808083303, 1.283851273826876 ], [ 103.801772296137699, 1.283580609054868 ], [ 103.801695641412806, 1.283231917316484 ], [ 103.801690510192074, 1.283008856714884 ], [ 103.802279363741192, 1.281703377570024 ] ], [ [ 103.804741657412066, 1.280297740342411 ], [ 103.804741658722179, 1.280297735791662 ], [ 103.804749300332546, 1.280301600167733 ], [ 103.804741657412066, 1.280297740342411 ] ], [ [ 103.804781327217242, 1.280159987575396 ], [ 103.804783630939554, 1.280151987934473 ], [ 103.804812199998807, 1.280175599999273 ], [ 103.804781327217242, 1.280159987575396 ] ], [ [ 103.804856299154423, 1.279901964788405 ], [ 103.804871506378106, 1.279869381479203 ], [ 103.804963300001177, 1.279990400001583 ], [ 103.804856299154423, 1.279901964788405 ] ], [ [ 103.804796081591078, 1.278799492347639 ], [ 103.804796075892355, 1.278799509770164 ], [ 103.8047957257549, 1.278799496942353 ], [ 103.804795731445537, 1.278799479458332 ], [ 103.804796081591078, 1.278799492347639 ] ], [ [ 103.804765531465279, 1.278798367733666 ], [ 103.804765524074554, 1.278798390442185 ], [ 103.804764728752403, 1.278798361303686 ], [ 103.804764736104488, 1.27879833845499 ], [ 103.804765531465279, 1.278798367733666 ] ], [ [ 103.803962875204505, 1.277649033483016 ], [ 103.804007172729129, 1.277708013899918 ], [ 103.803994321275624, 1.277712466236105 ], [ 103.803962875204505, 1.277649033483016 ] ], [ [ 103.804629039021464, 1.278203251806554 ], [ 103.80462903473942, 1.278203217569966 ], [ 103.804666400000471, 1.278174800000527 ], [ 103.804629039021464, 1.278203251806554 ] ], [ [ 103.804926323203816, 1.278290413135043 ], [ 103.804928716395253, 1.278288590628671 ], [ 103.804939052655541, 1.278327414828094 ], [ 103.804938765807975, 1.278327524155376 ], [ 103.804926323203816, 1.278290413135043 ] ], [ [ 103.804958123654174, 1.278266195877952 ], [ 103.804982472474762, 1.278247653320367 ], [ 103.804974425127085, 1.278313933186373 ], [ 103.804971163801326, 1.27831517618785 ], [ 103.804958123654174, 1.278266195877952 ] ], [ [ 103.804798659022438, 1.279470677414899 ], [ 103.804798679044495, 1.279470682128673 ], [ 103.804798685257794, 1.279470690237277 ], [ 103.804798665237541, 1.279470685519886 ], [ 103.804798659022438, 1.279470677414899 ] ], [ [ 103.803260650551195, 1.277277817111119 ], [ 103.803294, 1.277301800000283 ], [ 103.803260614658797, 1.277277847433145 ], [ 103.803260650551195, 1.277277817111119 ] ], [ [ 103.805696999982942, 1.279704999884835 ], [ 103.805719658810219, 1.279857911816287 ], [ 103.80571961533478, 1.279858218495882 ], [ 103.805696999982942, 1.279704999884835 ] ], [ [ 103.80529216630903, 1.282086127453505 ], [ 103.805322879689541, 1.282097715118041 ], [ 103.805318746166293, 1.282123285267991 ], [ 103.805331541542955, 1.282125380605097 ], [ 103.805338600000084, 1.282225600000248 ], [ 103.80529216630903, 1.282086127453505 ] ], [ [ 103.822610890250289, 1.27503011033631 ], [ 103.822612305186809, 1.275048622445269 ], [ 103.8225158, 1.275134599999864 ], [ 103.822593498473864, 1.275002740373958 ], [ 103.822610890250289, 1.27503011033631 ] ], [ [ 103.821133458259794, 1.275146987244326 ], [ 103.821132, 1.275386300000525 ], [ 103.821065394136994, 1.275166461073409 ], [ 103.821133458259794, 1.275146987244326 ] ], [ [ 103.820240819177656, 1.275636503900416 ], [ 103.820242637151892, 1.275635524754694 ], [ 103.820244391288057, 1.275642315934925 ], [ 103.820243156877481, 1.275642907430312 ], [ 103.820240819177656, 1.275636503900416 ] ], [ [ 103.820310908260836, 1.275726361843335 ], [ 103.820313566065209, 1.275735134185149 ], [ 103.82030996045269, 1.275736627702896 ], [ 103.820307705251764, 1.275727896637441 ], [ 103.820310908260836, 1.275726361843335 ] ], [ [ 103.819827020463649, 1.275692670469861 ], [ 103.819893174948831, 1.275817097688373 ], [ 103.819932503732545, 1.275900242447277 ], [ 103.819963449139138, 1.275975922422192 ], [ 103.82008696247874, 1.276405059184007 ], [ 103.820087556875109, 1.276511836308262 ], [ 103.820003345098769, 1.276510085945892 ], [ 103.819603289057369, 1.27651662774368 ], [ 103.819588867733742, 1.276516627743927 ], [ 103.819514538916835, 1.276491991137889 ], [ 103.819511970567277, 1.27648306306687 ], [ 103.819457046010143, 1.276390789821616 ], [ 103.819348920506457, 1.276328879253287 ], [ 103.819152613635239, 1.276297624671159 ], [ 103.819034131824736, 1.276317744223697 ], [ 103.819017612233949, 1.276330912013072 ], [ 103.819020388543535, 1.276327478941731 ], [ 103.819258371572374, 1.276099997906864 ], [ 103.819305582789625, 1.276059025037991 ], [ 103.819827020463649, 1.275692670469861 ] ], [ [ 103.819874741179106, 1.277343576356088 ], [ 103.8196740082454, 1.27799406945274 ], [ 103.819422183403688, 1.277908216812746 ], [ 103.819264242269313, 1.277854735161053 ], [ 103.819233957397557, 1.277844493004114 ], [ 103.819246852016207, 1.277794949650886 ], [ 103.819546842378955, 1.277889325303802 ], [ 103.819694557607292, 1.27741367469347 ], [ 103.819187557648974, 1.277254174708325 ], [ 103.819113699999974, 1.277492 ], [ 103.819069690287904, 1.277246796510373 ], [ 103.819039990290605, 1.277252196509936 ], [ 103.819084, 1.277497400000056 ], [ 103.818895253223687, 1.277336161544148 ], [ 103.818872653222925, 1.27736296154221 ], [ 103.819061400000578, 1.277524200000665 ], [ 103.818821914088659, 1.27746105795759 ], [ 103.818763484706921, 1.277685553604549 ], [ 103.81833702544921, 1.277536455738322 ], [ 103.818286616305556, 1.277518787583056 ], [ 103.818205200000691, 1.2777541 ], [ 103.818282511216637, 1.277517389198152 ], [ 103.818220548717363, 1.277496888496165 ], [ 103.818300216234974, 1.277368853709166 ], [ 103.818335637902138, 1.277311897284363 ], [ 103.818696226766178, 1.276728324186351 ], [ 103.818894477603607, 1.276483175299908 ], [ 103.818811027289314, 1.27669837757877 ], [ 103.818804162878521, 1.276805157143477 ], [ 103.818826840127784, 1.276864892352718 ], [ 103.818873015141989, 1.276992552711306 ], [ 103.819460257680987, 1.277200475335255 ], [ 103.819874741179106, 1.277343576356088 ] ], [ [ 103.818924509505635, 1.277966234501147 ], [ 103.818925291071366, 1.277966550168712 ], [ 103.818925290473828, 1.27796655192589 ], [ 103.818924508681675, 1.277966237138271 ], [ 103.818924509505635, 1.277966234501147 ] ], [ [ 103.820367644358626, 1.277087061695998 ], [ 103.820366067487882, 1.277091439360552 ], [ 103.820366061741751, 1.277091437629568 ], [ 103.820367635353506, 1.277087059286724 ], [ 103.820367644358626, 1.277087061695998 ] ], [ [ 103.820193459300668, 1.277189700790607 ], [ 103.820193420683708, 1.277189808238911 ], [ 103.820193177741245, 1.277189732418418 ], [ 103.820193215690594, 1.277189627418226 ], [ 103.820193459300668, 1.277189700790607 ] ], [ [ 103.821157500000581, 1.275396399999354 ], [ 103.821174450625534, 1.275380430739364 ], [ 103.821174860594908, 1.275391436334697 ], [ 103.821157500000581, 1.275396399999354 ] ], [ [ 103.820195323608232, 1.275781746815358 ], [ 103.820196073827276, 1.275783801849292 ], [ 103.820194939662457, 1.275784271642969 ], [ 103.820194235458118, 1.275782268226805 ], [ 103.820195323608232, 1.275781746815358 ] ], [ [ 103.820775499999598, 1.277233600002372 ], [ 103.820771866278506, 1.277247595784428 ], [ 103.820771163271473, 1.277246988700681 ], [ 103.820775499999598, 1.277233600002372 ] ], [ [ 103.821168759305166, 1.27722835552378 ], [ 103.821168768627629, 1.277228323925314 ], [ 103.821174700000412, 1.277230500000314 ], [ 103.821168759305166, 1.27722835552378 ] ], [ [ 103.821274713518434, 1.27697810225296 ], [ 103.821268700070434, 1.276972600063708 ], [ 103.821274736162536, 1.276978087568893 ], [ 103.821274713518434, 1.27697810225296 ] ], [ [ 103.821375637964678, 1.276950013854835 ], [ 103.821366300025744, 1.276977999920683 ], [ 103.821375370659922, 1.276950187196831 ], [ 103.821375637964678, 1.276950013854835 ] ], [ [ 103.82126694243685, 1.277129466584896 ], [ 103.821266766888968, 1.277130004854847 ], [ 103.821217, 1.277113200000128 ], [ 103.82126694243685, 1.277129466584896 ] ], [ [ 103.821264707753301, 1.277136318652707 ], [ 103.821264284061002, 1.277137617796271 ], [ 103.821214900000697, 1.277119499999858 ], [ 103.821264707753301, 1.277136318652707 ] ], [ [ 103.821439051412952, 1.277188180400482 ], [ 103.821439850990714, 1.277185784043294 ], [ 103.821441332055116, 1.27718626643574 ], [ 103.821440548821641, 1.27718868603247 ], [ 103.821439051412952, 1.277188180400482 ] ], [ [ 103.821479402743151, 1.277068656914154 ], [ 103.821478978291097, 1.27706851841231 ], [ 103.821494700000287, 1.277021400000723 ], [ 103.821479402743151, 1.277068656914154 ] ], [ [ 103.822168400000351, 1.277303100000325 ], [ 103.822211964096809, 1.277289995585101 ], [ 103.822207569861106, 1.277302860965841 ], [ 103.822168400000351, 1.277303100000325 ] ], [ [ 103.822258137195419, 1.277319152987366 ], [ 103.822258049834971, 1.277319407997102 ], [ 103.822257826789311, 1.277319408724148 ], [ 103.822257913671748, 1.277319154351987 ], [ 103.822258137195419, 1.277319152987366 ] ], [ [ 103.822201887997451, 1.277319496249547 ], [ 103.822201855554468, 1.277319591234856 ], [ 103.82219752533365, 1.277319605354819 ], [ 103.822197307401026, 1.277319524202489 ], [ 103.822201887997451, 1.277319496249547 ] ], [ [ 103.822226085832497, 1.27741271320388 ], [ 103.822220133342356, 1.277430088945182 ], [ 103.822220034690318, 1.277430055911919 ], [ 103.82222595803627, 1.277412713620237 ], [ 103.822226085832497, 1.27741271320388 ] ], [ [ 103.821436614071317, 1.277200841425116 ], [ 103.821435021801747, 1.277200257260345 ], [ 103.821436949542402, 1.277194479768236 ], [ 103.821438503508531, 1.277195004497963 ], [ 103.821436614071317, 1.277200841425116 ] ], [ [ 103.818746774681941, 1.27852698110836 ], [ 103.818766751780103, 1.278523107922474 ], [ 103.818786791156569, 1.278526609176194 ], [ 103.818799955684582, 1.278534433184413 ], [ 103.81875524849022, 1.278574480376046 ], [ 103.818718743045864, 1.278553498537348 ], [ 103.818724693180371, 1.278542275119625 ], [ 103.818746774681941, 1.27852698110836 ] ], [ [ 103.818801744728688, 1.278535496458256 ], [ 103.818804705511141, 1.278537256125087 ], [ 103.818819539992035, 1.278557199301056 ], [ 103.818825025683779, 1.278584551279707 ], [ 103.818817732030865, 1.278610393361079 ], [ 103.818777475092261, 1.278587255318628 ], [ 103.818801744728688, 1.278535496458256 ] ], [ [ 103.818710883540078, 1.278598507654865 ], [ 103.818710593122546, 1.278568871297147 ], [ 103.818718686697082, 1.278553604824322 ], [ 103.818754477354261, 1.278575171132805 ], [ 103.818716557179869, 1.278609138740354 ], [ 103.818710883540078, 1.278598507654865 ] ], [ [ 103.818752295777117, 1.27864095421175 ], [ 103.818776826693522, 1.27858863813231 ], [ 103.818817034187603, 1.278612865883581 ], [ 103.818816291481284, 1.278615497361529 ], [ 103.81880467298862, 1.278629313140899 ], [ 103.818793197445203, 1.278636719582797 ], [ 103.818770451155231, 1.278642812041085 ], [ 103.818755809633643, 1.278642093992999 ], [ 103.818752295777117, 1.27864095421175 ] ], [ [ 103.822555200000167, 1.275179399999955 ], [ 103.822619479251074, 1.27512213289336 ], [ 103.822621971702731, 1.275141463897532 ], [ 103.822555200000167, 1.275179399999955 ] ], [ [ 103.822630953845135, 1.275211127781439 ], [ 103.822632000167047, 1.275219242866968 ], [ 103.822587, 1.275236100000527 ], [ 103.822630953845135, 1.275211127781439 ] ], [ [ 103.822655175549741, 1.275398986948069 ], [ 103.822655268857972, 1.275399710632154 ], [ 103.822648199998838, 1.275401600000101 ], [ 103.822655175549741, 1.275398986948069 ] ], [ [ 103.824231400616029, 1.27447299979458 ], [ 103.824254295676894, 1.274465364452658 ], [ 103.824254298711196, 1.27446538024469 ], [ 103.824231400616029, 1.27447299979458 ] ], [ [ 103.821995111724419, 1.272008233667387 ], [ 103.822003828035932, 1.271995721051262 ], [ 103.822088600010943, 1.271911199988397 ], [ 103.821995111724419, 1.272008233667387 ] ], [ [ 103.820713336663033, 1.272848206845183 ], [ 103.820715143469783, 1.272847812515681 ], [ 103.820763095411351, 1.2728413034732 ], [ 103.820825989250537, 1.272844445855045 ], [ 103.820824677626746, 1.27284576828798 ], [ 103.820705153452579, 1.27296359136398 ], [ 103.820709185345734, 1.272871068225308 ], [ 103.820710234971159, 1.272865282486827 ], [ 103.820713336663033, 1.272848206845183 ] ], [ [ 103.821071700002861, 1.27294940000227 ], [ 103.821120506895028, 1.272990790866937 ], [ 103.821141498112027, 1.273019528721272 ], [ 103.821071700002861, 1.27294940000227 ] ], [ [ 103.821277556479274, 1.272726935031288 ], [ 103.821277181230357, 1.272727483327921 ], [ 103.821272700004585, 1.272723300003852 ], [ 103.821277556479274, 1.272726935031288 ] ], [ [ 103.821323099009035, 1.273035801196599 ], [ 103.821330221442352, 1.273027293302524 ], [ 103.821373833524049, 1.272979967378286 ], [ 103.821323684981579, 1.273061680870109 ], [ 103.821320604839002, 1.273058461987399 ], [ 103.821323099009035, 1.273035801196599 ] ], [ [ 103.821483373827093, 1.272877505535743 ], [ 103.821582199984874, 1.272784100014344 ], [ 103.821480251651977, 1.272883330108351 ], [ 103.821483701310896, 1.272877709132423 ], [ 103.821483373827093, 1.272877505535743 ] ], [ [ 103.821422915327517, 1.272976755590088 ], [ 103.821447541381787, 1.273002385586901 ], [ 103.821353600000037, 1.27308970000057 ], [ 103.821422915327517, 1.272976755590088 ] ], [ [ 103.82068671842471, 1.273356156320637 ], [ 103.820840891473139, 1.273520445129983 ], [ 103.820863014388195, 1.273499414143597 ], [ 103.820979382577633, 1.273613007405329 ], [ 103.821090315374363, 1.273721441722907 ], [ 103.821196352313592, 1.273825115730107 ], [ 103.821262733903794, 1.273892473523859 ], [ 103.821430541590132, 1.273724945162737 ], [ 103.821431043675062, 1.273725490659933 ], [ 103.821433592777211, 1.273723113881261 ], [ 103.821282927360627, 1.273910827052149 ], [ 103.82131502736064, 1.273936927053914 ], [ 103.821462659882727, 1.273752992546326 ], [ 103.821465386899533, 1.273756099282347 ], [ 103.821377937968805, 1.273974160163603 ], [ 103.821406737971415, 1.273985860165183 ], [ 103.821488375934578, 1.273782289388638 ], [ 103.821496221295774, 1.273791227164432 ], [ 103.821477740127136, 1.274003016760514 ], [ 103.821513940130856, 1.27400621676015 ], [ 103.821529401959907, 1.273829028016153 ], [ 103.821534411651314, 1.273834735273134 ], [ 103.821562215091447, 1.27381001241326 ], [ 103.821648952779697, 1.273979519104304 ], [ 103.82166603892783, 1.2739706622025 ], [ 103.821666437516299, 1.274002277780799 ], [ 103.821666834441757, 1.274169885816812 ], [ 103.821666834440862, 1.274169885816812 ], [ 103.821667511768183, 1.274459855320086 ], [ 103.821576407217762, 1.274470630491363 ], [ 103.821423292446156, 1.274488753019486 ], [ 103.821061750724738, 1.274544790396815 ], [ 103.820888116340043, 1.274595484159568 ], [ 103.820683845712139, 1.274655711372043 ], [ 103.820267740103148, 1.274780147356696 ], [ 103.819961099699626, 1.274919406394672 ], [ 103.819810719440198, 1.274658572312513 ], [ 103.819792125124195, 1.274595213922753 ], [ 103.819787926507388, 1.274596462164738 ], [ 103.819787906147965, 1.274596193088019 ], [ 103.819792049402309, 1.274594956417092 ], [ 103.819786348646801, 1.274575608403908 ], [ 103.819780189894061, 1.274494211388458 ], [ 103.819787343428374, 1.274411945659808 ], [ 103.819828649313962, 1.274315503772019 ], [ 103.819904166535451, 1.274207276630391 ], [ 103.820006648063767, 1.274114192966763 ], [ 103.820309532202089, 1.273914549665254 ], [ 103.8201739, 1.273706099999936 ], [ 103.820311791394786, 1.273913042689994 ], [ 103.820484408516464, 1.273796526129375 ], [ 103.82052665283824, 1.273769996324425 ], [ 103.820395600000239, 1.273558600000126 ], [ 103.820526913594122, 1.273769832340846 ], [ 103.820558513596353, 1.273749932339172 ], [ 103.820427199999955, 1.273538700000022 ], [ 103.820583368378806, 1.273732041119688 ], [ 103.820718160620061, 1.273621747463308 ], [ 103.820718165481168, 1.273621743485934 ], [ 103.820718168382541, 1.273621741111991 ], [ 103.820827060623188, 1.273532647457349 ], [ 103.820686696208739, 1.27335885779254 ], [ 103.82068671842471, 1.273356156320637 ] ], [ [ 103.820315787982878, 1.273532275200074 ], [ 103.820349900006391, 1.273587300009973 ], [ 103.820313133521324, 1.273532122124619 ], [ 103.820315787982878, 1.273532275200074 ] ], [ [ 103.819761217289368, 1.274604159126746 ], [ 103.819762321492718, 1.27460407449218 ], [ 103.8195547001134, 1.274665799966419 ], [ 103.819761217289368, 1.274604159126746 ] ], [ [ 103.819799400000278, 1.275135399999794 ], [ 103.819811941966975, 1.275128074986722 ], [ 103.819811943993159, 1.27512807951127 ], [ 103.819799400000278, 1.275135399999794 ] ], [ [ 103.822409081541096, 1.27365107933696 ], [ 103.822409186159064, 1.273630035636273 ], [ 103.822463777564707, 1.273504434426872 ], [ 103.822526032617489, 1.273495261015478 ], [ 103.822409081541096, 1.27365107933696 ] ], [ [ 103.822190827950593, 1.27342503864234 ], [ 103.822176845738511, 1.273425070020824 ], [ 103.822172, 1.273295600000224 ], [ 103.822190827950593, 1.27342503864234 ] ], [ [ 103.822005800000483, 1.273228500000012 ], [ 103.821924817389913, 1.273326944135364 ], [ 103.821916016031565, 1.273314750588419 ], [ 103.822005800000483, 1.273228500000012 ] ], [ [ 103.822121687146833, 1.273174910618609 ], [ 103.822125069143908, 1.273170799392938 ], [ 103.822125126260815, 1.273172325467484 ], [ 103.822081899996675, 1.27327720000765 ], [ 103.822121687146833, 1.273174910618609 ] ], [ [ 103.822129800000141, 1.273297200000309 ], [ 103.822134589402197, 1.273425164850825 ], [ 103.822077003306333, 1.273425294082682 ], [ 103.822129800000141, 1.273297200000309 ] ], [ [ 103.82198558218893, 1.273425499243279 ], [ 103.82191541714937, 1.273425656699759 ], [ 103.821944760212034, 1.273389986669024 ], [ 103.821957817562662, 1.27338304677312 ], [ 103.821954955927438, 1.273377592547007 ], [ 103.822048400000781, 1.273263999998725 ], [ 103.82198558218893, 1.273425499243279 ] ], [ [ 103.821858859566774, 1.273407123821062 ], [ 103.821727199998932, 1.273477100000605 ], [ 103.821913137549885, 1.273341142389139 ], [ 103.821858859566774, 1.273407123821062 ] ], [ [ 103.821806081920172, 1.273378782464326 ], [ 103.821707999998495, 1.27345050000113 ], [ 103.821794318856561, 1.273366378113349 ], [ 103.821806081920172, 1.273378782464326 ] ], [ [ 103.821741513281367, 1.273310693729645 ], [ 103.821654799999621, 1.273395200000651 ], [ 103.821739123816755, 1.273308173997941 ], [ 103.821741513281367, 1.273310693729645 ] ], [ [ 103.821015252960166, 1.27331408525778 ], [ 103.82101800966403, 1.273311228249146 ], [ 103.821018012193406, 1.273311230848304 ], [ 103.821015257249755, 1.273314089829365 ], [ 103.821015252960166, 1.27331408525778 ] ], [ [ 103.821745722125939, 1.273498782427318 ], [ 103.821743921518035, 1.27349673109694 ], [ 103.821770784308924, 1.273482453703745 ], [ 103.821749584314375, 1.27349843280282 ], [ 103.821745722125939, 1.273498782427318 ] ], [ [ 103.821665801976806, 1.273951867557496 ], [ 103.821583519872405, 1.273791068170342 ], [ 103.821593545958763, 1.273782152959317 ], [ 103.821664650075761, 1.273860500150818 ], [ 103.821665801976806, 1.273951867557496 ] ], [ [ 103.812920300024743, 1.275118899990179 ], [ 103.812921493432086, 1.275118410656886 ], [ 103.812921501108121, 1.275118429688403 ], [ 103.812920300024743, 1.275118899990179 ] ], [ [ 103.81326115325713, 1.275455687780428 ], [ 103.813265008790395, 1.275465200320661 ], [ 103.813264675819767, 1.275465318143233 ], [ 103.81326084350998, 1.27545581685348 ], [ 103.81326115325713, 1.275455687780428 ] ], [ [ 103.812562965229901, 1.275189734380181 ], [ 103.812596900000031, 1.275263300000126 ], [ 103.812562191501499, 1.27519003565674 ], [ 103.812562965229901, 1.275189734380181 ] ], [ [ 103.812169080264425, 1.275067204013173 ], [ 103.812100400022345, 1.27509369999136 ], [ 103.8121686228599, 1.275066014029751 ], [ 103.812169080264425, 1.275067204013173 ] ], [ [ 103.811155831076235, 1.273419005256314 ], [ 103.811123024316103, 1.273432536664273 ], [ 103.811216900000545, 1.273663100000572 ], [ 103.811121014991826, 1.273433375822437 ], [ 103.811014905214677, 1.273478241695556 ], [ 103.810693497764774, 1.273611513063953 ], [ 103.810731997871585, 1.273705571514794 ], [ 103.810731954781417, 1.273705570401141 ], [ 103.810693436180713, 1.273611538609909 ], [ 103.810634636184886, 1.273635938607408 ], [ 103.810635392212859, 1.273637784227565 ], [ 103.810632925370655, 1.273637939149638 ], [ 103.810632467447732, 1.27363685070713 ], [ 103.810629393048686, 1.273638160987077 ], [ 103.810556311666943, 1.273642750638565 ], [ 103.810435157699345, 1.273641540029829 ], [ 103.810432700000291, 1.273890699999838 ], [ 103.810429979463137, 1.273641542796101 ], [ 103.810192059090923, 1.273644174443842 ], [ 103.810190198720548, 1.273451139472819 ], [ 103.81004679873493, 1.273452539472143 ], [ 103.810048626393225, 1.273642181299979 ], [ 103.810046601595815, 1.273642202658042 ], [ 103.810038328496972, 1.273452768118961 ], [ 103.809791779557017, 1.273463675700881 ], [ 103.809673911702887, 1.273453870402081 ], [ 103.809623827978413, 1.273457092844124 ], [ 103.809621857165212, 1.273315410256024 ], [ 103.809620708648197, 1.273092346851041 ], [ 103.809801047874075, 1.273094264333 ], [ 103.809983263889706, 1.273095367457758 ], [ 103.810154908411505, 1.273096472250121 ], [ 103.810367506984335, 1.273096472250903 ], [ 103.810406790141471, 1.273098035759494 ], [ 103.810531902353461, 1.273098968899063 ], [ 103.810602925452031, 1.273131794700301 ], [ 103.810640877566868, 1.273149197134045 ], [ 103.810711252324467, 1.273169246540068 ], [ 103.810767114817239, 1.273185172250574 ], [ 103.810961611840412, 1.273185172248883 ], [ 103.811039451510169, 1.273128972654111 ], [ 103.811155831076235, 1.273419005256314 ] ], [ [ 103.808435375772362, 1.2731246902282 ], [ 103.808435041853713, 1.273171187866345 ], [ 103.80843454372004, 1.273227376771279 ], [ 103.808680917110337, 1.2732295893765 ], [ 103.808680917100446, 1.273229589706594 ], [ 103.808434543116462, 1.273227445834908 ], [ 103.808434414860017, 1.273242376891952 ], [ 103.808035538166692, 1.273245234064705 ], [ 103.808039061833696, 1.27374356593465 ], [ 103.808095427636786, 1.273743162188103 ], [ 103.808093576512064, 1.273745844291874 ], [ 103.808160805880078, 1.273792848399623 ], [ 103.80805168359997, 1.273891015349578 ], [ 103.808049352277607, 1.273891044016632 ], [ 103.808049377116546, 1.273893090273596 ], [ 103.808017518141625, 1.273921750763835 ], [ 103.808048004068169, 1.273956080005132 ], [ 103.807929816439497, 1.273955927960069 ], [ 103.807929500000114, 1.274205099999777 ], [ 103.807925922617244, 1.273955953771801 ], [ 103.807870981062223, 1.273956752921541 ], [ 103.807789408029123, 1.27395790010894 ], [ 103.807788361502716, 1.273829702141752 ], [ 103.807788063553588, 1.273764651349764 ], [ 103.807646472129321, 1.273765308311075 ], [ 103.80764647523641, 1.273764951343811 ], [ 103.807788058348493, 1.273763817531605 ], [ 103.807786858333856, 1.273612017530734 ], [ 103.807647833669549, 1.273613130855898 ], [ 103.807648356109965, 1.27354965351598 ], [ 103.807649154250782, 1.273467743609646 ], [ 103.807401600004582, 1.273465300000308 ], [ 103.807649156422158, 1.273467509494013 ], [ 103.807650156411668, 1.273354009493318 ], [ 103.807389616727363, 1.273351684120618 ], [ 103.807381018584806, 1.273270163356984 ], [ 103.807453679109258, 1.273250522093089 ], [ 103.80821012334674, 1.273157978381658 ], [ 103.808435375772362, 1.2731246902282 ] ], [ [ 103.808930771244533, 1.273089837157764 ], [ 103.809089484924186, 1.273087392417045 ], [ 103.809125546232906, 1.273087776362472 ], [ 103.809126737179653, 1.273319091217146 ], [ 103.809191957687517, 1.273318751048007 ], [ 103.809191963006171, 1.273320369309587 ], [ 103.809126758113905, 1.273321288108725 ], [ 103.809130046454044, 1.273557691537571 ], [ 103.808882462519975, 1.273560782700012 ], [ 103.808895799027198, 1.27353718018015 ], [ 103.808696137905244, 1.273422893916409 ], [ 103.808761167042476, 1.273424859914097 ], [ 103.808761474736713, 1.273414549847801 ], [ 103.80892816050536, 1.273415683095744 ], [ 103.808928458921088, 1.273371218508317 ], [ 103.808929656585676, 1.273231788936921 ], [ 103.808930156275537, 1.273175423203939 ], [ 103.808768654530013, 1.273173972823655 ], [ 103.808768658909955, 1.273173826060647 ], [ 103.808930159663404, 1.273175000937907 ], [ 103.808930771244533, 1.273089837157764 ] ], [ [ 103.809629425173952, 1.274106943336381 ], [ 103.809740812575967, 1.274147759050914 ], [ 103.809871711427888, 1.274142419355969 ], [ 103.810054364220321, 1.274140492639721 ], [ 103.810184734174072, 1.274142541867441 ], [ 103.810187729030972, 1.273949531525314 ], [ 103.810189212734784, 1.273949517039947 ], [ 103.81019132051388, 1.274142557202614 ], [ 103.810432831416904, 1.274139885841975 ], [ 103.810560342312343, 1.274141159969793 ], [ 103.810562799999801, 1.273891999994504 ], [ 103.810578217434582, 1.274140688597392 ], [ 103.810702417446649, 1.274132888596814 ], [ 103.810687, 1.273884199999871 ], [ 103.810783532565836, 1.274113649290824 ], [ 103.810824450331424, 1.274096210528082 ], [ 103.810882131724071, 1.274072274711796 ], [ 103.811204302275897, 1.273938686921104 ], [ 103.811109999999886, 1.273708299999967 ], [ 103.811205885016463, 1.273938024178185 ], [ 103.81131178219799, 1.273893248194153 ], [ 103.811323794183025, 1.273888293756817 ], [ 103.811304349080203, 1.274006142790554 ], [ 103.811381174988455, 1.274199609536925 ], [ 103.811516890928374, 1.274311080541264 ], [ 103.811555159989766, 1.274414652794713 ], [ 103.811787200000524, 1.274327800000096 ], [ 103.811559199211288, 1.27442488657005 ], [ 103.811581099208055, 1.274476986571728 ], [ 103.811809099880719, 1.27437990005057 ], [ 103.811581230071837, 1.274477297310818 ], [ 103.811671163183803, 1.274690442792191 ], [ 103.811692633017742, 1.274743972972723 ], [ 103.811815031387539, 1.274694242567474 ], [ 103.811815364191901, 1.274694343228801 ], [ 103.811692808095685, 1.274744408306536 ], [ 103.811712573180984, 1.274793421736749 ], [ 103.811749438972541, 1.274885036743627 ], [ 103.811882392191563, 1.274830840131352 ], [ 103.811882621591138, 1.274830986079685 ], [ 103.811749636608667, 1.274885526395591 ], [ 103.811791164911213, 1.274988102322262 ], [ 103.8118699969788, 1.275184886174298 ], [ 103.811912539488389, 1.27529659598055 ], [ 103.811904139656718, 1.275300487349914 ], [ 103.811858966083349, 1.27519808564398 ], [ 103.811632699999748, 1.275299199999518 ], [ 103.811530590300109, 1.275072209446957 ], [ 103.811514808989131, 1.275079400930733 ], [ 103.81151480270745, 1.275079403792994 ], [ 103.811381169628461, 1.275140286444636 ], [ 103.811339620524862, 1.275157084791707 ], [ 103.811395184074826, 1.275296304680293 ], [ 103.811393053152671, 1.275298557191736 ], [ 103.811333018232105, 1.275159866327173 ], [ 103.811263751302818, 1.275190240060541 ], [ 103.811175493489586, 1.275223892321152 ], [ 103.811175076572923, 1.275221199885737 ], [ 103.811149576575318, 1.27522519988505 ], [ 103.811150830279502, 1.275233296277954 ], [ 103.811144295255062, 1.275235788049565 ], [ 103.811156053337612, 1.275267026655556 ], [ 103.811187700000247, 1.275471400002204 ], [ 103.811099352834475, 1.275238634028487 ], [ 103.810856628203382, 1.275331960112946 ], [ 103.810844373565402, 1.275335477885238 ], [ 103.810850366317823, 1.275304670236348 ], [ 103.810796066323277, 1.275293970237134 ], [ 103.810784657737329, 1.27535261969398 ], [ 103.810771200111475, 1.27535648279067 ], [ 103.810778734326249, 1.275383070869784 ], [ 103.810771215484266, 1.275421723857012 ], [ 103.810748782996285, 1.275364101125588 ], [ 103.810700046562701, 1.275383321129584 ], [ 103.810674276849383, 1.275300790033181 ], [ 103.810623376852874, 1.275316890031798 ], [ 103.81065025116105, 1.275402958753532 ], [ 103.810598681768624, 1.275423295978321 ], [ 103.810548021989121, 1.275356050199737 ], [ 103.810513821990881, 1.275382150197923 ], [ 103.810557156339328, 1.275439672202173 ], [ 103.810547550177091, 1.275443460547318 ], [ 103.810529062881656, 1.275449895352137 ], [ 103.810485470466858, 1.275407449219333 ], [ 103.810453270466581, 1.27544094921756 ], [ 103.810479997428743, 1.275466973382362 ], [ 103.810461787548846, 1.275473311627413 ], [ 103.81051151635593, 1.275618042829983 ], [ 103.810506294857873, 1.275618210482474 ], [ 103.810449871270066, 1.275477807621585 ], [ 103.810317471279717, 1.275531707617222 ], [ 103.810410300005998, 1.275762700014265 ], [ 103.810314880807795, 1.275532779399259 ], [ 103.810162485097379, 1.275596848197644 ], [ 103.810049230292591, 1.275640519715098 ], [ 103.810137356610014, 1.27587203517507 ], [ 103.810137327333763, 1.275872048126214 ], [ 103.810043296098655, 1.275642896763397 ], [ 103.810009921692497, 1.27565677004622 ], [ 103.809983513251183, 1.27560041213684 ], [ 103.80975960000049, 1.275706700000429 ], [ 103.809983452968638, 1.275600283583532 ], [ 103.809766552936821, 1.275138083602124 ], [ 103.809542700000407, 1.275244500000095 ], [ 103.80976189718497, 1.275128681050066 ], [ 103.809657427728666, 1.274928390307053 ], [ 103.809634645230034, 1.274714069662223 ], [ 103.809629860157358, 1.274188791290291 ], [ 103.809629425173952, 1.274106943336381 ] ], [ [ 103.808893198970679, 1.274059031486015 ], [ 103.808894500000591, 1.27419640005349 ], [ 103.808892049216638, 1.274059045840876 ], [ 103.808893198970679, 1.274059031486015 ] ], [ [ 103.808638121379872, 1.273563833352421 ], [ 103.808637600000068, 1.273490099999951 ], [ 103.808763675523906, 1.273562265784341 ], [ 103.808638121379872, 1.273563833352421 ] ], [ [ 103.808676748416588, 1.273369271774833 ], [ 103.808636743680964, 1.273368999791498 ], [ 103.808636743086936, 1.273368915761522 ], [ 103.808676748652971, 1.273369263877017 ], [ 103.808676748416588, 1.273369271774833 ] ], [ [ 103.808173126689809, 1.273742605629649 ], [ 103.808217005065572, 1.273742291326913 ], [ 103.808197619907247, 1.273759730314416 ], [ 103.808173126689809, 1.273742605629649 ] ], [ [ 103.808343954653054, 1.273741381980101 ], [ 103.808358784025899, 1.273741275756077 ], [ 103.808347552098652, 1.273748136940947 ], [ 103.808343954653054, 1.273741381980101 ] ], [ [ 103.808289758471801, 1.273783441013279 ], [ 103.808258683541695, 1.273802423582615 ], [ 103.808256916611825, 1.273801188215518 ], [ 103.808285510663538, 1.273775464859458 ], [ 103.808289758471801, 1.273783441013279 ] ], [ [ 103.808231000001783, 1.274061836177053 ], [ 103.808231000001626, 1.274063152659229 ], [ 103.808227749900311, 1.2740632555468 ], [ 103.808227718010244, 1.274061876534713 ], [ 103.808231000001783, 1.274061836177053 ] ], [ [ 103.80787449999994, 1.274205899999912 ], [ 103.807874589429375, 1.274212128330191 ], [ 103.807874586465104, 1.274212128279517 ], [ 103.80787449999994, 1.274205899999912 ] ], [ [ 103.807322122729815, 1.27328608381523 ], [ 103.807328984633443, 1.273351142962419 ], [ 103.807155043589177, 1.273349590482628 ], [ 103.807154502556244, 1.273410997022739 ], [ 103.807041333849938, 1.27341038473728 ], [ 103.807041333812933, 1.273807366611797 ], [ 103.80697195673261, 1.273812497800331 ], [ 103.806983969869748, 1.273977037679097 ], [ 103.806961674233051, 1.273984006615638 ], [ 103.806903867332736, 1.273827432151109 ], [ 103.806786560861582, 1.273871305149517 ], [ 103.806743953813651, 1.273790756068358 ], [ 103.806656501740576, 1.27362523993784 ], [ 103.806921604335443, 1.273497833175364 ], [ 103.806901204333045, 1.273454833177017 ], [ 103.806677800000443, 1.273562200000301 ], [ 103.806895306198683, 1.273443195650104 ], [ 103.806875635951215, 1.2734067760333 ], [ 103.807322122729815, 1.27328608381523 ] ], [ [ 103.805923398083735, 1.27365046354039 ], [ 103.80593068361641, 1.273658759517527 ], [ 103.805928933852314, 1.273659838766051 ], [ 103.805922674530194, 1.273650850770837 ], [ 103.805923398083735, 1.27365046354039 ] ], [ [ 103.807425432780079, 1.274452213696744 ], [ 103.807425353996493, 1.274458413296343 ], [ 103.807920446004289, 1.274464786680036 ], [ 103.807920577638001, 1.27445442804152 ], [ 103.807931130560945, 1.274454274544422 ], [ 103.808028713792282, 1.274454400082801 ], [ 103.807997701104838, 1.274506733985209 ], [ 103.807986581528354, 1.274589018794756 ], [ 103.807991170464788, 1.274729309535084 ], [ 103.808025248510944, 1.274839407870366 ], [ 103.808117094806022, 1.274922643580981 ], [ 103.808211864744663, 1.274958283558589 ], [ 103.808271468237223, 1.274959737302882 ], [ 103.808365782777997, 1.27495769143474 ], [ 103.808461568909564, 1.274958380543273 ], [ 103.80867721427056, 1.274956357603817 ], [ 103.808836736624372, 1.274954333208684 ], [ 103.809034134031705, 1.274949394799781 ], [ 103.809052736501457, 1.274958303024913 ], [ 103.809057220630805, 1.274948817227444 ], [ 103.809161363753034, 1.274946211809429 ], [ 103.809162946532993, 1.274961101440032 ], [ 103.809163306781812, 1.274982436267862 ], [ 103.809165210980638, 1.274982403696157 ], [ 103.809165501531865, 1.274985136990783 ], [ 103.809169382318288, 1.275033258800153 ], [ 103.809191747591328, 1.275107715366248 ], [ 103.80932107643487, 1.275355667066672 ], [ 103.809535716907575, 1.275813052243178 ], [ 103.809598030943931, 1.275946035856808 ], [ 103.80966578346758, 1.276087527899054 ], [ 103.809695615468669, 1.276151647495154 ], [ 103.809540926526537, 1.275999983202525 ], [ 103.809398699999051, 1.275858701998204 ], [ 103.809398699994802, 1.275677427756817 ], [ 103.809292900004877, 1.27567742775729 ], [ 103.809292900003129, 1.275767844793965 ], [ 103.8092488011022, 1.275732565674137 ], [ 103.809186798136039, 1.275649808855404 ], [ 103.809169305755347, 1.275613025238818 ], [ 103.808946000000276, 1.275720599999935 ], [ 103.809169241434873, 1.275612890087207 ], [ 103.809120041428244, 1.275509590090785 ], [ 103.808896800000667, 1.275617300000341 ], [ 103.809066435291058, 1.275435816832933 ], [ 103.809023135290857, 1.27539481683567 ], [ 103.808853500000211, 1.275576299999353 ], [ 103.808875092980401, 1.275328077355536 ], [ 103.808848992983044, 1.275325777355631 ], [ 103.808827400000368, 1.275574 ], [ 103.808769083557522, 1.275331839441738 ], [ 103.808719483562626, 1.275343939441343 ], [ 103.808791431192574, 1.275642703882568 ], [ 103.808748127987045, 1.275689031513442 ], [ 103.808673558553906, 1.275725009889053 ], [ 103.808687377792353, 1.275754024678809 ], [ 103.808683864684866, 1.27575778315197 ], [ 103.808693524145838, 1.275766929524028 ], [ 103.808722726538576, 1.275828242689059 ], [ 103.808750894222072, 1.275887474743737 ], [ 103.808974200000335, 1.275779900000235 ], [ 103.808776534530409, 1.275929922142193 ], [ 103.808872434526435, 1.276057922149256 ], [ 103.809070099999062, 1.275907900001018 ], [ 103.808916056525334, 1.276102960436161 ], [ 103.809037654622983, 1.276200238920605 ], [ 103.809193697446858, 1.276355244611063 ], [ 103.809362413882084, 1.276183188767968 ], [ 103.809362447166251, 1.276183223997815 ], [ 103.809194853091839, 1.276356385093029 ], [ 103.809409653091905, 1.276566985107196 ], [ 103.809582400001048, 1.276388499998388 ], [ 103.809439741988299, 1.276592143393802 ], [ 103.809511834201672, 1.276643303323181 ], [ 103.809530676467773, 1.276682016472111 ], [ 103.809733470958435, 1.27658202878192 ], [ 103.809737418466355, 1.276591718124146 ], [ 103.809596966586795, 1.276765851602033 ], [ 103.809605166587446, 1.276772551602189 ], [ 103.809741983926415, 1.276602924259304 ], [ 103.809777924905873, 1.276691143064628 ], [ 103.809790972365604, 1.276685758254467 ], [ 103.809828160933918, 1.276818984733791 ], [ 103.809982340099609, 1.276775387361031 ], [ 103.810009388644772, 1.276834751287204 ], [ 103.810062665493234, 1.276950373414649 ], [ 103.809221931908525, 1.277271979279115 ], [ 103.80896228513123, 1.277363913595229 ], [ 103.809272808498108, 1.277244691868024 ], [ 103.80910165680028, 1.276793110963445 ], [ 103.809004897918925, 1.276531632854503 ], [ 103.808772900000022, 1.27661860000043 ], [ 103.808947389103324, 1.276441839970418 ], [ 103.808921989102757, 1.2764164399717 ], [ 103.808747500000393, 1.276593200000012 ], [ 103.808738896213839, 1.276344178279674 ], [ 103.808698896217251, 1.276345578279936 ], [ 103.808707499999969, 1.276594600000332 ], [ 103.808638059741057, 1.276355430395541 ], [ 103.808583659745352, 1.276371430394786 ], [ 103.808653100000512, 1.276610600000031 ], [ 103.808578305958065, 1.276373071369089 ], [ 103.808335146718306, 1.276450634884267 ], [ 103.80806174474796, 1.276507110535362 ], [ 103.80815062647423, 1.276474299890072 ], [ 103.808129126470206, 1.276415299891688 ], [ 103.8078967, 1.276501099999989 ], [ 103.808128695380816, 1.276414126030863 ], [ 103.808121992364065, 1.276396013629745 ], [ 103.808112132570514, 1.276363256309558 ], [ 103.807875200004503, 1.276435499998954 ], [ 103.808104245042486, 1.276340935753959 ], [ 103.808024445027897, 1.276145135760607 ], [ 103.807795399994717, 1.276239700002503 ], [ 103.808017776843869, 1.276130193212732 ], [ 103.807926586710721, 1.275942602116658 ], [ 103.807923669270608, 1.275935543057607 ], [ 103.808040596012944, 1.275900746003531 ], [ 103.807970400000301, 1.275661800000249 ], [ 103.808073270915358, 1.275888442112215 ], [ 103.808190577114431, 1.275834504839515 ], [ 103.808326565899975, 1.275775028208008 ], [ 103.80822790000056, 1.275546500000838 ], [ 103.8084184060925, 1.275705628479394 ], [ 103.808474806091041, 1.275637228475081 ], [ 103.808284300000508, 1.275478100000673 ], [ 103.808531830052019, 1.275482366707072 ], [ 103.808533130044452, 1.275405966707004 ], [ 103.808285600000218, 1.275401699999968 ], [ 103.808520371456112, 1.275322631798346 ], [ 103.808494971449988, 1.275246231801327 ], [ 103.808260199999438, 1.275325300000786 ], [ 103.808405652473766, 1.275123669104084 ], [ 103.80828085247839, 1.275032469110945 ], [ 103.808135400000651, 1.275234099999699 ], [ 103.808194624363594, 1.274992162760243 ], [ 103.80815752436709, 1.274982962761641 ], [ 103.808098300000026, 1.27522490000019 ], [ 103.808139148351216, 1.274979143005569 ], [ 103.808090448354918, 1.274970943006269 ], [ 103.808049600000174, 1.275216699995517 ], [ 103.808064138915398, 1.274967957814256 ], [ 103.807973964070882, 1.274962618514851 ], [ 103.807816688584481, 1.274951987765139 ], [ 103.807800100000421, 1.275200600000315 ], [ 103.80780009999522, 1.274951427757981 ], [ 103.807715293111457, 1.274951427758504 ], [ 103.80767239325759, 1.274947796025009 ], [ 103.807657152289664, 1.274941033476401 ], [ 103.807619317474945, 1.274921231291009 ], [ 103.807505099997528, 1.275142300004955 ], [ 103.807602542374198, 1.274913240610899 ], [ 103.807548242377933, 1.274889840613003 ], [ 103.807450800000126, 1.275118899998623 ], [ 103.807461913083799, 1.274869978932658 ], [ 103.80734251309525, 1.274864578933684 ], [ 103.807331400000152, 1.275113500007044 ], [ 103.807326836001593, 1.27486437010485 ], [ 103.807186736015026, 1.274866970105218 ], [ 103.807191299995623, 1.275116099765008 ], [ 103.807186250694897, 1.274866979590663 ], [ 103.807156717422956, 1.274867585978255 ], [ 103.807155846901637, 1.274853415160313 ], [ 103.807119437712785, 1.274693087044106 ], [ 103.807051529312488, 1.274504670721723 ], [ 103.807042585190615, 1.274491580144347 ], [ 103.807079843325056, 1.274473390768098 ], [ 103.807006288776535, 1.274320764493123 ], [ 103.807006289300375, 1.274320764296881 ], [ 103.80707984489392, 1.274473390003021 ], [ 103.807105450141137, 1.274460889328253 ], [ 103.807140706198552, 1.274449869359207 ], [ 103.807392705121018, 1.274451861785263 ], [ 103.807425432780079, 1.274452213696744 ] ], [ [ 103.807550000000433, 1.275165800000579 ], [ 103.807450134387778, 1.275393799688669 ], [ 103.807510534392449, 1.275420599691146 ], [ 103.807610400000016, 1.275192600000658 ], [ 103.807589650340304, 1.275440895495792 ], [ 103.80768415034963, 1.275448895496637 ], [ 103.807704900000374, 1.275200599999663 ], [ 103.807704899995031, 1.275449772241328 ], [ 103.807791796378424, 1.275449772241548 ], [ 103.807806428590695, 1.275450761279895 ], [ 103.807737904013251, 1.275471153989745 ], [ 103.8078081000004, 1.275710100000133 ], [ 103.807702099980588, 1.275484923269349 ], [ 103.807645899984124, 1.275511723266755 ], [ 103.807751900000952, 1.275736900001553 ], [ 103.807621925764948, 1.275524830128103 ], [ 103.807561525768435, 1.275562330125161 ], [ 103.807691500001255, 1.275774400000652 ], [ 103.807501625039308, 1.275614509195985 ], [ 103.80746812503871, 1.275654809193336 ], [ 103.807658000000544, 1.275814700000458 ], [ 103.807418512591227, 1.275751564386406 ], [ 103.80740771258742, 1.275793064385796 ], [ 103.807647200000261, 1.2758562 ], [ 103.807399845118852, 1.275866497559638 ], [ 103.807402545112126, 1.275932197560446 ], [ 103.807649899998907, 1.275921900000688 ], [ 103.807421320748247, 1.27601759906173 ], [ 103.807472320739052, 1.276140999066419 ], [ 103.807700899997116, 1.276045300001094 ], [ 103.807478523150564, 1.276154806759628 ], [ 103.807569444916524, 1.276341845854694 ], [ 103.807620072074457, 1.276466066404599 ], [ 103.807523825365024, 1.276486420972158 ], [ 103.807433182544827, 1.276502518217428 ], [ 103.807476200000437, 1.276747900000395 ], [ 103.807421857139957, 1.276504804907677 ], [ 103.807327357148253, 1.276526204905955 ], [ 103.807381700000221, 1.276769300000469 ], [ 103.807217868007697, 1.276582493790608 ], [ 103.807193668008878, 1.27660399378889 ], [ 103.807357500000961, 1.276790800000263 ], [ 103.807118342597235, 1.2767264093152 ], [ 103.807110342594285, 1.276756509314085 ], [ 103.807349500000555, 1.276820899999936 ], [ 103.807101933524351, 1.276820899987716 ], [ 103.807101933521551, 1.276849099988129 ], [ 103.807349500000456, 1.276849100000405 ], [ 103.807107813559142, 1.276903083951735 ], [ 103.807131913549924, 1.277012383954044 ], [ 103.807373599989347, 1.276958400002489 ], [ 103.807134307497861, 1.277022280289645 ], [ 103.807193733057176, 1.277247782658448 ], [ 103.807242471857663, 1.277458656666437 ], [ 103.807483599999927, 1.277402199999808 ], [ 103.807243772454839, 1.277464014441982 ], [ 103.807285372440731, 1.277627514445993 ], [ 103.80752519975934, 1.277565700062681 ], [ 103.807285508189068, 1.277628045545595 ], [ 103.807308433302467, 1.277717329761693 ], [ 103.807274981005563, 1.277727247640603 ], [ 103.807092732768268, 1.27776449326535 ], [ 103.807066953690466, 1.277658600785125 ], [ 103.80699040162456, 1.277677479588775 ], [ 103.806987976149486, 1.277670862741128 ], [ 103.806987387423263, 1.277668943669189 ], [ 103.807063473344357, 1.27764579152883 ], [ 103.806997178393203, 1.277425088150622 ], [ 103.806952126271398, 1.277143490168542 ], [ 103.806950725637194, 1.277091876989252 ], [ 103.806956531808652, 1.276757826766802 ], [ 103.80695748462486, 1.276742425489894 ], [ 103.807003795209852, 1.276730514174489 ], [ 103.806975033450414, 1.276617234587278 ], [ 103.806980829982379, 1.276589731878487 ], [ 103.806986481958958, 1.276563157662416 ], [ 103.806959846202318, 1.276557418868753 ], [ 103.806959728618224, 1.276556955756758 ], [ 103.806986581639322, 1.276562686767889 ], [ 103.807005742467794, 1.27647173901442 ], [ 103.80708009942127, 1.276236291126041 ], [ 103.807085684865726, 1.276218662064251 ], [ 103.807131512739971, 1.276083744058934 ], [ 103.807186589217267, 1.275971196454417 ], [ 103.807116785248866, 1.275936592483767 ], [ 103.807117747216068, 1.275930435887733 ], [ 103.807119663736202, 1.275934231402884 ], [ 103.807129434086207, 1.275929233721365 ], [ 103.807193526340455, 1.275955710013858 ], [ 103.807229126333439, 1.275868410009981 ], [ 103.807179986103733, 1.275848110348005 ], [ 103.807151768238015, 1.275792227104102 ], [ 103.807226296608547, 1.275801282010153 ], [ 103.807268793929509, 1.275842246953304 ], [ 103.807296293929284, 1.275813346951451 ], [ 103.807250065051505, 1.275768785004067 ], [ 103.807253282121565, 1.275741961572697 ], [ 103.807217761139583, 1.275737645912828 ], [ 103.807197105526413, 1.275717735103262 ], [ 103.807254958509446, 1.275719454499111 ], [ 103.807256344185774, 1.275672223417006 ], [ 103.807359109042849, 1.275695333273749 ], [ 103.807369809038747, 1.275647133272724 ], [ 103.807257819151431, 1.275621948882082 ], [ 103.807259577776264, 1.275562005764267 ], [ 103.807369314274496, 1.275536284120846 ], [ 103.807360614271317, 1.275498684121017 ], [ 103.807259176260771, 1.27552246064397 ], [ 103.807258348946689, 1.275485076526339 ], [ 103.807263907692516, 1.27540067122629 ], [ 103.80728911479406, 1.275373697435749 ], [ 103.807278549270492, 1.275363695407935 ], [ 103.807328122171313, 1.275362775424554 ], [ 103.8073947286221, 1.275365787777067 ], [ 103.807399121165219, 1.275367680697107 ], [ 103.807435782507767, 1.27538686870524 ], [ 103.807550000000433, 1.275165800000579 ] ], [ [ 103.807958400000459, 1.275211300000574 ], [ 103.807947463813235, 1.275398403984722 ], [ 103.807945866541843, 1.275399138408115 ], [ 103.807958400000459, 1.275211300000574 ] ], [ [ 103.808025520092002, 1.275465280428343 ], [ 103.808028902360505, 1.27546584992772 ], [ 103.808089800000474, 1.275606900000186 ], [ 103.808025520092002, 1.275465280428343 ] ], [ [ 103.807887299997816, 1.27647570000028 ], [ 103.807829484916766, 1.276497374596557 ], [ 103.807827158914904, 1.276494037760852 ], [ 103.807887299997816, 1.27647570000028 ] ], [ [ 103.80763782544463, 1.276509626686773 ], [ 103.807661256134992, 1.276634283391492 ], [ 103.807659756271519, 1.276634544830117 ], [ 103.807629321604026, 1.276488761369693 ], [ 103.80763782544463, 1.276509626686773 ] ], [ [ 103.80757080000005, 1.2767311 ], [ 103.807584477240667, 1.276796614614866 ], [ 103.807582367855275, 1.276797085774941 ], [ 103.80757080000005, 1.2767311 ] ], [ [ 103.807434, 1.27718760000032 ], [ 103.807647960996263, 1.277130482056908 ], [ 103.807649122478708, 1.277137232162096 ], [ 103.807434, 1.27718760000032 ] ], [ [ 103.807676568875777, 1.277137376937373 ], [ 103.807782143284612, 1.277118974460813 ], [ 103.807817009038814, 1.277271847446859 ], [ 103.807949161432674, 1.277241315189034 ], [ 103.807949156624275, 1.277241348582659 ], [ 103.807817024509148, 1.277271915236396 ], [ 103.807851324495672, 1.277422115239227 ], [ 103.808082078764386, 1.277368733920188 ], [ 103.808082041650735, 1.277368876451343 ], [ 103.807852003734169, 1.277425010358527 ], [ 103.807870499853337, 1.277501794278841 ], [ 103.807902885764392, 1.277636334152999 ], [ 103.807904885247183, 1.277655652698025 ], [ 103.807832086284719, 1.277666336503868 ], [ 103.80773811086182, 1.277715050294124 ], [ 103.80756410000032, 1.277717200000488 ], [ 103.807803791812617, 1.277654854428191 ], [ 103.807764959983857, 1.277503619984254 ], [ 103.807724107298384, 1.277343057202805 ], [ 103.807676568875777, 1.277137376937373 ] ], [ [ 103.808032099999892, 1.276767600000509 ], [ 103.807949188627035, 1.276631982434888 ], [ 103.808007297758706, 1.276645968184192 ], [ 103.808032099999892, 1.276767600000509 ] ], [ [ 103.80800090485711, 1.276614616974682 ], [ 103.807939472054741, 1.276599831281478 ], [ 103.80793903831065, 1.276593670279664 ], [ 103.807994543182801, 1.276583418902471 ], [ 103.80800090485711, 1.276614616974682 ] ], [ [ 103.807987189921263, 1.276547358024214 ], [ 103.807918199999364, 1.276560100000197 ], [ 103.807984776666387, 1.276535523261683 ], [ 103.807987189921263, 1.276547358024214 ] ], [ [ 103.808397600000035, 1.276692100001326 ], [ 103.808472394034439, 1.276929628635917 ], [ 103.808607828618321, 1.276886427392705 ], [ 103.808638002045782, 1.276967967131511 ], [ 103.808870000000525, 1.276880999999672 ], [ 103.808638691521381, 1.276969808095888 ], [ 103.808809797261773, 1.277421267955434 ], [ 103.808395155687691, 1.277582784020336 ], [ 103.808393634110189, 1.277568082907787 ], [ 103.808206473518794, 1.277587706276193 ], [ 103.808241402718451, 1.277570977544395 ], [ 103.808388005658415, 1.277535228578217 ], [ 103.808371816544053, 1.277467974654896 ], [ 103.808428013676703, 1.277390302178368 ], [ 103.808454207063591, 1.277208403540991 ], [ 103.808340747705699, 1.277003222395711 ], [ 103.808250373980783, 1.276979383660778 ], [ 103.808257144537521, 1.2769772792955 ], [ 103.808256625165484, 1.276975586526446 ], [ 103.808447371940531, 1.276936184655118 ], [ 103.808397600000035, 1.276692100001326 ] ], [ [ 103.808028036321559, 1.277048488708057 ], [ 103.808028139142749, 1.277049058169552 ], [ 103.808020600000503, 1.27705080000018 ], [ 103.808028036321559, 1.277048488708057 ] ], [ [ 103.808008967419099, 1.277227497716902 ], [ 103.808008971241335, 1.277227511423495 ], [ 103.808006238314348, 1.2772281436424 ], [ 103.808006197459733, 1.277228137683135 ], [ 103.808008967419099, 1.277227497716902 ] ], [ [ 103.808194746289942, 1.277582354662095 ], [ 103.808197710793038, 1.277588625028271 ], [ 103.808147400000379, 1.277593900000273 ], [ 103.808194746289942, 1.277582354662095 ] ], [ [ 103.810705883745413, 1.276692818469875 ], [ 103.810416495717973, 1.276030131117178 ], [ 103.810504426992907, 1.275993163858828 ], [ 103.810629628018049, 1.275942194559148 ], [ 103.810693244785725, 1.275920051706168 ], [ 103.810694315369815, 1.275959177807021 ], [ 103.810741215373767, 1.275957877807591 ], [ 103.810739711385068, 1.275902912361169 ], [ 103.810772896429839, 1.275889825303018 ], [ 103.810786214827331, 1.275952453624313 ], [ 103.810823814831465, 1.275944353623422 ], [ 103.810809176344705, 1.275875517730874 ], [ 103.810906632171296, 1.275837084445647 ], [ 103.810946489035274, 1.275877460053105 ], [ 103.810973989036086, 1.275849960050996 ], [ 103.810948242374167, 1.275823878292718 ], [ 103.810959215982081, 1.275820728248863 ], [ 103.811152199999114, 1.275949400000253 ], [ 103.810904686115606, 1.275954531997153 ], [ 103.810905386111827, 1.275988731997376 ], [ 103.811185958576971, 1.275982914556012 ], [ 103.811187505069128, 1.275986876250212 ], [ 103.811216473267493, 1.276065518123395 ], [ 103.811232375477175, 1.276059584212726 ], [ 103.811236220498429, 1.276068112520073 ], [ 103.811220133006117, 1.276074870260372 ], [ 103.811252248784001, 1.276152320217362 ], [ 103.811303888160495, 1.276282060477801 ], [ 103.811533700000538, 1.276189400000026 ], [ 103.811306844039379, 1.27628916666356 ], [ 103.811362320398842, 1.276416954216777 ], [ 103.811296390488465, 1.276443060993497 ], [ 103.811202023543686, 1.276484166246064 ], [ 103.810957941862469, 1.276587794254447 ], [ 103.810705883745413, 1.276692818469875 ] ], [ [ 103.813131699997584, 1.275656500001419 ], [ 103.813113047169338, 1.275663627288668 ], [ 103.813112732885727, 1.275662684256045 ], [ 103.813131699997584, 1.275656500001419 ] ], [ [ 103.812842082708571, 1.275581107817902 ], [ 103.812740789717168, 1.275622645230092 ], [ 103.812815174249536, 1.275806400008717 ], [ 103.812808366705937, 1.275809269519331 ], [ 103.812827782384588, 1.275855930205742 ], [ 103.812824259979323, 1.27585731894829 ], [ 103.812804009956238, 1.275811155543717 ], [ 103.81251025734953, 1.275941690045506 ], [ 103.812485607417969, 1.275952605143859 ], [ 103.81219555903877, 1.27607402074313 ], [ 103.811961944649525, 1.276171743099964 ], [ 103.811821591679504, 1.276230226610655 ], [ 103.811762088464462, 1.276093163415138 ], [ 103.811711211813815, 1.275965339506466 ], [ 103.811481399973815, 1.276058000010764 ], [ 103.811709866983847, 1.275962029715771 ], [ 103.811698728023927, 1.275935167168435 ], [ 103.811773288645924, 1.275902418553661 ], [ 103.811875640608477, 1.275857818807959 ], [ 103.811925578138386, 1.275836487225327 ], [ 103.811995135158142, 1.275806805565535 ], [ 103.811898500002826, 1.275577400005739 ], [ 103.812002011683006, 1.275803746384318 ], [ 103.812182328556617, 1.275720211427618 ], [ 103.812208128026327, 1.275708837467798 ], [ 103.812108800000772, 1.275480599999935 ], [ 103.812208352097869, 1.275708738551119 ], [ 103.812330810561079, 1.27565460623225 ], [ 103.812378342745717, 1.275634911620833 ], [ 103.812284099909192, 1.275404499778655 ], [ 103.812378507447093, 1.275634843308266 ], [ 103.812457324728882, 1.275602119170221 ], [ 103.81251424179392, 1.27557859477945 ], [ 103.812420199998968, 1.275348099997115 ], [ 103.812526751097209, 1.275573013108439 ], [ 103.812702304115334, 1.275488763554974 ], [ 103.812787684872745, 1.275448866005318 ], [ 103.812842082708571, 1.275581107817902 ] ], [ [ 103.812160000000546, 1.275250200000491 ], [ 103.812157886477678, 1.275251103610855 ], [ 103.812157853519977, 1.275251028085259 ], [ 103.812160000000546, 1.275250200000491 ] ], [ [ 103.812362528797451, 1.275370306332969 ], [ 103.812362531000673, 1.275370305390639 ], [ 103.812363100098921, 1.275371700241631 ], [ 103.812362528797451, 1.275370306332969 ] ], [ [ 103.812033472278713, 1.274889276215548 ], [ 103.812033456274378, 1.274889227333587 ], [ 103.812040154048375, 1.274886480416165 ], [ 103.812040197099392, 1.274886547171316 ], [ 103.812033472278713, 1.274889276215548 ] ], [ [ 103.811696700000596, 1.274087899999932 ], [ 103.811733872642137, 1.274070948940209 ], [ 103.811735955925144, 1.274072600017935 ], [ 103.811696700000596, 1.274087899999932 ] ], [ [ 103.811892980623867, 1.274826523897059 ], [ 103.811939664047145, 1.274807494017179 ], [ 103.811939681014366, 1.274807584644634 ], [ 103.811892799851279, 1.274826811731385 ], [ 103.811892980623867, 1.274826523897059 ] ], [ [ 103.8119984170728, 1.275312536661719 ], [ 103.812001833092268, 1.275311218804437 ], [ 103.812004256082574, 1.2753167863926 ], [ 103.812000997630705, 1.275318179503403 ], [ 103.8119984170728, 1.275312536661719 ] ], [ [ 103.812080063520554, 1.275491070891664 ], [ 103.812080097632716, 1.275491056307255 ], [ 103.812080900008766, 1.275492900020065 ], [ 103.812080063520554, 1.275491070891664 ] ], [ [ 103.81182854491469, 1.275606257051627 ], [ 103.811828900000293, 1.275607100000487 ], [ 103.811828544606485, 1.275606257189992 ], [ 103.81182854491469, 1.275606257051627 ] ], [ [ 103.81142924040131, 1.275381636117239 ], [ 103.811429060083071, 1.275381739310967 ], [ 103.811403108482963, 1.275321786710993 ], [ 103.811404687825615, 1.275320117251533 ], [ 103.81142924040131, 1.275381636117239 ] ], [ [ 103.811216185671995, 1.275426784859199 ], [ 103.811213200000211, 1.275467399998039 ], [ 103.811200428390606, 1.27538492128051 ], [ 103.811216185671995, 1.275426784859199 ] ], [ [ 103.810821627072031, 1.27553443842692 ], [ 103.810816622697985, 1.275538362161736 ], [ 103.810808811315255, 1.275518296927054 ], [ 103.810812166068061, 1.275501050753999 ], [ 103.810821627072031, 1.27553443842692 ] ], [ [ 103.810633200000666, 1.27567729999978 ], [ 103.810633199999756, 1.275677300000685 ], [ 103.810633199999756, 1.27567729999978 ], [ 103.810633200000666, 1.27567729999978 ] ], [ [ 103.810997651914491, 1.275790050052976 ], [ 103.8109747972224, 1.275709396379706 ], [ 103.81099070164197, 1.275715619145263 ], [ 103.811023247161089, 1.275801365976835 ], [ 103.811100592941571, 1.275771627016679 ], [ 103.811152708503514, 1.275897873742694 ], [ 103.811156217796793, 1.275906726735956 ], [ 103.811159270060173, 1.275914545808261 ], [ 103.811005826689751, 1.275812237715311 ], [ 103.811013412997283, 1.275802539753939 ], [ 103.810997651914491, 1.275790050052976 ] ], [ [ 103.810955610195194, 1.275641685804468 ], [ 103.810934900000362, 1.275568600001715 ], [ 103.810963865998943, 1.27564491597152 ], [ 103.810955610195194, 1.275641685804468 ] ], [ [ 103.811290244416199, 1.275637177756066 ], [ 103.811290188027641, 1.275637073475071 ], [ 103.811294646611501, 1.275635238051561 ], [ 103.811294678740637, 1.27563532341032 ], [ 103.811290244416199, 1.275637177756066 ] ], [ [ 103.811386923716114, 1.275814789698853 ], [ 103.811386924944372, 1.275814792414671 ], [ 103.811386399999634, 1.275814999999895 ], [ 103.811386923716114, 1.275814789698853 ] ], [ [ 103.811364088428235, 1.276014400087677 ], [ 103.811362558095638, 1.276011006551927 ], [ 103.811373518527631, 1.276006916664856 ], [ 103.811375070581391, 1.276009786904503 ], [ 103.811364088428235, 1.276014400087677 ] ], [ [ 103.811289453440594, 1.276040913471697 ], [ 103.81129128767131, 1.276044980905758 ], [ 103.811291275084557, 1.276044986192567 ], [ 103.811289432623411, 1.276040899591325 ], [ 103.811289453440594, 1.276040913471697 ] ], [ [ 103.812970887901969, 1.27570893302159 ], [ 103.812973987259255, 1.275716762391112 ], [ 103.812973458910136, 1.275716964274616 ], [ 103.81297028712639, 1.27570912890496 ], [ 103.812970887901969, 1.27570893302159 ] ], [ [ 103.812991105676204, 1.275702340987176 ], [ 103.812995326478401, 1.275700964788063 ], [ 103.812997586177843, 1.27570774519248 ], [ 103.812993815372963, 1.275709186025615 ], [ 103.812991105676204, 1.275702340987176 ] ], [ [ 103.810690639740898, 1.275824846476598 ], [ 103.81069122324017, 1.275846171351032 ], [ 103.810660200436587, 1.275755882311004 ], [ 103.810662373387515, 1.275752238197316 ], [ 103.810690639740898, 1.275824846476598 ] ], [ [ 103.810532982401398, 1.27568051780974 ], [ 103.810542699999203, 1.275708799996915 ], [ 103.810531355253005, 1.275680570054861 ], [ 103.810532982401398, 1.27568051780974 ] ], [ [ 103.809125434945628, 1.274313126724086 ], [ 103.809124925430865, 1.274313026819503 ], [ 103.809123800000776, 1.274194200001495 ], [ 103.809125434945628, 1.274313126724086 ] ], [ [ 103.808675354534415, 1.274321151493582 ], [ 103.80867428800461, 1.274321151172206 ], [ 103.80867319999976, 1.274200400000104 ], [ 103.808675354534415, 1.274321151493582 ] ], [ [ 103.808301756339901, 1.274321038694308 ], [ 103.808300700001283, 1.274321038375589 ], [ 103.808300699999975, 1.2742038 ], [ 103.808301756339901, 1.274321038694308 ] ], [ [ 103.808162700000011, 1.274205400000349 ], [ 103.808165790343992, 1.27433903624833 ], [ 103.808162529192785, 1.274339907378307 ], [ 103.808162700000011, 1.274205400000349 ] ], [ [ 103.808231000000646, 1.274203800000288 ], [ 103.808230985840254, 1.274203187672762 ], [ 103.808231000000291, 1.274203187797704 ], [ 103.808231000000646, 1.274203800000288 ] ], [ [ 103.807876740037827, 1.274361907315851 ], [ 103.807876665776547, 1.274361906360103 ], [ 103.807876642605308, 1.274360237275779 ], [ 103.807876716064214, 1.274360237615646 ], [ 103.807876740037827, 1.274361907315851 ] ], [ [ 103.807674700035562, 1.274249900000255 ], [ 103.807674040294586, 1.274249896945932 ], [ 103.807674040567818, 1.274249888650195 ], [ 103.807674700035562, 1.274249900000255 ] ], [ [ 103.807674199999624, 1.274359300000023 ], [ 103.80767749092243, 1.274359315236289 ], [ 103.807677491299543, 1.274359342369048 ], [ 103.807674199999624, 1.274359300000023 ] ], [ [ 103.810084348940791, 1.275888718402787 ], [ 103.810083391640163, 1.275886499364779 ], [ 103.810083530390983, 1.275886432059588 ], [ 103.810084449193624, 1.275888671152441 ], [ 103.810084348940791, 1.275888718402787 ] ], [ [ 103.809280822461432, 1.275913816186832 ], [ 103.8092929000005, 1.275898522772907 ], [ 103.809292900000301, 1.275920902784367 ], [ 103.809290158676063, 1.275923698367522 ], [ 103.809280822461432, 1.275913816186832 ] ], [ [ 103.816028836275564, 1.277158595559002 ], [ 103.816029491879874, 1.277159897459154 ], [ 103.81601470000038, 1.277167199999845 ], [ 103.816028836275564, 1.277158595559002 ] ], [ [ 103.808154200000601, 1.277659600000473 ], [ 103.808064468569683, 1.277669122768791 ], [ 103.808064253946, 1.2776690306354 ], [ 103.808154200000601, 1.277659600000473 ] ], [ [ 103.807149129671288, 1.275729307457788 ], [ 103.807149455716527, 1.275727211856877 ], [ 103.80715199025731, 1.275729655007374 ], [ 103.807149129671288, 1.275729307457788 ] ], [ [ 103.807863899999589, 1.278093100000211 ], [ 103.807863277238951, 1.278108487615735 ], [ 103.807862784301165, 1.278107237642912 ], [ 103.807863899999589, 1.278093100000211 ] ], [ [ 103.816887803101963, 1.279629955656444 ], [ 103.816893032581248, 1.279642535475719 ], [ 103.816840500000495, 1.279672100000055 ], [ 103.816887803101963, 1.279629955656444 ] ], [ [ 103.816919698393548, 1.279706681651065 ], [ 103.816926935496809, 1.279724090925661 ], [ 103.81687400000034, 1.279732400000415 ], [ 103.816919698393548, 1.279706681651065 ] ], [ [ 103.816954796784628, 1.279791112883821 ], [ 103.8169586347543, 1.279800345342849 ], [ 103.816884800000352, 1.279802100000059 ], [ 103.816954796784628, 1.279791112883821 ] ], [ [ 103.816955092709676, 1.280086188741672 ], [ 103.816941165543895, 1.280096430193108 ], [ 103.816891499997297, 1.280087699999793 ], [ 103.816955092709676, 1.280086188741672 ] ], [ [ 103.814429801328686, 1.280861235595321 ], [ 103.814434207804737, 1.280861296920452 ], [ 103.814434208165025, 1.280861301142934 ], [ 103.81442980196212, 1.280861241095673 ], [ 103.814429801328686, 1.280861235595321 ] ], [ [ 103.812839185155084, 1.280448100141731 ], [ 103.812914700000221, 1.280579499999906 ], [ 103.812846575693627, 1.280510489297662 ], [ 103.812839185155084, 1.280448100141731 ] ], [ [ 103.812857631508621, 1.280603819832576 ], [ 103.812873900000596, 1.280620300000179 ], [ 103.812857631508621, 1.28060381983348 ], [ 103.812857631508621, 1.280603819832576 ] ], [ [ 103.812459899999951, 1.280677 ], [ 103.812484774926233, 1.280924911257484 ], [ 103.812637849844023, 1.280909352174915 ], [ 103.812644249831038, 1.280979035158792 ], [ 103.812521766046359, 1.280996193531971 ], [ 103.812455041625981, 1.281005487989195 ], [ 103.812393024731179, 1.281013411283542 ], [ 103.812005374852404, 1.281062985165021 ], [ 103.811982228133942, 1.281065449203437 ], [ 103.811969702559125, 1.280970439860807 ], [ 103.811971159717658, 1.280970232812363 ], [ 103.81197234206121, 1.280980522378349 ], [ 103.811982795979176, 1.280979305520088 ], [ 103.811998900687627, 1.280994701517488 ], [ 103.812017253624816, 1.280975253971055 ], [ 103.812017384689327, 1.280975237875362 ], [ 103.812017371498797, 1.280975129066592 ], [ 103.812017545487876, 1.280974944700607 ], [ 103.812017578350591, 1.280975214014412 ], [ 103.812152678362835, 1.280958514013076 ], [ 103.812122499996264, 1.280711199972075 ], [ 103.812156512335434, 1.280958009468145 ], [ 103.812254139253426, 1.280944380638498 ], [ 103.812403214668905, 1.280933066879832 ], [ 103.812384599999788, 1.280684599997881 ], [ 103.812409301949231, 1.280932528777588 ], [ 103.812484601955674, 1.280924928777233 ], [ 103.812459899999951, 1.280677 ] ], [ [ 103.811995955502454, 1.280798013037101 ], [ 103.811995900723019, 1.280798020820511 ], [ 103.811987400000405, 1.280727900000092 ], [ 103.811995955502454, 1.280798013037101 ] ], [ [ 103.811981699999009, 1.28072859999132 ], [ 103.811990213823051, 1.280798828878946 ], [ 103.811989776925401, 1.280798890958125 ], [ 103.811981699999009, 1.28072859999132 ] ], [ [ 103.81194893086527, 1.280776782050486 ], [ 103.81194695154835, 1.280775358511097 ], [ 103.811943900000131, 1.280732999998925 ], [ 103.81194893086527, 1.280776782050486 ] ], [ [ 103.81164842266331, 1.280659646718955 ], [ 103.811655799999983, 1.280756799999879 ], [ 103.811647367480688, 1.280658637970537 ], [ 103.81164842266331, 1.280659646718955 ] ], [ [ 103.811108600000139, 1.280810400000209 ], [ 103.811117752295843, 1.280894996385929 ], [ 103.811113358684437, 1.28088469395774 ], [ 103.811108600000139, 1.280810400000209 ] ], [ [ 103.809554123160737, 1.280971460952386 ], [ 103.809566909215448, 1.280969610608306 ], [ 103.809571257966809, 1.281011695604989 ], [ 103.809561339697268, 1.281010342527418 ], [ 103.809554123160737, 1.280971460952386 ] ], [ [ 103.809770428562643, 1.280940158133751 ], [ 103.809784886318255, 1.280938065867447 ], [ 103.809786715893452, 1.28094530975376 ], [ 103.809770895661771, 1.280944355009618 ], [ 103.809770428562643, 1.280940158133751 ] ], [ [ 103.809773538294806, 1.280968098980678 ], [ 103.809995823037355, 1.280981513764128 ], [ 103.809997223035083, 1.280958013763744 ], [ 103.809861063173628, 1.280949796580926 ], [ 103.809890594244692, 1.280942240928844 ], [ 103.809999335934009, 1.280930432673316 ], [ 103.810077308429697, 1.280920167677847 ], [ 103.810297494508262, 1.280891124564455 ], [ 103.810344137033027, 1.281257307497126 ], [ 103.810319150786441, 1.281262240678474 ], [ 103.81007807612373, 1.281314613778514 ], [ 103.810007641310946, 1.281327050369369 ], [ 103.80995495868406, 1.281104670658103 ], [ 103.809959411185119, 1.281097404883364 ], [ 103.809952172896885, 1.281092911512647 ], [ 103.809949139364363, 1.281080106605317 ], [ 103.809947471956065, 1.281073042861044 ], [ 103.809947049350725, 1.281068816817137 ], [ 103.809947823587933, 1.281063067691809 ], [ 103.809946455778032, 1.281062881091592 ], [ 103.809944122392224, 1.281039547258431 ], [ 103.80987713988209, 1.281046332666111 ], [ 103.809775202543122, 1.280983052198793 ], [ 103.809773538294806, 1.280968098980678 ] ], [ [ 103.809752742632071, 1.280966843971094 ], [ 103.809753013502032, 1.280969277727064 ], [ 103.809748700000156, 1.280966600000226 ], [ 103.809752742632071, 1.280966843971094 ] ], [ [ 103.809690113496075, 1.281018755824416 ], [ 103.809702500000256, 1.281029600000283 ], [ 103.809691348819882, 1.281028078726137 ], [ 103.809690113496075, 1.281018755824416 ] ], [ [ 103.809568107614325, 1.281046807012223 ], [ 103.809574983041827, 1.281047744976901 ], [ 103.80957796873976, 1.281076639036071 ], [ 103.809573724330221, 1.281077068999351 ], [ 103.809568107614325, 1.281046807012223 ] ], [ [ 103.809696196317006, 1.281064662455011 ], [ 103.809696144872049, 1.281064274203464 ], [ 103.809697799999981, 1.28106450000075 ], [ 103.809696196317006, 1.281064662455011 ] ], [ [ 103.810496539579461, 1.281328961256508 ], [ 103.810509272923468, 1.28132731824465 ], [ 103.810525100000021, 1.281475500000086 ], [ 103.810523235257065, 1.281465932316806 ], [ 103.810511942021833, 1.281386010084067 ], [ 103.810507774665496, 1.281386606604655 ], [ 103.810496539579461, 1.281328961256508 ] ], [ [ 103.810581849186292, 1.281218751961478 ], [ 103.810562800000184, 1.281069200000272 ], [ 103.810599864743637, 1.281083270866009 ], [ 103.810609939021504, 1.281163506082042 ], [ 103.810664228769127, 1.281156600807841 ], [ 103.810668559754362, 1.281209370029882 ], [ 103.810581849186292, 1.281218751961478 ] ], [ [ 103.8111611364683, 1.281157665994533 ], [ 103.811152808720749, 1.281056200012723 ], [ 103.811347372264819, 1.281034876726723 ], [ 103.811412637068415, 1.281028062314073 ], [ 103.811561377931042, 1.281015118626266 ], [ 103.811591470346585, 1.281035914198353 ], [ 103.811600331937726, 1.281022924109912 ], [ 103.811721196918128, 1.28100575028743 ], [ 103.811716835145262, 1.281079228700796 ], [ 103.811720857865112, 1.281079470601903 ], [ 103.811699318347138, 1.281095565791313 ], [ 103.811519741092781, 1.281114682306485 ], [ 103.8111611364683, 1.281157665994533 ] ], [ [ 103.811762984512256, 1.281088788341019 ], [ 103.811825111398178, 1.281042364643277 ], [ 103.811832887357255, 1.2810758229599 ], [ 103.811845370925425, 1.281072883938223 ], [ 103.811843264264411, 1.281080242324129 ], [ 103.811762984512256, 1.281088788341019 ] ], [ [ 103.811902580976607, 1.281073927882903 ], [ 103.811915100000064, 1.281030200000366 ], [ 103.811920611823325, 1.28107200844509 ], [ 103.811902580976607, 1.281073927882903 ] ], [ [ 103.809519784654398, 1.281416359577462 ], [ 103.809406901010675, 1.281437628550919 ], [ 103.808833851066382, 1.281546804704621 ], [ 103.809476150647086, 1.28140284738457 ], [ 103.809514859394895, 1.281395569450337 ], [ 103.809519784654398, 1.281416359577462 ] ], [ [ 103.809631576932759, 1.281156212472592 ], [ 103.809631570252733, 1.281156147828529 ], [ 103.8096324651153, 1.281155933846046 ], [ 103.809632473523237, 1.281155997303598 ], [ 103.809631576932759, 1.281156212472592 ] ], [ [ 103.809705961703642, 1.281138361158985 ], [ 103.809705961443981, 1.281138359201936 ], [ 103.809708299875311, 1.281137800030425 ], [ 103.809705961703642, 1.281138361158985 ] ], [ [ 103.809583133642803, 1.281126622330715 ], [ 103.809583400000633, 1.281129200005471 ], [ 103.809582925489934, 1.281126643416754 ], [ 103.809583133642803, 1.281126622330715 ] ], [ [ 103.809629088035848, 1.281132126207103 ], [ 103.809628300001563, 1.281124500015572 ], [ 103.80962930367204, 1.281132074644035 ], [ 103.809629088035848, 1.281132126207103 ] ], [ [ 103.808338992984162, 1.281471994332976 ], [ 103.808339175194163, 1.281472653271272 ], [ 103.808332499996183, 1.281473400000366 ], [ 103.808338992984162, 1.281471994332976 ] ], [ [ 103.808352453345975, 1.281520671972712 ], [ 103.808352550119665, 1.281521021942058 ], [ 103.808337900018444, 1.281522299998573 ], [ 103.808352453345975, 1.281520671972712 ] ], [ [ 103.80837371448321, 1.281597560089625 ], [ 103.808375167428352, 1.281602814475396 ], [ 103.808344599999856, 1.28160010000021 ], [ 103.80837371448321, 1.281597560089625 ] ], [ [ 103.808141746149985, 1.281673690820983 ], [ 103.80812104747983, 1.281619602422107 ], [ 103.80812111582722, 1.281619596459403 ], [ 103.808141785928342, 1.281673683873142 ], [ 103.808141746149985, 1.281673690820983 ] ], [ [ 103.808354887926171, 1.281636498683662 ], [ 103.808341900000244, 1.281630900000565 ], [ 103.808371773182927, 1.28163355282476 ], [ 103.808354887926171, 1.281636498683662 ] ], [ [ 103.807390586814975, 1.281568755962228 ], [ 103.807557600001203, 1.281541399999451 ], [ 103.807392497936377, 1.281577844703662 ], [ 103.807390586814975, 1.281568755962228 ] ], [ [ 103.807688246463684, 1.281637810885423 ], [ 103.807688075829759, 1.28163669380411 ], [ 103.807693848139877, 1.281635419621246 ], [ 103.807693995788512, 1.281636605097631 ], [ 103.807688246463684, 1.281637810885423 ] ], [ [ 103.81189319999875, 1.28073669998953 ], [ 103.811884046729958, 1.280657198053479 ], [ 103.811887290209597, 1.280654666229925 ], [ 103.81189319999875, 1.28073669998953 ] ], [ [ 103.811783833753012, 1.280996850156864 ], [ 103.811813994301502, 1.280994530114621 ], [ 103.811817032939288, 1.281007604733202 ], [ 103.811763785198167, 1.28104739357975 ], [ 103.811766640500011, 1.280999293163863 ], [ 103.811783833753012, 1.280996850156864 ] ], [ [ 103.810971552067272, 1.280909560704737 ], [ 103.810970894211906, 1.280909615400374 ], [ 103.810953700011979, 1.280867700027599 ], [ 103.810971552067272, 1.280909560704737 ] ], [ [ 103.810916400000863, 1.280883200001534 ], [ 103.810907245687645, 1.280867415453933 ], [ 103.810906819025078, 1.280859843858787 ], [ 103.810916400000863, 1.280883200001534 ] ], [ [ 103.810578900000493, 1.280916300000061 ], [ 103.810544021611406, 1.280921774002245 ], [ 103.81054384255593, 1.28092036826765 ], [ 103.810578900000493, 1.280916300000061 ] ], [ [ 103.810585168505227, 1.280966224666642 ], [ 103.810585168800827, 1.280966227017993 ], [ 103.810550386566874, 1.280971744209054 ], [ 103.81055037898912, 1.280971684719865 ], [ 103.810585168505227, 1.280966224666642 ] ], [ [ 103.810581799731523, 1.281018499897586 ], [ 103.810555048509826, 1.281008344348189 ], [ 103.810555040180958, 1.28100827895349 ], [ 103.810581799731523, 1.281018499897586 ] ], [ [ 103.809758426774792, 1.281017915809962 ], [ 103.80975936358216, 1.281026332994717 ], [ 103.809728600000298, 1.280999400000667 ], [ 103.809758426774792, 1.281017915809962 ] ], [ [ 103.809781583939753, 1.281040388842628 ], [ 103.809780615816322, 1.281031690280743 ], [ 103.809798302180653, 1.281042669589243 ], [ 103.809781583939753, 1.281040388842628 ] ], [ [ 103.807831300635669, 1.276613568702241 ], [ 103.807833457816031, 1.276613170285023 ], [ 103.80785489999846, 1.276663499995234 ], [ 103.807831300635669, 1.276613568702241 ] ], [ [ 103.807865662326435, 1.276729081352571 ], [ 103.80786571908159, 1.276730271476517 ], [ 103.807838400000477, 1.276671400000482 ], [ 103.807865662326435, 1.276729081352571 ] ], [ [ 103.807831429084203, 1.276717803990742 ], [ 103.807829298064121, 1.276716615111296 ], [ 103.807825739692689, 1.27670554359042 ], [ 103.807831429084203, 1.276717803990742 ] ], [ [ 103.807849800000156, 1.276854300000385 ], [ 103.807855798795018, 1.276872964658188 ], [ 103.807853152951807, 1.276873786111636 ], [ 103.807849800000156, 1.276854300000385 ] ], [ [ 103.807892724876837, 1.276861500234368 ], [ 103.807892107989559, 1.276848564487832 ], [ 103.807892168622431, 1.276848695148361 ], [ 103.807893062735786, 1.276861395339546 ], [ 103.807892724876837, 1.276861500234368 ] ], [ [ 103.807865316186493, 1.276790829275856 ], [ 103.807868983914361, 1.276798733077097 ], [ 103.807871300000073, 1.276847300000132 ], [ 103.807850492400206, 1.276782559203201 ], [ 103.807865316186493, 1.276790829275856 ] ], [ [ 103.807969914609572, 1.277018344932153 ], [ 103.807969917825318, 1.27701835663557 ], [ 103.807969755375652, 1.277018407127361 ], [ 103.807969752101499, 1.27701839538596 ], [ 103.807969914609572, 1.277018344932153 ] ], [ [ 103.807901221629848, 1.277039672009925 ], [ 103.807905519750094, 1.277038337574617 ], [ 103.807905522140757, 1.277038371533542 ], [ 103.807901223329523, 1.277039707651866 ], [ 103.807901221629848, 1.277039672009925 ] ], [ [ 103.819523124376246, 1.280023013928067 ], [ 103.819424899999774, 1.280115900000164 ], [ 103.819432215723651, 1.280071534651901 ], [ 103.819523124376246, 1.280023013928067 ] ], [ [ 103.818670365334626, 1.280508620013934 ], [ 103.81869240135228, 1.280533094239379 ], [ 103.818518077918284, 1.280719206444839 ], [ 103.818572886754723, 1.280771211532871 ], [ 103.818734985771968, 1.28094613303597 ], [ 103.818928858286384, 1.281164871179496 ], [ 103.819113599999952, 1.280999 ], [ 103.818933664735525, 1.281170139870238 ], [ 103.819052081323505, 1.281296262143222 ], [ 103.819013464480676, 1.281333549912473 ], [ 103.818457377136184, 1.280687802001447 ], [ 103.818428777477877, 1.280712751108815 ], [ 103.818427198126869, 1.280710931167385 ], [ 103.81845550871023, 1.280685657246645 ], [ 103.818424796926024, 1.280650807826484 ], [ 103.818670365334626, 1.280508620013934 ] ], [ [ 103.819341672191783, 1.280390637359273 ], [ 103.819659253927114, 1.280730840743449 ], [ 103.819601467504071, 1.280784718781704 ], [ 103.819528476445711, 1.280852310496827 ], [ 103.819415431725631, 1.280957688713985 ], [ 103.819295976043563, 1.28083045974972 ], [ 103.81910264168603, 1.280612328820781 ], [ 103.818917900010518, 1.280778199990258 ], [ 103.81895703462321, 1.280741462237268 ], [ 103.819341672191783, 1.280390637359273 ] ], [ [ 103.819276507044023, 1.281358386495065 ], [ 103.819278699327455, 1.281356301372688 ], [ 103.819278745966685, 1.281356356942552 ], [ 103.819276558218192, 1.281358440182971 ], [ 103.819276507044023, 1.281358386495065 ] ], [ [ 103.8201775825205, 1.280924743149574 ], [ 103.820010400022412, 1.280743100023808 ], [ 103.820179379584886, 1.280923084821295 ], [ 103.8201775825205, 1.280924743149574 ] ], [ [ 103.82025447721152, 1.280853784839707 ], [ 103.820308449980729, 1.280802452935013 ], [ 103.820361079530159, 1.280755412365859 ], [ 103.82025447721152, 1.280853784839707 ] ], [ [ 103.820771062071813, 1.280933568754322 ], [ 103.820771126630262, 1.280933513317975 ], [ 103.820772244234902, 1.280934989882802 ], [ 103.820772142885616, 1.280935083030984 ], [ 103.820771062071813, 1.280933568754322 ] ], [ [ 103.820480299999815, 1.281164399999834 ], [ 103.820626566973559, 1.281341459073098 ], [ 103.820531722884851, 1.281429432265712 ], [ 103.820426400915963, 1.281315460996981 ], [ 103.820480299999815, 1.281164399999834 ] ], [ [ 103.820464199999876, 1.281156300000379 ], [ 103.820388171382703, 1.28127409195753 ], [ 103.820364413412207, 1.281248382920745 ], [ 103.820464199999876, 1.281156300000379 ] ], [ [ 103.820394701902003, 1.281281158778649 ], [ 103.820471999999199, 1.28116140000134 ], [ 103.8204196406693, 1.281308145582046 ], [ 103.820394701902003, 1.281281158778649 ] ], [ [ 103.815672956906326, 1.280867596294852 ], [ 103.815674910928422, 1.280903082401298 ], [ 103.815674836485243, 1.280902321382244 ], [ 103.81567051636614, 1.280839477333191 ], [ 103.815672956906326, 1.280867596294852 ] ], [ [ 103.8168717, 1.281367300000371 ], [ 103.816891376138088, 1.281397176852016 ], [ 103.816890110504744, 1.281398117078564 ], [ 103.8168717, 1.281367300000371 ] ], [ [ 103.817315005488908, 1.281370492313616 ], [ 103.817797270595335, 1.281048752192616 ], [ 103.818001134400717, 1.281263661412835 ], [ 103.818372971759928, 1.281655695399014 ], [ 103.81846991725547, 1.281758043436856 ], [ 103.818571802760857, 1.28186534839153 ], [ 103.818659940021419, 1.281961759371005 ], [ 103.818595875007802, 1.282016496433407 ], [ 103.818573375711608, 1.282026574577097 ], [ 103.818239616003552, 1.282125023730879 ], [ 103.818238537234208, 1.282125319803599 ], [ 103.818174886998179, 1.281900029175504 ], [ 103.8177342870366, 1.282026129164419 ], [ 103.817797130556869, 1.282248564550673 ], [ 103.817727251997439, 1.282265745094402 ], [ 103.817786, 1.28250779999978 ], [ 103.817708801215062, 1.282271051991503 ], [ 103.817638743164665, 1.282294193724332 ], [ 103.817404970143031, 1.281431645966668 ], [ 103.817315005488908, 1.281370492313616 ] ], [ [ 103.818728999999365, 1.282229599999019 ], [ 103.818889215220921, 1.282419557723692 ], [ 103.819001644406939, 1.282323498368611 ], [ 103.819428468574102, 1.282805627506407 ], [ 103.819522618855601, 1.282914865355787 ], [ 103.819580285154743, 1.282983243975739 ], [ 103.819652585158153, 1.283066989897449 ], [ 103.819656451207209, 1.283071996248094 ], [ 103.819655454993125, 1.283098096984201 ], [ 103.819646104159744, 1.283159603357578 ], [ 103.819623361847363, 1.28321412113374 ], [ 103.819610364924685, 1.283218576170381 ], [ 103.819566703294328, 1.282985647196784 ], [ 103.819454003304344, 1.283007047195536 ], [ 103.819499899999244, 1.283251899999105 ], [ 103.819376654821568, 1.283035798568813 ], [ 103.819281454827149, 1.283090798564662 ], [ 103.819396195676816, 1.283291988290626 ], [ 103.819377269425573, 1.283298475757785 ], [ 103.819167910864223, 1.283234179345435 ], [ 103.819154510860031, 1.283278379344376 ], [ 103.819301598147476, 1.283323551537521 ], [ 103.819290845355169, 1.283326956588318 ], [ 103.819150503091649, 1.283293226521953 ], [ 103.819138403087223, 1.283344226520926 ], [ 103.819191631645111, 1.28335701955194 ], [ 103.818773991426468, 1.283481797071034 ], [ 103.818675784236717, 1.283136945028172 ], [ 103.818199815750361, 1.283274254949606 ], [ 103.818298914173369, 1.283622236765114 ], [ 103.818112695964871, 1.283678517122322 ], [ 103.817939776122302, 1.283724290021951 ], [ 103.817879269612433, 1.283740445160267 ], [ 103.817295217900949, 1.283896132287429 ], [ 103.817157818697794, 1.283932760110416 ], [ 103.817076740726719, 1.283619705792061 ], [ 103.816763936067943, 1.283696773623034 ], [ 103.816812545642549, 1.283896637937892 ], [ 103.816572182479646, 1.283957365832545 ], [ 103.816582455513711, 1.283998555823604 ], [ 103.816602334667465, 1.284080882460831 ], [ 103.816560771287641, 1.284091964888921 ], [ 103.816559270380111, 1.284088230278022 ], [ 103.816525527472493, 1.283972760632539 ], [ 103.816487347486088, 1.283841829307529 ], [ 103.816448717804562, 1.283709497890907 ], [ 103.816440203003296, 1.283679074228335 ], [ 103.816422023794587, 1.283614048619364 ], [ 103.816401185671211, 1.283539415969619 ], [ 103.816405799471127, 1.283538088657689 ], [ 103.817066661367619, 1.283348199606373 ], [ 103.81697751301347, 1.283033904706692 ], [ 103.817191635167887, 1.282975150189297 ], [ 103.817267286804423, 1.282955267387037 ], [ 103.817364522107084, 1.282930637081034 ], [ 103.817323642064139, 1.282767151653727 ], [ 103.81732926426703, 1.28271524633455 ], [ 103.817368975747002, 1.282756665413633 ], [ 103.817416057173233, 1.282894177144142 ], [ 103.8175328322572, 1.282853675406129 ], [ 103.817854075658119, 1.282747561582245 ], [ 103.817929348020456, 1.28272905490182 ], [ 103.817874734185082, 1.282504033761381 ], [ 103.81787537866316, 1.282503849311035 ], [ 103.817938553887075, 1.28272660175294 ], [ 103.818126144292521, 1.28267270673126 ], [ 103.818372130087781, 1.282605194865658 ], [ 103.818307, 1.282364800000485 ], [ 103.818376625934462, 1.28260391496617 ], [ 103.818728525964147, 1.282500114957065 ], [ 103.818658900000486, 1.28226100000047 ], [ 103.818759560066269, 1.282488645634876 ], [ 103.81882966007106, 1.282457245632572 ], [ 103.818728999999365, 1.282229599999019 ] ], [ [ 103.815936620908332, 1.281947145706267 ], [ 103.815936561848957, 1.281947179439577 ], [ 103.815930500034383, 1.2819369000576 ], [ 103.815936620908332, 1.281947145706267 ] ], [ [ 103.815396500767079, 1.282255901301221 ], [ 103.815522857875976, 1.28247017265486 ], [ 103.815639144024303, 1.282400705850818 ], [ 103.815815279599533, 1.282381924060627 ], [ 103.815775202130837, 1.282395878467294 ], [ 103.81562274674063, 1.282524141825139 ], [ 103.815615332483645, 1.282709497816238 ], [ 103.815670383673137, 1.282889846568088 ], [ 103.81570702311204, 1.283031312789862 ], [ 103.815719363200387, 1.283072020046114 ], [ 103.815643803094758, 1.282858011780837 ], [ 103.815561603102068, 1.282887411778037 ], [ 103.815644500002151, 1.283122200005061 ], [ 103.815543561275504, 1.282894679385799 ], [ 103.815438257285763, 1.282942004903005 ], [ 103.815438414329279, 1.282940643860288 ], [ 103.815437329022672, 1.282940517003718 ], [ 103.81543725158906, 1.282940159984336 ], [ 103.81543695130938, 1.282930280822359 ], [ 103.815435121127052, 1.282930337174923 ], [ 103.815432371207891, 1.282917658268329 ], [ 103.815366181465095, 1.282932200875914 ], [ 103.81530926220438, 1.282925547831153 ], [ 103.815290609166055, 1.282852820120388 ], [ 103.815103331691745, 1.282901477496626 ], [ 103.815085785297072, 1.282899426573274 ], [ 103.815276966085392, 1.2828135319795 ], [ 103.815266366083208, 1.282789631980394 ], [ 103.815040300000476, 1.282891199999705 ], [ 103.815142516438158, 1.28269732618704 ], [ 103.815522835637054, 1.28247018593892 ], [ 103.815396500767079, 1.282255901301221 ] ], [ [ 103.81509313232155, 1.282726820142885 ], [ 103.8150139, 1.282877100000606 ], [ 103.815039100921098, 1.282759089620728 ], [ 103.81509313232155, 1.282726820142885 ] ], [ [ 103.815009722190453, 1.282776635644272 ], [ 103.814989399999291, 1.282871799999795 ], [ 103.814985675556727, 1.28279099714962 ], [ 103.815009722190453, 1.282776635644272 ] ], [ [ 103.814960610252911, 1.28280596704076 ], [ 103.814963700000291, 1.282873000000502 ], [ 103.814935610523548, 1.2828208977686 ], [ 103.814960610252911, 1.28280596704076 ] ], [ [ 103.814485297763142, 1.282850781452554 ], [ 103.814483708844335, 1.282851649217762 ], [ 103.814463199999949, 1.282813300000318 ], [ 103.814485297763142, 1.282850781452554 ] ], [ [ 103.813754200000147, 1.283197400000562 ], [ 103.813871537270899, 1.28341680751239 ], [ 103.814342226791808, 1.283161811991902 ], [ 103.814422580596059, 1.28331085763758 ], [ 103.814092171248461, 1.28348198840805 ], [ 103.814037355528782, 1.283372815244013 ], [ 103.81359544445219, 1.283597584736745 ], [ 103.813715332591698, 1.283836358783724 ], [ 103.813699242123135, 1.283841942878244 ], [ 103.813662689877788, 1.284004143408342 ], [ 103.81360275458789, 1.283808709993111 ], [ 103.813546504661446, 1.283826185063702 ], [ 103.813477642588268, 1.283580829850371 ], [ 103.813456817168486, 1.283562830740379 ], [ 103.813834160461397, 1.283433217621906 ], [ 103.813754200000147, 1.283197400000562 ] ], [ [ 103.812985480990406, 1.283724729244817 ], [ 103.812994800000411, 1.2837650000003 ], [ 103.812984925826427, 1.283724919937459 ], [ 103.812985480990406, 1.283724729244817 ] ], [ [ 103.812464263080599, 1.283640686034864 ], [ 103.812464230903842, 1.283640694064456 ], [ 103.812464199999255, 1.283640499997451 ], [ 103.812464263080599, 1.283640686034864 ] ], [ [ 103.811243000000445, 1.283837500000516 ], [ 103.811282179364781, 1.284083532130882 ], [ 103.81182884587507, 1.283995345749824 ], [ 103.811823042097515, 1.284067551479256 ], [ 103.811834689982462, 1.28416587340653 ], [ 103.811853137847166, 1.284238827769017 ], [ 103.811838306952779, 1.284238827769257 ], [ 103.811820733428661, 1.284123928657522 ], [ 103.811452141352007, 1.284181037200357 ], [ 103.811221284994701, 1.284193372311313 ], [ 103.811164294324428, 1.2841963665681 ], [ 103.811177199996507, 1.284445199944362 ], [ 103.811162285104899, 1.284196480373923 ], [ 103.810688185150696, 1.284225280372744 ], [ 103.810696206189334, 1.284359038999028 ], [ 103.810693176806424, 1.284359174894444 ], [ 103.810694881350173, 1.284397666800823 ], [ 103.810694532324874, 1.284394425126349 ], [ 103.810692937926035, 1.284359185726605 ], [ 103.810690748968028, 1.284359286053605 ], [ 103.810676428251654, 1.284226278051823 ], [ 103.810431628274912, 1.284252978049546 ], [ 103.810446614911271, 1.284392171109089 ], [ 103.81041396355802, 1.284406596185385 ], [ 103.810410131618468, 1.284398462919236 ], [ 103.810406893160788, 1.284323865285266 ], [ 103.810375633091937, 1.284325240010956 ], [ 103.810352225923026, 1.284275558438002 ], [ 103.810321425925224, 1.284290258436905 ], [ 103.810338672710017, 1.284326864633012 ], [ 103.810238512137545, 1.28433126445125 ], [ 103.810238505286179, 1.284331264752341 ], [ 103.810108525614694, 1.284336970816438 ], [ 103.810101653128669, 1.284152064272151 ], [ 103.811256984497234, 1.284086274375846 ], [ 103.811243000000445, 1.283837500000516 ] ], [ [ 103.809697236712736, 1.284106426947141 ], [ 103.809696526454871, 1.284106453688932 ], [ 103.809687100000104, 1.283926100000074 ], [ 103.809697236712736, 1.284106426947141 ] ], [ [ 103.809410178543956, 1.284190278739252 ], [ 103.809607205045154, 1.284179846908428 ], [ 103.809619405820456, 1.284508114561858 ], [ 103.80978071144682, 1.284502041296123 ], [ 103.809821743613242, 1.284530427783084 ], [ 103.809755243347951, 1.284577108309777 ], [ 103.809680212964267, 1.284566119427307 ], [ 103.809679012963898, 1.284574419426985 ], [ 103.809745253296114, 1.284584120926914 ], [ 103.809685157813391, 1.284626305548231 ], [ 103.80967697969686, 1.284626853588588 ], [ 103.809677307961408, 1.284631815829739 ], [ 103.809663740961881, 1.284641339319781 ], [ 103.809679436331763, 1.284663989527511 ], [ 103.809693279673525, 1.284873253589987 ], [ 103.809829415887364, 1.284864130687351 ], [ 103.809836121328075, 1.284873489470336 ], [ 103.80969584669819, 1.28489609617028 ], [ 103.809697246697496, 1.28490489617044 ], [ 103.809841918652467, 1.284881580795671 ], [ 103.809877877689388, 1.284931768820279 ], [ 103.809844893200236, 1.284966017706887 ], [ 103.809693241891466, 1.284907494277453 ], [ 103.809687641890179, 1.284922194276837 ], [ 103.809833054553906, 1.284978310164564 ], [ 103.809789993368312, 1.285023022016001 ], [ 103.809672221578566, 1.285033648369849 ], [ 103.809689362535238, 1.285226092625963 ], [ 103.809492872643318, 1.28524005683154 ], [ 103.809452541530007, 1.284670195735321 ], [ 103.809205600000197, 1.284687900000528 ], [ 103.809452219199756, 1.284666114687403 ], [ 103.809410916654812, 1.284192470005924 ], [ 103.809410178543956, 1.284190278739252 ] ], [ [ 103.809788987512334, 1.284501729696188 ], [ 103.809866800000549, 1.284498800000332 ], [ 103.809826075079442, 1.28452738726721 ], [ 103.809788987512334, 1.284501729696188 ] ], [ [ 103.811864699998409, 1.284284551722546 ], [ 103.811898181170889, 1.284416957142964 ], [ 103.811901270902496, 1.284416165683393 ], [ 103.811901269792799, 1.284416167862903 ], [ 103.811898181627342, 1.284416958946272 ], [ 103.811899072835899, 1.284420483231058 ], [ 103.811873710281944, 1.284470301574361 ], [ 103.81186469999939, 1.284411390611162 ], [ 103.811864699998409, 1.284284551722546 ] ], [ [ 103.811924355068754, 1.284410254199715 ], [ 103.811924356069753, 1.28441025223273 ], [ 103.812088629972607, 1.284368172148281 ], [ 103.812088628870086, 1.284368172826545 ], [ 103.811924355068754, 1.284410254199715 ] ], [ [ 103.812092412344725, 1.284367203628675 ], [ 103.812092412152424, 1.284367203312146 ], [ 103.812138099999856, 1.284355499999902 ], [ 103.812092412344725, 1.284367203628675 ] ], [ [ 103.812596744994863, 1.284121058959367 ], [ 103.812820251262494, 1.284065279401326 ], [ 103.812872370960847, 1.284255546387624 ], [ 103.812639646513304, 1.284319110185373 ], [ 103.812596744994863, 1.284121058959367 ] ], [ [ 103.815342016494753, 1.283227911324019 ], [ 103.815341969055183, 1.283227825229051 ], [ 103.815341969287914, 1.283227825178409 ], [ 103.81534201672747, 1.283227911272472 ], [ 103.815342016494753, 1.283227911324019 ] ], [ [ 103.815063600000215, 1.283445500000272 ], [ 103.815192439766804, 1.28365827023317 ], [ 103.815390907026313, 1.283536527986222 ], [ 103.815483568619428, 1.283484805448484 ], [ 103.815483569734525, 1.283484804825385 ], [ 103.815643510147495, 1.28339552916459 ], [ 103.815736559637671, 1.283353711040695 ], [ 103.815796726126621, 1.283332191638426 ], [ 103.815797857759406, 1.283331923507473 ], [ 103.815832818614737, 1.283445966662047 ], [ 103.815853007451608, 1.283518231864525 ], [ 103.81547852680761, 1.28361640790524 ], [ 103.815516026795237, 1.283761307908954 ], [ 103.815752518126004, 1.283699307961667 ], [ 103.815752518185292, 1.283699308176002 ], [ 103.815516031115294, 1.283761324599942 ], [ 103.815565631099119, 1.283952924604767 ], [ 103.815805200000383, 1.283890100000368 ], [ 103.815565844328532, 1.283953742599764 ], [ 103.815580044324491, 1.284007842600708 ], [ 103.815819400000152, 1.283944200000066 ], [ 103.815580070659976, 1.284007942852451 ], [ 103.815638070640787, 1.284228542857106 ], [ 103.816025797619204, 1.284125275842309 ], [ 103.816054256156136, 1.284226982806289 ], [ 103.815953526032345, 1.284253830120232 ], [ 103.815661893403686, 1.28433163881776 ], [ 103.815335522269095, 1.284418631123212 ], [ 103.814884000313683, 1.28453903697679 ], [ 103.814492059639377, 1.28464353581576 ], [ 103.814462537377509, 1.28453898463529 ], [ 103.814462536719802, 1.284538982306546 ], [ 103.81442043736439, 1.284389884638761 ], [ 103.814182300574814, 1.284457999835462 ], [ 103.814420423453569, 1.284389835390565 ], [ 103.814375327676089, 1.284230250387099 ], [ 103.814349846625305, 1.284140038554296 ], [ 103.814348167552666, 1.284124562594356 ], [ 103.814524923149406, 1.284027814447473 ], [ 103.814565606215751, 1.284167803153342 ], [ 103.814607369529327, 1.284322741163279 ], [ 103.815085230458493, 1.284192258814049 ], [ 103.815042830445108, 1.284034958818321 ], [ 103.814803900000086, 1.284100200000568 ], [ 103.815041511131696, 1.284030247887201 ], [ 103.814974646781508, 1.283800170627615 ], [ 103.814969728985176, 1.283783183934724 ], [ 103.815171911898105, 1.283669937531104 ], [ 103.815183236057166, 1.283663646331749 ], [ 103.815063600000215, 1.283445500000272 ] ], [ [ 103.814862692129608, 1.283669288181276 ], [ 103.814862615311526, 1.283669310634288 ], [ 103.814862494659053, 1.283669092012247 ], [ 103.814862571225547, 1.283669069517631 ], [ 103.814862692129608, 1.283669288181276 ] ], [ [ 103.821393793085562, 1.283234497934312 ], [ 103.821565087123943, 1.283166679622186 ], [ 103.821784990205899, 1.283075683166263 ], [ 103.821802263117263, 1.28312715645382 ], [ 103.821882237810726, 1.283350258989691 ], [ 103.821940162951748, 1.283579522660428 ], [ 103.821985141403516, 1.283782615650809 ], [ 103.821824463933339, 1.283821764961502 ], [ 103.821755082289314, 1.283841578384105 ], [ 103.821711614069415, 1.283691376360485 ], [ 103.821635804359701, 1.283410652976319 ], [ 103.821552038583405, 1.283302781950636 ], [ 103.821393793085562, 1.283234497934312 ] ], [ [ 103.825936868225114, 1.280977967378215 ], [ 103.825936876518568, 1.280977981359721 ], [ 103.825936658070063, 1.280978109052701 ], [ 103.825936648587842, 1.280978090793546 ], [ 103.825936868225114, 1.280977967378215 ] ], [ [ 103.821559197710755, 1.282349444979033 ], [ 103.821721927004518, 1.282461527436096 ], [ 103.821610855015479, 1.28251372896637 ], [ 103.821647905880482, 1.282593589711355 ], [ 103.821380312892217, 1.282704320373844 ], [ 103.821225066363397, 1.282765785195422 ], [ 103.821225236349719, 1.282754924875232 ], [ 103.821185958283763, 1.282754302093261 ], [ 103.821302068575349, 1.282622093312606 ], [ 103.821440755135313, 1.282486118210868 ], [ 103.821559197710755, 1.282349444979033 ] ], [ [ 103.821128957042518, 1.282087764220439 ], [ 103.8209077374418, 1.281844294715869 ], [ 103.820865388042705, 1.281797634544533 ], [ 103.820876813218902, 1.281787037053492 ], [ 103.820937806580076, 1.281852547361447 ], [ 103.821071322442975, 1.28199990268836 ], [ 103.821140139161656, 1.282074860954684 ], [ 103.821128957042518, 1.282087764220439 ] ], [ [ 103.819956815576219, 1.282112048104111 ], [ 103.819953798358569, 1.282114847056028 ], [ 103.819953745965051, 1.282114793912557 ], [ 103.819956796040302, 1.282112027122742 ], [ 103.819956815576219, 1.282112048104111 ] ], [ [ 103.820128872607285, 1.282494946298338 ], [ 103.82022696833252, 1.282396977878085 ], [ 103.82029431136931, 1.2823334557264 ], [ 103.820452057885547, 1.282509056508491 ], [ 103.820602117010864, 1.282681477599301 ], [ 103.820601949364701, 1.282681919046103 ], [ 103.820571493116134, 1.282691521668799 ], [ 103.820583568650036, 1.28273031941874 ], [ 103.820482855480932, 1.282995518803403 ], [ 103.820364373884487, 1.282985112193075 ], [ 103.820327162956602, 1.282924145629575 ], [ 103.820440134798289, 1.282785123303627 ], [ 103.820405634798504, 1.282756723305877 ], [ 103.820382297000293, 1.282785442632163 ], [ 103.820375355749846, 1.282782096338138 ], [ 103.82039867846089, 1.282751203003623 ], [ 103.820313553266331, 1.2826861022587 ], [ 103.820128872607285, 1.282494946298338 ] ], [ [ 103.820618652731739, 1.282997291346806 ], [ 103.820645500000097, 1.282929299999974 ], [ 103.820662109739473, 1.282982665788403 ], [ 103.820618652731739, 1.282997291346806 ] ], [ [ 103.820932923334837, 1.282881451310899 ], [ 103.820920799822701, 1.282842499430555 ], [ 103.820932950692693, 1.282881440466793 ], [ 103.820932923334837, 1.282881451310899 ] ], [ [ 103.820966978757454, 1.282867966573068 ], [ 103.820955599999536, 1.282831499999784 ], [ 103.820986413886004, 1.282860271868782 ], [ 103.820966978757454, 1.282867966573068 ] ], [ [ 103.821018599163679, 1.282847529158001 ], [ 103.821006034513644, 1.282835797160091 ], [ 103.821091308010026, 1.282818742460911 ], [ 103.821018599163679, 1.282847529158001 ] ], [ [ 103.82062811882939, 1.282873455661705 ], [ 103.820628401316583, 1.282874363271976 ], [ 103.820612000016581, 1.282915899959114 ], [ 103.82062811882939, 1.282873455661705 ] ], [ [ 103.815847233282113, 1.282276397851442 ], [ 103.815869400000565, 1.282299299999938 ], [ 103.815795748686739, 1.282307153632776 ], [ 103.815847233282113, 1.282276397851442 ] ], [ [ 103.816314362717108, 1.283215871151772 ], [ 103.816337799628243, 1.283298498691065 ], [ 103.816314336402442, 1.283215878372045 ], [ 103.816314362717108, 1.283215871151772 ] ], [ [ 103.815444409952477, 1.282973164674559 ], [ 103.815532800000653, 1.283172400002536 ], [ 103.815458295551252, 1.28303718627055 ], [ 103.815444409952477, 1.282973164674559 ] ], [ [ 103.816166851834254, 1.283345956414561 ], [ 103.816166862133329, 1.283345953215892 ], [ 103.816167299999989, 1.283347500000228 ], [ 103.816166851834254, 1.283345956414561 ] ], [ [ 103.816221700000256, 1.283331900000495 ], [ 103.816221846010336, 1.283332414141956 ], [ 103.816221845579037, 1.283332414264043 ], [ 103.816221700000256, 1.283331900000495 ] ], [ [ 103.816162269714781, 1.283349240112597 ], [ 103.81616226801205, 1.283349240593707 ], [ 103.816162200000534, 1.283349000000537 ], [ 103.816162269714781, 1.283349240112597 ] ], [ [ 103.822874300000251, 1.283288900000366 ], [ 103.82287377404846, 1.283287350416865 ], [ 103.822873833956848, 1.283287332988192 ], [ 103.822874300000251, 1.283288899999462 ], [ 103.822874300000251, 1.283288900000366 ] ], [ [ 103.822945650369178, 1.283806545957172 ], [ 103.82300029468685, 1.283987836553939 ], [ 103.82323719999907, 1.283915500000412 ], [ 103.82304437133584, 1.284071769681822 ], [ 103.823056771336041, 1.284087269682766 ], [ 103.823249600000594, 1.283931000000437 ], [ 103.82322563471088, 1.284123105311279 ], [ 103.823070625555786, 1.284171523187391 ], [ 103.823070621690263, 1.284171524394703 ], [ 103.822937751497591, 1.284213015085972 ], [ 103.822731462017373, 1.284277411801437 ], [ 103.82280479999973, 1.284515400000067 ], [ 103.822731461448598, 1.28427741197869 ], [ 103.822646931500401, 1.28430379963656 ], [ 103.822640599718412, 1.284273695552476 ], [ 103.822568183906938, 1.283929920590613 ], [ 103.822527025323495, 1.283938703386232 ], [ 103.822526877508523, 1.283938027602548 ], [ 103.822440493593547, 1.283957168316636 ], [ 103.82239006757905, 1.283967928678465 ], [ 103.822526677587319, 1.283937121639688 ], [ 103.822525813896149, 1.283933241884361 ], [ 103.822539546643739, 1.283929918342041 ], [ 103.822557014199646, 1.28393005270805 ], [ 103.822612216212292, 1.283913334384469 ], [ 103.822724562852997, 1.28387734279157 ], [ 103.822870734477576, 1.28383055187416 ], [ 103.822795700139324, 1.28359310044055 ], [ 103.822870804483756, 1.283830529453433 ], [ 103.822945650369178, 1.283806545957172 ] ], [ [ 103.820977449752263, 1.28339940262838 ], [ 103.821063132671142, 1.283614717470103 ], [ 103.82106275747293, 1.283614837061505 ], [ 103.820970798825513, 1.283402039031345 ], [ 103.820977449752263, 1.28339940262838 ] ], [ [ 103.819166341778583, 1.283991450277471 ], [ 103.819227617081864, 1.284201588072589 ], [ 103.819421725791344, 1.2841442504711 ], [ 103.819491299999584, 1.2843767 ], [ 103.819243794032744, 1.284382242441842 ], [ 103.819249694007326, 1.284649142442567 ], [ 103.819497200000754, 1.284643600000439 ], [ 103.819500089429837, 1.284733519342789 ], [ 103.819437631868837, 1.284778256381607 ], [ 103.819409563162068, 1.284941522604947 ], [ 103.819422712468025, 1.285205002324321 ], [ 103.81958069965988, 1.285418873300713 ], [ 103.819871519614736, 1.285414678789762 ], [ 103.819926618488637, 1.285414882257878 ], [ 103.819916310209649, 1.285425147029683 ], [ 103.819974110208804, 1.285483947033896 ], [ 103.820046202189801, 1.285412159318738 ], [ 103.820106415793518, 1.285411290846132 ], [ 103.820052578646482, 1.285537725508021 ], [ 103.820134878652595, 1.285573225511155 ], [ 103.820226443284923, 1.285358189139891 ], [ 103.820231805885214, 1.285356524089846 ], [ 103.82022040212253, 1.285593079456035 ], [ 103.820310502130965, 1.28559747945627 ], [ 103.820322500000316, 1.285348600000364 ], [ 103.820364107945906, 1.285594227899701 ], [ 103.820448607954162, 1.285579727898325 ], [ 103.820414722956883, 1.285379691613772 ], [ 103.820458614800984, 1.28542167398494 ], [ 103.820533307058355, 1.285548403096264 ], [ 103.820568894175793, 1.285527155750745 ], [ 103.82057804413941, 1.285535907651359 ], [ 103.820578049641142, 1.285535912914791 ], [ 103.820887721132266, 1.285832153348861 ], [ 103.820898328131506, 1.285847302020913 ], [ 103.820999303063076, 1.286056164076732 ], [ 103.820910918198322, 1.286080755025808 ], [ 103.820861730460976, 1.286064088106568 ], [ 103.820240631927177, 1.286093695333242 ], [ 103.820062752025834, 1.286107925726005 ], [ 103.820012836362125, 1.28610944102342 ], [ 103.820017987038938, 1.286281317308196 ], [ 103.820015009878446, 1.286219520167608 ], [ 103.819907735422063, 1.286224755476694 ], [ 103.819626829134776, 1.286235427763099 ], [ 103.819622700000451, 1.286235427762483 ], [ 103.819622700000522, 1.286235584638136 ], [ 103.819622161579872, 1.286235605093768 ], [ 103.819622700000167, 1.286249961267772 ], [ 103.819622700000664, 1.286327646455601 ], [ 103.819537705085963, 1.286147911800437 ], [ 103.819522261245979, 1.286155310045981 ], [ 103.819504824134555, 1.286163422499104 ], [ 103.81960870000033, 1.286389600000485 ], [ 103.819377392636738, 1.286300786693433 ], [ 103.819372692636378, 1.286313186692891 ], [ 103.819604, 1.286402000000373 ], [ 103.819367931724656, 1.286326941836643 ], [ 103.819363631722979, 1.286340641836563 ], [ 103.819599699997667, 1.286415699999792 ], [ 103.819353485935537, 1.286389681719237 ], [ 103.819350585932611, 1.286417481719368 ], [ 103.819596800000056, 1.286443500000229 ], [ 103.819351106647446, 1.28647410109667 ], [ 103.819354106645221, 1.286498501096324 ], [ 103.819599800000148, 1.286467900000528 ], [ 103.819378339917463, 1.286579274724872 ], [ 103.819385339916138, 1.286593374726055 ], [ 103.819606799999747, 1.286482000000218 ], [ 103.819562789975166, 1.286727203444328 ], [ 103.819572689975843, 1.286729003444637 ], [ 103.819616700000424, 1.286483800000348 ], [ 103.819584187651245, 1.286730814173914 ], [ 103.819590187651741, 1.286731614174152 ], [ 103.819622700000352, 1.286484600000505 ], [ 103.819622699999087, 1.286733772237134 ], [ 103.819631500000199, 1.286733772236782 ], [ 103.819631500000611, 1.286484600000143 ], [ 103.819640838421989, 1.286733594906017 ], [ 103.819927738449394, 1.286722694905083 ], [ 103.819925969774317, 1.28667553600082 ], [ 103.819928238256281, 1.286677913544658 ], [ 103.819930390113456, 1.286722579832344 ], [ 103.819969055218039, 1.286720692862116 ], [ 103.820020065004698, 1.286774155040719 ], [ 103.820818097476476, 1.286737557254877 ], [ 103.820810709702627, 1.286837883090511 ], [ 103.821021892165092, 1.286853636356925 ], [ 103.82102024555698, 1.286858432545853 ], [ 103.820810429838247, 1.286870410803834 ], [ 103.820814729831056, 1.286946710804452 ], [ 103.820993440905738, 1.286936508293534 ], [ 103.820986746054345, 1.286956008844693 ], [ 103.821119857547842, 1.287002302524903 ], [ 103.821141554210001, 1.287026676541519 ], [ 103.821200661537617, 1.287142806017575 ], [ 103.821421000000768, 1.287029199999292 ], [ 103.821254352052421, 1.287213466285855 ], [ 103.821350952054019, 1.287301966292121 ], [ 103.821517599998614, 1.287117700002037 ], [ 103.821393895461938, 1.287333535495899 ], [ 103.821460895464909, 1.287372435499397 ], [ 103.821502629547993, 1.287299619283563 ], [ 103.821504455461294, 1.287306859977312 ], [ 103.821508311043587, 1.287322331114431 ], [ 103.821509534789683, 1.287365162380478 ], [ 103.821518632763755, 1.2873648990583 ], [ 103.821517815654161, 1.287367479176726 ], [ 103.821509624191307, 1.287367803814548 ], [ 103.821510513544695, 1.287390536415286 ], [ 103.821509415440261, 1.287394003804776 ], [ 103.821510664878843, 1.287394404642301 ], [ 103.821520192514541, 1.287637938715805 ], [ 103.821520343616555, 1.28765027634968 ], [ 103.821395839576013, 1.287653952271504 ], [ 103.821161639470489, 1.287655533368711 ], [ 103.821163300000364, 1.287904700000055 ], [ 103.8211510164803, 1.287655834662875 ], [ 103.820989016496213, 1.287663934661847 ], [ 103.8210135835062, 1.288161665336921 ], [ 103.821170275233257, 1.288153830751351 ], [ 103.821388888207423, 1.288152354882744 ], [ 103.821396810494122, 1.288231799938937 ], [ 103.82139342305652, 1.288253737612515 ], [ 103.82133830561159, 1.288357619567424 ], [ 103.821312623704486, 1.288359512734374 ], [ 103.820722410688262, 1.288384638747159 ], [ 103.820229527126955, 1.288404525113048 ], [ 103.819990547456882, 1.288409216621368 ], [ 103.819983415880458, 1.288408888193518 ], [ 103.819983394565526, 1.288409357042376 ], [ 103.819982472126924, 1.288409375151036 ], [ 103.819982473576786, 1.288409449971861 ], [ 103.819941709152474, 1.288274505705305 ], [ 103.819750025815395, 1.288182475925401 ], [ 103.819593120225733, 1.288192362829079 ], [ 103.819617793819205, 1.288138574383169 ], [ 103.819598177586485, 1.287823291395165 ], [ 103.819529988105671, 1.287692594909342 ], [ 103.819427592590003, 1.287637130675025 ], [ 103.819426598993829, 1.287621180309585 ], [ 103.819423419509206, 1.287553945988043 ], [ 103.819467129306773, 1.287555546626991 ], [ 103.819632041581286, 1.287377400637649 ], [ 103.819625295324968, 1.287248258260323 ], [ 103.819624749769105, 1.287227527195826 ], [ 103.8195966882964, 1.286937008708738 ], [ 103.819502616321842, 1.286770814905329 ], [ 103.819375513300884, 1.286760689754418 ], [ 103.819372749105725, 1.286721400109315 ], [ 103.819125800016693, 1.286738999998312 ], [ 103.81937215634089, 1.286714383468207 ], [ 103.819366271901089, 1.286654727482774 ], [ 103.819360051052158, 1.286595802272004 ], [ 103.819343833066341, 1.286542797164806 ], [ 103.819307727973936, 1.286465137166882 ], [ 103.819211037884941, 1.286384428915007 ], [ 103.819096940994569, 1.286353941487825 ], [ 103.818995167896887, 1.286358612576657 ], [ 103.818989735594599, 1.28627567642778 ], [ 103.818980543242873, 1.286134173089167 ], [ 103.818979368223964, 1.286104707304961 ], [ 103.818861792020201, 1.286109456920033 ], [ 103.818861791494598, 1.286109449682398 ], [ 103.818979367673222, 1.286104693492594 ], [ 103.81897226765642, 1.285926893493123 ], [ 103.818848896589643, 1.285931884098069 ], [ 103.818847739217048, 1.285915946835546 ], [ 103.818895010734636, 1.285912844067283 ], [ 103.8188789000003, 1.285664200000227 ], [ 103.818914769653418, 1.285910742971086 ], [ 103.818987369660377, 1.285900042970064 ], [ 103.818922193229682, 1.285452065712313 ], [ 103.818934760662913, 1.285451274061943 ], [ 103.819137156223562, 1.285440846421019 ], [ 103.819111843778373, 1.284943153579142 ], [ 103.818908043798459, 1.284953653577826 ], [ 103.818920700002067, 1.285202500042305 ], [ 103.818905235888849, 1.284953814344379 ], [ 103.818423372062597, 1.284984167977926 ], [ 103.81842011936763, 1.28492964669601 ], [ 103.818413024827763, 1.284571275655124 ], [ 103.818409166435771, 1.284345485829281 ], [ 103.818413122364063, 1.284362152924733 ], [ 103.818502451623146, 1.284340674851584 ], [ 103.81877587187978, 1.284280157305734 ], [ 103.818741241223989, 1.284121659564947 ], [ 103.818857979926761, 1.284090594925482 ], [ 103.818857881480398, 1.284090220158825 ], [ 103.818953141490169, 1.284127864399057 ], [ 103.818973127391516, 1.284076631494219 ], [ 103.818983104388067, 1.284050573024258 ], [ 103.819166341778583, 1.283991450277471 ] ], [ [ 103.812443050363427, 1.284501376576517 ], [ 103.812475599999857, 1.284622100000025 ], [ 103.812439620881193, 1.284503863739757 ], [ 103.812443050363427, 1.284501376576517 ] ], [ [ 103.811921125381346, 1.284507690004653 ], [ 103.811891899999353, 1.284514800000217 ], [ 103.811918745437893, 1.284498278518239 ], [ 103.811921125381346, 1.284507690004653 ] ], [ [ 103.811913153587483, 1.284476165553115 ], [ 103.811880600000308, 1.284496200000224 ], [ 103.811905734979391, 1.284446828671638 ], [ 103.811913153587483, 1.284476165553115 ] ], [ [ 103.811884888922648, 1.284543389683072 ], [ 103.811897999995807, 1.284540200001282 ], [ 103.811884947118784, 1.284543770178795 ], [ 103.811884888922648, 1.284543389683072 ] ], [ [ 103.812046030951365, 1.28500162887433 ], [ 103.81208498156235, 1.285155658962785 ], [ 103.812324899993612, 1.285094200002008 ], [ 103.812085996893629, 1.285159542871024 ], [ 103.81211269577507, 1.285258427659799 ], [ 103.812101601342277, 1.285280905150094 ], [ 103.812062104996656, 1.28529143572927 ], [ 103.812074033652181, 1.285336757710786 ], [ 103.812073501893707, 1.285337835061702 ], [ 103.812061162849545, 1.285291688925442 ], [ 103.812058926568611, 1.285292294663836 ], [ 103.812080844679642, 1.285159075367126 ], [ 103.812044244682738, 1.285152975367312 ], [ 103.812019568983061, 1.285302955403312 ], [ 103.811999219808342, 1.285308467358671 ], [ 103.811991182487134, 1.285149951597457 ], [ 103.811738082511752, 1.285162951596841 ], [ 103.811748898582124, 1.285376271533568 ], [ 103.811748891900564, 1.285376273343145 ], [ 103.811738035191922, 1.285162954031893 ], [ 103.81156047768502, 1.285172108212399 ], [ 103.811545642236808, 1.284790860942039 ], [ 103.811701886546359, 1.284764020434583 ], [ 103.81178529716847, 1.285072943856093 ], [ 103.812046030951365, 1.28500162887433 ] ], [ [ 103.811234299973378, 1.284442199489822 ], [ 103.81123550044677, 1.284464959086029 ], [ 103.811235481322996, 1.284464977004948 ], [ 103.811234299973378, 1.284442199489822 ] ], [ [ 103.811236626360724, 1.28448630513039 ], [ 103.81123813664145, 1.284514938329354 ], [ 103.81123806932969, 1.284514876141025 ], [ 103.811236589301956, 1.284486339855869 ], [ 103.811236626360724, 1.28448630513039 ] ], [ [ 103.811241492153513, 1.284580871339883 ], [ 103.811241620589726, 1.28458099 ], [ 103.811242621057531, 1.284599957736438 ], [ 103.811242482529622, 1.28459996669568 ], [ 103.811241492153513, 1.284580871339883 ] ], [ [ 103.809945221953114, 1.284587041852861 ], [ 103.809945500000467, 1.28459350000069 ], [ 103.809944646245285, 1.284587445976551 ], [ 103.809945221953114, 1.284587041852861 ] ], [ [ 103.809951327120743, 1.284871358395338 ], [ 103.809951400000429, 1.284871354103894 ], [ 103.809951400000188, 1.284950441575607 ], [ 103.809941912721385, 1.284904737411732 ], [ 103.809951327120743, 1.284871358395338 ] ], [ [ 103.809939347241681, 1.284892378433217 ], [ 103.809936584432478, 1.284879068829783 ], [ 103.80994357040052, 1.284871815067015 ], [ 103.809945173668325, 1.284871720675141 ], [ 103.809939347241681, 1.284892378433217 ] ], [ [ 103.80991311676307, 1.284873608005165 ], [ 103.809916800479144, 1.284891353997807 ], [ 103.809888685546014, 1.284920546665929 ], [ 103.809858815916229, 1.284878857627292 ], [ 103.809878884111185, 1.284875623430625 ], [ 103.80991311676307, 1.284873608005165 ] ], [ [ 103.809918210574608, 1.284898147015232 ], [ 103.809926481832619, 1.284937993100448 ], [ 103.809919336677979, 1.284963326445053 ], [ 103.809892077925795, 1.284925281410719 ], [ 103.809918210574608, 1.284898147015232 ] ], [ [ 103.809881270070051, 1.284936503565083 ], [ 103.809914012761965, 1.284982202534802 ], [ 103.809911344792951, 1.284991661894138 ], [ 103.809850690791265, 1.284968255042459 ], [ 103.809881270070051, 1.284936503565083 ] ], [ [ 103.809798702497346, 1.285022236205531 ], [ 103.809838852144964, 1.284980547500164 ], [ 103.809907056007276, 1.285006867901856 ], [ 103.809905437698532, 1.285012605659454 ], [ 103.809798702497346, 1.285022236205531 ] ], [ [ 103.809911646988354, 1.285012045404859 ], [ 103.809912513290328, 1.285008973909523 ], [ 103.809918800000773, 1.285011400000344 ], [ 103.809911646988354, 1.285012045404859 ] ], [ [ 103.810737913682473, 1.285580427795928 ], [ 103.810743300000354, 1.285556000000105 ], [ 103.810737918519322, 1.285580427183716 ], [ 103.810737913682473, 1.285580427795928 ] ], [ [ 103.813003255961959, 1.284736165854372 ], [ 103.813080069769526, 1.28502000036211 ], [ 103.812857352907699, 1.285079405589819 ], [ 103.812780191629557, 1.284797091194587 ], [ 103.813003255961959, 1.284736165854372 ] ], [ [ 103.815114802323251, 1.285086132550533 ], [ 103.815248983952145, 1.285049914478628 ], [ 103.815923840762025, 1.284871058439556 ], [ 103.815977651217622, 1.284856760595025 ], [ 103.81609749975172, 1.28530889543771 ], [ 103.816167405277767, 1.285502587565814 ], [ 103.816193664210047, 1.285569390306383 ], [ 103.816233305766787, 1.285670433210032 ], [ 103.816379330450857, 1.285983255595497 ], [ 103.816432195684456, 1.286096466064664 ], [ 103.816461910543751, 1.286158408632017 ], [ 103.816390934891373, 1.2861767812128 ], [ 103.816452600000403, 1.286418100000377 ], [ 103.816390845125269, 1.286176804467943 ], [ 103.81631254209988, 1.286197105253564 ], [ 103.816185041089341, 1.285980705136306 ], [ 103.815972100000508, 1.286107799999831 ], [ 103.816183098985846, 1.285977465243291 ], [ 103.816002281475988, 1.285680932194837 ], [ 103.815991475841471, 1.285656145590878 ], [ 103.815959197110004, 1.285554583532703 ], [ 103.815723400006107, 1.285630499997592 ], [ 103.815955680897304, 1.28554429918986 ], [ 103.815865780877701, 1.285298899197278 ], [ 103.815633500000501, 1.285385099999021 ], [ 103.815847806546572, 1.285260351847806 ], [ 103.815817006543767, 1.285206751849787 ], [ 103.815602700000738, 1.285331499999399 ], [ 103.815705539839968, 1.285104843431266 ], [ 103.815673339842007, 1.28509004343286 ], [ 103.815570500000575, 1.285316700000588 ], [ 103.81555781826998, 1.285067854899091 ], [ 103.815505518275046, 1.285070554898871 ], [ 103.815518200000554, 1.285319400000552 ], [ 103.815423046381838, 1.285089367791642 ], [ 103.815230639420292, 1.285169992868586 ], [ 103.815180025397453, 1.28518194340207 ], [ 103.815175504568018, 1.285167574719499 ], [ 103.815114802323251, 1.285086132550533 ] ], [ [ 103.816774986957242, 1.286343924244457 ], [ 103.81677508587066, 1.286343875579421 ], [ 103.816777143601016, 1.286351595276645 ], [ 103.816776964599299, 1.286351723059518 ], [ 103.816774986957242, 1.286343924244457 ] ], [ [ 103.817030076476044, 1.286195871636269 ], [ 103.817000180015924, 1.286134315600684 ], [ 103.816879204297777, 1.285882133915911 ], [ 103.816827462297113, 1.285771328889032 ], [ 103.816688094215763, 1.285472766769926 ], [ 103.816654165758692, 1.285386286102224 ], [ 103.81663039470692, 1.285325812412793 ], [ 103.816570300234773, 1.285159304540411 ], [ 103.816456343336071, 1.284729396495016 ], [ 103.816461984665125, 1.284727893672529 ], [ 103.817004324716564, 1.284583709610013 ], [ 103.817542661878917, 1.284440499727858 ], [ 103.817913892655113, 1.284341616264034 ], [ 103.81791797517171, 1.284580524320975 ], [ 103.817925280630448, 1.284949553279339 ], [ 103.817940255903792, 1.285200567777504 ], [ 103.817944035074163, 1.285267200642975 ], [ 103.818191200000285, 1.285253 ], [ 103.817945328793229, 1.285282117106704 ], [ 103.81795951338745, 1.285403452991836 ], [ 103.817983153869065, 1.285721876217568 ], [ 103.817987513675789, 1.285904988838979 ], [ 103.817960828086342, 1.286154178088117 ], [ 103.817932415104281, 1.28637687968087 ], [ 103.817890982983002, 1.28676677918317 ], [ 103.817845630866131, 1.286788418008152 ], [ 103.817774325747564, 1.286807721603972 ], [ 103.817709846274752, 1.286826564919942 ], [ 103.817604853704367, 1.28685382818349 ], [ 103.817646630824129, 1.287016807095455 ], [ 103.817645645534384, 1.287019266034807 ], [ 103.817600072522779, 1.286855121160437 ], [ 103.817539453085573, 1.286872170377185 ], [ 103.817381867217264, 1.286661246390316 ], [ 103.817283385521122, 1.286735781174778 ], [ 103.817281680071645, 1.286733515276914 ], [ 103.817378437360489, 1.286656762543116 ], [ 103.817266431431236, 1.286513727281924 ], [ 103.817160087952573, 1.286378308632682 ], [ 103.817139594459405, 1.286351815146766 ], [ 103.817132579316876, 1.286341327162732 ], [ 103.817030076476044, 1.286195871636269 ] ], [ [ 103.818589858880927, 1.285932873350994 ], [ 103.818598591902656, 1.285932300141122 ], [ 103.81859877608008, 1.285942001950601 ], [ 103.818590422115065, 1.285942339884015 ], [ 103.818589858880927, 1.285932873350994 ] ], [ [ 103.818737794897373, 1.286114465585103 ], [ 103.818737794920722, 1.286114465907961 ], [ 103.818737126296227, 1.286114492918397 ], [ 103.81873712627646, 1.286114492632617 ], [ 103.818737794897373, 1.286114465585103 ] ], [ [ 103.815307000000587, 1.285407900000085 ], [ 103.81540215361936, 1.285637932211886 ], [ 103.815454263598355, 1.285616096356341 ], [ 103.815489249454885, 1.285711597255236 ], [ 103.815523802867403, 1.28582031644776 ], [ 103.815759600000717, 1.285744400000049 ], [ 103.815532895417647, 1.28584451656823 ], [ 103.815555695413821, 1.285896816570307 ], [ 103.815782399998866, 1.285796700001086 ], [ 103.81557140100864, 1.2859270347235 ], [ 103.815760117708237, 1.286236522192965 ], [ 103.815863858522022, 1.286412595550684 ], [ 103.815814415201515, 1.286423111480654 ], [ 103.8158656, 1.286666900000423 ], [ 103.815719257394917, 1.286465922161404 ], [ 103.815699057396131, 1.286480822160927 ], [ 103.815845400000455, 1.286681800000174 ], [ 103.815640454504219, 1.286542022198898 ], [ 103.815620054502617, 1.286572322196826 ], [ 103.815825000000117, 1.286712100000641 ], [ 103.815593763599239, 1.286623099637034 ], [ 103.815579363596015, 1.286660999635955 ], [ 103.81581060000066, 1.28675 ], [ 103.815563188071764, 1.286741169505381 ], [ 103.81555978806233, 1.286837669504435 ], [ 103.815807200006788, 1.286846500000397 ], [ 103.815559731485493, 1.28685354379227 ], [ 103.81556353871359, 1.286989042533062 ], [ 103.81556363291422, 1.287042739965516 ], [ 103.815811200000141, 1.287042300000106 ], [ 103.815563823188299, 1.287052077202042 ], [ 103.815568423177055, 1.287169977201719 ], [ 103.815815800000237, 1.287160200000405 ], [ 103.815572360051547, 1.287205510154777 ], [ 103.815584560045934, 1.287271910156366 ], [ 103.815827999999826, 1.287226600000025 ], [ 103.815612897810198, 1.287349953445499 ], [ 103.815618615127775, 1.287360052901257 ], [ 103.815110240525797, 1.287391979759973 ], [ 103.815080368938027, 1.287304854317067 ], [ 103.814997203505811, 1.287232249578444 ], [ 103.814906255997414, 1.28719018635712 ], [ 103.814755237906311, 1.28719225074874 ], [ 103.81472269874547, 1.287192710772906 ], [ 103.814692373933397, 1.287070906157078 ], [ 103.814622473154174, 1.286955626258526 ], [ 103.814495844452765, 1.286862076079869 ], [ 103.814386888367451, 1.286833548145862 ], [ 103.814266305620862, 1.28683423172291 ], [ 103.814239208441293, 1.286834391116728 ], [ 103.81423990275448, 1.286801723536498 ], [ 103.814792660884038, 1.286797265222273 ], [ 103.814820838283353, 1.286797066089012 ], [ 103.814819099999681, 1.286547899996306 ], [ 103.814821059881368, 1.286797064422982 ], [ 103.814846159883402, 1.286796864422288 ], [ 103.814844199999285, 1.286547699887071 ], [ 103.814847145566929, 1.286796854593603 ], [ 103.815030845584289, 1.286794654593121 ], [ 103.815024954416259, 1.28629634540647 ], [ 103.814841747348552, 1.286298539503334 ], [ 103.814817250069694, 1.286298734699949 ], [ 103.814789061719068, 1.286298933910946 ], [ 103.814790799999983, 1.286548100000499 ], [ 103.814788816121961, 1.286298935769428 ], [ 103.814244249363782, 1.286303328018032 ], [ 103.814244066215693, 1.286243531883011 ], [ 103.813748933784694, 1.286245068092705 ], [ 103.813749133448297, 1.286310260261659 ], [ 103.813749452247563, 1.286454762361727 ], [ 103.813625403664119, 1.286480193970493 ], [ 103.813611535233321, 1.286469901926643 ], [ 103.813713682160852, 1.286260918080298 ], [ 103.813281882188747, 1.286047118099049 ], [ 103.813177010931838, 1.286261675616252 ], [ 103.813176825007289, 1.286261616261309 ], [ 103.813277562494406, 1.286045031270143 ], [ 103.813206462499167, 1.286011531273137 ], [ 103.813101499999419, 1.286237200001064 ], [ 103.813124483908737, 1.285989103912354 ], [ 103.813059483915183, 1.285983003913091 ], [ 103.813037474627691, 1.286220579539927 ], [ 103.813034891011668, 1.286219621229842 ], [ 103.813001915810517, 1.285984371046396 ], [ 103.81291742256748, 1.285996368577044 ], [ 103.812897642742612, 1.285926754908471 ], [ 103.813434218236324, 1.285764539454965 ], [ 103.813371167013145, 1.285553266190219 ], [ 103.813419854216022, 1.285540381359642 ], [ 103.813541152888817, 1.285508281710058 ], [ 103.813637875839177, 1.28548267563592 ], [ 103.814043035849195, 1.285375003076304 ], [ 103.814052570130883, 1.285381520861963 ], [ 103.814274854204385, 1.28552387110509 ], [ 103.814497048258815, 1.285470444675497 ], [ 103.814500992246721, 1.285499641977686 ], [ 103.814640342353457, 1.28563899209518 ], [ 103.81478054420306, 1.28567317223207 ], [ 103.814990794037513, 1.285673172233333 ], [ 103.815187594139459, 1.285682307645846 ], [ 103.815188012758227, 1.285673172218968 ], [ 103.815254885943887, 1.285673172210711 ], [ 103.815255541906765, 1.285675986541854 ], [ 103.815267461435255, 1.285673172208946 ], [ 103.815334581112026, 1.285673172198535 ], [ 103.815329939737254, 1.285658420388475 ], [ 103.815363541916213, 1.285650486539713 ], [ 103.815307000000587, 1.285407900000085 ] ], [ [ 103.812084613936932, 1.28537695666301 ], [ 103.81208499116714, 1.285378389916235 ], [ 103.812084388541223, 1.285378549454714 ], [ 103.812084191495728, 1.285377812534988 ], [ 103.812084613936932, 1.28537695666301 ] ], [ [ 103.812591146463433, 1.28575969467394 ], [ 103.812612800002015, 1.285771400000762 ], [ 103.812577716868347, 1.28576324874598 ], [ 103.812591146463433, 1.28575969467394 ] ], [ [ 103.812508413975991, 1.285781589391645 ], [ 103.812605299999987, 1.285804100000635 ], [ 103.81236727470521, 1.285872611470806 ], [ 103.812475463196606, 1.286253373323685 ], [ 103.811714366619398, 1.286388412145813 ], [ 103.811710383326144, 1.286361408103434 ], [ 103.811465500000466, 1.286397999999627 ], [ 103.811709835402795, 1.286357868869691 ], [ 103.811657335372516, 1.286034068874863 ], [ 103.811268272366277, 1.286097970933735 ], [ 103.811462789220315, 1.286054909950191 ], [ 103.811518228849096, 1.28604209962854 ], [ 103.811706712395704, 1.285993830696158 ], [ 103.812503165997214, 1.28578297824134 ], [ 103.812508413975991, 1.285781589391645 ] ], [ [ 103.812497687746514, 1.286315170036525 ], [ 103.812510179134236, 1.286311574606996 ], [ 103.812529500000323, 1.286496800000232 ], [ 103.812497687746514, 1.286315170036525 ] ], [ [ 103.812925411866217, 1.286192057015509 ], [ 103.812929582634723, 1.286190856530963 ], [ 103.812931910470198, 1.286207463669914 ], [ 103.812929991737249, 1.286212703879902 ], [ 103.812925411866217, 1.286192057015509 ] ], [ [ 103.81310377301007, 1.286761106999417 ], [ 103.813145971515084, 1.286774578403592 ], [ 103.813105499999935, 1.286883400000149 ], [ 103.81310377301007, 1.286761106999417 ] ], [ [ 103.81281759999942, 1.286465900000321 ], [ 103.812808532249036, 1.286385487546587 ], [ 103.812819428704032, 1.286434610697237 ], [ 103.81281759999942, 1.286465900000321 ] ], [ [ 103.812764200000544, 1.286472000000519 ], [ 103.812783011080256, 1.286638815920949 ], [ 103.812781602692823, 1.286638836068728 ], [ 103.812764200000544, 1.286472000000519 ] ], [ [ 103.812446588566701, 1.286764524964759 ], [ 103.812446687351041, 1.286771520290894 ], [ 103.812389299999552, 1.286847699999575 ], [ 103.812377556561046, 1.286776773088872 ], [ 103.812446588566701, 1.286764524964759 ] ], [ [ 103.812448399999582, 1.286892799999476 ], [ 103.812451918325834, 1.287141947062837 ], [ 103.812702006898846, 1.287138369495856 ], [ 103.812661976168911, 1.287175287913344 ], [ 103.812626738745308, 1.287310196859418 ], [ 103.812647187225494, 1.287440000331971 ], [ 103.812711545579532, 1.287523095936848 ], [ 103.812931300011485, 1.287744825473548 ], [ 103.81304876316976, 1.287869824771377 ], [ 103.813100069917354, 1.287920911794339 ], [ 103.813161297441297, 1.287979588174859 ], [ 103.813257937100161, 1.288073213738 ], [ 103.813345569497031, 1.28816921305387 ], [ 103.813455346780543, 1.28825687805909 ], [ 103.813453787965244, 1.288330921440629 ], [ 103.813460535553062, 1.288331065343678 ], [ 103.813460333690116, 1.288331226473681 ], [ 103.813453784446139, 1.2883310912975 ], [ 103.813453535109531, 1.288343328663042 ], [ 103.813450253873796, 1.288339380770972 ], [ 103.813351553875904, 1.288422480765102 ], [ 103.813451034353875, 1.288542172911431 ], [ 103.813450933086742, 1.288584905707068 ], [ 103.813450912330651, 1.288598322485494 ], [ 103.813270518454473, 1.288551994049572 ], [ 103.813266918453238, 1.288566194049193 ], [ 103.813450888943024, 1.28861344102438 ], [ 103.813450855950364, 1.288634767818834 ], [ 103.813261106442241, 1.288658401068608 ], [ 103.813262606441128, 1.288670601068748 ], [ 103.813450836784554, 1.288647157030817 ], [ 103.813450832676509, 1.288649812372535 ], [ 103.813499345944905, 1.288649888333609 ], [ 103.813395930192797, 1.288764094628533 ], [ 103.813387579528751, 1.288764034212666 ], [ 103.813387512706953, 1.288773390405287 ], [ 103.813341538178292, 1.288824161974789 ], [ 103.813354838177858, 1.288836361975803 ], [ 103.813387319149854, 1.288800491897959 ], [ 103.813384693648331, 1.289168109017581 ], [ 103.813336534416834, 1.289188893527594 ], [ 103.813428735032332, 1.289405307318256 ], [ 103.813428511773125, 1.289405366896054 ], [ 103.813332738601119, 1.289190569723325 ], [ 103.813264818275826, 1.289221247677628 ], [ 103.812960260104362, 1.288693723468132 ], [ 103.812957821562435, 1.288689498273219 ], [ 103.81293589959202, 1.288637797006523 ], [ 103.812727730138647, 1.28872721129062 ], [ 103.812727530745946, 1.288725443912333 ], [ 103.812927666044672, 1.288620295767903 ], [ 103.812880366038129, 1.288529095771525 ], [ 103.812715170694133, 1.288615886978552 ], [ 103.812714864599229, 1.288613173820085 ], [ 103.812875525748154, 1.288520208533833 ], [ 103.812799725740859, 1.288387508540068 ], [ 103.812585100000248, 1.288511700000426 ], [ 103.812782603524596, 1.288361460671048 ], [ 103.812702345304928, 1.288254581671146 ], [ 103.812666574493051, 1.288205812182104 ], [ 103.81246740000482, 1.288353799996728 ], [ 103.812648868103139, 1.288184307070315 ], [ 103.812608668102257, 1.2881407070727 ], [ 103.812427199999973, 1.288310199999915 ], [ 103.812603298677516, 1.288135063626724 ], [ 103.812533298677948, 1.288063763631465 ], [ 103.812357199997976, 1.288238900002601 ], [ 103.812515025025945, 1.288046925752863 ], [ 103.81245162502708, 1.287994125757006 ], [ 103.812293800001314, 1.288186099998327 ], [ 103.812422590310589, 1.287973299310394 ], [ 103.812352290313328, 1.287930199313987 ], [ 103.812276846219433, 1.288054855859977 ], [ 103.812303672539102, 1.287902361370314 ], [ 103.812317668190531, 1.287822886021116 ], [ 103.812073899999135, 1.287779399999764 ], [ 103.812313643791327, 1.287717253528609 ], [ 103.812306043788979, 1.287687553529459 ], [ 103.812066300000296, 1.287749699999953 ], [ 103.812240896515064, 1.287573046700191 ], [ 103.812075796514861, 1.287407746711328 ], [ 103.811901199999454, 1.287584400000843 ], [ 103.811944495196528, 1.287339067686263 ], [ 103.811926595198514, 1.287335867686139 ], [ 103.811883299999792, 1.287581200001296 ], [ 103.811853990805972, 1.287333780121455 ], [ 103.811841490807524, 1.28733528012158 ], [ 103.81187080000015, 1.287582700001543 ], [ 103.811750272063207, 1.287365051481347 ], [ 103.811737972063895, 1.287371951481227 ], [ 103.811858499999204, 1.287589599999271 ], [ 103.811765112507743, 1.287487864361346 ], [ 103.811764888503106, 1.287426629464227 ], [ 103.811709092179854, 1.28742683622836 ], [ 103.811690499801287, 1.287406581826297 ], [ 103.811668556556157, 1.287426986439829 ], [ 103.811576005689446, 1.287427329400358 ], [ 103.811474610551144, 1.287427687687978 ], [ 103.811453795851236, 1.287406462712462 ], [ 103.811432280384821, 1.287427836707222 ], [ 103.811427595469866, 1.287427852117795 ], [ 103.811422499738839, 1.287426891001615 ], [ 103.811422317555895, 1.287427869479372 ], [ 103.811404190883167, 1.287427929106491 ], [ 103.811404280906487, 1.28745565207911 ], [ 103.811106256931637, 1.287751716380012 ], [ 103.811105612330181, 1.287751413546891 ], [ 103.81110480121049, 1.287753162527981 ], [ 103.811103948027139, 1.287754010100249 ], [ 103.811105229685509, 1.287751234179954 ], [ 103.811057601541023, 1.287728958003452 ], [ 103.810973357356275, 1.287686320131606 ], [ 103.810893101513159, 1.287635753394939 ], [ 103.810801337967717, 1.287563414821374 ], [ 103.810792675639505, 1.287553898754496 ], [ 103.810760709546727, 1.287496893623102 ], [ 103.81073162040839, 1.287434924119325 ], [ 103.810720099376354, 1.287392424327733 ], [ 103.81071419597879, 1.28736845296311 ], [ 103.81047390004511, 1.287428399988452 ], [ 103.810714055614682, 1.287367885847338 ], [ 103.810706212280138, 1.287336354072228 ], [ 103.810698814007495, 1.287294707637996 ], [ 103.81069045863785, 1.287247534644357 ], [ 103.810686997652752, 1.28721855897612 ], [ 103.810441200000568, 1.287248299999869 ], [ 103.810684098679019, 1.287200137027005 ], [ 103.810656487344218, 1.287059074634968 ], [ 103.81091141237944, 1.287019916867938 ], [ 103.810964044580331, 1.287339007960994 ], [ 103.811515844631586, 1.287246807953305 ], [ 103.811475299999856, 1.287001 ], [ 103.811515994431971, 1.287246782875654 ], [ 103.812429994517231, 1.287093482863229 ], [ 103.812406070779645, 1.286948990562444 ], [ 103.812448399999582, 1.286892799999476 ] ], [ [ 103.811650289735951, 1.286692765624691 ], [ 103.811649663771377, 1.286692882712878 ], [ 103.811649437112294, 1.286691452884816 ], [ 103.811650039389548, 1.286691336285688 ], [ 103.811650289735951, 1.286692765624691 ] ], [ [ 103.811220877987964, 1.286436363450868 ], [ 103.811225099107673, 1.286464979834688 ], [ 103.811183437733433, 1.286470769631656 ], [ 103.81121730000261, 1.286717600016608 ], [ 103.811177019457816, 1.286471748068484 ], [ 103.811057119468956, 1.286491648067057 ], [ 103.811097400174134, 1.2867375010623 ], [ 103.811057018259049, 1.286491664886449 ], [ 103.810933287014592, 1.286512253765271 ], [ 103.81084230382055, 1.286526417635471 ], [ 103.810588096542617, 1.286565465153687 ], [ 103.810582256107608, 1.286512509647125 ], [ 103.810499834423084, 1.286521718123785 ], [ 103.810499360664039, 1.286518396900284 ], [ 103.810581652659138, 1.286507501119171 ], [ 103.81056475264694, 1.286378201120869 ], [ 103.810319299999918, 1.28641069999986 ], [ 103.810564033447548, 1.286373106067666 ], [ 103.810540310542549, 1.286216663232953 ], [ 103.810844302189636, 1.286168793276044 ], [ 103.811168968399343, 1.286116204696443 ], [ 103.811220877987964, 1.286436363450868 ] ], [ [ 103.810230287920831, 1.285689151035457 ], [ 103.810237320053076, 1.285758055704112 ], [ 103.810237287613944, 1.285758060174996 ], [ 103.810230237811027, 1.28568915434588 ], [ 103.810230287920831, 1.285689151035457 ] ], [ [ 103.809972069760207, 1.285665450722107 ], [ 103.809972012182612, 1.285665456644262 ], [ 103.809958500000448, 1.285457400000125 ], [ 103.809972069760207, 1.285665450722107 ] ], [ [ 103.805994200000669, 1.284172300000414 ], [ 103.806010158293844, 1.284365235565904 ], [ 103.806005264528721, 1.284365533038421 ], [ 103.805994200000669, 1.284172300000414 ] ], [ [ 103.806751132257858, 1.284358911431464 ], [ 103.806784874811711, 1.284356084164813 ], [ 103.806765000000183, 1.284566299999794 ], [ 103.806751132257858, 1.284358911431464 ] ], [ [ 103.806820982298149, 1.284353058741703 ], [ 103.807655570784874, 1.28428312896498 ], [ 103.807919566917917, 1.284269162659127 ], [ 103.807986672611946, 1.284273832949637 ], [ 103.807984991071066, 1.284282939713921 ], [ 103.807794343890805, 1.28430118053738 ], [ 103.807813743871023, 1.284506580538767 ], [ 103.8079909710073, 1.28448962372499 ], [ 103.807991063919971, 1.284490982927464 ], [ 103.807814246042994, 1.284511399528646 ], [ 103.807835846025043, 1.284700899530313 ], [ 103.80800408495962, 1.284681473513421 ], [ 103.808005695816306, 1.284705116757787 ], [ 103.807854023485334, 1.284770120528795 ], [ 103.80785622348462, 1.284775320529221 ], [ 103.808006102467075, 1.284711085351725 ], [ 103.80800900394415, 1.284753671611795 ], [ 103.807977368921783, 1.284785718143631 ], [ 103.80776772242757, 1.284799021534887 ], [ 103.807783300000651, 1.285047700000471 ], [ 103.807700402983087, 1.284812911815643 ], [ 103.807686702983816, 1.28481781181528 ], [ 103.807769600000285, 1.285052600000524 ], [ 103.807639629465911, 1.284887179544002 ], [ 103.807631345228927, 1.28480357310305 ], [ 103.80738500000119, 1.284828299999195 ], [ 103.807618614153611, 1.28474582999754 ], [ 103.807616314153307, 1.284739229997562 ], [ 103.807382700000531, 1.284821699999924 ], [ 103.807593464620595, 1.284690981869398 ], [ 103.807590464620432, 1.284686081870106 ], [ 103.807379699999714, 1.284816800000394 ], [ 103.807509002395477, 1.284604314229801 ], [ 103.807501702396578, 1.284599814229737 ], [ 103.807372400000446, 1.284812299999957 ], [ 103.807426074326003, 1.284569054470689 ], [ 103.80741757432682, 1.284567154470827 ], [ 103.807363899999615, 1.284810399998999 ], [ 103.807327568717369, 1.284563925530765 ], [ 103.807239168725971, 1.284577125529545 ], [ 103.807275499999875, 1.284823600000657 ], [ 103.80718568222278, 1.284591404773218 ], [ 103.807073216418161, 1.284635474707423 ], [ 103.806833200000696, 1.284631600000444 ], [ 103.807068300489789, 1.284553525915392 ], [ 103.807056400486758, 1.284517225916107 ], [ 103.806821300000678, 1.28459530000014 ], [ 103.80701294535298, 1.284437562599176 ], [ 103.806992145352339, 1.284411962600965 ], [ 103.806800499999824, 1.284569700000405 ], [ 103.806820982298149, 1.284353058741703 ] ], [ [ 103.808521185314746, 1.284986657256803 ], [ 103.808727958001285, 1.284974229101389 ], [ 103.808713200000597, 1.284725500004082 ], [ 103.808753813585895, 1.284971296415345 ], [ 103.808777113588278, 1.284967396414689 ], [ 103.808775377504247, 1.284956889508138 ], [ 103.808975800829344, 1.284947819051028 ], [ 103.808998610920668, 1.285270116574482 ], [ 103.808741910508246, 1.285286103423087 ], [ 103.808540504500243, 1.285298660886993 ], [ 103.808521991446071, 1.284998558862232 ], [ 103.808274900000484, 1.285014 ], [ 103.808521886535601, 1.284996943120297 ], [ 103.808521185314746, 1.284986657256803 ] ], [ [ 103.808736499999895, 1.284721600000133 ], [ 103.808749192856013, 1.284733162202206 ], [ 103.80875318852641, 1.28482260019096 ], [ 103.808736499999895, 1.284721600000133 ] ], [ [ 103.809272046517677, 1.285752385025606 ], [ 103.809284656241061, 1.285890987175649 ], [ 103.809280949785375, 1.28589145154541 ], [ 103.809262592966419, 1.285752973777814 ], [ 103.809272046517677, 1.285752385025606 ] ], [ [ 103.809091047916496, 1.28576365731789 ], [ 103.809095434407524, 1.285805130421836 ], [ 103.809094510159525, 1.285805696006383 ], [ 103.809089863716551, 1.285763731068378 ], [ 103.809091047916496, 1.28576365731789 ] ], [ [ 103.808946367647309, 1.285772667755782 ], [ 103.808793083158392, 1.285789860471324 ], [ 103.808565823980601, 1.285815346083222 ], [ 103.808565400166387, 1.28579640836324 ], [ 103.808772498159016, 1.285783496037111 ], [ 103.808946367647309, 1.285772667755782 ] ], [ [ 103.808309003622327, 1.285503442492836 ], [ 103.808307200000655, 1.285503600000025 ], [ 103.808309003474093, 1.285503440059188 ], [ 103.808309003622327, 1.285503442492836 ] ], [ [ 103.808099483803474, 1.284763778370839 ], [ 103.80809948466063, 1.284763784895839 ], [ 103.80801011348737, 1.284769956853938 ], [ 103.808011042310156, 1.284783581353487 ], [ 103.807987544711864, 1.284785072424751 ], [ 103.808009619760895, 1.284762710223428 ], [ 103.8080101127875, 1.284769946584868 ], [ 103.808099483803474, 1.284763778370839 ] ], [ [ 103.806832799999839, 1.284656699999617 ], [ 103.8070568762313, 1.284660317377499 ], [ 103.807140500000173, 1.284876500001124 ], [ 103.807043437746984, 1.284750855638327 ], [ 103.80706152298211, 1.284756345169837 ], [ 103.807069822979642, 1.284728645169118 ], [ 103.807012941960025, 1.284711379695963 ], [ 103.80698853932428, 1.284679791164576 ], [ 103.806966274885994, 1.284697214527303 ], [ 103.806832799999839, 1.284656699999617 ] ], [ [ 103.806841289008148, 1.284761343473505 ], [ 103.806844723089583, 1.284757610884644 ], [ 103.806867681291166, 1.284774370385042 ], [ 103.806861662848945, 1.284779080205416 ], [ 103.806841289008148, 1.284761343473505 ] ], [ [ 103.806824500000019, 1.284684400000433 ], [ 103.806938451188913, 1.284718988369421 ], [ 103.806906322942822, 1.284744130796937 ], [ 103.806824500000019, 1.284684400000433 ] ], [ [ 103.807169969786486, 1.285169065889475 ], [ 103.807203772353446, 1.28551020977654 ], [ 103.806823451691074, 1.285555731850078 ], [ 103.8069096189855, 1.285446851969174 ], [ 103.807113683726456, 1.285213113368174 ], [ 103.807169969786486, 1.285169065889475 ] ], [ [ 103.806943199999978, 1.285030899999725 ], [ 103.80689556764905, 1.284988773794066 ], [ 103.806903513860789, 1.284979527403164 ], [ 103.806943199999978, 1.285030899999725 ] ], [ [ 103.805305655179581, 1.284867233748376 ], [ 103.80530592737901, 1.284872479054571 ], [ 103.805305665729279, 1.284872597275676 ], [ 103.805305396400556, 1.284867281711219 ], [ 103.805305655179581, 1.284867233748376 ] ], [ [ 103.805300601308076, 1.284769845451436 ], [ 103.805300460830125, 1.284769871488357 ], [ 103.805300435671029, 1.284769374933923 ], [ 103.805300575999738, 1.284769357755254 ], [ 103.805300601308076, 1.284769845451436 ] ], [ [ 103.804744300000124, 1.284244799999829 ], [ 103.804744299999228, 1.284244799999829 ], [ 103.804744299328149, 1.284244788262975 ], [ 103.804744300000124, 1.284244799999829 ] ], [ [ 103.803788300000477, 1.284300300003331 ], [ 103.803802570519423, 1.284549057906472 ], [ 103.80438245253626, 1.284515358952153 ], [ 103.80444077205037, 1.284511978564456 ], [ 103.804445079111062, 1.284547274591451 ], [ 103.804633083583369, 1.284524034570533 ], [ 103.804460847903528, 1.284648713873838 ], [ 103.804605399886043, 1.284850999840337 ], [ 103.804460472725182, 1.284648985996557 ], [ 103.804443598764053, 1.284661249049151 ], [ 103.803839461133379, 1.285097304017269 ], [ 103.803725063742235, 1.284933191885824 ], [ 103.803522400012014, 1.285076299991706 ], [ 103.803724023458003, 1.284931711008906 ], [ 103.80362066212939, 1.284785702977456 ], [ 103.803597237623009, 1.284707523708803 ], [ 103.803531016276992, 1.284645004182748 ], [ 103.803482081685914, 1.284600473707641 ], [ 103.803429200269989, 1.28456800548332 ], [ 103.803800762272331, 1.284549156311985 ], [ 103.803788300000477, 1.284300300003331 ] ], [ [ 103.802062293619841, 1.28432696992723 ], [ 103.802062575807085, 1.284326817723399 ], [ 103.802063188929878, 1.284333401366364 ], [ 103.802062859122344, 1.284332773882367 ], [ 103.802062293619841, 1.28432696992723 ] ], [ [ 103.802076374949053, 1.284319374873454 ], [ 103.802076927868882, 1.284319076645172 ], [ 103.802077939448566, 1.284329836402699 ], [ 103.80207746241669, 1.284330060520125 ], [ 103.802076374949053, 1.284319374873454 ] ], [ [ 103.804681270913946, 1.284518077930809 ], [ 103.804690800000046, 1.284516900000057 ], [ 103.80468377641985, 1.284521584133474 ], [ 103.804681270913946, 1.284518077930809 ] ], [ [ 103.804969208749924, 1.284920397337901 ], [ 103.805229434766431, 1.284907040742705 ], [ 103.80509994691667, 1.284965547283425 ], [ 103.805121846913678, 1.285014647285238 ], [ 103.80522780994491, 1.284966769972791 ], [ 103.805227251441963, 1.284967049223606 ], [ 103.805121865642377, 1.285014689264252 ], [ 103.805124540857975, 1.285020684159123 ], [ 103.805088386915273, 1.285042187007142 ], [ 103.8049509348985, 1.285129038553846 ], [ 103.804624353727235, 1.285368483733818 ], [ 103.804604388041781, 1.285383115625587 ], [ 103.804585909886384, 1.285394577638678 ], [ 103.804715800000309, 1.285606700000557 ], [ 103.804583933232394, 1.285395816707288 ], [ 103.804552923290061, 1.285415459660096 ], [ 103.804319713407637, 1.285562902680956 ], [ 103.804451400000602, 1.285773900000408 ], [ 103.80430678180754, 1.285571661701247 ], [ 103.804181149413381, 1.28566266847462 ], [ 103.804154253178311, 1.285616591550033 ], [ 103.80410093247329, 1.285521821752531 ], [ 103.804543045171954, 1.28520271329234 ], [ 103.804564910064727, 1.285235211568988 ], [ 103.804974889912728, 1.284955788413687 ], [ 103.804952129274852, 1.284921958780636 ], [ 103.804969208749924, 1.284920397337901 ] ], [ [ 103.805318249207176, 1.284925906764181 ], [ 103.805318249606955, 1.284925913161662 ], [ 103.805237997308296, 1.284962191514474 ], [ 103.805237926325375, 1.284962199084126 ], [ 103.805318249207176, 1.284925906764181 ] ], [ [ 103.805085592536642, 1.285646860461808 ], [ 103.805228665123977, 1.285541961438118 ], [ 103.805346013105307, 1.285467812986347 ], [ 103.805378591198135, 1.285448436902783 ], [ 103.805484618318232, 1.285442566576899 ], [ 103.805780223015717, 1.285433626920087 ], [ 103.805847901171433, 1.285430980684061 ], [ 103.805836353916575, 1.285461271301192 ], [ 103.805835596769128, 1.28545338219777 ], [ 103.805691596782836, 1.285467382197223 ], [ 103.805715399983711, 1.285715399836318 ], [ 103.805690923239382, 1.285467448615481 ], [ 103.805661029944474, 1.285470437945155 ], [ 103.805643540377332, 1.285471883364319 ], [ 103.805519151784395, 1.285477476030176 ], [ 103.805530200000064, 1.285726400004535 ], [ 103.805495863408225, 1.285479636030999 ], [ 103.805458263411793, 1.285484936030686 ], [ 103.805492600000065, 1.285731700001026 ], [ 103.80544247918516, 1.285487687661167 ], [ 103.805410279188195, 1.28549438766082 ], [ 103.805460400000143, 1.285738400000334 ], [ 103.805375773537804, 1.285504237661149 ], [ 103.805346273540579, 1.285515037660095 ], [ 103.805430900000545, 1.285749200000194 ], [ 103.805313457767951, 1.285529849347243 ], [ 103.805283957770044, 1.285545849345363 ], [ 103.805401400001699, 1.28576520000323 ], [ 103.805271887556103, 1.28555284383332 ], [ 103.805237087558311, 1.285574343831366 ], [ 103.805366600002031, 1.285786700002976 ], [ 103.805217435427153, 1.285587834946703 ], [ 103.805104025234641, 1.28567400807477 ], [ 103.805085592536642, 1.285646860461808 ] ], [ [ 103.805927588168061, 1.285427864895895 ], [ 103.805956134784523, 1.285426748713228 ], [ 103.806006815641908, 1.285450906288568 ], [ 103.805984344514172, 1.285449782731343 ], [ 103.805927588168061, 1.285427864895895 ] ], [ [ 103.806586797200609, 1.285412623705853 ], [ 103.80658810208817, 1.285409405802416 ], [ 103.806609299997959, 1.28542639999911 ], [ 103.806586797200609, 1.285412623705853 ] ], [ [ 103.806679317180368, 1.285254525414914 ], [ 103.806680752089832, 1.285252454338706 ], [ 103.806719700000016, 1.285286899999863 ], [ 103.806679317180368, 1.285254525414914 ] ], [ [ 103.807378099287533, 1.285735115987084 ], [ 103.807473900000076, 1.285725500000606 ], [ 103.807378162456686, 1.285735650605702 ], [ 103.807378099287533, 1.285735115987084 ] ], [ [ 103.807720177071516, 1.285700084374404 ], [ 103.807711407353523, 1.285611578406246 ], [ 103.807808800000416, 1.285450800000079 ], [ 103.807774506593418, 1.285697570056491 ], [ 103.807795106595378, 1.285700470057258 ], [ 103.807829400000443, 1.285453700000535 ], [ 103.807845646764832, 1.285702335084481 ], [ 103.807851196330589, 1.285701967737498 ], [ 103.807857384720961, 1.285842227357556 ], [ 103.807850890630704, 1.285875273143474 ], [ 103.807739224700228, 1.285882072608458 ], [ 103.807720177071516, 1.285700084374404 ] ], [ [ 103.807754900000432, 1.285064299999934 ], [ 103.807654772384737, 1.285040005373301 ], [ 103.807643077457243, 1.284921977463433 ], [ 103.807754900000432, 1.285064299999934 ] ], [ [ 103.807656566423219, 1.285058111219155 ], [ 103.80775089999841, 1.28508100000016 ], [ 103.8076596481379, 1.285089212595176 ], [ 103.807656566423219, 1.285058111219155 ] ], [ [ 103.80778140000038, 1.285424300000247 ], [ 103.807698071555379, 1.285476990504417 ], [ 103.807693633330445, 1.285432198930669 ], [ 103.80778140000038, 1.285424300000247 ] ], [ [ 103.807791200000537, 1.285439999999637 ], [ 103.80770801347056, 1.285577326565691 ], [ 103.807700113297798, 1.285497596229569 ], [ 103.807791200000537, 1.285439999999637 ] ], [ [ 103.808966715717489, 1.286271814793573 ], [ 103.808968191626121, 1.286283381322683 ], [ 103.808967820521929, 1.28628356420791 ], [ 103.808966370815185, 1.286271853478986 ], [ 103.808966715717489, 1.286271814793573 ] ], [ [ 103.807515416507755, 1.286145216645905 ], [ 103.807515416654198, 1.286145218056715 ], [ 103.807515213371005, 1.286145238077283 ], [ 103.807515213042166, 1.286145235103728 ], [ 103.807515416507755, 1.286145216645905 ] ], [ [ 103.805962631016101, 1.285545220548049 ], [ 103.80596205332084, 1.285556924739748 ], [ 103.805949750357783, 1.285553738944909 ], [ 103.805949242027125, 1.285540050065908 ], [ 103.805962631016101, 1.285545220548049 ] ], [ [ 103.805852014062125, 1.285502503135233 ], [ 103.80585298621348, 1.285528682320921 ], [ 103.805842564616285, 1.285525983697416 ], [ 103.805839860658693, 1.285497809804251 ], [ 103.805852014062125, 1.285502503135233 ] ], [ [ 103.805683400000305, 1.285718600000427 ], [ 103.805707876761957, 1.285966551383669 ], [ 103.805739540240367, 1.285963385036192 ], [ 103.80587593919671, 1.285950124027352 ], [ 103.805892331461152, 1.285949507390866 ], [ 103.805880755035673, 1.286002278262936 ], [ 103.806122500000725, 1.2860560000004 ], [ 103.805879165721294, 1.286010119131042 ], [ 103.805845626363393, 1.28619031246885 ], [ 103.805620179890099, 1.286256803588812 ], [ 103.805529417467852, 1.286299120038835 ], [ 103.80538192707246, 1.286087259596755 ], [ 103.805506260896095, 1.285992786296614 ], [ 103.805524975141651, 1.285981224334496 ], [ 103.805530418100176, 1.285978272220992 ], [ 103.805534872963591, 1.285977345277814 ], [ 103.805552943147617, 1.285974798151464 ], [ 103.805670248230015, 1.28596952396885 ], [ 103.805659200000235, 1.285720599999779 ], [ 103.805679460142741, 1.285968936426616 ], [ 103.805703660144246, 1.285966936427126 ], [ 103.805683400000305, 1.285718600000427 ] ], [ [ 103.804936739604443, 1.286376890002636 ], [ 103.805054524339639, 1.286555389383986 ], [ 103.804993430594052, 1.286592261251333 ], [ 103.804893327378295, 1.286662869766743 ], [ 103.804815401154698, 1.286721722258392 ], [ 103.804685623360498, 1.286848618655213 ], [ 103.804614403142196, 1.286928111273112 ], [ 103.80449298797248, 1.286967663182627 ], [ 103.804395430710798, 1.286999238833347 ], [ 103.804350022342547, 1.287008740584656 ], [ 103.804347374155981, 1.286957362404721 ], [ 103.804287639169871, 1.286960481371505 ], [ 103.804208581307549, 1.286946278995374 ], [ 103.804160871681063, 1.286928082765735 ], [ 103.804046823028273, 1.286864380598361 ], [ 103.804106921743454, 1.286870477567961 ], [ 103.804297867422278, 1.286744259231323 ], [ 103.804297867403932, 1.286557204816944 ], [ 103.804269239636511, 1.286466917267077 ], [ 103.804140317884375, 1.286284226651687 ], [ 103.804219776214268, 1.286239677475188 ], [ 103.804116938997012, 1.286053870297226 ], [ 103.804116940221761, 1.286053867577816 ], [ 103.804219790443639, 1.286239669497045 ], [ 103.804262590446129, 1.286215669495062 ], [ 103.804142100000519, 1.285998000000396 ], [ 103.804286892305285, 1.286200112073851 ], [ 103.804321805282186, 1.286174775227144 ], [ 103.804385754863517, 1.286128450834869 ], [ 103.804667528790688, 1.286556436379313 ], [ 103.804936739604443, 1.286376890002636 ] ], [ [ 103.808343050847768, 1.286340858047871 ], [ 103.80834483061696, 1.286340651616106 ], [ 103.808347658121619, 1.286362897541562 ], [ 103.808345402963724, 1.28636318298752 ], [ 103.808343050847768, 1.286340858047871 ] ], [ [ 103.808754390478825, 1.286456255904152 ], [ 103.808985609099466, 1.28642726037523 ], [ 103.808978006854005, 1.286365849426444 ], [ 103.80897868117853, 1.286365586790003 ], [ 103.808986535773144, 1.286427142379893 ], [ 103.809086100037803, 1.286414272567578 ], [ 103.809042955905241, 1.286463407091054 ], [ 103.809061055904991, 1.286479507092444 ], [ 103.809122287549471, 1.286409773677586 ], [ 103.809176660983269, 1.28640626031741 ], [ 103.80917433155409, 1.286369740732486 ], [ 103.809185949973696, 1.286360950480411 ], [ 103.809191381095047, 1.286404863884993 ], [ 103.80919295349004, 1.286404666884992 ], [ 103.809156413593527, 1.286532219122163 ], [ 103.809181913596035, 1.286539619123217 ], [ 103.809221601574293, 1.286401077663057 ], [ 103.809259333466173, 1.286396350360415 ], [ 103.809273294556931, 1.286548313776735 ], [ 103.809343112579683, 1.286541816068838 ], [ 103.809377113714334, 1.286865692818666 ], [ 103.809615008521334, 1.286840393371798 ], [ 103.809615013737357, 1.286840392817471 ], [ 103.809689308528235, 1.286832493371175 ], [ 103.809663300000366, 1.286584700000171 ], [ 103.809689383357835, 1.286832485403515 ], [ 103.80973158336262, 1.286827985402514 ], [ 103.809723500026422, 1.286751195742925 ], [ 103.809728148799238, 1.28677559188006 ], [ 103.809734188157265, 1.286827693599091 ], [ 103.809737991863088, 1.286827246958767 ], [ 103.809780863796377, 1.2870522330966 ], [ 103.810023999999828, 1.287005300000377 ], [ 103.809781041521887, 1.287053156355251 ], [ 103.809782373363674, 1.287060005827803 ], [ 103.809797311865395, 1.287138018043068 ], [ 103.809797536715394, 1.287139277204049 ], [ 103.809797552436279, 1.287139274359968 ], [ 103.809797606232905, 1.287139555295972 ], [ 103.809819818385492, 1.287135246586348 ], [ 103.810041200000015, 1.287095199999489 ], [ 103.810041200000015, 1.287095200000393 ], [ 103.809800596398247, 1.287153883679284 ], [ 103.809817834216091, 1.287225478110711 ], [ 103.809822546064581, 1.287240058175704 ], [ 103.809455717671241, 1.287474435475668 ], [ 103.809588400000564, 1.287684800000897 ], [ 103.809495747118419, 1.287600545101659 ], [ 103.809486715517181, 1.287562127110148 ], [ 103.809460393213669, 1.287568395643295 ], [ 103.809404704954275, 1.287517754916319 ], [ 103.809331742613963, 1.287599033176187 ], [ 103.809245800000298, 1.287619500000057 ], [ 103.809373724929898, 1.287406171217024 ], [ 103.809317424933013, 1.287371971219717 ], [ 103.809189499999619, 1.287585299999909 ], [ 103.809187903094241, 1.287336132964001 ], [ 103.808679603143787, 1.287339432963865 ], [ 103.80868119999981, 1.287588600000044 ], [ 103.80851364401056, 1.287405169781646 ], [ 103.80846944401101, 1.287446069778459 ], [ 103.808637000000545, 1.287629500000615 ], [ 103.808395956779961, 1.287572673068693 ], [ 103.808383156774923, 1.287627673066685 ], [ 103.808624200000366, 1.287684499999895 ], [ 103.808382100137493, 1.287736578367168 ], [ 103.808396200131895, 1.287802978368084 ], [ 103.808638299999885, 1.287750900000513 ], [ 103.808499693945436, 1.287957358948008 ], [ 103.808549393947843, 1.287991158950691 ], [ 103.808613272683942, 1.287896009165371 ], [ 103.808612391291192, 1.288030180483994 ], [ 103.808454148724579, 1.288021774136875 ], [ 103.808452189605504, 1.288059132544964 ], [ 103.808451737095908, 1.288059132072057 ], [ 103.808453617636076, 1.288021746498791 ], [ 103.808437917637832, 1.28802094649895 ], [ 103.808435997685223, 1.288059115599008 ], [ 103.808430665440895, 1.288059110019101 ], [ 103.808431625197287, 1.288020706569696 ], [ 103.808344725206069, 1.288018506570753 ], [ 103.808338499999962, 1.28826760000041 ], [ 103.808333316686486, 1.288018482402054 ], [ 103.808290663716591, 1.288019381410326 ], [ 103.808262910701472, 1.288019955610872 ], [ 103.808092689073206, 1.288021817563597 ], [ 103.807844868607845, 1.288019934881802 ], [ 103.807844544341478, 1.288063173372572 ], [ 103.8077080773256, 1.288064131710001 ], [ 103.807685327878247, 1.288064235116289 ], [ 103.807277331771189, 1.288069586701824 ], [ 103.807281380667575, 1.288469808352419 ], [ 103.807250539972287, 1.288441094602869 ], [ 103.807228899180913, 1.288427955551992 ], [ 103.807246486212037, 1.288420993072151 ], [ 103.807243086211187, 1.28841229307224 ], [ 103.807218883511709, 1.288421874610178 ], [ 103.807203825651612, 1.288412732337856 ], [ 103.80716955757967, 1.288400778359647 ], [ 103.807220209358078, 1.288367607923342 ], [ 103.807213809357464, 1.288357707923363 ], [ 103.8071545469342, 1.288396517230984 ], [ 103.807140113666932, 1.28839277527238 ], [ 103.807134613103827, 1.288391966366067 ], [ 103.807200847775306, 1.288339503516005 ], [ 103.806911862718039, 1.287969913159946 ], [ 103.806829200000379, 1.28784380000061 ], [ 103.807038838693572, 1.28797633994988 ], [ 103.807047638692666, 1.287962239948658 ], [ 103.806838000001036, 1.287829700000116 ], [ 103.807081227698163, 1.287876150754673 ], [ 103.807083527697088, 1.287863950754549 ], [ 103.806840300000161, 1.287817500000232 ], [ 103.807086414898663, 1.287844453044869 ], [ 103.807087614898222, 1.287833353044794 ], [ 103.806841499998058, 1.287806400000293 ], [ 103.807088149008678, 1.2877849558345 ], [ 103.807068645333146, 1.287557708735761 ], [ 103.80715549526937, 1.287544972362811 ], [ 103.807115971850195, 1.287622232133492 ], [ 103.807140671852068, 1.28763503213436 ], [ 103.80718927766398, 1.287540018240453 ], [ 103.807189409593278, 1.287539998893834 ], [ 103.807140840878333, 1.287635119644254 ], [ 103.807149540878711, 1.28763961964451 ], [ 103.807201297440699, 1.287538255563938 ], [ 103.807233314774521, 1.287533560282736 ], [ 103.807234114715385, 1.287533483515832 ], [ 103.807202852459326, 1.287659781888511 ], [ 103.807236352461899, 1.287668181889971 ], [ 103.807270559663678, 1.287529986035878 ], [ 103.807289734924609, 1.287528145860651 ], [ 103.807280399523435, 1.287675064213995 ], [ 103.807323899527702, 1.287677864214477 ], [ 103.807333680816456, 1.28752392854271 ], [ 103.807348986984962, 1.287522459668554 ], [ 103.807354515447486, 1.287577976346056 ], [ 103.807351675991882, 1.287582065674586 ], [ 103.807355167213089, 1.287584521358351 ], [ 103.807364389371514, 1.287677130031538 ], [ 103.807471470852335, 1.287666327953211 ], [ 103.807574900924536, 1.287739079425945 ], [ 103.807575430381746, 1.287823553326425 ], [ 103.807575234499851, 1.287897398157606 ], [ 103.807575137176883, 1.287913261444986 ], [ 103.80807026282325, 1.287916338531271 ], [ 103.808070362822392, 1.287900038530598 ], [ 103.807822800000395, 1.287898500000044 ], [ 103.808070366658782, 1.287899165203635 ], [ 103.808070566651665, 1.287823765203849 ], [ 103.807823000000553, 1.287823100000423 ], [ 103.808070562607796, 1.28782152813267 ], [ 103.808069504369485, 1.287652693573964 ], [ 103.808069576357695, 1.287651159021354 ], [ 103.808174808550362, 1.287651459468551 ], [ 103.808278382997941, 1.287625329744046 ], [ 103.808376608675189, 1.287560374052197 ], [ 103.808440131605892, 1.287428744038645 ], [ 103.808441051556471, 1.287365778102883 ], [ 103.808451882494779, 1.287344776394944 ], [ 103.808486574960369, 1.287310597219754 ], [ 103.808640228674236, 1.287294224950916 ], [ 103.808696336791314, 1.287275331401649 ], [ 103.808790029392938, 1.287223980646477 ], [ 103.808851883043886, 1.287109609727869 ], [ 103.808863588114818, 1.287024016339058 ], [ 103.808851154449187, 1.28689294491738 ], [ 103.808844188335385, 1.28682513559173 ], [ 103.808843694366615, 1.286802413137939 ], [ 103.808828496526871, 1.286691989750599 ], [ 103.808822040857578, 1.286605086613374 ], [ 103.808796886388663, 1.286514687773253 ], [ 103.808754390478825, 1.286456255904152 ] ], [ [ 103.809956258131621, 1.286303218194635 ], [ 103.809956330333009, 1.286303206991125 ], [ 103.809965445643471, 1.286401277084954 ], [ 103.809965311454675, 1.286401761351185 ], [ 103.809956258131621, 1.286303218194635 ] ], [ [ 103.809986958126217, 1.286298454238338 ], [ 103.81002360670459, 1.286292767193296 ], [ 103.809995440264345, 1.286389712123151 ], [ 103.809990254289787, 1.286333917098535 ], [ 103.809994806944758, 1.286317487308622 ], [ 103.809989106946006, 1.28631588730817 ], [ 103.809988711215951, 1.286317315433145 ], [ 103.809986958126217, 1.286298454238338 ] ], [ [ 103.810879900000415, 1.286772700000543 ], [ 103.810891167568855, 1.286846019876164 ], [ 103.810891021407585, 1.286846044298146 ], [ 103.810879900000415, 1.286772700000543 ] ], [ [ 103.810983509385153, 1.286830590534195 ], [ 103.810972399998576, 1.286758299992999 ], [ 103.810984254250997, 1.28683046607484 ], [ 103.810983509385153, 1.286830590534195 ] ], [ [ 103.809997273375942, 1.28650524894981 ], [ 103.809933000000612, 1.28656000000018 ], [ 103.809973346528835, 1.286483161951017 ], [ 103.809993847410112, 1.286481231673612 ], [ 103.809997273375942, 1.28650524894981 ] ], [ [ 103.809941945631707, 1.286486084783875 ], [ 103.80992260000022, 1.286555899999709 ], [ 103.809925259968907, 1.286487637661234 ], [ 103.809941945631707, 1.286486084783875 ] ], [ [ 103.809948251610052, 1.286485497907463 ], [ 103.80996702463824, 1.286483750765399 ], [ 103.809928300000365, 1.286557500000316 ], [ 103.809948251610052, 1.286485497907463 ] ], [ [ 103.809971977397566, 1.286474318468605 ], [ 103.809966841121749, 1.286418411397258 ], [ 103.809966988717207, 1.286417878751251 ], [ 103.809972195930811, 1.286473902282831 ], [ 103.809971977397566, 1.286474318468605 ] ], [ [ 103.809917620574666, 1.286488348633972 ], [ 103.809914999999791, 1.286555600000546 ], [ 103.809907315736851, 1.286489307670134 ], [ 103.809917620574666, 1.286488348633972 ] ], [ [ 103.809581342591287, 1.286519644857248 ], [ 103.809589000000599, 1.286592600000179 ], [ 103.809581341052976, 1.286519645000123 ], [ 103.809581342591287, 1.286519644857248 ] ], [ [ 103.809942100002459, 1.286575499999185 ], [ 103.810004039720098, 1.286552683509596 ], [ 103.810005547359296, 1.286563252617209 ], [ 103.809942100002459, 1.286575499999185 ] ], [ [ 103.810003025443308, 1.286545573055736 ], [ 103.809939700001451, 1.286568899999434 ], [ 103.810000496186746, 1.28652784203945 ], [ 103.810003025443308, 1.286545573055736 ] ], [ [ 103.80999964707631, 1.286521889461669 ], [ 103.809936699999966, 1.286564399999803 ], [ 103.80999823389736, 1.286511982563401 ], [ 103.80999964707631, 1.286521889461669 ] ], [ [ 103.809710145250762, 1.286620274717996 ], [ 103.809709727001106, 1.286620355453077 ], [ 103.80970550000022, 1.286580200000426 ], [ 103.809710145250762, 1.286620274717996 ] ], [ [ 103.810030050607608, 1.287011583953578 ], [ 103.810030052417147, 1.287011597524494 ], [ 103.810025400000526, 1.28701249999982 ], [ 103.810030050607608, 1.287011583953578 ] ], [ [ 103.810040700000258, 1.287092400000019 ], [ 103.810040823453633, 1.287092376052668 ], [ 103.810040823663883, 1.287092377629882 ], [ 103.810040700000258, 1.287092400000019 ] ], [ [ 103.810455100000269, 1.28733850000036 ], [ 103.810454367806301, 1.287338631762416 ], [ 103.810454367744299, 1.287338631385296 ], [ 103.810455100000269, 1.28733850000036 ] ], [ [ 103.810462565547823, 1.287388858137831 ], [ 103.810464, 1.287388600000745 ], [ 103.810462581744034, 1.287388957371215 ], [ 103.810462565547823, 1.287388858137831 ] ], [ [ 103.81048049999994, 1.2874552000005 ], [ 103.810473698443928, 1.287457067775354 ], [ 103.810473671628458, 1.287456903484582 ], [ 103.81048049999994, 1.2874552000005 ] ], [ [ 103.810511216420451, 1.287628248181311 ], [ 103.810511203812069, 1.287628255342862 ], [ 103.810510032705935, 1.287626082773993 ], [ 103.810510045491327, 1.287626076694969 ], [ 103.810511216420451, 1.287628248181311 ] ], [ [ 103.810205630074833, 1.28764363404454 ], [ 103.810178114667636, 1.287606362309982 ], [ 103.810176643340498, 1.287604093357348 ], [ 103.810182795176516, 1.287600162769151 ], [ 103.810205630074833, 1.28764363404454 ] ], [ [ 103.809895867259883, 1.287783489375783 ], [ 103.809921455176038, 1.287818150180715 ], [ 103.809943599996629, 1.28785229999381 ], [ 103.809894113352243, 1.287784609997787 ], [ 103.809895867259883, 1.287783489375783 ] ], [ [ 103.809869002654381, 1.287800653951336 ], [ 103.809919700000364, 1.287870000000222 ], [ 103.809860285477853, 1.287806223609278 ], [ 103.809869002654381, 1.287800653951336 ] ], [ [ 103.809805861962715, 1.28784099637003 ], [ 103.809873500000094, 1.287913600000594 ], [ 103.809774470938052, 1.287861053004198 ], [ 103.809805861962715, 1.28784099637003 ] ], [ [ 103.808682509177061, 1.287792878789941 ], [ 103.808682622690256, 1.287810590970208 ], [ 103.808670671511948, 1.287810511439788 ], [ 103.808682509177061, 1.287792878789941 ] ], [ [ 103.80829580002414, 1.288268501149757 ], [ 103.808300983309749, 1.288517617597284 ], [ 103.808337978779534, 1.288516837833338 ], [ 103.80836406683936, 1.288517498290654 ], [ 103.808363932758027, 1.288595770410579 ], [ 103.808611500000197, 1.288596199999983 ], [ 103.808607028485227, 1.288845331569368 ], [ 103.808623528486919, 1.288845631569951 ], [ 103.808628000002997, 1.288596499834103 ], [ 103.808624204556253, 1.288845642932661 ], [ 103.808682600009476, 1.288846544097506 ], [ 103.808682599985417, 1.289251672215651 ], [ 103.80897484596305, 1.289251672216359 ], [ 103.809152792412107, 1.28925522325486 ], [ 103.809155153535912, 1.289135365857164 ], [ 103.809158716325626, 1.289135307723365 ], [ 103.809159659884457, 1.28925526440849 ], [ 103.8091847598876, 1.28925506440825 ], [ 103.809183814678946, 1.289134898192625 ], [ 103.809184793921773, 1.28913488221461 ], [ 103.809186651459797, 1.289255042062266 ], [ 103.809320751473479, 1.289252942062295 ], [ 103.809316942950147, 1.289006578303339 ], [ 103.809316973822234, 1.289006578459183 ], [ 103.809323518034617, 1.289252883170087 ], [ 103.809368343676113, 1.289251676683166 ], [ 103.809438968055431, 1.289251771992906 ], [ 103.80943929999988, 1.2890025999924 ], [ 103.80945458718773, 1.289251296715789 ], [ 103.809906637718541, 1.289223148132369 ], [ 103.810248774399994, 1.289222070999745 ], [ 103.81024876834789, 1.289220123574883 ], [ 103.810493160908052, 1.289221942025982 ], [ 103.81049455138357, 1.28903263622049 ], [ 103.810495528516753, 1.288977330156623 ], [ 103.810247999999874, 1.288972900000419 ], [ 103.810495567649042, 1.28897289998759 ], [ 103.810495567647621, 1.288954299987996 ], [ 103.810248000000243, 1.288954299999954 ], [ 103.810495566998554, 1.28895372936997 ], [ 103.810495367159177, 1.288865903751302 ], [ 103.810495167271526, 1.288747277432296 ], [ 103.81024730010094, 1.28874770051184 ], [ 103.810247225599497, 1.288723728999701 ], [ 103.809897825633826, 1.288724828999882 ], [ 103.80989789410971, 1.288746862700503 ], [ 103.809884629084479, 1.288746717429809 ], [ 103.809883312770438, 1.288725303285297 ], [ 103.809431814924054, 1.288753417456809 ], [ 103.809430095792351, 1.288753415137157 ], [ 103.809429162097402, 1.28861263673427 ], [ 103.80918160000067, 1.288614300000067 ], [ 103.809429160535103, 1.288612415840438 ], [ 103.809428160521804, 1.288479315840345 ], [ 103.809180600002037, 1.288481200000121 ], [ 103.80942815736698, 1.288478934457016 ], [ 103.809426960280163, 1.288346427645887 ], [ 103.809431619579115, 1.288336600180897 ], [ 103.809524144863531, 1.288198532278797 ], [ 103.80931889999988, 1.288059200000518 ], [ 103.809524178880963, 1.288198481503555 ], [ 103.80960313542036, 1.288080598626402 ], [ 103.809607200219503, 1.288168486353323 ], [ 103.809782562330057, 1.288160270386332 ], [ 103.809785669343199, 1.288231698443006 ], [ 103.809951478789998, 1.288224392174676 ], [ 103.809951639840492, 1.288245329062603 ], [ 103.80999660681853, 1.288244978667997 ], [ 103.809826386794924, 1.288358068342514 ], [ 103.809836486793799, 1.288373468342791 ], [ 103.810030281510024, 1.288244716265581 ], [ 103.810038721925793, 1.288244650495539 ], [ 103.809928634761746, 1.288457139146522 ], [ 103.809942734762103, 1.28846453914693 ], [ 103.81005672844752, 1.288244510183432 ], [ 103.810057201260634, 1.288244506499778 ], [ 103.810057546433768, 1.288492771975718 ], [ 103.810199546447407, 1.288492571976546 ], [ 103.810199199999957, 1.288243400000346 ], [ 103.810201111644602, 1.2884925647912 ], [ 103.81035551166012, 1.288491364792065 ], [ 103.810353600000482, 1.288242200000149 ], [ 103.810506704596904, 1.288438008383546 ], [ 103.810516804596347, 1.288430008382962 ], [ 103.810369853789794, 1.288242070200331 ], [ 103.81039182067623, 1.288241899025034 ], [ 103.810497322462638, 1.28827078385076 ], [ 103.810533067273496, 1.288318387096113 ], [ 103.810569625040387, 1.2882905792217 ], [ 103.810602586961821, 1.288299603704951 ], [ 103.81060658696002, 1.288284803704849 ], [ 103.810584990963932, 1.288278891042351 ], [ 103.810655067277708, 1.288225587089267 ], [ 103.810613736741246, 1.288170545043065 ], [ 103.810613119625259, 1.288152587019255 ], [ 103.810600580014963, 1.288153023539474 ], [ 103.810559347638957, 1.288098112213784 ], [ 103.81056026318717, 1.288097418021636 ], [ 103.810508695716024, 1.288028522776189 ], [ 103.810718918891027, 1.288153592875691 ], [ 103.81072261889129, 1.288147292875518 ], [ 103.810509500001132, 1.288020500000367 ], [ 103.810623536655001, 1.288044449214522 ], [ 103.810619336842777, 1.288051201538987 ], [ 103.810720436847717, 1.288114901544245 ], [ 103.810747999016044, 1.288070587960289 ], [ 103.81075184793697, 1.288071396284233 ], [ 103.810753547935931, 1.288063196283415 ], [ 103.810752706415428, 1.288063019553078 ], [ 103.810851799997991, 1.287903700003924 ], [ 103.810740578116153, 1.28812631088759 ], [ 103.810838578122386, 1.28817591089149 ], [ 103.810949799999847, 1.287953299999878 ], [ 103.810845470292548, 1.288179265812468 ], [ 103.810896378792165, 1.288203076246227 ], [ 103.810940887654397, 1.288223986450125 ], [ 103.811045599999943, 1.287998200000514 ], [ 103.810950823708907, 1.288228389985229 ], [ 103.811010523712994, 1.288253289988139 ], [ 103.811105299999682, 1.288023100002061 ], [ 103.811026134225969, 1.288259189112027 ], [ 103.811089093286654, 1.288280575206991 ], [ 103.81115814965672, 1.288304060369182 ], [ 103.81123740000011, 1.288068 ], [ 103.811193040240454, 1.288313139585695 ], [ 103.811266140247056, 1.288326539586929 ], [ 103.8113105, 1.288081399999917 ], [ 103.811286068404812, 1.288329355904652 ], [ 103.811393268414591, 1.288340055905763 ], [ 103.811417700000462, 1.288092099999838 ], [ 103.811402864272537, 1.288340824415928 ], [ 103.811502164282146, 1.28834682441701 ], [ 103.811516999999597, 1.288098100000184 ], [ 103.811513665546542, 1.288347249620072 ], [ 103.81185296557986, 1.288351849621236 ], [ 103.811856299999988, 1.28810270000035 ], [ 103.811854454092625, 1.288351865296559 ], [ 103.811961054102611, 1.288352665297212 ], [ 103.811962900040086, 1.288103494550146 ], [ 103.811961074642355, 1.288352665450223 ], [ 103.812001605627032, 1.288352966236496 ], [ 103.812085416242354, 1.288362733369597 ], [ 103.812123718691282, 1.288373585730404 ], [ 103.812149745364266, 1.288389542339682 ], [ 103.812189819057508, 1.288422916016565 ], [ 103.81224837261334, 1.288482556999207 ], [ 103.812276478992828, 1.288513040537971 ], [ 103.812304825481533, 1.288551687805005 ], [ 103.812503999993595, 1.288403700004711 ], [ 103.812306496456273, 1.288553939306558 ], [ 103.812338636477136, 1.288596739834157 ], [ 103.812176132258926, 1.288614298901908 ], [ 103.812068195691182, 1.288629673889693 ], [ 103.811992322770706, 1.288640425934551 ], [ 103.811785729981068, 1.288671712824129 ], [ 103.811745203605298, 1.288676978432375 ], [ 103.81177689992326, 1.288924099398909 ], [ 103.811745180162333, 1.28867698147898 ], [ 103.81163677681387, 1.288691076957085 ], [ 103.81148187656683, 1.288713162540372 ], [ 103.81130689884786, 1.288736792010376 ], [ 103.811290007578179, 1.288739126576059 ], [ 103.811257017753022, 1.288744853976383 ], [ 103.811299099999388, 1.28899039999951 ], [ 103.81122347567171, 1.288907098314064 ], [ 103.811200046082377, 1.288859902550841 ], [ 103.811186715569036, 1.288866606335046 ], [ 103.811132105235501, 1.288806451970358 ], [ 103.811109727551994, 1.288827031446327 ], [ 103.811036959746872, 1.288893919019758 ], [ 103.810966190661645, 1.288981200884381 ], [ 103.810876203205851, 1.289119907023174 ], [ 103.810864325625047, 1.289133783053674 ], [ 103.810846291354864, 1.289150684938201 ], [ 103.810827872976347, 1.289162951119317 ], [ 103.810798537049052, 1.2891776463966 ], [ 103.810753945767232, 1.289194791968159 ], [ 103.810736806412805, 1.289199102934858 ], [ 103.810712158282712, 1.289198194628343 ], [ 103.810711897324381, 1.289205368177905 ], [ 103.810702777561687, 1.289207662020404 ], [ 103.810710659145144, 1.28923940478743 ], [ 103.810709461117966, 1.289272337666178 ], [ 103.810456247134695, 1.28927512577251 ], [ 103.810456719173942, 1.289318553781771 ], [ 103.810455743966813, 1.289419681710404 ], [ 103.810468808046011, 1.289419809329481 ], [ 103.810468807771102, 1.28942020722648 ], [ 103.810455740268267, 1.289420101748031 ], [ 103.810455569731758, 1.289441503808218 ], [ 103.810452562880073, 1.289521739043757 ], [ 103.810221333998399, 1.289520876284801 ], [ 103.810221133993821, 1.289575176284741 ], [ 103.810468700000015, 1.289576100000118 ], [ 103.810468527742714, 1.289825272157558 ], [ 103.810611213293654, 1.289825372078117 ], [ 103.810672398741545, 1.289825471891095 ], [ 103.810672799095727, 1.289576861514087 ], [ 103.810673381648769, 1.289576863687973 ], [ 103.810697531712833, 1.289600267986349 ], [ 103.810694041715223, 1.289696205371196 ], [ 103.810753741720703, 1.289698405371626 ], [ 103.810755276003022, 1.289656229103559 ], [ 103.810851135514014, 1.289749128416628 ], [ 103.810873002704369, 1.289726271012006 ], [ 103.810925100000304, 1.28990469999968 ], [ 103.810679605368165, 1.289936878636437 ], [ 103.810696881515696, 1.290070394401306 ], [ 103.81070405790318, 1.290126509802344 ], [ 103.810949599988547, 1.290094700001948 ], [ 103.810705399712276, 1.290135657903852 ], [ 103.81073808852193, 1.290333090430628 ], [ 103.810774577367326, 1.290554222958218 ], [ 103.811018799994955, 1.290513400000869 ], [ 103.810775204707838, 1.290557858088879 ], [ 103.810797004696568, 1.290678858090955 ], [ 103.811040600000283, 1.290634400000178 ], [ 103.810798818116169, 1.290687955203077 ], [ 103.810806318113251, 1.29072225520411 ], [ 103.811048100000463, 1.290668700000563 ], [ 103.810806446183548, 1.290722837589955 ], [ 103.810810291012643, 1.290740222915166 ], [ 103.810699720500438, 1.29075791968351 ], [ 103.810738599999965, 1.291003999999827 ], [ 103.810699653461953, 1.290757930422242 ], [ 103.810615453469822, 1.29077143042144 ], [ 103.810654399999905, 1.291017500000156 ], [ 103.810615389566337, 1.290771440676362 ], [ 103.810456016105732, 1.290797036413285 ], [ 103.810379345765767, 1.290809331657139 ], [ 103.810305779027729, 1.290821126324849 ], [ 103.81008720624736, 1.290856121966913 ], [ 103.810126100133246, 1.291102200843676 ], [ 103.810087098775341, 1.290856139197691 ], [ 103.810033712033416, 1.290864711154559 ], [ 103.810027921884085, 1.290804353292943 ], [ 103.809779100958238, 1.290828533132574 ], [ 103.809755679090458, 1.290650073666471 ], [ 103.809094297182412, 1.290738005199374 ], [ 103.808877980742082, 1.290529388303272 ], [ 103.808535419234289, 1.290889211684313 ], [ 103.808762143100807, 1.291107865594067 ], [ 103.808693084673322, 1.291144008319435 ], [ 103.808623361899237, 1.291194826160964 ], [ 103.808565715454833, 1.291251476790635 ], [ 103.808400649976576, 1.291388362310433 ], [ 103.808361589278562, 1.29140282124326 ], [ 103.808324018528836, 1.291406433815162 ], [ 103.808321883202751, 1.291406398720945 ], [ 103.807956101197135, 1.290952486076278 ], [ 103.808096783897938, 1.290833697673831 ], [ 103.807920728892825, 1.290634353110742 ], [ 103.808374484679291, 1.290260524921128 ], [ 103.80820643428855, 1.290066225873166 ], [ 103.808378000873404, 1.289919301436455 ], [ 103.808432133680085, 1.289806817661788 ], [ 103.808435549051637, 1.289618401996713 ], [ 103.808346354822106, 1.289521830811003 ], [ 103.808012477399728, 1.289221963554135 ], [ 103.807894006766446, 1.289162728237297 ], [ 103.807760815208908, 1.289179956997361 ], [ 103.80767189416926, 1.289222077489445 ], [ 103.807232361064294, 1.289605328255837 ], [ 103.807179157356146, 1.289651554206305 ], [ 103.807072434053921, 1.289523320788051 ], [ 103.807518145962462, 1.289140065746171 ], [ 103.807563775362624, 1.289081288885736 ], [ 103.807606642354173, 1.288961556912358 ], [ 103.807572324124308, 1.288835069766795 ], [ 103.807537158763026, 1.288780673355947 ], [ 103.807465949795187, 1.288693842977565 ], [ 103.807693576298448, 1.288691458722783 ], [ 103.80803218020155, 1.28868773781742 ], [ 103.808030408289852, 1.288519703050377 ], [ 103.808091231415474, 1.288520165118759 ], [ 103.808093100000434, 1.28827099999987 ], [ 103.808095790386474, 1.288520157502434 ], [ 103.808269490403276, 1.288518257502704 ], [ 103.808266800000368, 1.288269099999987 ], [ 103.808271888026127, 1.288518219587433 ], [ 103.808300888029351, 1.288517619587753 ], [ 103.80829580002414, 1.288268501149757 ] ], [ [ 103.807936107438067, 1.287157991020373 ], [ 103.807885670370737, 1.287113523744327 ], [ 103.807878713623751, 1.286959019568253 ], [ 103.807638117189626, 1.286969993616969 ], [ 103.807637920454056, 1.286969202541759 ], [ 103.807875576839209, 1.286929202569394 ], [ 103.807874858375087, 1.286924878355421 ], [ 103.808213682903116, 1.286882096008033 ], [ 103.808048917529177, 1.287044423589608 ], [ 103.807993125047574, 1.2871526078541 ], [ 103.807936107438067, 1.287157991020373 ] ], [ [ 103.807563318844799, 1.287500886754083 ], [ 103.807563618306489, 1.287499665017259 ], [ 103.807563636431738, 1.287499675929509 ], [ 103.807563354078056, 1.287500829113847 ], [ 103.807563318844799, 1.287500886754083 ] ], [ [ 103.807839329446068, 1.287520243147704 ], [ 103.807827900000589, 1.28751970000049 ], [ 103.807839285260997, 1.28751981464565 ], [ 103.807839329446068, 1.287520243147704 ] ], [ [ 103.807738535055577, 1.287643638348569 ], [ 103.807738500000013, 1.287646600000046 ], [ 103.807738394178841, 1.287643631653941 ], [ 103.807738535055577, 1.287643638348569 ] ], [ [ 103.807222417423944, 1.286618371074383 ], [ 103.807240461871402, 1.286638650636142 ], [ 103.807270046636205, 1.286671670338572 ], [ 103.807245821420224, 1.286673247314284 ], [ 103.807268718183138, 1.287029558158835 ], [ 103.807180201496834, 1.287038052762194 ], [ 103.807203699999619, 1.287286099999691 ], [ 103.807168005420948, 1.287039531308936 ], [ 103.806953221148291, 1.287071029002796 ], [ 103.806767125010367, 1.287098296565993 ], [ 103.806511243950979, 1.287133880426533 ], [ 103.806458596653002, 1.287011538614749 ], [ 103.80637631198617, 1.286750062675105 ], [ 103.805904288000761, 1.286900537302343 ], [ 103.805981372568212, 1.287145489035372 ], [ 103.805834948644204, 1.28725041817158 ], [ 103.805649600000265, 1.287182299999938 ], [ 103.805823362420085, 1.287004815599405 ], [ 103.805762662419284, 1.28694461560272 ], [ 103.805588900000416, 1.287122099999173 ], [ 103.805681710915039, 1.286925154243899 ], [ 103.805684209156851, 1.286924185654861 ], [ 103.805774534638985, 1.286895251824386 ], [ 103.806160466305428, 1.286771795965474 ], [ 103.806320783287447, 1.286743323378848 ], [ 103.806631756227517, 1.286688722089991 ], [ 103.80682075167131, 1.286666038775274 ], [ 103.807222417423944, 1.286618371074383 ] ], [ [ 103.803568119412475, 1.286521314669442 ], [ 103.803565180003091, 1.286518576039326 ], [ 103.80348951632773, 1.286441579927577 ], [ 103.803406689910844, 1.286524031662311 ], [ 103.803390670373503, 1.28651151349381 ], [ 103.803460468419132, 1.286416285327513 ], [ 103.803437168419535, 1.286398985328876 ], [ 103.803367793229668, 1.286493636575399 ], [ 103.803367742854377, 1.286493597210518 ], [ 103.803437071224394, 1.286398913200117 ], [ 103.803268196279788, 1.286273653339534 ], [ 103.80325346198002, 1.286250579577233 ], [ 103.80324471592742, 1.286256237221117 ], [ 103.803231471231442, 1.286246413211648 ], [ 103.803205886392433, 1.286281355256619 ], [ 103.803196683825689, 1.286287308208895 ], [ 103.803191644400542, 1.286279880872415 ], [ 103.803108993831074, 1.286158118234871 ], [ 103.803165855160117, 1.286125110753324 ], [ 103.803160202911172, 1.286115247087865 ], [ 103.803401758363492, 1.28596641293102 ], [ 103.803272500000375, 1.285753900000092 ], [ 103.803401875236517, 1.285966340874422 ], [ 103.803521575052216, 1.285892496210615 ], [ 103.803651333646215, 1.285813970724432 ], [ 103.803560561895807, 1.286472683665326 ], [ 103.803568119412475, 1.286521314669442 ] ], [ [ 103.8018859919503, 1.285375056628818 ], [ 103.801959793781478, 1.285488703612404 ], [ 103.802137143979309, 1.285774320525461 ], [ 103.802568725481649, 1.286540680311638 ], [ 103.802664872704554, 1.28667704522995 ], [ 103.802720729451892, 1.286742058827942 ], [ 103.802889995633393, 1.286942584397615 ], [ 103.803142736366325, 1.287136745125793 ], [ 103.803302277377085, 1.287233847539847 ], [ 103.803355149205871, 1.287264547312716 ], [ 103.803419810392796, 1.287306370319823 ], [ 103.803492336099353, 1.287352440743577 ], [ 103.803764228111021, 1.287526732702869 ], [ 103.803788649189997, 1.287564301154084 ], [ 103.803785175391269, 1.287572239471072 ], [ 103.803777134068525, 1.287571509234755 ], [ 103.803775775589159, 1.287586663292195 ], [ 103.803544067536578, 1.28782802250464 ], [ 103.803137528382123, 1.287514701747944 ], [ 103.803133795073052, 1.287359374087608 ], [ 103.803066419929706, 1.287361014513118 ], [ 103.80293284363573, 1.287069420525008 ], [ 103.802782643646324, 1.287139120518795 ], [ 103.802886300000196, 1.287365400000183 ], [ 103.80263880492582, 1.287371425888556 ], [ 103.80264540489928, 1.287646025888401 ], [ 103.802892900000131, 1.28764 ], [ 103.802818029707041, 1.287738408920943 ], [ 103.802752870402173, 1.287806040606118 ], [ 103.802760735165549, 1.287813716408336 ], [ 103.802742386925217, 1.287837833186637 ], [ 103.802910391316331, 1.287967314639563 ], [ 103.802909107921693, 1.287967620209904 ], [ 103.802941585712389, 1.288105800962321 ], [ 103.80294137726554, 1.288106238079099 ], [ 103.802941728308994, 1.288106407658036 ], [ 103.802966099999779, 1.288210099999114 ], [ 103.802792836238794, 1.288032122385474 ], [ 103.802489036240615, 1.288331722364555 ], [ 103.802759555661638, 1.28860960161784 ], [ 103.802594100035066, 1.288778463862297 ], [ 103.802178602234605, 1.289155758351001 ], [ 103.802155831488193, 1.28917641729377 ], [ 103.802090159120894, 1.28923345621515 ], [ 103.802170090867392, 1.289326683283431 ], [ 103.802164145080653, 1.28933229542015 ], [ 103.802078304595327, 1.289244449980564 ], [ 103.801811404596961, 1.289508649962625 ], [ 103.80189100424306, 1.289590108806479 ], [ 103.801868999440643, 1.289610878793867 ], [ 103.801807424675786, 1.289544959233081 ], [ 103.801788915066837, 1.28956247369949 ], [ 103.801540246109667, 1.289797300237144 ], [ 103.801412163091598, 1.28991109744192 ], [ 103.801477071226529, 1.289985104004737 ], [ 103.801470971633321, 1.289990940792837 ], [ 103.801401975252304, 1.289920675974673 ], [ 103.801063582208542, 1.290257281186443 ], [ 103.800955448081808, 1.290359348052909 ], [ 103.801017490053113, 1.290425932771249 ], [ 103.801017483631156, 1.290425939139702 ], [ 103.800955437707131, 1.290359357846141 ], [ 103.800892937707943, 1.290418357842084 ], [ 103.800956518304517, 1.290486585990497 ], [ 103.800947142072729, 1.290496000491665 ], [ 103.800878115084387, 1.290433602040541 ], [ 103.800791050234665, 1.290531168125874 ], [ 103.800491206454083, 1.290835149020316 ], [ 103.80042652192698, 1.290900431551113 ], [ 103.800367422499974, 1.290960052825358 ], [ 103.800347535731348, 1.290969238931691 ], [ 103.800350932593744, 1.290976688335825 ], [ 103.800335939146194, 1.290991814174429 ], [ 103.800376318760598, 1.291032360822749 ], [ 103.800393079916319, 1.291069118448734 ], [ 103.800364209304718, 1.29109931082902 ], [ 103.800284763591193, 1.291010875147073 ], [ 103.800168063593802, 1.291117075139687 ], [ 103.800254847536607, 1.291213679440038 ], [ 103.800233793986024, 1.291235696870108 ], [ 103.800127075088028, 1.291165261154585 ], [ 103.800086875085782, 1.29122696115168 ], [ 103.80009300249867, 1.291231005316172 ], [ 103.80004286181115, 1.291271888373645 ], [ 103.800069063997725, 1.291304441680223 ], [ 103.800054381506584, 1.291300578456796 ], [ 103.800047613871115, 1.291326633842983 ], [ 103.800015889092904, 1.291297474988161 ], [ 103.799820089090971, 1.291513274974333 ], [ 103.799914838004767, 1.291600360529957 ], [ 103.799903558473389, 1.291613848401504 ], [ 103.799826852931659, 1.291526495288945 ], [ 103.799757152932941, 1.291588495285221 ], [ 103.799768293752393, 1.291601182574059 ], [ 103.799759513692393, 1.291624329998497 ], [ 103.799803441115685, 1.291641208778603 ], [ 103.799842488276298, 1.291685676113536 ], [ 103.799797790798905, 1.291734730380968 ], [ 103.799591817339888, 1.291990141774134 ], [ 103.799276264255852, 1.292516647488986 ], [ 103.799176238049668, 1.292686227314093 ], [ 103.799175696829735, 1.292642388797987 ], [ 103.79919161830766, 1.291788097548972 ], [ 103.799207267304453, 1.291050797172117 ], [ 103.799257588769038, 1.289719371698082 ], [ 103.799010200000623, 1.289709900000738 ], [ 103.799257594590046, 1.289719216409695 ], [ 103.799260578925953, 1.289638937570382 ], [ 103.799260861857064, 1.289631958579017 ], [ 103.799013500000513, 1.289621800000395 ], [ 103.799260979266563, 1.289628458995727 ], [ 103.799268048099435, 1.289362331397103 ], [ 103.799274103373236, 1.28919377593621 ], [ 103.799278900729973, 1.289062348023988 ], [ 103.799031499578362, 1.289053199984257 ], [ 103.799278910263411, 1.289062082996417 ], [ 103.799281710255457, 1.2889830829964 ], [ 103.799034299998524, 1.288974200000092 ], [ 103.79928178786318, 1.288980524590345 ], [ 103.799320343294298, 1.287452185455755 ], [ 103.799337728368585, 1.28700969051535 ], [ 103.799390698935241, 1.286603769383705 ], [ 103.799479150455639, 1.286282837375566 ], [ 103.799601583063236, 1.285991889447589 ], [ 103.799758134379374, 1.285719457654798 ], [ 103.799956010668026, 1.285470782702988 ], [ 103.800140421030946, 1.28527379889251 ], [ 103.800345188015811, 1.28510582935052 ], [ 103.800666179168061, 1.284935470405759 ], [ 103.800988465880621, 1.284801639481852 ], [ 103.801279943008709, 1.2847395135341 ], [ 103.801477366620929, 1.284890901825884 ], [ 103.801530560216236, 1.284820630349429 ], [ 103.801580832565321, 1.28489945495634 ], [ 103.801631903125909, 1.284979608762375 ], [ 103.801786340180072, 1.285221707517719 ], [ 103.8018859919503, 1.285375056628818 ] ], [ [ 103.798927786703544, 1.289625692268019 ], [ 103.799013200000687, 1.289629200000388 ], [ 103.798927843295118, 1.289625985622997 ], [ 103.798927786703544, 1.289625692268019 ] ], [ [ 103.798610300005805, 1.28990380000522 ], [ 103.79875085062281, 1.290016885466064 ], [ 103.798750441768959, 1.290027703034307 ], [ 103.798610300005805, 1.28990380000522 ] ], [ [ 103.798959799999309, 1.291043399999381 ], [ 103.79871228864593, 1.291038078296221 ], [ 103.798696588574558, 1.291777778293258 ], [ 103.798944100003879, 1.291783100000765 ], [ 103.79869657564744, 1.291778426858222 ], [ 103.798684951321178, 1.292402141479324 ], [ 103.798461603232809, 1.292131392901263 ], [ 103.798091802357106, 1.291777094616182 ], [ 103.797834164707851, 1.29160530588229 ], [ 103.797796831460758, 1.291546309370085 ], [ 103.79772037334881, 1.291445916554326 ], [ 103.797603533391452, 1.291335844383271 ], [ 103.797539171462489, 1.29128792426031 ], [ 103.797461545106998, 1.291238286453993 ], [ 103.797334373013754, 1.291165824042391 ], [ 103.797136309063248, 1.291071286313223 ], [ 103.796766337244307, 1.290905472045413 ], [ 103.795571691958543, 1.290426047984061 ], [ 103.79544397246417, 1.290374811194244 ], [ 103.795513388857216, 1.290268507601088 ], [ 103.795572853093404, 1.290194475473022 ], [ 103.795613841582608, 1.29014688269641 ], [ 103.795637818520063, 1.290167120857092 ], [ 103.795796900000639, 1.289976199998467 ], [ 103.795646454884391, 1.290174085622112 ], [ 103.795709860954602, 1.290222917761596 ], [ 103.795897169954699, 1.290378419581389 ], [ 103.796054700000425, 1.290186200000651 ], [ 103.795914359012585, 1.290391468288905 ], [ 103.795969659014858, 1.290429768291717 ], [ 103.796110000000539, 1.290224500000386 ], [ 103.795995240045372, 1.290445284225953 ], [ 103.796064940049533, 1.290481984229411 ], [ 103.796179700002313, 1.290261199995189 ], [ 103.796074125337213, 1.290486579302482 ], [ 103.796136925341671, 1.290516379304942 ], [ 103.79624249999992, 1.29029100000038 ], [ 103.79615613573219, 1.290524518735835 ], [ 103.796262635740248, 1.290564418739949 ], [ 103.796348999998912, 1.290330900001589 ], [ 103.796279980595031, 1.290570193030863 ], [ 103.796352880601219, 1.29059149303349 ], [ 103.796421899999871, 1.290352200000276 ], [ 103.79635852124288, 1.290593068589828 ], [ 103.796414421248045, 1.290607968590821 ], [ 103.796477799999309, 1.290367100004276 ], [ 103.79643581386712, 1.290612662658106 ], [ 103.796497013872639, 1.290623262659666 ], [ 103.796539, 1.290377700000153 ], [ 103.796520967904073, 1.290626210347644 ], [ 103.796579467909524, 1.290630510347967 ], [ 103.796597499999919, 1.290382 ], [ 103.796581704374475, 1.290630664495988 ], [ 103.796639204380341, 1.290634364496826 ], [ 103.796655000000243, 1.290385700003847 ], [ 103.796668774839418, 1.290634486181381 ], [ 103.796873288473364, 1.290623015379273 ], [ 103.796936698784265, 1.290621572185604 ], [ 103.796990176308171, 1.290621572185538 ], [ 103.797083859416858, 1.290626087034206 ], [ 103.797095700000071, 1.290377200000459 ], [ 103.797084192820463, 1.290626102875318 ], [ 103.797453363351124, 1.290643392129613 ], [ 103.797738534217217, 1.29065728097078 ], [ 103.797739773055923, 1.290631513876384 ], [ 103.797776596324738, 1.290674502130574 ], [ 103.797798424993317, 1.290655560792174 ], [ 103.797808605847806, 1.290655073744993 ], [ 103.797781496151103, 1.290680052867141 ], [ 103.797848896150427, 1.290754152871427 ], [ 103.797981686977622, 1.290631798181841 ], [ 103.797997801147304, 1.29062699955328 ], [ 103.797873924120609, 1.290778081547728 ], [ 103.797953024122037, 1.290843781552757 ], [ 103.798110600000228, 1.290651600000417 ], [ 103.797988676035573, 1.290868459463767 ], [ 103.798079276039857, 1.290920059468722 ], [ 103.798323123939127, 1.290486340524535 ], [ 103.798309605497536, 1.290478641280695 ], [ 103.798320021572295, 1.290473231826458 ], [ 103.798206499999978, 1.29025180000005 ], [ 103.798334189083604, 1.290465271921224 ], [ 103.798546589095864, 1.290336571911382 ], [ 103.798418900000371, 1.290123100000409 ], [ 103.798604896885081, 1.290287544759193 ], [ 103.798746764493814, 1.290124997380828 ], [ 103.798712411105001, 1.291033928269575 ], [ 103.798959799999309, 1.291043399999381 ] ], [ [ 103.79554170005953, 1.289877000104012 ], [ 103.795573919192464, 1.289933146781195 ], [ 103.795573976073157, 1.289933672699948 ], [ 103.79554170005953, 1.289877000104012 ] ], [ [ 103.794983046252696, 1.290309377579288 ], [ 103.794986254133363, 1.290311370634249 ], [ 103.794983165105194, 1.290310235688411 ], [ 103.794983046252696, 1.290309377579288 ] ], [ [ 103.792869800000389, 1.288613299999161 ], [ 103.792869865657934, 1.288613396712063 ], [ 103.792869807741639, 1.288613337206655 ], [ 103.792869800000389, 1.288613299999161 ] ], [ [ 103.792724899999797, 1.287724500000596 ], [ 103.792753962647126, 1.2877227859908 ], [ 103.792759577777517, 1.287728351328354 ], [ 103.792724899999797, 1.287724500000596 ] ], [ [ 103.792749259708856, 1.287166235456004 ], [ 103.792691238419863, 1.287232742282317 ], [ 103.792478703480072, 1.287449967634579 ], [ 103.792655099999635, 1.287624800000251 ], [ 103.79259866314159, 1.287698095974434 ], [ 103.792595898895783, 1.287695902318435 ], [ 103.792597211645557, 1.287693685946149 ], [ 103.792613851954059, 1.287671960895663 ], [ 103.792611267198609, 1.287669955353128 ], [ 103.792611967724, 1.287668772625432 ], [ 103.792602154447493, 1.287662884660322 ], [ 103.792304151962284, 1.287431660913668 ], [ 103.792232822364895, 1.287524786521077 ], [ 103.79221477297186, 1.287527743720392 ], [ 103.79228254058313, 1.28741666120637 ], [ 103.792232592038573, 1.28738579300734 ], [ 103.792214986730229, 1.28737490115696 ], [ 103.792236941367008, 1.287343390607807 ], [ 103.79216454136963, 1.287292290611802 ], [ 103.792139515348453, 1.287328209385278 ], [ 103.792094443740652, 1.287300324997035 ], [ 103.792094442311978, 1.287300324112543 ], [ 103.791746443757873, 1.287085025015435 ], [ 103.791647937832948, 1.287246315805776 ], [ 103.791647907273529, 1.287246319608127 ], [ 103.791746358392913, 1.287084972225365 ], [ 103.791713931164622, 1.287064928398467 ], [ 103.791731489481336, 1.287033173934073 ], [ 103.791670789484954, 1.286999173936517 ], [ 103.791654681621367, 1.287028305235974 ], [ 103.791642200935925, 1.287020590708856 ], [ 103.791417405267879, 1.286814309754767 ], [ 103.791465916642935, 1.286711684937576 ], [ 103.791520758745307, 1.28667579234115 ], [ 103.791439735176809, 1.286550382149034 ], [ 103.791439807206331, 1.286550391172166 ], [ 103.791520875089503, 1.286675716150347 ], [ 103.791740470714586, 1.286531820652172 ], [ 103.791976684822771, 1.286598569417262 ], [ 103.792071488180767, 1.286625442024498 ], [ 103.792097199361294, 1.286533556255526 ], [ 103.792097255399398, 1.286533739411083 ], [ 103.792071649165166, 1.286625487597149 ], [ 103.792396349192231, 1.286717287606333 ], [ 103.792463300001316, 1.286477399993406 ], [ 103.792400743726148, 1.286718486269768 ], [ 103.792503757857304, 1.286745563699319 ], [ 103.792628472187559, 1.286778441115068 ], [ 103.79265720502768, 1.28666803083385 ], [ 103.792657210633507, 1.286668040929363 ], [ 103.792628486403302, 1.286778444862983 ], [ 103.792750499706074, 1.286810602432042 ], [ 103.792749259708856, 1.287166235456004 ] ], [ [ 103.793048786001762, 1.286658377255311 ], [ 103.793048747749893, 1.28665832763764 ], [ 103.79317650010762, 1.286658652792108 ], [ 103.793178942590117, 1.286658836959443 ], [ 103.793048786001762, 1.286658377255311 ] ], [ [ 103.792953650145037, 1.287260348654702 ], [ 103.7929779, 1.287281800000285 ], [ 103.792953627021106, 1.287260348572941 ], [ 103.792953650145037, 1.287260348654702 ] ], [ [ 103.791234446109755, 1.286734364432713 ], [ 103.791190900000814, 1.286713500000387 ], [ 103.791234459028161, 1.286734358433373 ], [ 103.791234446109755, 1.286734364432713 ] ], [ [ 103.791123500279255, 1.286856000133434 ], [ 103.791123499999813, 1.286856000000488 ], [ 103.791123499999813, 1.286855999999583 ], [ 103.791123500279255, 1.286856000133434 ] ], [ [ 103.79102398588482, 1.286974473044119 ], [ 103.790922891052332, 1.286949170939617 ], [ 103.79110009526552, 1.286866870109906 ], [ 103.79111500000019, 1.286874000000115 ], [ 103.79102398588482, 1.286974473044119 ] ], [ [ 103.792187239289632, 1.287584298300529 ], [ 103.792153000003495, 1.287628999995387 ], [ 103.792179497118923, 1.28758556677139 ], [ 103.792187239289632, 1.287584298300529 ] ], [ [ 103.79272320000014, 1.287695299999965 ], [ 103.792725018145674, 1.287694098152893 ], [ 103.792726060531507, 1.287695131295898 ], [ 103.79272320000014, 1.287695299999965 ] ], [ [ 103.792485199999916, 1.287882799999941 ], [ 103.792484237786354, 1.287888033862845 ], [ 103.792482826880715, 1.287886806637145 ], [ 103.792485199999916, 1.287882799999941 ] ], [ [ 103.792506261637016, 1.287907190509037 ], [ 103.792509899999644, 1.287887400000446 ], [ 103.792510559859366, 1.287910929162129 ], [ 103.792506261637016, 1.287907190509037 ] ], [ [ 103.792527500000261, 1.287886900010333 ], [ 103.792530468365001, 1.287928245852265 ], [ 103.792528614290902, 1.287926633153005 ], [ 103.792527500000261, 1.287886900010333 ] ], [ [ 103.792549500000561, 1.287885300000076 ], [ 103.792565439923081, 1.287958664588692 ], [ 103.792554056227658, 1.287948762895705 ], [ 103.792549500000561, 1.287885300000076 ] ], [ [ 103.797740526266807, 1.290615847552972 ], [ 103.797742066214724, 1.290583817586266 ], [ 103.797758252794182, 1.290572565811711 ], [ 103.797759518512621, 1.290599367457726 ], [ 103.797740526266807, 1.290615847552972 ] ], [ [ 103.797884298002799, 1.290491092840818 ], [ 103.797884017034875, 1.290485143325403 ], [ 103.797901010122942, 1.290473330920203 ], [ 103.797901773765503, 1.290475928637107 ], [ 103.797884298002799, 1.290491092840818 ] ], [ [ 103.79792284277427, 1.290547600040785 ], [ 103.797923355073365, 1.290549342753307 ], [ 103.797888562829073, 1.290581400649339 ], [ 103.797888378870695, 1.290577505324634 ], [ 103.79792284277427, 1.290547600040785 ] ], [ [ 103.798021366613284, 1.290598258808097 ], [ 103.798020667630183, 1.290595881046287 ], [ 103.798031500002224, 1.290585899998464 ], [ 103.798021366613284, 1.290598258808097 ] ], [ [ 103.797754335762988, 1.290489622486647 ], [ 103.797746327310591, 1.290495189401509 ], [ 103.7977505, 1.290408400000479 ], [ 103.797754335762988, 1.290489622486647 ] ], [ [ 103.798929300000253, 1.292738800000178 ], [ 103.799128141235585, 1.292736313245214 ], [ 103.799121559848089, 1.292742162492768 ], [ 103.798929300000253, 1.292738800000178 ] ], [ [ 103.803276893333759, 1.289100562906567 ], [ 103.803387056107155, 1.288992301249804 ], [ 103.803471333751062, 1.288907201379058 ], [ 103.803493713489587, 1.288884030835765 ], [ 103.803680107499957, 1.288720004116723 ], [ 103.80368872569035, 1.288729833021212 ], [ 103.803690751374134, 1.288737402682898 ], [ 103.80369447730078, 1.288736392637006 ], [ 103.8037270783705, 1.288773573618053 ], [ 103.803766284029024, 1.288738750207087 ], [ 103.804034711404199, 1.288964107080469 ], [ 103.80404676419063, 1.288949564048834 ], [ 103.804058369499813, 1.288935578162151 ], [ 103.804106923013293, 1.288877134113399 ], [ 103.803917000001135, 1.288717300000511 ], [ 103.804154884771677, 1.288786304999664 ], [ 103.804167684767734, 1.288741604997795 ], [ 103.803929800000049, 1.288672599999908 ], [ 103.804168848614339, 1.28860779729403 ], [ 103.80415174860876, 1.288543897296166 ], [ 103.803912699999159, 1.288608700000589 ], [ 103.804098321605835, 1.288443826366939 ], [ 103.804043128122686, 1.288380879123209 ], [ 103.804159063752806, 1.288264687734226 ], [ 103.804266430509358, 1.288159077328051 ], [ 103.804362536840145, 1.288116819981386 ], [ 103.80448229232411, 1.288086794632132 ], [ 103.804565774106251, 1.288089325981823 ], [ 103.804603480385111, 1.288103434117803 ], [ 103.804665363737442, 1.288125648655096 ], [ 103.804670473578369, 1.288129367364122 ], [ 103.804689220106795, 1.288146975259952 ], [ 103.804578275641347, 1.288246365409374 ], [ 103.804638130168087, 1.288314047072186 ], [ 103.804786855814854, 1.288505016634494 ], [ 103.804960505747616, 1.288368020587702 ], [ 103.804963413894356, 1.288370895905201 ], [ 103.80481221437968, 1.288532925542125 ], [ 103.804857914379411, 1.288576125545032 ], [ 103.805008150896498, 1.288415127881575 ], [ 103.80501218834408, 1.288419119752161 ], [ 103.804896663163433, 1.288606094861136 ], [ 103.804942346101683, 1.28863468778051 ], [ 103.804970613356915, 1.288656343726843 ], [ 103.805019072627331, 1.288708632608414 ], [ 103.805074797364682, 1.28877320103961 ], [ 103.805221498077358, 1.288644946837551 ], [ 103.805221525544525, 1.288644976517299 ], [ 103.805074920212533, 1.288773343274046 ], [ 103.805146985501594, 1.288856718087313 ], [ 103.805156910221058, 1.288871592411849 ], [ 103.805185071112817, 1.288963748777906 ], [ 103.805421700000551, 1.2888905 ], [ 103.805234549813875, 1.2890536137825 ], [ 103.805279570482455, 1.289105940441553 ], [ 103.805334786529826, 1.289171051843031 ], [ 103.805424477445285, 1.289276841138258 ], [ 103.805427825743664, 1.289273965447149 ], [ 103.805436819119564, 1.289392758698299 ], [ 103.805561601804129, 1.289567744667545 ], [ 103.805756955927635, 1.289648702234661 ], [ 103.805975760841932, 1.289636119204684 ], [ 103.806012057878803, 1.289611188761676 ], [ 103.806208312666087, 1.289855956361744 ], [ 103.806089810123311, 1.28996457199659 ], [ 103.806301317454313, 1.290198332876676 ], [ 103.806380357611673, 1.290303353834827 ], [ 103.806389816033672, 1.290296142734444 ], [ 103.806423189900613, 1.290333027992394 ], [ 103.806425808533675, 1.290330627837068 ], [ 103.806548942174246, 1.290490557914441 ], [ 103.806558439626684, 1.290483150534143 ], [ 103.806583725037456, 1.290510318234317 ], [ 103.806656441548881, 1.290531416266591 ], [ 103.806689832742734, 1.290647075654016 ], [ 103.806757269011996, 1.290733122590651 ], [ 103.806812542688931, 1.290792149423946 ], [ 103.806944949325043, 1.290890145296047 ], [ 103.80706129477754, 1.290876090143961 ], [ 103.80712251536437, 1.29094352500217 ], [ 103.807263171920425, 1.291095954868933 ], [ 103.807269072131774, 1.291282233546432 ], [ 103.807368196424989, 1.291451774031219 ], [ 103.807483074800189, 1.291582271844557 ], [ 103.807625458994622, 1.29165643027948 ], [ 103.807687294543598, 1.291648862348151 ], [ 103.807807700873255, 1.291812420094822 ], [ 103.807814111416008, 1.291831362531026 ], [ 103.807824174544038, 1.291905979606716 ], [ 103.807812360985508, 1.291966854663934 ], [ 103.807759818561863, 1.292065655352995 ], [ 103.807691775527715, 1.29212782931921 ], [ 103.807583414852431, 1.291733441433792 ], [ 103.807207697112887, 1.29183801457044 ], [ 103.807180602825866, 1.291843792028658 ], [ 103.807107694793288, 1.291762236773835 ], [ 103.807030069948624, 1.291320638225418 ], [ 103.806958832781248, 1.291333323219771 ], [ 103.806958650330841, 1.291268519025925 ], [ 103.806950502206931, 1.291104573459834 ], [ 103.806909604559024, 1.291001367066842 ], [ 103.806820323161432, 1.290860412042845 ], [ 103.806709322585689, 1.290754746789741 ], [ 103.806658498377345, 1.290709997190658 ], [ 103.80638479855277, 1.290565688770898 ], [ 103.80626292311058, 1.29050140505343 ], [ 103.806069768941541, 1.290403320525162 ], [ 103.805916735810939, 1.290324289941008 ], [ 103.805991144167166, 1.290231749615125 ], [ 103.805606255857029, 1.289918250370119 ], [ 103.80534116672959, 1.29024793681904 ], [ 103.805134898518318, 1.290504397270274 ], [ 103.804989421368148, 1.290685168861574 ], [ 103.805177021728426, 1.290838104651829 ], [ 103.805166418371584, 1.29085058671533 ], [ 103.805517500637478, 1.291152704712763 ], [ 103.805394352601539, 1.291287785712245 ], [ 103.805213251020604, 1.291177508625162 ], [ 103.805135164933247, 1.291307412240253 ], [ 103.805128750308469, 1.291304247609158 ], [ 103.805197257247471, 1.291168564965156 ], [ 103.80497495726145, 1.291054864975705 ], [ 103.804912976143356, 1.291177622767325 ], [ 103.804895530113299, 1.291170514711698 ], [ 103.804769149066175, 1.291119023138529 ], [ 103.804646900229898, 1.291068019972063 ], [ 103.804605068962857, 1.29116958853205 ], [ 103.804584812410255, 1.291117668295269 ], [ 103.804530412414309, 1.291139168293774 ], [ 103.80457282524074, 1.291247878010617 ], [ 103.804556950244773, 1.291286423346801 ], [ 103.804471086200437, 1.291172729703175 ], [ 103.804436186201613, 1.291199429701278 ], [ 103.80453751839454, 1.291333604913292 ], [ 103.804536932468139, 1.291335027574557 ], [ 103.804510869099488, 1.291342976519556 ], [ 103.804481752297946, 1.291313605507592 ], [ 103.804457149483554, 1.291338312517547 ], [ 103.804420652199809, 1.291321462513252 ], [ 103.804446173782296, 1.291283871164323 ], [ 103.804299823857534, 1.291183219056476 ], [ 103.804172272130174, 1.291088210995711 ], [ 103.804024999999854, 1.291288500000258 ], [ 103.804129662650254, 1.291062690171406 ], [ 103.804041062656381, 1.291021090175166 ], [ 103.803936400000026, 1.291246899999376 ], [ 103.80400528338005, 1.291007567243502 ], [ 103.803880981561704, 1.290971326213754 ], [ 103.803879963649933, 1.290794655097326 ], [ 103.803635599827686, 1.29079608132455 ], [ 103.803635599701963, 1.290796075362072 ], [ 103.80387996056696, 1.290794193723857 ], [ 103.8038787314199, 1.290632494636273 ], [ 103.803912438643465, 1.290632571562552 ], [ 103.803913561355728, 1.290134228436824 ], [ 103.803879720566925, 1.290134151205289 ], [ 103.803879166146586, 1.289978307830444 ], [ 103.803631599999832, 1.28997920000074 ], [ 103.803857200610707, 1.289876587577843 ], [ 103.803816700603988, 1.289786387580768 ], [ 103.803591100001412, 1.289888999999367 ], [ 103.803772719873578, 1.289719671735443 ], [ 103.803741519873228, 1.28968577173796 ], [ 103.803559899999726, 1.289855100000601 ], [ 103.803691092645494, 1.289643791085392 ], [ 103.803643392647956, 1.289613791087497 ], [ 103.803512199999901, 1.289825099999322 ], [ 103.803537260662367, 1.289577207718149 ], [ 103.80343766067233, 1.289567007719557 ], [ 103.803412599999476, 1.289814900006774 ], [ 103.803421296519332, 1.289565881578414 ], [ 103.803336496527677, 1.289562881578595 ], [ 103.803319103470173, 1.290060918420231 ], [ 103.803384329590614, 1.290063225948671 ], [ 103.803385030063424, 1.290260134368153 ], [ 103.803384760328782, 1.290315428905061 ], [ 103.802997450101202, 1.290323885984839 ], [ 103.80259513947054, 1.290332602253461 ], [ 103.802442827586916, 1.290502649069189 ], [ 103.802447313306729, 1.290682078578877 ], [ 103.802423518647487, 1.290645606440121 ], [ 103.802305212428593, 1.290565132565094 ], [ 103.802165736510162, 1.290535769214462 ], [ 103.802025665210905, 1.290562312406104 ], [ 103.801905731738216, 1.290640557770781 ], [ 103.801824919788061, 1.29075936098353 ], [ 103.801805605437679, 1.290850894169464 ], [ 103.801760722332006, 1.290786007652651 ], [ 103.801664955473029, 1.290677775741602 ], [ 103.8017064795214, 1.290637619764367 ], [ 103.801803632674734, 1.290543765016025 ], [ 103.801712124417321, 1.29044780908089 ], [ 103.801712184330086, 1.290447751744011 ], [ 103.80180376056208, 1.290543641381013 ], [ 103.801950172485348, 1.290401997273747 ], [ 103.802532556355985, 1.289850932992747 ], [ 103.802602823968044, 1.289776509395083 ], [ 103.802896845765289, 1.289789048608127 ], [ 103.802904333423811, 1.289611193194114 ], [ 103.80291022217304, 1.289612079851696 ], [ 103.803042033089341, 1.289538265738466 ], [ 103.803228403216224, 1.289349196539373 ], [ 103.803288284221907, 1.289242175149434 ], [ 103.803284398849769, 1.289127168470801 ], [ 103.803276893333759, 1.289100562906567 ] ], [ [ 103.803868399999871, 1.288775799999978 ], [ 103.803794503964312, 1.288713684579504 ], [ 103.803794546461248, 1.288713646832719 ], [ 103.803868399999871, 1.288775799999978 ] ], [ [ 103.803780613775814, 1.288726022181082 ], [ 103.803780659255921, 1.288725981783639 ], [ 103.803856700072714, 1.288789900060749 ], [ 103.803780613775814, 1.288726022181082 ] ], [ [ 103.80507006679521, 1.287568715057264 ], [ 103.804993960617097, 1.287483364940046 ], [ 103.804985284503502, 1.287466824692125 ], [ 103.805040195211646, 1.287382377649786 ], [ 103.805186111743154, 1.287225968030838 ], [ 103.80527437930219, 1.28713564773279 ], [ 103.805307877165617, 1.287115114744258 ], [ 103.80525070616504, 1.287236432169376 ], [ 103.80534932550502, 1.287283511118716 ], [ 103.805234364428131, 1.287600386894873 ], [ 103.805203556569168, 1.287557854901289 ], [ 103.8051881565694, 1.287569154900238 ], [ 103.805226493720269, 1.287622081507602 ], [ 103.805205615764891, 1.287679628961486 ], [ 103.805205418215095, 1.28767948913455 ], [ 103.80507006679521, 1.287568715057264 ] ], [ [ 103.80294711246593, 1.287995615729519 ], [ 103.802979197038056, 1.288026929419453 ], [ 103.802953468891985, 1.288080881748141 ], [ 103.802930400881834, 1.287982736066148 ], [ 103.80294711246593, 1.287995615729519 ] ], [ [ 103.802961740666447, 1.288116075027459 ], [ 103.802963486757378, 1.288116918511429 ], [ 103.802985564955208, 1.288133660356657 ], [ 103.802982899999492, 1.288206099999861 ], [ 103.802961740666447, 1.288116075027459 ] ], [ [ 103.802915410014251, 1.288608935263947 ], [ 103.80291729922034, 1.288607072175874 ], [ 103.80291817557719, 1.28860797625272 ], [ 103.80291630951497, 1.288609828080826 ], [ 103.802915410014251, 1.288608935263947 ] ], [ [ 103.800101968890559, 1.291376592585957 ], [ 103.800055340789896, 1.291333735803301 ], [ 103.800102665456748, 1.291346187759459 ], [ 103.800114794167584, 1.29136125633439 ], [ 103.800101968890559, 1.291376592585957 ] ], [ [ 103.798845432319027, 1.292640039275622 ], [ 103.798928100000609, 1.292641599999974 ], [ 103.798847115241372, 1.29264261280943 ], [ 103.798845432319027, 1.292640039275622 ] ], [ [ 103.802999000000383, 1.28820670000005 ], [ 103.803001249481554, 1.288145553895278 ], [ 103.803028353295318, 1.288166106653258 ], [ 103.802999000000383, 1.28820670000005 ] ], [ [ 103.803052360643676, 1.288184311368084 ], [ 103.803056469280534, 1.288187426937533 ], [ 103.803023300002124, 1.288224499997338 ], [ 103.803052360643676, 1.288184311368084 ] ], [ [ 103.807679784395603, 1.287195532974306 ], [ 103.807664955511541, 1.287195908518087 ], [ 103.807665075353881, 1.287195419059887 ], [ 103.807680266161555, 1.287194719588053 ], [ 103.807679784395603, 1.287195532974306 ] ], [ [ 103.807550927522399, 1.286633268711636 ], [ 103.807530199844848, 1.286642200066368 ], [ 103.80755092455297, 1.286633244064047 ], [ 103.807550927522399, 1.286633268711636 ] ], [ [ 103.807571176001389, 1.286914235386261 ], [ 103.807568317175537, 1.286914716556149 ], [ 103.807568305844015, 1.286914540214846 ], [ 103.807571127772064, 1.286914074856496 ], [ 103.807571176001389, 1.286914235386261 ] ], [ [ 103.8075156573736, 1.287166971487855 ], [ 103.807544421227789, 1.287165659517557 ], [ 103.807544418282859, 1.287165701128256 ], [ 103.807515659868301, 1.287167025329239 ], [ 103.8075156573736, 1.287166971487855 ] ], [ [ 103.807564999997794, 1.287164720884084 ], [ 103.807640000000305, 1.287161300000349 ], [ 103.807565276403906, 1.287164740701527 ], [ 103.807564999997794, 1.287164720884084 ] ], [ [ 103.807517736574283, 1.287211850648516 ], [ 103.807517727032973, 1.287211644696517 ], [ 103.807541208597627, 1.287211050023654 ], [ 103.807541196740587, 1.287211217558017 ], [ 103.807517736574283, 1.287211850648516 ] ], [ [ 103.807567882184458, 1.287210497429662 ], [ 103.807567890900643, 1.287210374290534 ], [ 103.807603558857281, 1.287209470995346 ], [ 103.807603543146556, 1.287209535090233 ], [ 103.807567882184458, 1.287210497429662 ] ], [ [ 103.807527214976034, 1.287408762653959 ], [ 103.807527000000221, 1.287411800000744 ], [ 103.807526855475302, 1.287408680466146 ], [ 103.807527214976034, 1.287408762653959 ] ], [ [ 103.806297096596495, 1.287997060079854 ], [ 103.805992436898734, 1.288258196971711 ], [ 103.805954711358623, 1.288214425054443 ], [ 103.805951239967669, 1.288217455839926 ], [ 103.805934549421764, 1.288167175583811 ], [ 103.805670486785942, 1.287851186402589 ], [ 103.805673434619649, 1.287843061068094 ], [ 103.805680430237317, 1.287843567253238 ], [ 103.805681830234661, 1.287823967252722 ], [ 103.805680399328708, 1.287823863716273 ], [ 103.805847922803309, 1.28736210605606 ], [ 103.806297096596495, 1.287997060079854 ] ], [ [ 103.805558226151192, 1.287834724874934 ], [ 103.805562745865359, 1.287836385931498 ], [ 103.80555513423171, 1.28785545958862 ], [ 103.805462627858134, 1.287827807620085 ], [ 103.805558226151192, 1.287834724874934 ] ], [ [ 103.806616400000095, 1.288024399999556 ], [ 103.806623502307886, 1.288022120498217 ], [ 103.806624300975884, 1.28802332013116 ], [ 103.806616400000095, 1.288024399999556 ] ], [ [ 103.806630012015248, 1.288022539573542 ], [ 103.806628636048373, 1.288020472813275 ], [ 103.806656572422526, 1.28801150657137 ], [ 103.806658154983452, 1.288016102247044 ], [ 103.806657032667701, 1.288018846515708 ], [ 103.806630012015248, 1.288022539573542 ] ], [ [ 103.806674373981522, 1.288016476385329 ], [ 103.806679403214616, 1.288004178977189 ], [ 103.806694650606971, 1.287999285292354 ], [ 103.806694965986551, 1.28801366196556 ], [ 103.806674373981522, 1.288016476385329 ] ], [ [ 103.806699454722164, 1.288013048466375 ], [ 103.806699121322779, 1.287997850405467 ], [ 103.806724560602234, 1.287989685611747 ], [ 103.806720843770719, 1.288010125109567 ], [ 103.806699454722164, 1.288013048466375 ] ], [ [ 103.806724871158039, 1.288009574665037 ], [ 103.806728731312219, 1.287988347012991 ], [ 103.806731868858733, 1.287987340010432 ], [ 103.806734092432691, 1.288006035700317 ], [ 103.806733478696813, 1.288008398226606 ], [ 103.806724871158039, 1.288009574665037 ] ], [ [ 103.806750927649546, 1.288006013383719 ], [ 103.806748087618828, 1.287982134562042 ], [ 103.806764597747829, 1.28797683559805 ], [ 103.806771058732039, 1.287995886259364 ], [ 103.806767019515448, 1.288003814021643 ], [ 103.806750927649546, 1.288006013383719 ] ], [ [ 103.806771227767555, 1.28800323885722 ], [ 103.806772623371586, 1.288000499707361 ], [ 103.80677344936943, 1.288002935219241 ], [ 103.806771227767555, 1.28800323885722 ] ], [ [ 103.806790842375293, 1.2880005580228 ], [ 103.806783549610245, 1.287979054798701 ], [ 103.806788606327913, 1.287969129988933 ], [ 103.806801438736414, 1.287965011398343 ], [ 103.806821951365379, 1.287996306189087 ], [ 103.806790842375293, 1.2880005580228 ] ], [ [ 103.806829670950037, 1.288008083458956 ], [ 103.806840026597811, 1.288023882401493 ], [ 103.806807492442246, 1.288049651900383 ], [ 103.806802384488392, 1.288034590744661 ], [ 103.80682837685913, 1.288008260330123 ], [ 103.806829670950037, 1.288008083458956 ] ], [ [ 103.806820337057829, 1.288009359173087 ], [ 103.806800606024169, 1.288029346818337 ], [ 103.806795001640012, 1.288012821902288 ], [ 103.806820337057829, 1.288009359173087 ] ], [ [ 103.806777608633197, 1.288015199097851 ], [ 103.806787060480801, 1.288043068528294 ], [ 103.806758746170345, 1.288071751079499 ], [ 103.806754502015224, 1.288036066458933 ], [ 103.806764200281705, 1.288017031689545 ], [ 103.806777608633197, 1.288015199097851 ] ], [ [ 103.806759992029555, 1.288017606854861 ], [ 103.806753761042472, 1.288029836400586 ], [ 103.806752429453752, 1.288018640472592 ], [ 103.806759992029555, 1.288017606854861 ] ], [ [ 103.806735860913022, 1.288020904984528 ], [ 103.806740109826151, 1.288056629616984 ], [ 103.806734026959106, 1.288068568448008 ], [ 103.806722708199445, 1.288065486200534 ], [ 103.806734231630898, 1.288021127667246 ], [ 103.806735860913022, 1.288020904984528 ] ], [ [ 103.806730022401126, 1.288021702965443 ], [ 103.806718916640591, 1.288064453708906 ], [ 103.806715081557456, 1.288063409365114 ], [ 103.806722478178003, 1.288022734074568 ], [ 103.806730022401126, 1.288021702965443 ] ], [ [ 103.806718450790669, 1.288023284519094 ], [ 103.806711339565581, 1.288062390370735 ], [ 103.806700472212682, 1.288059431046457 ], [ 103.806699735382409, 1.288025842454708 ], [ 103.806718450790669, 1.288023284519094 ] ], [ [ 103.806695246647678, 1.288026455954798 ], [ 103.806695942962989, 1.288058197672243 ], [ 103.806675555657534, 1.288052645938489 ], [ 103.806668253734088, 1.288031441526063 ], [ 103.806668815268011, 1.288030068472898 ], [ 103.806695246647678, 1.288026455954798 ] ], [ [ 103.806651473954091, 1.288032438603236 ], [ 103.806646451111391, 1.288044720383958 ], [ 103.806644408864429, 1.288044164253153 ], [ 103.806637842739761, 1.288034301654533 ], [ 103.806651473954091, 1.288032438603236 ] ], [ [ 103.806632131700368, 1.288035082212168 ], [ 103.806636798422318, 1.288042091829162 ], [ 103.80661811613011, 1.288037004392101 ], [ 103.806618111104626, 1.288036998482024 ], [ 103.806632131700368, 1.288035082212168 ] ], [ [ 103.806629159505874, 1.288049992433167 ], [ 103.80664277832895, 1.288053701019515 ], [ 103.806640221711604, 1.28805995242322 ], [ 103.806635314751574, 1.288057231576459 ], [ 103.806629159505874, 1.288049992433167 ] ], [ [ 103.80666118252509, 1.288048731944136 ], [ 103.806665638922269, 1.288037835226461 ], [ 103.806670240719811, 1.28805119861038 ], [ 103.80666118252509, 1.288048731944136 ] ], [ [ 103.80667403333581, 1.28806221217293 ], [ 103.806681051267091, 1.288082591886671 ], [ 103.806663521090243, 1.288072871629147 ], [ 103.806655956817295, 1.288061509769539 ], [ 103.806657509742692, 1.288057712579715 ], [ 103.80667403333581, 1.28806221217293 ] ], [ [ 103.806653585841417, 1.288067307245586 ], [ 103.806653644323816, 1.288067395088963 ], [ 103.80665356736786, 1.288067352417508 ], [ 103.806653585841417, 1.288067307245586 ] ], [ [ 103.806712399999682, 1.288118700000762 ], [ 103.806714919604133, 1.288113754776992 ], [ 103.806716446150475, 1.288114601227836 ], [ 103.806712399999682, 1.288118700000762 ] ], [ [ 103.806724346241339, 1.288106598393301 ], [ 103.806719839120476, 1.288104099252313 ], [ 103.806732999483231, 1.28807826943623 ], [ 103.806743007703446, 1.288080994806648 ], [ 103.806743718822986, 1.28808697386366 ], [ 103.806724346241339, 1.288106598393301 ] ], [ [ 103.806788838945906, 1.288048312453722 ], [ 103.806793146871527, 1.288061014671338 ], [ 103.806770924804269, 1.288078616219592 ], [ 103.806761466726613, 1.288076040660371 ], [ 103.806788838945906, 1.288048312453722 ] ], [ [ 103.806744466679746, 1.288093261800522 ], [ 103.806745152682765, 1.288099029677239 ], [ 103.80673096424151, 1.288110267988985 ], [ 103.806728841011861, 1.288109090685397 ], [ 103.806744466679746, 1.288093261800522 ] ], [ [ 103.806720940920982, 1.288117093519946 ], [ 103.806721767984328, 1.288117552115744 ], [ 103.806715900002359, 1.288122199998021 ], [ 103.806720940920982, 1.288117093519946 ] ], [ [ 103.806760540898551, 1.288086841053391 ], [ 103.806760409165989, 1.288085733455649 ], [ 103.80676154779178, 1.288086043518213 ], [ 103.806760540898551, 1.288086841053391 ] ], [ [ 103.806668819639711, 1.288464896351938 ], [ 103.806698760256907, 1.288503188176689 ], [ 103.806524350795016, 1.288652713440429 ], [ 103.806407828267353, 1.288751362087661 ], [ 103.806377831494018, 1.288715533329925 ], [ 103.806668819639711, 1.288464896351938 ] ], [ [ 103.805472859522624, 1.288938654507048 ], [ 103.805472893743115, 1.288938694680212 ], [ 103.805467299999918, 1.288943500000645 ], [ 103.805472859522624, 1.288938654507048 ] ], [ [ 103.805602088902376, 1.289124299245493 ], [ 103.805612799999693, 1.28911509999978 ], [ 103.805605117636787, 1.289125920551502 ], [ 103.805602088902376, 1.289124299245493 ] ], [ [ 103.807415709568673, 1.289818672974218 ], [ 103.807549685479799, 1.289974322029748 ], [ 103.807549366861451, 1.28997459488511 ], [ 103.807415661904315, 1.2898187061811 ], [ 103.807415709568673, 1.289818672974218 ] ], [ [ 103.810344700332578, 1.291067202105104 ], [ 103.810383645009352, 1.291313269822217 ], [ 103.810457245016337, 1.291301469820701 ], [ 103.810418298150196, 1.291055388312992 ], [ 103.810457254241683, 1.291301468342148 ], [ 103.810533954248911, 1.291289168340448 ], [ 103.810495000000188, 1.29104310000035 ], [ 103.810534010425826, 1.291289159325342 ], [ 103.81069337664816, 1.291263564749794 ], [ 103.810777513863272, 1.291250074816064 ], [ 103.810938679521541, 1.291224280313087 ], [ 103.810899800000641, 1.290978199999878 ], [ 103.81093876743499, 1.291224266226576 ], [ 103.811090867448584, 1.291199866224558 ], [ 103.811051899999896, 1.290953799999909 ], [ 103.811090919978312, 1.291199857791818 ], [ 103.811115793992883, 1.29119586196541 ], [ 103.811366933394069, 1.291155571688289 ], [ 103.811582994075607, 1.291120977984763 ], [ 103.811558078482776, 1.290963340130193 ], [ 103.811558130474282, 1.290963331261535 ], [ 103.811583138964778, 1.291120954742027 ], [ 103.811793306997629, 1.291087175952482 ], [ 103.811885275133832, 1.291072496998591 ], [ 103.811853201388672, 1.290868932201606 ], [ 103.811853230109705, 1.290868927232366 ], [ 103.811885441653615, 1.29107247036194 ], [ 103.812000840490484, 1.291053970549179 ], [ 103.812000841664883, 1.291053970361081 ], [ 103.812068223996278, 1.291043173193178 ], [ 103.812051600914145, 1.290938083915824 ], [ 103.812051630449261, 1.290938078778376 ], [ 103.812068275654411, 1.291043164909631 ], [ 103.812164875664124, 1.29102766490806 ], [ 103.812148029180563, 1.290921308073489 ], [ 103.812148088311886, 1.290921297785931 ], [ 103.8121649800254, 1.291027648139297 ], [ 103.812167059783121, 1.291027313514613 ], [ 103.812189723150567, 1.29116691098263 ], [ 103.813005123227583, 1.29103281097143 ], [ 103.812982983489832, 1.290896439127436 ], [ 103.812992146990226, 1.29089496950892 ], [ 103.813007728495833, 1.290892472473247 ], [ 103.812990672451406, 1.29078465883503 ], [ 103.812990679941663, 1.290784658176713 ], [ 103.813007741677453, 1.290892470359852 ], [ 103.813456115494191, 1.290820590588938 ], [ 103.813514389202055, 1.290811310701806 ], [ 103.813476037442015, 1.290567346542667 ], [ 103.813476053835913, 1.290567344545958 ], [ 103.813516256350752, 1.290811006000673 ], [ 103.813620283470541, 1.290793619031536 ], [ 103.813694406083286, 1.290782403110086 ], [ 103.813679538550986, 1.290682870485778 ], [ 103.8136808856719, 1.290682716920638 ], [ 103.813696651417729, 1.290782052743143 ], [ 103.813784267350186, 1.290767966260119 ], [ 103.8138547811688, 1.290756680054058 ], [ 103.813840224900702, 1.290664553013297 ], [ 103.813840267600341, 1.290664548145431 ], [ 103.813854848933303, 1.290756669198585 ], [ 103.813936481603037, 1.290743579994938 ], [ 103.813989614297071, 1.290735090748006 ], [ 103.813976046795304, 1.290649069961435 ], [ 103.813976211015614, 1.290649051240532 ], [ 103.81398986495725, 1.290735050566282 ], [ 103.814095496823072, 1.29071806152475 ], [ 103.814220224825192, 1.290698073063117 ], [ 103.814220228494833, 1.290698072475308 ], [ 103.814303224833452, 1.290684773062219 ], [ 103.814264300248226, 1.290438701567506 ], [ 103.814303282638519, 1.290684763792011 ], [ 103.814443478470565, 1.290662264461378 ], [ 103.814443482651484, 1.29066226379037 ], [ 103.814626673836557, 1.290632881244709 ], [ 103.81469548520235, 1.290621895396286 ], [ 103.814656699999873, 1.290375800000188 ], [ 103.814695688772602, 1.290621862808096 ], [ 103.814968675130217, 1.290578045508186 ], [ 103.814979397687225, 1.290657411633697 ], [ 103.815020060007413, 1.291003691035877 ], [ 103.815031309533495, 1.291088605036881 ], [ 103.814998961651057, 1.291168520106588 ], [ 103.814971537205309, 1.291228305388281 ], [ 103.814950455156605, 1.291252326910873 ], [ 103.814874110729789, 1.291303240388696 ], [ 103.814597045207023, 1.291348485948978 ], [ 103.814036189530569, 1.291452949303186 ], [ 103.813972516640291, 1.291462084581737 ], [ 103.813794382391706, 1.291486219551033 ], [ 103.81370487355673, 1.291500363636323 ], [ 103.813409509629992, 1.2915521025557 ], [ 103.812936776538251, 1.291632265532941 ], [ 103.81268463823443, 1.291669678320204 ], [ 103.812307672359623, 1.291729588790039 ], [ 103.812285360206317, 1.291732911877117 ], [ 103.812304449482227, 1.291862749259601 ], [ 103.812300626836517, 1.291863366854659 ], [ 103.812229224424627, 1.291874863852826 ], [ 103.81094912840085, 1.292088196539327 ], [ 103.810884060042952, 1.292098122221554 ], [ 103.810605267993139, 1.292144980505383 ], [ 103.81036886697882, 1.292171117732323 ], [ 103.810387296553998, 1.292339973406299 ], [ 103.81038152637268, 1.292333470340692 ], [ 103.810354517916878, 1.292173133458891 ], [ 103.810125115385603, 1.292212278317432 ], [ 103.809913784189249, 1.292238375855752 ], [ 103.80954042533395, 1.292289352795035 ], [ 103.809235183719807, 1.292271568410226 ], [ 103.809047116488131, 1.29221663528323 ], [ 103.809042200681731, 1.292215194167738 ], [ 103.808825565517324, 1.292096481834294 ], [ 103.808775753034865, 1.292059307747215 ], [ 103.808927094010357, 1.291913983932962 ], [ 103.808783410921762, 1.291762406051844 ], [ 103.808792351336493, 1.291751663465376 ], [ 103.808978188327757, 1.291844005166299 ], [ 103.809038974495664, 1.291720082829224 ], [ 103.809113326169324, 1.291641828174313 ], [ 103.809193659444844, 1.291580621866913 ], [ 103.809230567985722, 1.291561588890378 ], [ 103.809410707068281, 1.291524167830072 ], [ 103.809631895465557, 1.291455981458114 ], [ 103.809632060471614, 1.291457090821336 ], [ 103.810121739521847, 1.291383309155484 ], [ 103.810117659454207, 1.291355878213671 ], [ 103.810165047212777, 1.291348269474438 ], [ 103.810383593780699, 1.291313278029766 ], [ 103.810344700332578, 1.291067202105104 ] ], [ [ 103.807535849151293, 1.292270306211472 ], [ 103.807531496118912, 1.292264940221739 ], [ 103.807546200746629, 1.292260847498329 ], [ 103.807535849151293, 1.292270306211472 ] ], [ [ 103.80711013545708, 1.291945422027674 ], [ 103.807110050438027, 1.291945498934875 ], [ 103.807110033603763, 1.291945419196858 ], [ 103.807110118648865, 1.29194534218023 ], [ 103.80711013545708, 1.291945422027674 ] ], [ [ 103.806413516498125, 1.291919219354218 ], [ 103.806602010277601, 1.291980561084245 ], [ 103.806505449088178, 1.292004120378152 ], [ 103.806413516498125, 1.291919219354218 ] ], [ [ 103.807061366342282, 1.291989538240826 ], [ 103.80706135721617, 1.291989500273689 ], [ 103.807064496588822, 1.291986657274741 ], [ 103.807064505340193, 1.291986698723677 ], [ 103.807061366342282, 1.291989538240826 ] ], [ [ 103.807138308429458, 1.292079342053574 ], [ 103.807137641106507, 1.29207618129632 ], [ 103.807137657029713, 1.292076166884528 ], [ 103.807138322889813, 1.29207933014324 ], [ 103.807138308429458, 1.292079342053574 ] ], [ [ 103.807275888964966, 1.292114735910929 ], [ 103.807275899134297, 1.292114772923971 ], [ 103.807274005166818, 1.292116329336982 ], [ 103.80727399716298, 1.292116291313787 ], [ 103.807275888964966, 1.292114735910929 ] ], [ [ 103.807024938342153, 1.29212555491434 ], [ 103.807024934138724, 1.292125558718959 ], [ 103.807024930108938, 1.292125542001734 ], [ 103.807024934323138, 1.292125538190785 ], [ 103.807024938342153, 1.29212555491434 ] ], [ [ 103.806983982949774, 1.292162582521316 ], [ 103.806983985516922, 1.292162580198934 ], [ 103.806983993553146, 1.292162613542042 ], [ 103.806983990981493, 1.292162615869851 ], [ 103.806983982949774, 1.292162582521316 ] ], [ [ 103.806998992586202, 1.29239648178121 ], [ 103.807163607642465, 1.292599403049895 ], [ 103.806951459278764, 1.292782873878475 ], [ 103.806744093879246, 1.292981186766135 ], [ 103.806517700628746, 1.29322800725272 ], [ 103.806340211902651, 1.293457130701524 ], [ 103.806272582734735, 1.293409727078062 ], [ 103.8061311000004, 1.293614199998828 ], [ 103.80623632087395, 1.293388653077343 ], [ 103.8060886208835, 1.293318853084247 ], [ 103.805983399999164, 1.293544400003095 ], [ 103.80604417626337, 1.293302852883797 ], [ 103.805936676273504, 1.293275452886869 ], [ 103.80587589999989, 1.293517000000712 ], [ 103.805905266279652, 1.293269586993109 ], [ 103.805753066293462, 1.29325128699505 ], [ 103.805723700000144, 1.2934986999997 ], [ 103.805698272814496, 1.293250845529251 ], [ 103.80555297282892, 1.293265945528382 ], [ 103.805578400000556, 1.293513799999963 ], [ 103.805539267874565, 1.293267760260183 ], [ 103.805509478604321, 1.293272559781601 ], [ 103.8054510723844, 1.293133399266471 ], [ 103.805405756334011, 1.29297422993798 ], [ 103.805388494571147, 1.292886294681885 ], [ 103.805399788793935, 1.292855921841769 ], [ 103.80541021582917, 1.292847218459397 ], [ 103.805529753941556, 1.292775058256316 ], [ 103.80554681812977, 1.292767214234075 ], [ 103.80610049761475, 1.292623810378576 ], [ 103.806038800000536, 1.292382500000214 ], [ 103.806101777612497, 1.292623475185071 ], [ 103.806181443742602, 1.292602384152991 ], [ 103.806496022416198, 1.292519197996669 ], [ 103.806998992586202, 1.29239648178121 ] ], [ [ 103.806105329395919, 1.292310946150349 ], [ 103.806118499713875, 1.292361398904715 ], [ 103.806105309297536, 1.29231092758895 ], [ 103.806105329395919, 1.292310946150349 ] ], [ [ 103.805933688950248, 1.292152433774687 ], [ 103.805856572756056, 1.292172406997832 ], [ 103.805894552414841, 1.292116290627414 ], [ 103.805933688950248, 1.292152433774687 ] ], [ [ 103.803650375792884, 1.290260387838347 ], [ 103.803646761368725, 1.290260369978112 ], [ 103.803646758068879, 1.290260248978592 ], [ 103.803650376135181, 1.290260235939438 ], [ 103.803650375792884, 1.290260387838347 ] ], [ [ 103.803785204318885, 1.291194421585727 ], [ 103.803787185974755, 1.291194410020374 ], [ 103.803784799999889, 1.291202700000218 ], [ 103.803785204318885, 1.291194421585727 ] ], [ [ 103.803743726623551, 1.291450140951868 ], [ 103.803849106870445, 1.291480865272303 ], [ 103.803897756558101, 1.291503707564569 ], [ 103.804009027850938, 1.291586589002355 ], [ 103.804156299993892, 1.291386300007772 ], [ 103.80401662618894, 1.291592028819182 ], [ 103.804147651241067, 1.291682141258899 ], [ 103.804262420402253, 1.291797912442559 ], [ 103.804288412946349, 1.29183765042183 ], [ 103.804316206494235, 1.291880287124877 ], [ 103.804523200000716, 1.291743600000027 ], [ 103.804316511777571, 1.291880754301508 ], [ 103.804336215789519, 1.291910833860245 ], [ 103.804379841947352, 1.291979598866494 ], [ 103.804588499864622, 1.291845500087285 ], [ 103.804380043418476, 1.291979915904718 ], [ 103.804413143415871, 1.292031915907562 ], [ 103.804621599724456, 1.291897500177942 ], [ 103.804413297770978, 1.29203215809007 ], [ 103.804422770755423, 1.292047002356463 ], [ 103.80444859612534, 1.292087774607137 ], [ 103.804463784415134, 1.292114459010413 ], [ 103.804678600000798, 1.291990600000468 ], [ 103.804463915553853, 1.292114689124809 ], [ 103.804551215544407, 1.292267689131884 ], [ 103.804765900000277, 1.292143599999559 ], [ 103.804765900000277, 1.292143600000463 ], [ 103.80455125608853, 1.292267760160249 ], [ 103.80456965221623, 1.29229997626942 ], [ 103.804639730871159, 1.292430946160804 ], [ 103.804857700000298, 1.292312799999964 ], [ 103.804657698921019, 1.292459654592672 ], [ 103.804774398914702, 1.292620654601946 ], [ 103.804974399998486, 1.292473800001213 ], [ 103.804793633502314, 1.292644051008566 ], [ 103.804888570785607, 1.292746162649279 ], [ 103.804905063739341, 1.292764616054972 ], [ 103.804900138670604, 1.292777860723191 ], [ 103.804925409091865, 1.292787379777744 ], [ 103.804978643302846, 1.292846941722741 ], [ 103.805009460088939, 1.292819040744383 ], [ 103.8050098109494, 1.292819172909472 ], [ 103.804978910674294, 1.292847240391298 ], [ 103.805005810673578, 1.292877240392847 ], [ 103.805052171585231, 1.292835129632617 ], [ 103.805132000000157, 1.292865200000022 ], [ 103.804889126874158, 1.292913496016661 ], [ 103.80492125033858, 1.293077140247043 ], [ 103.804842998662522, 1.29307912239309 ], [ 103.80483854029039, 1.29277927157165 ], [ 103.804343459709457, 1.292786728403536 ], [ 103.804343994864809, 1.292822721078096 ], [ 103.804273946420736, 1.29267345794265 ], [ 103.804173324246307, 1.29253455560978 ], [ 103.804035961109832, 1.292403142773843 ], [ 103.803968377303192, 1.292354599408958 ], [ 103.803912600000444, 1.292248400000454 ], [ 103.804149253067891, 1.292321570603006 ], [ 103.804164453063891, 1.292271770602161 ], [ 103.803927800000537, 1.292198600000196 ], [ 103.804175367949085, 1.292198599987909 ], [ 103.804175367943799, 1.292141853087292 ], [ 103.804175467897579, 1.291909908085585 ], [ 103.803927899999806, 1.291909799999807 ], [ 103.804169204972439, 1.291854108037562 ], [ 103.804150704965238, 1.291772908038985 ], [ 103.803909399999952, 1.291828600000569 ], [ 103.803972866135283, 1.291587754692727 ], [ 103.803924166139637, 1.291574754694128 ], [ 103.803860700000087, 1.291815599999768 ], [ 103.803858427207246, 1.291566438299383 ], [ 103.803274027264322, 1.291571838300768 ], [ 103.803276695427968, 1.291864351064191 ], [ 103.803261747877201, 1.291757545283356 ], [ 103.8030166, 1.291792299999982 ], [ 103.803245420130381, 1.291697182484048 ], [ 103.803218952427628, 1.291632682375411 ], [ 103.803215672815099, 1.291434226991775 ], [ 103.803330123277846, 1.29143283049267 ], [ 103.803606949683399, 1.291443586729494 ], [ 103.803616469068402, 1.291195406403215 ], [ 103.803616469382874, 1.29119540640141 ], [ 103.803607046366466, 1.291443590466563 ], [ 103.803624088042994, 1.291444245916403 ], [ 103.803639437553983, 1.291444981222443 ], [ 103.803743726623551, 1.291450140951868 ] ], [ [ 103.803651400000049, 1.291196100000399 ], [ 103.803651442452164, 1.291195202283235 ], [ 103.803651443844913, 1.291195202275112 ], [ 103.803651400000049, 1.291196100000399 ] ], [ [ 103.803338564978631, 1.291048943970248 ], [ 103.803333400000199, 1.291183599990798 ], [ 103.80333177844885, 1.291048977634234 ], [ 103.803338564978631, 1.291048943970248 ] ], [ [ 103.801223282355494, 1.291364016473693 ], [ 103.801293724943008, 1.291300650308228 ], [ 103.801365546188606, 1.291235833732557 ], [ 103.80142931356707, 1.291327205818564 ], [ 103.801471380122877, 1.291400974718061 ], [ 103.801494905886059, 1.29144318271117 ], [ 103.801526008277861, 1.291506304981634 ], [ 103.801599669195411, 1.291469537920324 ], [ 103.801600354611779, 1.291470870247187 ], [ 103.801676463404092, 1.291431206907616 ], [ 103.801700264845607, 1.291419326669509 ], [ 103.801600744606432, 1.291471625167828 ], [ 103.801601271726113, 1.291472641281575 ], [ 103.801528368882558, 1.291510971957481 ], [ 103.801608115450151, 1.291664617708981 ], [ 103.801827221478277, 1.292075404584346 ], [ 103.801886420788961, 1.29220522460202 ], [ 103.80191486844619, 1.292290397758941 ], [ 103.801983021240346, 1.292510358369239 ], [ 103.801997933371311, 1.29257835771514 ], [ 103.802013682992481, 1.292654465196633 ], [ 103.802032138119856, 1.292756782652632 ], [ 103.802040345745723, 1.292826821112776 ], [ 103.802044788557666, 1.293034027265835 ], [ 103.802046043106216, 1.293093618559459 ], [ 103.802073479451309, 1.293744809239145 ], [ 103.802075300966706, 1.293947100899326 ], [ 103.802090722883548, 1.294198887690418 ], [ 103.802099465166521, 1.294283325431347 ], [ 103.802188081136961, 1.294274031274897 ], [ 103.802188488445196, 1.29427825742234 ], [ 103.8022012201981, 1.29427701440826 ], [ 103.802100331402642, 1.294290641118615 ], [ 103.802100775946485, 1.294293975202086 ], [ 103.802082689358102, 1.294266637824289 ], [ 103.801964341298586, 1.294086470560489 ], [ 103.801814832425251, 1.293841888444773 ], [ 103.801742184350161, 1.293690622504859 ], [ 103.801576048593859, 1.293327820146954 ], [ 103.801516149073407, 1.293193542110623 ], [ 103.801290300005419, 1.293295599996977 ], [ 103.8015126408323, 1.293186016181088 ], [ 103.801487340829141, 1.293134016183232 ], [ 103.801265000000413, 1.293243600000639 ], [ 103.801487140577891, 1.293133605554811 ], [ 103.801399840566049, 1.292955005561981 ], [ 103.801177700000721, 1.293065000000572 ], [ 103.801399518245532, 1.292954348592104 ], [ 103.801273040403231, 1.292697507306751 ], [ 103.801183643041284, 1.292480134515782 ], [ 103.801142393274375, 1.2923515432929 ], [ 103.800942297430879, 1.292416565009785 ], [ 103.80093986754342, 1.292411477662116 ], [ 103.801128280923251, 1.292316766323075 ], [ 103.801049479935884, 1.292157965883274 ], [ 103.800975514934962, 1.292008241097785 ], [ 103.800952584819683, 1.291951218673176 ], [ 103.80072310000304, 1.292044699998552 ], [ 103.8009318764135, 1.291910787887594 ], [ 103.800848676406133, 1.291779387893365 ], [ 103.800723806725387, 1.291859481056315 ], [ 103.800718239330749, 1.291854169578095 ], [ 103.800837960127097, 1.29176380447072 ], [ 103.8007945438722, 1.291705536262785 ], [ 103.800891490150789, 1.2917176284838 ], [ 103.80123387562243, 1.291380944403193 ], [ 103.801223282355494, 1.291364016473693 ] ], [ [ 103.802148655366381, 1.2914510907979 ], [ 103.802182079578728, 1.291446780721364 ], [ 103.802425613825719, 1.291443827156761 ], [ 103.802374122202735, 1.291444659967883 ], [ 103.802381491530042, 1.291906220548749 ], [ 103.802334298594872, 1.291808949538309 ], [ 103.802148655366381, 1.2914510907979 ] ], [ [ 103.803856595977194, 1.292141768908572 ], [ 103.803927798964438, 1.292141799999918 ], [ 103.803856612306049, 1.292141799999014 ], [ 103.803856595977194, 1.292141768908572 ] ], [ [ 103.803609960167961, 1.292067099614705 ], [ 103.803576993412179, 1.292071977275692 ], [ 103.803602183179535, 1.292244441554678 ], [ 103.803590124175429, 1.292294382595654 ], [ 103.803586613231886, 1.29230608971314 ], [ 103.803570096954331, 1.292298321738911 ], [ 103.803581278487385, 1.292199735599491 ], [ 103.803448465414988, 1.292184476224608 ], [ 103.803257004863696, 1.292186536107613 ], [ 103.802996329105625, 1.292188172628741 ], [ 103.802993800000579, 1.292059500000324 ], [ 103.803220724250352, 1.292159112388148 ], [ 103.803266224243643, 1.29205411238381 ], [ 103.803039300001217, 1.291954500000172 ], [ 103.80327721006806, 1.291920771391829 ], [ 103.803278572736019, 1.29207016169943 ], [ 103.803609960167961, 1.292067099614705 ] ], [ [ 103.802659738931879, 1.292190285699888 ], [ 103.802659704133134, 1.292190285918322 ], [ 103.802657300000575, 1.292066200000596 ], [ 103.802659738931879, 1.292190285699888 ] ], [ [ 103.802596572090394, 1.291818172316925 ], [ 103.802596541644192, 1.291818172914339 ], [ 103.802594500030139, 1.291690301886102 ], [ 103.802596572090394, 1.291818172316925 ] ], [ [ 103.802445912440092, 1.291941907587911 ], [ 103.802448532621455, 1.292077145117666 ], [ 103.802409291136641, 1.291966621269844 ], [ 103.802398297179295, 1.291942677703682 ], [ 103.802445912440092, 1.291941907587911 ] ], [ [ 103.802805805346395, 1.292743354590193 ], [ 103.80282787147884, 1.29318015073131 ], [ 103.803199701010257, 1.293161122344027 ], [ 103.803231738053981, 1.293183199355651 ], [ 103.803248453463695, 1.293158627430976 ], [ 103.803283171523361, 1.29315685073014 ], [ 103.803280855047774, 1.293110996573896 ], [ 103.803342185129523, 1.293020840345736 ], [ 103.803592823615503, 1.293029456754868 ], [ 103.803580807539163, 1.293033972112609 ], [ 103.803443458973049, 1.293183264019499 ], [ 103.803441489103975, 1.293447441975642 ], [ 103.803476484698407, 1.293539703112049 ], [ 103.80355273169593, 1.293639777305418 ], [ 103.803662978354325, 1.293683987895931 ], [ 103.803728105934113, 1.293693466557537 ], [ 103.803856057887771, 1.293696384028766 ], [ 103.803867484701328, 1.293694698105426 ], [ 103.803863492422948, 1.293725405359746 ], [ 103.803852431835921, 1.293751263723858 ], [ 103.803821813883388, 1.293807551264106 ], [ 103.803793690957306, 1.29385294602773 ], [ 103.803754206068518, 1.293896491206532 ], [ 103.803719675682913, 1.293924773235235 ], [ 103.803681973739671, 1.293947265348423 ], [ 103.803595142279988, 1.293971525226075 ], [ 103.803555255372373, 1.293975944350356 ], [ 103.802987577677641, 1.293993369299261 ], [ 103.803065881787774, 1.293958015318344 ], [ 103.803046528406128, 1.293914593020468 ], [ 103.803039948783521, 1.293701365156682 ], [ 103.802644449871494, 1.293713727792078 ], [ 103.802626944455298, 1.293156327864696 ], [ 103.802616458770316, 1.292823870918713 ], [ 103.802609137555862, 1.292753386354968 ], [ 103.802759590774698, 1.292743625480243 ], [ 103.802805805346395, 1.292743354590193 ] ], [ [ 103.804426498944835, 1.293450790407908 ], [ 103.804425307537954, 1.293337119135799 ], [ 103.804425307756304, 1.293337119132183 ], [ 103.804426533762452, 1.293450790207538 ], [ 103.804426498944835, 1.293450790407908 ] ], [ [ 103.804600432121376, 1.293448737321689 ], [ 103.804599200000155, 1.29333450003155 ], [ 103.804602033617428, 1.293448716671582 ], [ 103.804600432121376, 1.293448737321689 ] ], [ [ 103.804848808505, 1.293445534753235 ], [ 103.804845961609374, 1.293330783301619 ], [ 103.804845962095499, 1.293330783294389 ], [ 103.804848831480726, 1.293445534456863 ], [ 103.804848808505, 1.293445534753235 ] ], [ [ 103.804872704037138, 1.293576872142587 ], [ 103.804876298363254, 1.293576781097345 ], [ 103.804874744771567, 1.293663864091228 ], [ 103.804873808923503, 1.293663675686117 ], [ 103.804872704037138, 1.293576872142587 ] ], [ [ 103.804942749798997, 1.293575097855933 ], [ 103.804942928657553, 1.29357509332527 ], [ 103.804942824320221, 1.293570920716331 ], [ 103.804945044598568, 1.293446467958967 ], [ 103.804939709928902, 1.2934463715497 ], [ 103.804931486724442, 1.293117513293414 ], [ 103.804979209875114, 1.293285137491217 ], [ 103.805217200001991, 1.293216499999262 ], [ 103.804989144475272, 1.293313460191213 ], [ 103.805053139346214, 1.293465936470929 ], [ 103.805078547175739, 1.293592819800492 ], [ 103.805082930499751, 1.293634148314286 ], [ 103.805329100038506, 1.29360769999506 ], [ 103.805083211756084, 1.293636677699902 ], [ 103.805089705158281, 1.293692493379943 ], [ 103.804962721843651, 1.293693616830338 ], [ 103.804940873092676, 1.293680292402393 ], [ 103.804942749798997, 1.293575097855933 ] ], [ [ 103.804931054851366, 1.293100242059927 ], [ 103.804930533798952, 1.29307940439073 ], [ 103.805164899995077, 1.293032800001015 ], [ 103.804931054851366, 1.293100242059927 ] ], [ [ 103.805463900000589, 1.292531399999963 ], [ 103.805361050357348, 1.292304747836945 ], [ 103.805311450360961, 1.29232754783512 ], [ 103.80541430000153, 1.292554200002755 ], [ 103.805286962907644, 1.292340515116338 ], [ 103.805224559191103, 1.292378185653446 ], [ 103.805165493345783, 1.292314656244598 ], [ 103.805113633805746, 1.292243110531793 ], [ 103.80535849696362, 1.292116996185255 ], [ 103.805574356809032, 1.292245501373576 ], [ 103.805402202447965, 1.29229008960721 ], [ 103.805463900000589, 1.292531399999963 ] ], [ [ 103.804419827650904, 1.291375792409642 ], [ 103.804306500000678, 1.291489599999823 ], [ 103.804392372187323, 1.291363116817345 ], [ 103.804419827650904, 1.291375792409642 ] ], [ [ 103.804543899985873, 1.291775200009191 ], [ 103.804547191067002, 1.291773016110753 ], [ 103.804547227886943, 1.291773061257061 ], [ 103.804543899985873, 1.291775200009191 ] ], [ [ 103.80488662929686, 1.29173979057504 ], [ 103.80494655980479, 1.291769357068334 ], [ 103.804861765325171, 1.291813029619297 ], [ 103.804853320350361, 1.291799696971966 ], [ 103.80488662929686, 1.29173979057504 ] ], [ [ 103.804631299905608, 1.291912700060475 ], [ 103.80465082148956, 1.291900080226782 ], [ 103.804650871805421, 1.291900141920404 ], [ 103.804631299905608, 1.291912700060475 ] ], [ [ 103.804663196927706, 1.291957069540385 ], [ 103.804663270255332, 1.29195720271797 ], [ 103.804660500002583, 1.291958799998136 ], [ 103.804663196927706, 1.291957069540385 ] ], [ [ 103.804692462797732, 1.291938291346305 ], [ 103.804698453274227, 1.291934447609045 ], [ 103.804699424080823, 1.291936357034285 ], [ 103.80469333184277, 1.29193986971592 ], [ 103.804692462797732, 1.291938291346305 ] ], [ [ 103.805097800926617, 1.292553434905984 ], [ 103.805097320334482, 1.29255291075974 ], [ 103.805104189444464, 1.292546441236382 ], [ 103.805104760287009, 1.292547134022337 ], [ 103.805097800926617, 1.292553434905984 ] ], [ [ 103.805152125671796, 1.292504250222955 ], [ 103.805150753942286, 1.292502585463865 ], [ 103.80517130982291, 1.292483225348557 ], [ 103.805172724916346, 1.29248560002269 ], [ 103.805152125671796, 1.292504250222955 ] ], [ [ 103.80526552778575, 1.292641332901955 ], [ 103.805266700001539, 1.292643300001465 ], [ 103.805265271193647, 1.292641565971078 ], [ 103.80526552778575, 1.292641332901955 ] ], [ [ 103.805162368750956, 1.292680600882171 ], [ 103.805147239365184, 1.292694343278913 ], [ 103.805147203884601, 1.292694329913814 ], [ 103.80516236826216, 1.292680600349494 ], [ 103.805162368750956, 1.292680600882171 ] ], [ [ 103.803421586381631, 1.292904119188767 ], [ 103.80351808732749, 1.29290163881479 ], [ 103.803514425527169, 1.29275732136915 ], [ 103.803544538526907, 1.292766469621894 ], [ 103.80363738720969, 1.292815534369676 ], [ 103.80370491344317, 1.292874159725547 ], [ 103.8037610294449, 1.29293696379289 ], [ 103.803784252562693, 1.292982499325762 ], [ 103.803701088593613, 1.292988773332932 ], [ 103.803617871986248, 1.293020044169609 ], [ 103.803619023734498, 1.292986105890777 ], [ 103.803371599999764, 1.292977600000623 ], [ 103.803421586381631, 1.292904119188767 ] ], [ [ 103.802656826806782, 1.293976094102215 ], [ 103.802800599999117, 1.293971600000175 ], [ 103.802736637627206, 1.294000478738139 ], [ 103.802659362513566, 1.294002404051552 ], [ 103.802656826806782, 1.293976094102215 ] ], [ [ 103.805290899999989, 1.293392100000353 ], [ 103.805296853578582, 1.293389568773147 ], [ 103.805297060141257, 1.293390850420354 ], [ 103.805290899999989, 1.293392100000353 ] ], [ [ 103.805311669327693, 1.293387886960467 ], [ 103.805310972886886, 1.293383565800323 ], [ 103.805311308664827, 1.293383423041036 ], [ 103.805312007724979, 1.293387818316613 ], [ 103.805311669327693, 1.293387886960467 ] ], [ [ 103.805338110344906, 1.293551936304136 ], [ 103.805338199966556, 1.29355249978767 ], [ 103.805338109187588, 1.293551936539258 ], [ 103.805338110344906, 1.293551936304136 ] ], [ [ 103.807154554298805, 1.29362188158323 ], [ 103.807236029347962, 1.293507737200078 ], [ 103.807752798148357, 1.292991545544183 ], [ 103.808027225930502, 1.292751396236294 ], [ 103.808216890540791, 1.292562639896515 ], [ 103.80829908261758, 1.292539565790033 ], [ 103.808420822589426, 1.292526107485785 ], [ 103.808511363766812, 1.292528345744723 ], [ 103.80860946095882, 1.292545479804202 ], [ 103.808852399301301, 1.292678605828282 ], [ 103.808908767378199, 1.292695130672604 ], [ 103.809150816271469, 1.292765831588936 ], [ 103.809559574666977, 1.29278964720437 ], [ 103.809977215817199, 1.292732624142708 ], [ 103.810038134076649, 1.292725101277154 ], [ 103.810066691382787, 1.292812613930529 ], [ 103.810091315635844, 1.292983215584079 ], [ 103.809882456189555, 1.293023874115908 ], [ 103.809862672696241, 1.29289076991112 ], [ 103.80965877271494, 1.292921469907812 ], [ 103.809679855262885, 1.293063314288983 ], [ 103.809634636681835, 1.293072116954019 ], [ 103.809653562174105, 1.293170599660285 ], [ 103.809650537311541, 1.293170794845354 ], [ 103.809643490496853, 1.293128570177794 ], [ 103.809420490518221, 1.293166270174665 ], [ 103.809461690428137, 1.293413141052435 ], [ 103.809440563787902, 1.29341682393126 ], [ 103.809465651336808, 1.293562608352236 ], [ 103.809473412537784, 1.293612046167929 ], [ 103.809452881110573, 1.293575723065152 ], [ 103.809357742845734, 1.29363019856837 ], [ 103.809349535133919, 1.293569109244337 ], [ 103.809104200019974, 1.293602499997382 ], [ 103.809348727080732, 1.293563565141479 ], [ 103.80932582882491, 1.293417884949356 ], [ 103.809291700765542, 1.293176409250784 ], [ 103.808801499227997, 1.29324659072512 ], [ 103.808807469604488, 1.293288834643621 ], [ 103.808765777581115, 1.29327768445126 ], [ 103.808719841626569, 1.293451678053511 ], [ 103.808687035038119, 1.293451154942446 ], [ 103.808647478490911, 1.293275490917051 ], [ 103.808604078494795, 1.293285390916665 ], [ 103.80864370465433, 1.293461364092309 ], [ 103.808614400530118, 1.293475978871614 ], [ 103.808498193520933, 1.293338776710614 ], [ 103.808464393521703, 1.293367776708491 ], [ 103.80858121137689, 1.293505700078963 ], [ 103.808561905983979, 1.293532235673495 ], [ 103.80839484404224, 1.293465604919492 ], [ 103.808378544039599, 1.293507004917601 ], [ 103.808546494678353, 1.293573990119176 ], [ 103.808541729513408, 1.293606303874534 ], [ 103.808362651908993, 1.293626369062669 ], [ 103.808367551904951, 1.293670669063639 ], [ 103.808547011668452, 1.293650561055499 ], [ 103.808557893842917, 1.293681652990584 ], [ 103.808409605147247, 1.293784280282059 ], [ 103.808434405145235, 1.293820580284347 ], [ 103.808582596930009, 1.293718020062725 ], [ 103.808606270664754, 1.2937399562773 ], [ 103.80852178272454, 1.293899196255924 ], [ 103.808548598707887, 1.293913608982077 ], [ 103.808503755559229, 1.293946409445534 ], [ 103.808398484192537, 1.293993037084519 ], [ 103.808291004778539, 1.294007996208143 ], [ 103.808198704226669, 1.29399862352574 ], [ 103.808091629646199, 1.293975051136215 ], [ 103.808016286303143, 1.293949670082832 ], [ 103.808021633865451, 1.293942701850524 ], [ 103.807992433866232, 1.293920001852539 ], [ 103.807979242512474, 1.293937191069475 ], [ 103.807962977317914, 1.293931711782113 ], [ 103.807947323720697, 1.293978783393212 ], [ 103.807887559661623, 1.29405665995859 ], [ 103.807863682159407, 1.294048441308151 ], [ 103.807918799738474, 1.293880617984074 ], [ 103.80786649974236, 1.293863217985727 ], [ 103.807811559702472, 1.294030500725483 ], [ 103.807806482818236, 1.294028753258687 ], [ 103.807848957669862, 1.293858096061658 ], [ 103.807792662372037, 1.293843902573261 ], [ 103.80792253265885, 1.293676338466041 ], [ 103.808291656045839, 1.293348674569492 ], [ 103.808127899999945, 1.293161800000216 ], [ 103.808297188423921, 1.293343612050158 ], [ 103.808406388425368, 1.293240612042511 ], [ 103.808237100000142, 1.293058799999732 ], [ 103.80846755744524, 1.293149825517622 ], [ 103.808484557441759, 1.293106225516363 ], [ 103.808254099999928, 1.29301520000006 ], [ 103.808499486093197, 1.292982191188161 ], [ 103.808489686086361, 1.292908391188877 ], [ 103.808244300000098, 1.292941399999977 ], [ 103.80847599192596, 1.292853606467672 ], [ 103.808416291913346, 1.292694006472979 ], [ 103.807952908071343, 1.292869593504781 ], [ 103.807984920023443, 1.292955173219463 ], [ 103.807961339807107, 1.292977414630093 ], [ 103.807577743984609, 1.293317925395654 ], [ 103.807741500000247, 1.293504799999818 ], [ 103.807546298662103, 1.293351542576043 ], [ 103.807306551837002, 1.293660873937805 ], [ 103.807259899125356, 1.293720980296582 ], [ 103.807198280973395, 1.293675148739171 ], [ 103.807161550460023, 1.293627652388355 ], [ 103.807154554298805, 1.29362188158323 ] ], [ [ 103.812339800000245, 1.292109400000488 ], [ 103.812348612825829, 1.292164656781012 ], [ 103.812348583833426, 1.292164661517834 ], [ 103.812339800000245, 1.292109400000488 ] ], [ [ 103.817127421691438, 1.29170968978737 ], [ 103.817587754456341, 1.291666213912575 ], [ 103.818014676340013, 1.291623341420173 ], [ 103.818142013459649, 1.291610556976635 ], [ 103.818279876305652, 1.291594619075585 ], [ 103.818387363137902, 1.291584304574825 ], [ 103.818391102766, 1.291622687436628 ], [ 103.818330450191013, 1.291630724491062 ], [ 103.818336658173337, 1.291678182917368 ], [ 103.818336411276505, 1.291678324003146 ], [ 103.818336756736286, 1.291678936409409 ], [ 103.818348036751786, 1.291765169223938 ], [ 103.818343369001624, 1.291789729430762 ], [ 103.818338744624867, 1.291796822278793 ], [ 103.818260232981004, 1.291852049097042 ], [ 103.818092740749591, 1.291938249146429 ], [ 103.817963581227147, 1.291997373722801 ], [ 103.817911006677349, 1.292007616225568 ], [ 103.8173149769936, 1.292047668973943 ], [ 103.817297158984942, 1.292044943336766 ], [ 103.81715269363599, 1.29197801723039 ], [ 103.817127421691438, 1.29170968978737 ] ], [ [ 103.817199808841607, 1.292341958802154 ], [ 103.817200552298559, 1.292340333126129 ], [ 103.81720751756032, 1.292404420837202 ], [ 103.817207471081275, 1.292404728627524 ], [ 103.817199808841607, 1.292341958802154 ] ], [ [ 103.818677100863653, 1.292525044443762 ], [ 103.81867706587407, 1.292524631144311 ], [ 103.818706789536861, 1.292522346929186 ], [ 103.818706855967875, 1.292522664815616 ], [ 103.818677100863653, 1.292525044443762 ] ], [ [ 103.81872962622117, 1.292520843791855 ], [ 103.818731493735868, 1.292520448451438 ], [ 103.818810199854823, 1.292514400011706 ], [ 103.81872962622117, 1.292520843791855 ] ], [ [ 103.81667861220231, 1.29222513268504 ], [ 103.816336590409819, 1.292267413882881 ], [ 103.816083346787849, 1.292243791085626 ], [ 103.816060499999665, 1.292491900002731 ], [ 103.816045074183009, 1.292243211949821 ], [ 103.816032182349943, 1.292244022011392 ], [ 103.816019246201037, 1.292021699532051 ], [ 103.816089945652067, 1.292002904430958 ], [ 103.816567266486217, 1.291941757695368 ], [ 103.816599972037309, 1.291941310354847 ], [ 103.816603478002065, 1.291945048231838 ], [ 103.816607520646428, 1.291941207106505 ], [ 103.81660928716785, 1.291941182944536 ], [ 103.81661877452693, 1.291941807956009 ], [ 103.816638880367961, 1.291950033072751 ], [ 103.816641594879783, 1.291943311324097 ], [ 103.816652134804158, 1.291944005677342 ], [ 103.81667861220231, 1.29222513268504 ] ], [ [ 103.814954688602157, 1.291943817893546 ], [ 103.814970594823947, 1.291950716290649 ], [ 103.815036545273529, 1.291979343671627 ], [ 103.815102300022431, 1.292008937083839 ], [ 103.815148723011106, 1.292056354854806 ], [ 103.815200001805479, 1.292128957512432 ], [ 103.815206704958584, 1.292157663685106 ], [ 103.814745907297507, 1.292218095284198 ], [ 103.814755316769066, 1.292290776475461 ], [ 103.814627864379077, 1.2923123915253 ], [ 103.814656850996826, 1.292485532413366 ], [ 103.814656800480734, 1.292485538043568 ], [ 103.814627694968593, 1.292312420317211 ], [ 103.814480823990209, 1.292337434128755 ], [ 103.814466912961791, 1.292256472184264 ], [ 103.814406012967609, 1.292267072182579 ], [ 103.814447557256145, 1.292508859243608 ], [ 103.814309590112927, 1.292524236359364 ], [ 103.814288492843772, 1.29238096875697 ], [ 103.814043599741424, 1.292417500038458 ], [ 103.814288430674068, 1.292380549036273 ], [ 103.814241404342326, 1.292064909534797 ], [ 103.814335766281289, 1.292047561280199 ], [ 103.814538537141317, 1.29201445785113 ], [ 103.814729856622037, 1.291983226129503 ], [ 103.814954688602157, 1.291943817893546 ] ], [ [ 103.813752129307957, 1.292141404009437 ], [ 103.813798738077082, 1.292454241247313 ], [ 103.81385379024492, 1.292828090653904 ], [ 103.813633097984876, 1.292862796489025 ], [ 103.813532267868553, 1.292878554215652 ], [ 103.813427172503793, 1.292892020635769 ], [ 103.813417439293289, 1.292836216924377 ], [ 103.813173602274304, 1.292879299597882 ], [ 103.81341742964608, 1.292836161646811 ], [ 103.813309646866898, 1.292219023465511 ], [ 103.813308038787596, 1.292208304853282 ], [ 103.813752129307957, 1.292141404009437 ] ], [ [ 103.812818704615736, 1.292284389095738 ], [ 103.812820507017548, 1.292296402978165 ], [ 103.813065300000204, 1.292259199999971 ], [ 103.812821470403989, 1.292302338320418 ], [ 103.812929765410772, 1.292922410069558 ], [ 103.812931409945861, 1.292931838742422 ], [ 103.812576148364414, 1.29297996718067 ], [ 103.812472958256265, 1.292340248699281 ], [ 103.812818704615736, 1.292284389095738 ] ], [ [ 103.811984333671759, 1.292420805641191 ], [ 103.81200173504844, 1.292528684174484 ], [ 103.811895253283438, 1.292543856730915 ], [ 103.811877149240203, 1.292438668329888 ], [ 103.811984333671759, 1.292420805641191 ] ], [ [ 103.811388650874932, 1.292520078360823 ], [ 103.81140501804343, 1.292615175253379 ], [ 103.811047396706329, 1.292670639673344 ], [ 103.810919201476239, 1.292688474674342 ], [ 103.810953100000347, 1.292935300000258 ], [ 103.810919019988432, 1.292688499992231 ], [ 103.810802993677129, 1.292704730089328 ], [ 103.810796971645246, 1.292671608931469 ], [ 103.810759610298021, 1.292624284563867 ], [ 103.810961939964102, 1.292590277777616 ], [ 103.811026671606001, 1.292580403459483 ], [ 103.811388650874932, 1.292520078360823 ] ], [ [ 103.811840206351604, 1.29305504016203 ], [ 103.811911146066947, 1.293044905915515 ], [ 103.812081098119592, 1.293020689497599 ], [ 103.812109520367557, 1.293196891018545 ], [ 103.811984143944954, 1.293213578338681 ], [ 103.812016600000575, 1.293460600000058 ], [ 103.811965034024141, 1.293366658750113 ], [ 103.811960720244087, 1.29331188688577 ], [ 103.811892973332064, 1.293183958727766 ], [ 103.811854590678237, 1.29315285352135 ], [ 103.811840206351604, 1.29305504016203 ] ], [ [ 103.812370299997596, 1.293258700000508 ], [ 103.812506823824691, 1.293236391643139 ], [ 103.812507290200969, 1.293239878973486 ], [ 103.812370299997596, 1.293258700000508 ] ], [ [ 103.812649216083116, 1.293472906991391 ], [ 103.812921563376776, 1.293436011224621 ], [ 103.812926054112978, 1.293451448135814 ], [ 103.813048820395281, 1.293549245009648 ], [ 103.813138417476736, 1.293570449653805 ], [ 103.813353314876096, 1.293610279773854 ], [ 103.813623409247654, 1.293556384793678 ], [ 103.813782226048858, 1.293343735556494 ], [ 103.814139917988513, 1.293287485274152 ], [ 103.814101700000492, 1.293041300001639 ], [ 103.814157402473171, 1.293284083212993 ], [ 103.814190102475536, 1.293276483212169 ], [ 103.814134399999887, 1.293033700000574 ], [ 103.814234161348494, 1.293261746210022 ], [ 103.814268461351077, 1.293246546208907 ], [ 103.81417283871825, 1.293027960768732 ], [ 103.814172845578625, 1.293027959744139 ], [ 103.814268608860814, 1.293246480781941 ], [ 103.814571790775275, 1.293111888809323 ], [ 103.814602870902007, 1.293098097628063 ], [ 103.814503000000983, 1.292870100001506 ], [ 103.814659966640733, 1.2930627860948 ], [ 103.814694866642128, 1.293033986092414 ], [ 103.814537900000531, 1.292841300000332 ], [ 103.814785394026458, 1.292847392051474 ], [ 103.81478669402064, 1.292793892051148 ], [ 103.814770899857137, 1.292793503279705 ], [ 103.814943635650039, 1.292764208470501 ], [ 103.814902499976228, 1.292518499857607 ], [ 103.814943763333076, 1.292764186781146 ], [ 103.81502546334076, 1.292750286780808 ], [ 103.814984200000481, 1.292504600000455 ], [ 103.815025913110304, 1.292750209829861 ], [ 103.815044513112085, 1.292747009829174 ], [ 103.815002800000514, 1.292501400000043 ], [ 103.815219892258284, 1.292621170549635 ], [ 103.815239873778381, 1.292584481786486 ], [ 103.815239789151036, 1.292590438739215 ], [ 103.815224347842616, 1.292649544616046 ], [ 103.815207119360821, 1.292671857342686 ], [ 103.815169261496223, 1.292703049371503 ], [ 103.815028567116826, 1.292786000057462 ], [ 103.815148750956965, 1.292992496689144 ], [ 103.815146852553596, 1.292993453435546 ], [ 103.814986752977248, 1.292817007833832 ], [ 103.814896599594391, 1.292899872890386 ], [ 103.814841562718527, 1.292928909131012 ], [ 103.814956499999951, 1.293149600000011 ], [ 103.814754619754524, 1.293005373506038 ], [ 103.814676032449867, 1.293116805820779 ], [ 103.81447213879666, 1.293317861245751 ], [ 103.814140138820861, 1.29362376641778 ], [ 103.813975732493859, 1.293760569634671 ], [ 103.813893525639813, 1.2938192233517 ], [ 103.81402839708845, 1.29401071166135 ], [ 103.814027189391652, 1.294012190647572 ], [ 103.813917239304971, 1.293893006442784 ], [ 103.813906843582927, 1.293848416859085 ], [ 103.813881603591796, 1.293854377873643 ], [ 103.81386824898587, 1.293839901684698 ], [ 103.813843003211943, 1.293863494255446 ], [ 103.813839943589116, 1.293864216857244 ], [ 103.81384035261847, 1.293865971276559 ], [ 103.813830972391898, 1.293874737245424 ], [ 103.813828821309869, 1.293867119296566 ], [ 103.813785121313913, 1.293879619295379 ], [ 103.813852799999978, 1.294119300000231 ], [ 103.813729842210421, 1.293903032518843 ], [ 103.813421512355305, 1.294080610874317 ], [ 103.813279030863811, 1.294114988263352 ], [ 103.813112225293565, 1.294121622079708 ], [ 103.813121999999296, 1.294370599999794 ], [ 103.813080343092849, 1.294124980508851 ], [ 103.812859743114046, 1.29416288050566 ], [ 103.812901400000669, 1.294408499999846 ], [ 103.812773882002759, 1.294194924357761 ], [ 103.812749167996913, 1.29420987199372 ], [ 103.812649216083116, 1.293472906991391 ] ], [ [ 103.813675259709754, 1.293135314893333 ], [ 103.813671200000528, 1.293109000000252 ], [ 103.813675285509603, 1.29313531727744 ], [ 103.813675259709754, 1.293135314893333 ] ], [ [ 103.814537300000097, 1.292769400000383 ], [ 103.814549096545747, 1.292768165503659 ], [ 103.814549096634707, 1.292768166031809 ], [ 103.814537300000097, 1.292769400000383 ] ], [ [ 103.81455216951727, 1.292786443343374 ], [ 103.814552452449618, 1.292788126209215 ], [ 103.81453919999629, 1.292787800000206 ], [ 103.81455216951727, 1.292786443343374 ] ], [ [ 103.814452316943161, 1.292839193372444 ], [ 103.814471899999774, 1.292883899999905 ], [ 103.814452307949651, 1.292839193151712 ], [ 103.814452316943161, 1.292839193372444 ] ], [ [ 103.815026600000394, 1.292457699999957 ], [ 103.815268862556692, 1.292425852573561 ], [ 103.815276335910042, 1.292459436662889 ], [ 103.815241657308363, 1.292458937599467 ], [ 103.815240002303426, 1.292575434788629 ], [ 103.815026600000394, 1.292457699999957 ] ], [ [ 103.815940494835942, 1.292669293121372 ], [ 103.815934664390753, 1.292644404961511 ], [ 103.81593, 1.292500100000294 ], [ 103.815940494835942, 1.292669293121372 ] ], [ [ 103.815350413905392, 1.292956535782312 ], [ 103.815355902253913, 1.292985178004492 ], [ 103.815341150035849, 1.29295983114837 ], [ 103.815336170584828, 1.292939023859938 ], [ 103.815350413905392, 1.292956535782312 ] ], [ [ 103.815326130155952, 1.292926679323513 ], [ 103.815322383807896, 1.292927587529547 ], [ 103.81531110000148, 1.292908200001773 ], [ 103.815326130155952, 1.292926679323513 ] ], [ [ 103.81538716893165, 1.293152127106972 ], [ 103.815387819151184, 1.293151743750452 ], [ 103.8153908, 1.293167300000311 ], [ 103.81538716893165, 1.293152127106972 ] ], [ [ 103.813513700000627, 1.294314600000195 ], [ 103.813636657790127, 1.294530867491447 ], [ 103.813663703803797, 1.29451529071288 ], [ 103.813570931702685, 1.294646232019527 ], [ 103.813772500000084, 1.294790900000062 ], [ 103.81357067354125, 1.294646597090575 ], [ 103.813390851619317, 1.294901371047404 ], [ 103.813153982373237, 1.294940521076798 ], [ 103.813184680616871, 1.2951286690779 ], [ 103.813184668573655, 1.295128675648918 ], [ 103.81315392797805, 1.294940530072983 ], [ 103.813039554916941, 1.294959460103666 ], [ 103.812976183216421, 1.294969398832578 ], [ 103.81298976137451, 1.295057101891028 ], [ 103.812529565850625, 1.295127794824642 ], [ 103.812549073996678, 1.295256439543164 ], [ 103.812183963826641, 1.295316041992877 ], [ 103.81222359851651, 1.295561990792775 ], [ 103.812183952132969, 1.295316043901893 ], [ 103.811833052165412, 1.29537334389707 ], [ 103.811872700000137, 1.295619300000167 ], [ 103.811833050245227, 1.295373344210868 ], [ 103.811557158778214, 1.295418397941442 ], [ 103.811554057879249, 1.295397861814665 ], [ 103.811309534077353, 1.295435264194819 ], [ 103.811279046455709, 1.29522381066 ], [ 103.811194010691892, 1.295236230597099 ], [ 103.811193635959782, 1.295233955146932 ], [ 103.811129518292134, 1.295244651628696 ], [ 103.811129511977398, 1.295244626049588 ], [ 103.811193630168972, 1.295233919998744 ], [ 103.811182139631512, 1.295164208958912 ], [ 103.811576664719254, 1.295101546375479 ], [ 103.811617738521136, 1.295095066285309 ], [ 103.811593859246159, 1.294941740804609 ], [ 103.811763567124302, 1.294928755240781 ], [ 103.811744800000099, 1.29468029999973 ], [ 103.811841889608573, 1.29488147408829 ], [ 103.811843533166268, 1.29489448130595 ], [ 103.81184789748221, 1.294893922673647 ], [ 103.811852968482853, 1.294904430016635 ], [ 103.811883882235861, 1.294889316626356 ], [ 103.811995680899102, 1.294875006397527 ], [ 103.812112495864767, 1.294893911977777 ], [ 103.812151799999796, 1.294647900000026 ], [ 103.81217882250094, 1.294895583431864 ], [ 103.812329022515954, 1.294878983429983 ], [ 103.812302000001239, 1.294631300008529 ], [ 103.812341986095618, 1.294877200625384 ], [ 103.812590885688337, 1.294836200692584 ], [ 103.812590886119636, 1.294836200621143 ], [ 103.812659485694226, 1.294824900691306 ], [ 103.812619798241514, 1.294580834101483 ], [ 103.812620534663949, 1.294580732924492 ], [ 103.812747018002952, 1.294792575649576 ], [ 103.812988983266095, 1.294646229152187 ], [ 103.813147824050134, 1.294618939642437 ], [ 103.813322874726026, 1.294611977920058 ], [ 103.813313099999249, 1.294362999998191 ], [ 103.81337081264607, 1.294605307123242 ], [ 103.813571412664643, 1.294556907118311 ], [ 103.813513700000627, 1.294314600000195 ] ], [ [ 103.812273000541637, 1.294383589603517 ], [ 103.81226847227606, 1.294384335521012 ], [ 103.812158053093654, 1.294396538973016 ], [ 103.812039104141505, 1.294377288023749 ], [ 103.811999800000251, 1.294623300001063 ], [ 103.811968566821093, 1.294376118695332 ], [ 103.811781066839103, 1.294400118693111 ], [ 103.811812299999403, 1.294647299999011 ], [ 103.811729319924723, 1.294475361488184 ], [ 103.81172603287915, 1.294431844759017 ], [ 103.811708948987118, 1.294433151970338 ], [ 103.81170413153167, 1.294423169981053 ], [ 103.811679031344624, 1.294435441183408 ], [ 103.81153653289725, 1.294446344757327 ], [ 103.81155520572635, 1.294693551928784 ], [ 103.811555204929377, 1.294693546812786 ], [ 103.811536451917817, 1.2944463509669 ], [ 103.811468139230101, 1.294451600742574 ], [ 103.811444529135827, 1.294446492595814 ], [ 103.811443025957701, 1.294453530676825 ], [ 103.81143235192755, 1.294454350966829 ], [ 103.811435103690926, 1.294490623799415 ], [ 103.811406607862793, 1.294624045097355 ], [ 103.811376634056529, 1.294628805851122 ], [ 103.811330085360041, 1.294448976463446 ], [ 103.811145339511882, 1.294497419460564 ], [ 103.81109459618807, 1.294494216393507 ], [ 103.811083306417828, 1.294675395192345 ], [ 103.81107212355225, 1.294677171370883 ], [ 103.811065656171749, 1.294678197545274 ], [ 103.81102842345895, 1.294499003930853 ], [ 103.810835615260217, 1.29453958627055 ], [ 103.810831081101625, 1.294510028037877 ], [ 103.810969033706527, 1.294485461134338 ], [ 103.8109259002171, 1.294240101235123 ], [ 103.810969104898192, 1.294485448444923 ], [ 103.81112269743781, 1.29445804977638 ], [ 103.811319497456722, 1.294422949772857 ], [ 103.811276300968046, 1.29417760549678 ], [ 103.811319520343531, 1.29442294568985 ], [ 103.811378905425045, 1.294412348352313 ], [ 103.81143714257702, 1.294401959563476 ], [ 103.811466879710608, 1.294396670744669 ], [ 103.811380720296512, 1.29390592925463 ], [ 103.811350920300043, 1.293911229254459 ], [ 103.811394000000803, 1.294156600000465 ], [ 103.811350794577535, 1.293911251648147 ], [ 103.811292494582403, 1.293921651646981 ], [ 103.811335698514995, 1.294166991569683 ], [ 103.811292479659386, 1.2939216543093 ], [ 103.81123310255191, 1.29393225022525 ], [ 103.811233098145436, 1.293932251011104 ], [ 103.81103630256986, 1.293967350222798 ], [ 103.811079499553315, 1.294212697465639 ], [ 103.811036295094866, 1.293967351555765 ], [ 103.810891591153421, 1.293993164629007 ], [ 103.81088999236637, 1.293981706031803 ], [ 103.811070267369558, 1.293952634069888 ], [ 103.81103882307319, 1.293755113324832 ], [ 103.811040177221102, 1.293754910341279 ], [ 103.811077102583525, 1.293951432678018 ], [ 103.811145371426548, 1.293938438608825 ], [ 103.811191602163689, 1.293929651773016 ], [ 103.811372770520848, 1.293895273734371 ], [ 103.811408471111591, 1.293889805372984 ], [ 103.811416800420915, 1.293893777273537 ], [ 103.811419462687311, 1.293888121761995 ], [ 103.811430651755813, 1.293886407899864 ], [ 103.811425809329648, 1.293897853789651 ], [ 103.811460809331805, 1.293912853791033 ], [ 103.811527718553933, 1.293754702572999 ], [ 103.811553284286319, 1.293764746253235 ], [ 103.81154395549531, 1.29393238229245 ], [ 103.81158475549941, 1.29393468229247 ], [ 103.811594200372951, 1.293764960239022 ], [ 103.811611719073269, 1.293764417993616 ], [ 103.811639656120875, 1.293931621940192 ], [ 103.811884256143315, 1.293890221936699 ], [ 103.811849077174898, 1.293679675025844 ], [ 103.811856065954032, 1.293671862568313 ], [ 103.811949101053941, 1.293869724229546 ], [ 103.811987101056886, 1.29385162422763 ], [ 103.811886552369515, 1.293637783109722 ], [ 103.811889364335002, 1.293634639733475 ], [ 103.812045058356887, 1.293791771596253 ], [ 103.812100673192745, 1.294158042593435 ], [ 103.81223951404408, 1.294136686824904 ], [ 103.812273000541637, 1.294383589603517 ] ], [ [ 103.811083200003992, 1.292917200028467 ], [ 103.811120903746144, 1.293163465581061 ], [ 103.811350386969281, 1.293127874441465 ], [ 103.8113562555518, 1.29316778083405 ], [ 103.811350719015465, 1.293171676386857 ], [ 103.811331171262083, 1.293207256724251 ], [ 103.811264644300877, 1.293217259136552 ], [ 103.811090865840328, 1.293243355902882 ], [ 103.811119456696275, 1.293436217813971 ], [ 103.811119412254271, 1.293436226246781 ], [ 103.811090660268803, 1.293243386862902 ], [ 103.810989495372851, 1.293258666457062 ], [ 103.81084353135472, 1.29328054607395 ], [ 103.810873007416745, 1.293479744349404 ], [ 103.810872982350062, 1.293479748391691 ], [ 103.810843400415322, 1.29328056573729 ], [ 103.810644404709421, 1.293310504135801 ], [ 103.810631727349076, 1.293231727872473 ], [ 103.810670551261722, 1.293226317982296 ], [ 103.81065060933733, 1.293081344713831 ], [ 103.810650618071179, 1.293081342012572 ], [ 103.81067057291483, 1.293226314963721 ], [ 103.810833372930105, 1.293203614962404 ], [ 103.810799399999794, 1.292956800000708 ], [ 103.810833480003268, 1.293203600008783 ], [ 103.810987089622273, 1.293182112651487 ], [ 103.81111709854305, 1.293164025323124 ], [ 103.811083200003992, 1.292917200028467 ] ], [ [ 103.810292556162153, 1.293023743501669 ], [ 103.810292732518406, 1.293024616314772 ], [ 103.810134769597468, 1.293050367555828 ], [ 103.810134105401076, 1.293046911280064 ], [ 103.810292556162153, 1.293023743501669 ] ], [ [ 103.809901882672733, 1.29315457632699 ], [ 103.809899300000367, 1.293137200000076 ], [ 103.810108376262704, 1.293096499260537 ], [ 103.810154003757376, 1.2933800257981 ], [ 103.810125867499366, 1.293383709229608 ], [ 103.810157800000184, 1.29363080000194 ], [ 103.810118835129032, 1.293384733362517 ], [ 103.809942419307859, 1.293413032149602 ], [ 103.809939138797304, 1.293393969035802 ], [ 103.809939332455613, 1.293393389979164 ], [ 103.809939020991152, 1.293393284459515 ], [ 103.809928436204245, 1.293331776044983 ], [ 103.809928225615181, 1.293331812755717 ], [ 103.809923465095764, 1.293299783781124 ], [ 103.80995176084447, 1.293297957944813 ], [ 103.809942460830399, 1.293151957945367 ], [ 103.809901882672733, 1.29315457632699 ] ], [ [ 103.809716982411075, 1.293313107455889 ], [ 103.809717757718857, 1.293318323761387 ], [ 103.80970470000149, 1.293313900000298 ], [ 103.809716982411075, 1.293313107455889 ] ], [ [ 103.811914726421321, 1.293606288540791 ], [ 103.811916527499633, 1.293604275192281 ], [ 103.812025887325461, 1.293665514028032 ], [ 103.81203538448041, 1.293728060883888 ], [ 103.811914726421321, 1.293606288540791 ] ], [ [ 103.811958710700111, 1.293496418109176 ], [ 103.811959439984491, 1.29349424658086 ], [ 103.8119635000008, 1.293499100001034 ], [ 103.811958710700111, 1.293496418109176 ] ], [ [ 103.811971238078058, 1.293445431344136 ], [ 103.811969909842404, 1.293428566788988 ], [ 103.811994300000421, 1.293473000001096 ], [ 103.811971238078058, 1.293445431344136 ] ], [ [ 103.811636803373489, 1.293266081667522 ], [ 103.811634126668665, 1.293266342132302 ], [ 103.811634106355569, 1.293265677329956 ], [ 103.811637037039446, 1.293265240744127 ], [ 103.811636803373489, 1.293266081667522 ] ], [ [ 103.811595200000085, 1.293090800000645 ], [ 103.811591634811606, 1.293091331108785 ], [ 103.811591632192489, 1.293091314137452 ], [ 103.811595200000085, 1.293090800000645 ] ], [ [ 103.811492265083984, 1.293740774424482 ], [ 103.811457901184639, 1.293821999289447 ], [ 103.811457406494668, 1.293807516888843 ], [ 103.81148936166943, 1.293739633797284 ], [ 103.811492265083984, 1.293740774424482 ] ], [ [ 103.810454506933297, 1.293697916065566 ], [ 103.810455416217565, 1.293697775035417 ], [ 103.810455416288534, 1.293697775510208 ], [ 103.810454507124675, 1.293697917437489 ], [ 103.810454506933297, 1.293697916065566 ] ], [ [ 103.810390237266915, 1.293707950432496 ], [ 103.810389175056741, 1.293708116251677 ], [ 103.810389166546344, 1.293708050399374 ], [ 103.810390228240735, 1.293707885729636 ], [ 103.810390237266915, 1.293707950432496 ] ], [ [ 103.810240857121485, 1.293928405356038 ], [ 103.810076204826871, 1.293951516674791 ], [ 103.810095104814494, 1.294087916676276 ], [ 103.810261709731122, 1.294064531278563 ], [ 103.810261720186858, 1.294064599532876 ], [ 103.810095134471652, 1.294088130041521 ], [ 103.810112026260413, 1.294209271229157 ], [ 103.810131908779127, 1.294352345530788 ], [ 103.810153199324233, 1.294506177323694 ], [ 103.81032577608795, 1.29448198193138 ], [ 103.810342189146951, 1.294588978990882 ], [ 103.810334620864779, 1.294587557324607 ], [ 103.810333356360104, 1.294594376463979 ], [ 103.810325090860559, 1.294583396837715 ], [ 103.810311190860475, 1.294593996837122 ], [ 103.810329032022992, 1.294617696469373 ], [ 103.810315916299416, 1.294688426091352 ], [ 103.810259302312033, 1.294647691527455 ], [ 103.810256596436489, 1.294651501115742 ], [ 103.810245036231819, 1.294587324562888 ], [ 103.810161736239863, 1.294602524561995 ], [ 103.810197832075275, 1.294802910861645 ], [ 103.81019172741378, 1.294802125966179 ], [ 103.81018842741139, 1.294828125966175 ], [ 103.810202704768628, 1.294829961651201 ], [ 103.810205900000625, 1.294847700000479 ], [ 103.810168338143825, 1.294832880464813 ], [ 103.810131596964624, 1.294661108597424 ], [ 103.809949327737911, 1.294700601930662 ], [ 103.809752607548603, 1.294743175703721 ], [ 103.809710435998809, 1.294745989693605 ], [ 103.809703118923181, 1.294689053535294 ], [ 103.809893751809085, 1.294666697859913 ], [ 103.809865100000309, 1.294419200000062 ], [ 103.809959585406503, 1.294649511176506 ], [ 103.809974985407521, 1.294643111175999 ], [ 103.809880499999252, 1.294412799999197 ], [ 103.810112011476733, 1.294501074817795 ], [ 103.810118711475326, 1.294483274817661 ], [ 103.809887200000119, 1.294395000000596 ], [ 103.810130840991746, 1.294350794286678 ], [ 103.810076140963361, 1.294045394291802 ], [ 103.809684824398587, 1.294116393941408 ], [ 103.809672775746762, 1.294041613969457 ], [ 103.809627695637957, 1.294048971766055 ], [ 103.809686431884131, 1.294015339801422 ], [ 103.809826773905428, 1.293953538585579 ], [ 103.809949370081171, 1.293916551126156 ], [ 103.810193256013477, 1.293877429492083 ], [ 103.810232266009649, 1.293872322534798 ], [ 103.810240857121485, 1.293928405356038 ] ], [ [ 103.809866220800629, 1.293497040257674 ], [ 103.809842774707633, 1.293500768897223 ], [ 103.80984219934362, 1.293498837041193 ], [ 103.809865852395248, 1.293494713744214 ], [ 103.809866220800629, 1.293497040257674 ] ], [ [ 103.809724434322732, 1.293662571365114 ], [ 103.809724449928126, 1.293662623762345 ], [ 103.809717228426365, 1.293663826118223 ], [ 103.809717184189353, 1.293663724355971 ], [ 103.809724434322732, 1.293662571365114 ] ], [ [ 103.808816558388784, 1.293353143120315 ], [ 103.808792757893528, 1.293353127842926 ], [ 103.808792678705899, 1.293478094440618 ], [ 103.808791604870592, 1.293479268398733 ], [ 103.808762695729939, 1.293463730670232 ], [ 103.808807957859131, 1.293292289331729 ], [ 103.808816558388784, 1.293353143120315 ] ], [ [ 103.808573557906342, 1.29389535260789 ], [ 103.808644851226319, 1.293760981393403 ], [ 103.808676012080269, 1.293769315109433 ], [ 103.808675123978404, 1.293825735841778 ], [ 103.808638621514987, 1.29384856845374 ], [ 103.808673866128416, 1.293905646500121 ], [ 103.808673521291581, 1.293927553819704 ], [ 103.808623757220076, 1.293858634381686 ], [ 103.808573557906342, 1.29389535260789 ] ], [ [ 103.808719225254279, 1.293813648951116 ], [ 103.808719913088467, 1.293769951097006 ], [ 103.808751453568405, 1.293762756378135 ], [ 103.80875886109348, 1.293777802320799 ], [ 103.808731911630446, 1.293791421473887 ], [ 103.808806124235133, 1.293940181906596 ], [ 103.808799734312601, 1.293944031974818 ], [ 103.808719225254279, 1.293813648951116 ] ], [ [ 103.80879056347348, 1.293742770258968 ], [ 103.808792512047745, 1.293741098405022 ], [ 103.808792508484913, 1.293746720908553 ], [ 103.80879056347348, 1.293742770258968 ] ], [ [ 103.809226763719167, 1.293751799406315 ], [ 103.80928787262917, 1.293743482323699 ], [ 103.809320966696788, 1.2938020305829 ], [ 103.809321378194639, 1.293812224410125 ], [ 103.809255039122505, 1.29379635139531 ], [ 103.809226763719167, 1.293751799406315 ] ], [ [ 103.809394361650732, 1.29397399275321 ], [ 103.809394392925242, 1.29397401078654 ], [ 103.809382133339483, 1.293982320537888 ], [ 103.809382132884025, 1.293982309247794 ], [ 103.809394361650732, 1.29397399275321 ] ], [ [ 103.809443903676495, 1.294019524102235 ], [ 103.809448327057737, 1.294027349710149 ], [ 103.80941340000075, 1.294040199999851 ], [ 103.809443903676495, 1.294019524102235 ] ], [ [ 103.809470235042269, 1.294066108139168 ], [ 103.809474666776381, 1.29407394852353 ], [ 103.809438814943874, 1.294079800114903 ], [ 103.809437680866765, 1.294078085403234 ], [ 103.809470235042269, 1.294066108139168 ] ], [ [ 103.80872368385225, 1.293986325442432 ], [ 103.808717963961627, 1.293989103518264 ], [ 103.808689440166049, 1.293949600243117 ], [ 103.808701121750744, 1.293949786509015 ], [ 103.80872368385225, 1.293986325442432 ] ], [ [ 103.808911603326564, 1.294264560111941 ], [ 103.808911703366221, 1.294269687141233 ], [ 103.808909786663207, 1.294265696451269 ], [ 103.808911603326564, 1.294264560111941 ] ], [ [ 103.808917064276784, 1.294273487985948 ], [ 103.808936096828731, 1.294306432264879 ], [ 103.808929858336668, 1.294307486874664 ], [ 103.808913562134137, 1.294273557208271 ], [ 103.808917064276784, 1.294273487985948 ] ], [ [ 103.807501700000032, 1.29381419999989 ], [ 103.807514537466318, 1.293824279013409 ], [ 103.80751453354857, 1.293824290506036 ], [ 103.807501700000032, 1.29381419999989 ] ], [ [ 103.806428038686505, 1.29382333239302 ], [ 103.806428028571446, 1.293823348189451 ], [ 103.806402000348285, 1.293805800234783 ], [ 103.806428038686505, 1.29382333239302 ] ], [ [ 103.806061787624671, 1.293869259635645 ], [ 103.805997270455677, 1.293966199616901 ], [ 103.805987161410016, 1.293982726366868 ], [ 103.805906500000731, 1.294038399999115 ], [ 103.80600635262941, 1.2938305191029 ], [ 103.806006859630486, 1.293830758701746 ], [ 103.806061787624671, 1.293869259635645 ] ], [ [ 103.805792974168327, 1.293757973193094 ], [ 103.80570530000071, 1.293940500000488 ], [ 103.805757447486414, 1.293753701587776 ], [ 103.805792974168327, 1.293757973193094 ] ], [ [ 103.805694524469644, 1.293752228944792 ], [ 103.805646599999719, 1.29392390000214 ], [ 103.805653387790471, 1.29375650398816 ], [ 103.805694524469644, 1.293752228944792 ] ], [ [ 103.805926600000447, 1.294067900000524 ], [ 103.805941245930924, 1.29405779117426 ], [ 103.805935355220797, 1.294067421587273 ], [ 103.805926600000447, 1.294067900000524 ] ], [ [ 103.805095052842603, 1.293738460746647 ], [ 103.805035436748042, 1.293738931086787 ], [ 103.805035314129213, 1.293738778129299 ], [ 103.805095028304834, 1.293738249824097 ], [ 103.805095052842603, 1.293738460746647 ] ], [ [ 103.804475303291696, 1.293948736012721 ], [ 103.804473105647318, 1.29404574588087 ], [ 103.804510905513695, 1.294158759796951 ], [ 103.804563683838495, 1.294224596683565 ], [ 103.80456258808556, 1.294225365846826 ], [ 103.804485756735346, 1.294345496206674 ], [ 103.804480379706845, 1.294375663414659 ], [ 103.804280179958695, 1.294380809010024 ], [ 103.804283733299954, 1.294520856395873 ], [ 103.804013548892328, 1.294523439041564 ], [ 103.804015255507522, 1.294704299314941 ], [ 103.804015228350849, 1.294704299650144 ], [ 103.804013449819863, 1.294523440008081 ], [ 103.803819027303376, 1.294525376760499 ], [ 103.803818431433271, 1.294504432017465 ], [ 103.803831907985725, 1.294501371240738 ], [ 103.803995224181207, 1.294419713142303 ], [ 103.804163852731179, 1.294287618500095 ], [ 103.804308513547738, 1.294096845384126 ], [ 103.804378797224842, 1.293949418124745 ], [ 103.804456818731495, 1.293948968106126 ], [ 103.804455400000307, 1.293699800000615 ], [ 103.80445857130789, 1.293948951753582 ], [ 103.804475303291696, 1.293948736012721 ] ], [ [ 103.805123214529601, 1.294113741073954 ], [ 103.805135759242802, 1.294297820193832 ], [ 103.80507710837955, 1.294214265996383 ], [ 103.805068512933545, 1.294208768638484 ], [ 103.805099962808114, 1.294173002110038 ], [ 103.805123214529601, 1.294113741073954 ] ], [ [ 103.804625056385305, 1.294777231678834 ], [ 103.804649374396462, 1.294792742627523 ], [ 103.804661638917253, 1.294867108900121 ], [ 103.804703538920862, 1.294860108900032 ], [ 103.804697183253595, 1.294821571132811 ], [ 103.804833072567007, 1.294845477586569 ], [ 103.804857156341882, 1.294840188159994 ], [ 103.80480157265886, 1.294942437994193 ], [ 103.804565812999343, 1.295026305387383 ], [ 103.804352762367756, 1.295075948252731 ], [ 103.804408599999903, 1.295318699998747 ], [ 103.804321358272603, 1.295085511831195 ], [ 103.804246158278204, 1.295114011829039 ], [ 103.804333400000402, 1.295347199999914 ], [ 103.804216270067556, 1.295127680036702 ], [ 103.804129870072458, 1.29517438003257 ], [ 103.804247000000728, 1.295393900001407 ], [ 103.804101473630453, 1.29519232233715 ], [ 103.804031873633704, 1.295243222332733 ], [ 103.804177400000299, 1.295444799999968 ], [ 103.804014586459758, 1.29525709294387 ], [ 103.8039222864615, 1.29533819293865 ], [ 103.804055702959545, 1.295492008275536 ], [ 103.80405232696863, 1.295498051282707 ], [ 103.8040162862616, 1.295467425873494 ], [ 103.804018125871409, 1.295461826675417 ], [ 103.804004270103803, 1.295457215203596 ], [ 103.803895934656921, 1.295365157694553 ], [ 103.803859211055595, 1.295408936692677 ], [ 103.803823425887131, 1.295397026681963 ], [ 103.803793953390127, 1.295486731761932 ], [ 103.803755261478273, 1.295532857219905 ], [ 103.803748883969448, 1.295539725594209 ], [ 103.803740396462061, 1.295533313736756 ], [ 103.80373254140747, 1.295384780019607 ], [ 103.803656236597789, 1.295388867777869 ], [ 103.803380184067521, 1.29502811590877 ], [ 103.803576648688974, 1.295026160005636 ], [ 103.803575883322296, 1.294948282051634 ], [ 103.803575884316984, 1.294948282044411 ], [ 103.80357665013652, 1.295026159991183 ], [ 103.804018299511966, 1.295021760495972 ], [ 103.80429025113466, 1.295019160958838 ], [ 103.804288977617432, 1.294884200210049 ], [ 103.804536557415759, 1.294881873203564 ], [ 103.804536472568003, 1.294872728555894 ], [ 103.804627420074496, 1.294870390989016 ], [ 103.804625056385305, 1.294777231678834 ] ], [ [ 103.804290490367691, 1.294787171843439 ], [ 103.804290490512287, 1.294787177531894 ], [ 103.804288099998416, 1.294787200000407 ], [ 103.804290490367691, 1.294787171843439 ] ], [ [ 103.803131978528299, 1.294781411045293 ], [ 103.803131961133403, 1.294781411220531 ], [ 103.803131400000098, 1.294702400000544 ], [ 103.803131978528299, 1.294781411045293 ] ], [ [ 103.802991466374451, 1.294571938494688 ], [ 103.802992963994114, 1.294782814575943 ], [ 103.802944944258442, 1.294783299395944 ], [ 103.80294507469057, 1.294796386173489 ], [ 103.80294266818062, 1.294793711059867 ], [ 103.802884158431041, 1.294691005436885 ], [ 103.802859209628721, 1.294631468534459 ], [ 103.802776408345451, 1.294666617293108 ], [ 103.802769704637868, 1.294655053549697 ], [ 103.802850291466925, 1.294612466952543 ], [ 103.802833072806266, 1.294579460414752 ], [ 103.802862766670856, 1.294578123117313 ], [ 103.802859110676195, 1.294495888679655 ], [ 103.802859608080098, 1.294495873411855 ], [ 103.802863508907308, 1.294578088566896 ], [ 103.802991466374451, 1.294571938494688 ] ], [ [ 103.799653334475167, 1.293110558008955 ], [ 103.799656278971113, 1.293112173892947 ], [ 103.799529499999977, 1.293055296378746 ], [ 103.799529499999807, 1.29305524152541 ], [ 103.799653334475167, 1.293110558008955 ] ], [ [ 103.798768600004038, 1.29437630000075 ], [ 103.798813574122192, 1.294384610042852 ], [ 103.798814951684037, 1.294391160630116 ], [ 103.798768600004038, 1.29437630000075 ] ], [ [ 103.798909042978138, 1.29481595429914 ], [ 103.798833720005547, 1.2948427962394 ], [ 103.798769453429145, 1.294801243750132 ], [ 103.798790241304715, 1.294771285907238 ], [ 103.798892989532249, 1.294804227604409 ], [ 103.798900797422206, 1.294779557469368 ], [ 103.798909042978138, 1.29481595429914 ] ], [ [ 103.798346200000594, 1.295215700000289 ], [ 103.798513778579107, 1.295324050383044 ], [ 103.798499880082971, 1.295356937579297 ], [ 103.798346200000594, 1.295215700000289 ] ], [ [ 103.798478687656697, 1.295439193662251 ], [ 103.79847371262025, 1.295500552372025 ], [ 103.798493601929067, 1.295586864506589 ], [ 103.798442729909894, 1.295513151168874 ], [ 103.798357589014216, 1.295572673546179 ], [ 103.798478687656697, 1.295439193662251 ] ], [ [ 103.798607190200642, 1.295751453402898 ], [ 103.798639804948564, 1.295789419802059 ], [ 103.798634713170216, 1.295791334060258 ], [ 103.798607190200642, 1.295751453402898 ] ], [ [ 103.798822742696501, 1.296033740875496 ], [ 103.798824549755608, 1.296032534377424 ], [ 103.798905211075578, 1.296221300432293 ], [ 103.799117847000488, 1.296129258208814 ], [ 103.799267753743706, 1.296075196732779 ], [ 103.799279420845195, 1.296103938769233 ], [ 103.799346545115839, 1.296269286206656 ], [ 103.79944152473908, 1.296480701749797 ], [ 103.799422401576763, 1.296505989612822 ], [ 103.799468881655542, 1.296541595620308 ], [ 103.79950706331708, 1.296626584325521 ], [ 103.799463611974218, 1.29661485835273 ], [ 103.799454667567346, 1.296582382469929 ], [ 103.799433014772106, 1.296588423533196 ], [ 103.79943037226154, 1.296584349262408 ], [ 103.799417643993721, 1.296592711932711 ], [ 103.799399895807312, 1.296597663621705 ], [ 103.799380277980546, 1.296592369466712 ], [ 103.799377179190586, 1.29660400148714 ], [ 103.79923136758687, 1.296644682465153 ], [ 103.79929749999981, 1.296884799999497 ], [ 103.799183420597629, 1.296663658635704 ], [ 103.799110320603148, 1.296701858632458 ], [ 103.799224400000526, 1.296923000001185 ], [ 103.799049661990637, 1.296746487904203 ], [ 103.799014161990314, 1.296782087901479 ], [ 103.799188900000061, 1.296958599999972 ], [ 103.798951109739733, 1.296889263207871 ], [ 103.798937609735674, 1.296936163206404 ], [ 103.799175399999058, 1.297005499999863 ], [ 103.798932905309044, 1.297055687244863 ], [ 103.799049605256627, 1.297626887254607 ], [ 103.799534594733942, 1.297526512721669 ], [ 103.799447751241971, 1.297101448650252 ], [ 103.799586932444612, 1.297062617528084 ], [ 103.79952080000001, 1.29682249999994 ], [ 103.799656127758624, 1.297031150732548 ], [ 103.79968652110766, 1.297011181828773 ], [ 103.799718109418379, 1.297078754920393 ], [ 103.799822791328737, 1.29742633015686 ], [ 103.799900041590746, 1.297630226812813 ], [ 103.799986636752863, 1.297914262849486 ], [ 103.800068606838053, 1.298235628487268 ], [ 103.80012740939388, 1.29849777354996 ], [ 103.800155110698157, 1.298621044492299 ], [ 103.800171100649919, 1.298696285587685 ], [ 103.800247983636751, 1.299058520986788 ], [ 103.800282576241926, 1.299235177265394 ], [ 103.800192831357194, 1.299284021147541 ], [ 103.800248331350886, 1.299387321151674 ], [ 103.800306202464995, 1.299355824650816 ], [ 103.800313224413486, 1.299391666033981 ], [ 103.800272642474781, 1.299424281714127 ], [ 103.800282242474694, 1.2994363817151 ], [ 103.800316578488932, 1.299408785881005 ], [ 103.800388291724801, 1.299774824056583 ], [ 103.800393943494058, 1.29993432998689 ], [ 103.800396342121473, 1.299984489619893 ], [ 103.80038811194116, 1.300046812768173 ], [ 103.800381608628214, 1.300072459627766 ], [ 103.800371118409586, 1.300098646883274 ], [ 103.800295623409795, 1.300206447353131 ], [ 103.799537971478088, 1.300876968302594 ], [ 103.799290690411695, 1.301082186599282 ], [ 103.798894948669101, 1.301430801826967 ], [ 103.799057999874037, 1.30161829985526 ], [ 103.798894619429149, 1.301431092377615 ], [ 103.798671226782389, 1.30162858586677 ], [ 103.798018183760135, 1.302205825666816 ], [ 103.797905141115947, 1.302300351029058 ], [ 103.797387435800246, 1.302724560741317 ], [ 103.797279021807668, 1.302824018582586 ], [ 103.797269462914912, 1.302817540944308 ], [ 103.797246830650622, 1.302811926070448 ], [ 103.797205204163944, 1.302766424316824 ], [ 103.797134228909641, 1.30268207309771 ], [ 103.797479867608658, 1.302375553504013 ], [ 103.797152532416064, 1.302001646486453 ], [ 103.79707172193794, 1.302073310904532 ], [ 103.796882331161129, 1.301901185859831 ], [ 103.796905099175277, 1.301864710154891 ], [ 103.796890192092278, 1.301855284292071 ], [ 103.796890800445965, 1.301853611589954 ], [ 103.796883004032679, 1.301850739227223 ], [ 103.796840099178624, 1.30182361015879 ], [ 103.796824489692156, 1.301848617477528 ], [ 103.796820889932391, 1.301845345887021 ], [ 103.796835497303519, 1.301820770306414 ], [ 103.796794348645292, 1.301795994320021 ], [ 103.796860237096482, 1.30167166881565 ], [ 103.796690232214885, 1.301580401027605 ], [ 103.796690516004773, 1.301579931762387 ], [ 103.796861382350997, 1.301669481764885 ], [ 103.796918035376621, 1.301559979993224 ], [ 103.797032041436296, 1.301629996790974 ], [ 103.797209068389932, 1.301804510186209 ], [ 103.797555531586355, 1.301448489800338 ], [ 103.797358331585826, 1.301254089813856 ], [ 103.79718509999995, 1.301432100000328 ], [ 103.797314054208783, 1.301219399532133 ], [ 103.797030864809344, 1.301045478824104 ], [ 103.797228109046074, 1.300695689227273 ], [ 103.797012800011018, 1.300572700006037 ], [ 103.797233732953444, 1.300685132569619 ], [ 103.79750878915506, 1.300137615886298 ], [ 103.797587338498502, 1.29998429549564 ], [ 103.797367300007323, 1.299870100003741 ], [ 103.797594685030631, 1.299968643807827 ], [ 103.797675135022047, 1.299780596867536 ], [ 103.797706558425233, 1.299710138168826 ], [ 103.797480700001643, 1.299608100000815 ], [ 103.797717055931074, 1.299682239269505 ], [ 103.797780255913793, 1.299478139263328 ], [ 103.797643561273134, 1.299435261389191 ], [ 103.797646073617912, 1.299412624624736 ], [ 103.79764603353874, 1.299411250791195 ], [ 103.797790855048191, 1.299421532132772 ], [ 103.797802755032066, 1.29925173213129 ], [ 103.797641044897048, 1.299240251811679 ], [ 103.797640865244006, 1.299234093746168 ], [ 103.797803368425662, 1.299233890757613 ], [ 103.797803275572448, 1.29915859292009 ], [ 103.79782541433957, 1.298667289145698 ], [ 103.7975781, 1.298656000000516 ], [ 103.797825662934656, 1.298657679780249 ], [ 103.797827832640635, 1.298333753938304 ], [ 103.797927264941194, 1.298324053225398 ], [ 103.798062566326792, 1.298250488504981 ], [ 103.798143190330777, 1.298148763678803 ], [ 103.798181734875143, 1.298048898246584 ], [ 103.798189570853239, 1.297925029325763 ], [ 103.798151149349593, 1.297794987355945 ], [ 103.798055655766603, 1.297677299556504 ], [ 103.797941152842228, 1.297615789723445 ], [ 103.797835889467791, 1.297596766222151 ], [ 103.797838988298579, 1.297378233404213 ], [ 103.797850671660584, 1.297304587893835 ], [ 103.797606200515133, 1.297265300082578 ], [ 103.797850704800013, 1.297304378428981 ], [ 103.797871693044797, 1.297171352852154 ], [ 103.797887980170245, 1.297068525113702 ], [ 103.797934469768023, 1.296941339495373 ], [ 103.798062028976304, 1.296687827800959 ], [ 103.798147190792065, 1.296569370170588 ], [ 103.798248260639966, 1.296490420217444 ], [ 103.798379607901978, 1.296419153939576 ], [ 103.798617875220231, 1.296329639662657 ], [ 103.798531300644029, 1.29609620173581 ], [ 103.798617928240859, 1.296329619736617 ], [ 103.798894028263078, 1.296225819727744 ], [ 103.798822742696501, 1.296033740875496 ] ], [ [ 103.79980382627248, 1.294207556122166 ], [ 103.799778999999617, 1.294118900000702 ], [ 103.799853381383826, 1.29416344904118 ], [ 103.79980382627248, 1.294207556122166 ] ], [ [ 103.800230473419276, 1.293762119440413 ], [ 103.800224670964468, 1.29374372264645 ], [ 103.800177587054989, 1.293554833146229 ], [ 103.800070327269708, 1.29343467875355 ], [ 103.800078547204492, 1.293409745481142 ], [ 103.800120400268071, 1.293328263812537 ], [ 103.800134080435498, 1.293476605742012 ], [ 103.800303692638892, 1.293460760653642 ], [ 103.800322107748997, 1.293596508238998 ], [ 103.800532564185588, 1.293567587164871 ], [ 103.8005427850579, 1.293579371438435 ], [ 103.800538618124023, 1.293582176729876 ], [ 103.800528439860813, 1.293570936228734 ], [ 103.800454302687854, 1.293638940136958 ], [ 103.800423408722963, 1.293659738779011 ], [ 103.800418683787612, 1.293658078666402 ], [ 103.800261769636535, 1.293736122811734 ], [ 103.800230473419276, 1.293762119440413 ] ], [ [ 103.800936414801427, 1.293452772041611 ], [ 103.800935544323082, 1.293446320913021 ], [ 103.801086850296542, 1.293447871075783 ], [ 103.801098802537823, 1.293474664683456 ], [ 103.800936414801427, 1.293452772041611 ] ], [ [ 103.800924855132664, 1.29336710320351 ], [ 103.800924137113739, 1.293361781954865 ], [ 103.801039672994207, 1.293347075607161 ], [ 103.801042759047661, 1.293353389116167 ], [ 103.801050055563493, 1.293368385910566 ], [ 103.800924855132664, 1.29336710320351 ] ], [ [ 103.80100728338553, 1.293280812322395 ], [ 103.800877000000639, 1.293295700000331 ], [ 103.801006062355384, 1.293278314315772 ], [ 103.80100728338553, 1.293280812322395 ] ], [ [ 103.800979681911855, 1.293224344690591 ], [ 103.800869800041298, 1.293234899995792 ], [ 103.800979127719586, 1.293223210914007 ], [ 103.800979681911855, 1.293224344690591 ] ], [ [ 103.800873647948308, 1.293008657405778 ], [ 103.800841569382357, 1.293013331606064 ], [ 103.800841569221532, 1.293013330516303 ], [ 103.80087361252329, 1.293008585467631 ], [ 103.800873647948308, 1.293008657405778 ] ], [ [ 103.800862898924606, 1.292602945439707 ], [ 103.800784493317181, 1.29262576531522 ], [ 103.800784098586647, 1.292623084952195 ], [ 103.800800571415465, 1.292615114679193 ], [ 103.800951099998315, 1.292566200001071 ], [ 103.800862898924606, 1.292602945439707 ] ], [ [ 103.800729443920147, 1.292120686695543 ], [ 103.800732526888538, 1.292117554781992 ], [ 103.800749600001978, 1.292110599999159 ], [ 103.800729443920147, 1.292120686695543 ] ], [ [ 103.800214342604278, 1.292382931689703 ], [ 103.800312264780572, 1.292461588129646 ], [ 103.800312228637935, 1.29246163210662 ], [ 103.800211463637169, 1.292386972593085 ], [ 103.800214342604278, 1.292382931689703 ] ], [ [ 103.800140972572578, 1.292490324270578 ], [ 103.800232757355246, 1.29255833009885 ], [ 103.800232591815103, 1.292558531522212 ], [ 103.800139017995008, 1.292493527223395 ], [ 103.800140972572578, 1.292490324270578 ] ], [ [ 103.799972294198525, 1.292766736274625 ], [ 103.800058899999982, 1.292826900000491 ], [ 103.799967145811152, 1.292775172897325 ], [ 103.799972294198525, 1.292766736274625 ] ], [ [ 103.799905408907392, 1.292876340685802 ], [ 103.800001300002066, 1.29293040000078 ], [ 103.79989291628884, 1.2928968122423 ], [ 103.799905408907392, 1.292876340685802 ] ], [ [ 103.800259594985306, 1.292976155797279 ], [ 103.800269230210134, 1.292958842500747 ], [ 103.800429686333416, 1.292724862461552 ], [ 103.800530463377839, 1.292704534245619 ], [ 103.800537518678979, 1.29271930561818 ], [ 103.800558296221595, 1.292791622285011 ], [ 103.800563617969544, 1.292825415405523 ], [ 103.800575974693032, 1.292911520248039 ], [ 103.80067444257935, 1.292897205604946 ], [ 103.800674499791782, 1.29289759409725 ], [ 103.800576068803423, 1.292912169986466 ], [ 103.800596127222406, 1.293049385630061 ], [ 103.800601664482159, 1.293087881393637 ], [ 103.800499205535814, 1.293104502684181 ], [ 103.800533077361862, 1.293316014085682 ], [ 103.800529992299914, 1.293316488710416 ], [ 103.80053472881707, 1.293347676347646 ], [ 103.800502404978076, 1.293352094644874 ], [ 103.800499268342861, 1.29334959962733 ], [ 103.800496696458211, 1.293352874933293 ], [ 103.800468124718222, 1.293356780360348 ], [ 103.800264718115471, 1.29303170881486 ], [ 103.800259594985306, 1.292976155797279 ] ], [ [ 103.800859899986719, 1.293144100001453 ], [ 103.800934958978615, 1.29313316308064 ], [ 103.800935994145647, 1.293135265217347 ], [ 103.800859899986719, 1.293144100001453 ] ], [ [ 103.800952467032019, 1.293168717073568 ], [ 103.800952847605274, 1.293169489911454 ], [ 103.800863900005197, 1.29317899999881 ], [ 103.800952467032019, 1.293168717073568 ] ], [ [ 103.800661748275189, 1.293278296869031 ], [ 103.800661771356971, 1.293278294651828 ], [ 103.800663041407986, 1.293286248302621 ], [ 103.800663022050671, 1.293286250910558 ], [ 103.800661748275189, 1.293278296869031 ] ], [ [ 103.800871011140543, 1.293258194990159 ], [ 103.800871999987763, 1.293258100001182 ], [ 103.800871017114474, 1.293258232401995 ], [ 103.800871011140543, 1.293258194990159 ] ], [ [ 103.800281400000074, 1.293212600000331 ], [ 103.800381220735773, 1.29337212717531 ], [ 103.800297176776084, 1.293383676554838 ], [ 103.800281400000074, 1.293212600000331 ] ], [ [ 103.800120396053615, 1.293328218108603 ], [ 103.800066222960311, 1.29330003032577 ], [ 103.800070738865131, 1.293292848348666 ], [ 103.800119209834705, 1.293315355251483 ], [ 103.800120396053615, 1.293328218108603 ] ], [ [ 103.799689536370551, 1.293229362333522 ], [ 103.799829243707521, 1.293302056013561 ], [ 103.799827262594746, 1.293305206723302 ], [ 103.79967802028527, 1.293255365218778 ], [ 103.799689536370551, 1.293229362333522 ] ], [ [ 103.799619410656518, 1.293407857274731 ], [ 103.7997986000004, 1.293467700000562 ], [ 103.799607811142394, 1.293440417364104 ], [ 103.799610321498577, 1.293432187137259 ], [ 103.799619410656518, 1.293407857274731 ] ], [ [ 103.799580141103476, 1.293531133860457 ], [ 103.799785499999956, 1.293560500000206 ], [ 103.799584283279344, 1.293705662759256 ], [ 103.799608283278403, 1.293739362760973 ], [ 103.799809500000407, 1.293594199999175 ], [ 103.799774455691335, 1.293720332272367 ], [ 103.799712273590444, 1.293736033715578 ], [ 103.799748129023598, 1.293879877330616 ], [ 103.799785036073061, 1.293996891914312 ], [ 103.799799832835618, 1.293992164258994 ], [ 103.799816400000552, 1.294037200000509 ], [ 103.799736029742775, 1.293965450601772 ], [ 103.799711841044044, 1.293879071277753 ], [ 103.799656770555956, 1.293894693088219 ], [ 103.799631190636831, 1.293871856977275 ], [ 103.799611890637152, 1.293893756976389 ], [ 103.799623508376158, 1.293904128548802 ], [ 103.799526239040361, 1.293931720874371 ], [ 103.799527322693834, 1.293823033402828 ], [ 103.799541107475832, 1.293704949207891 ], [ 103.799570350819778, 1.293563231398509 ], [ 103.799580141103476, 1.293531133860457 ] ], [ [ 103.799750639544754, 1.294017623092561 ], [ 103.799797099999338, 1.294059099999212 ], [ 103.799759512509141, 1.294049308989621 ], [ 103.799750639544754, 1.294017623092561 ] ], [ [ 103.799766842613465, 1.294075485238568 ], [ 103.799766280706464, 1.294073478633947 ], [ 103.799791699993648, 1.294080099998944 ], [ 103.799766842613465, 1.294075485238568 ] ], [ [ 103.799856400000635, 1.293607400000401 ], [ 103.799866223406198, 1.293572043369996 ], [ 103.799871900654537, 1.293572855211226 ], [ 103.799856400000635, 1.293607400000401 ] ], [ [ 103.799845396265098, 1.294116022671629 ], [ 103.799856763648194, 1.294146923461017 ], [ 103.799787100000088, 1.294105199999982 ], [ 103.799845396265098, 1.294116022671629 ] ], [ [ 103.80112332233648, 1.29352963125982 ], [ 103.801124850899328, 1.293533057873804 ], [ 103.801350700000171, 1.293431000000436 ], [ 103.80112586285199, 1.293535296750984 ], [ 103.801293462825527, 1.293901296764617 ], [ 103.801518300019595, 1.293796999990113 ], [ 103.801295406298081, 1.293905440216697 ], [ 103.801374506286379, 1.294070140222844 ], [ 103.801597400000361, 1.293961700000535 ], [ 103.801386543264215, 1.294092268768922 ], [ 103.801544743249764, 1.294351068781129 ], [ 103.801755599999836, 1.294220500000105 ], [ 103.801549085091708, 1.294357918802544 ], [ 103.801669885083356, 1.294541818812437 ], [ 103.801876400000353, 1.294404400000506 ], [ 103.801670337292649, 1.294542504767894 ], [ 103.801878607079914, 1.294857298816086 ], [ 103.802026845230785, 1.295088078694935 ], [ 103.802073299184684, 1.295161473970568 ], [ 103.802211819806573, 1.295072660595999 ], [ 103.802211828295583, 1.295072695924207 ], [ 103.802073353728801, 1.295161560110174 ], [ 103.802123653725417, 1.295240960114009 ], [ 103.802247595746039, 1.295161421993509 ], [ 103.802263038097621, 1.295180287219119 ], [ 103.802161645407168, 1.29528741789515 ], [ 103.802263445407249, 1.295385017901564 ], [ 103.802353090263381, 1.295290299885918 ], [ 103.802359940679537, 1.295298668729633 ], [ 103.802280192707272, 1.295399690253382 ], [ 103.802524411584557, 1.295594986617438 ], [ 103.802843957008733, 1.295872229105596 ], [ 103.802934972150084, 1.295765962788325 ], [ 103.802939653686394, 1.295769552044988 ], [ 103.802854397924307, 1.295880800595411 ], [ 103.802945597927035, 1.295951600600647 ], [ 103.803040406301164, 1.295827887029376 ], [ 103.803064390675303, 1.295831936339551 ], [ 103.803000903446488, 1.295984019589767 ], [ 103.803058603450054, 1.296008419592004 ], [ 103.803127806972611, 1.295842642986975 ], [ 103.80312912219226, 1.295842865036953 ], [ 103.803139464280065, 1.295841465813098 ], [ 103.803096472902695, 1.296020931019512 ], [ 103.803133972906053, 1.296030031020999 ], [ 103.803180473316573, 1.295835917532496 ], [ 103.803190360488145, 1.295834579856756 ], [ 103.803183272592207, 1.29603681731456 ], [ 103.803267772600194, 1.296039817315412 ], [ 103.803273661916379, 1.29587177852816 ], [ 103.803291614002205, 1.295887766326958 ], [ 103.803314868839365, 1.296036961484146 ], [ 103.803349459168217, 1.296031499853782 ], [ 103.803237010018094, 1.296183252893365 ], [ 103.803224400930787, 1.296238417627534 ], [ 103.803107083664671, 1.296403902053715 ], [ 103.803037853033743, 1.296345982623535 ], [ 103.802721346942988, 1.29672921736577 ], [ 103.802843401142937, 1.296831329829528 ], [ 103.802799508372459, 1.296923864112552 ], [ 103.802566979121437, 1.297365744996605 ], [ 103.802536602751857, 1.297402711490055 ], [ 103.802514998341508, 1.297421857285094 ], [ 103.802468429191549, 1.297442520755139 ], [ 103.802402488008383, 1.2974649673299 ], [ 103.802317586957244, 1.297479964329411 ], [ 103.802248998889468, 1.297492031470299 ], [ 103.801766920050838, 1.297498852432936 ], [ 103.801770400000464, 1.297748000000505 ], [ 103.801721873286056, 1.297503661448322 ], [ 103.8011994044613, 1.297608774702717 ], [ 103.800899536224279, 1.297667989442724 ], [ 103.800919416526696, 1.297769973478121 ], [ 103.800914776198908, 1.297770040693963 ], [ 103.800891920171154, 1.297669618963463 ], [ 103.800707457857115, 1.297712148343749 ], [ 103.800698673542442, 1.297683309970248 ], [ 103.800609892931078, 1.297400797836936 ], [ 103.800484109040582, 1.297098008845795 ], [ 103.800305377144653, 1.296770821544485 ], [ 103.79988601763705, 1.295834047466077 ], [ 103.799820259036323, 1.295687135940055 ], [ 103.799715495412926, 1.295403276015478 ], [ 103.799665071573273, 1.29526245271758 ], [ 103.799645575310635, 1.295180431028965 ], [ 103.799597978452752, 1.294980144330989 ], [ 103.799589499646757, 1.294944456281468 ], [ 103.799610628673676, 1.294943542443452 ], [ 103.799600000000112, 1.294694599999183 ], [ 103.799717170424387, 1.294914098049175 ], [ 103.799794470429433, 1.294872298046102 ], [ 103.79967729999936, 1.294652799998603 ], [ 103.799841302657356, 1.294839455421259 ], [ 103.800199506102942, 1.294520632460669 ], [ 103.800317871965419, 1.294419765865766 ], [ 103.800271258559064, 1.294364354418498 ], [ 103.800273403183596, 1.294363216561412 ], [ 103.800320399278533, 1.294417582646751 ], [ 103.800394399280478, 1.294352782641799 ], [ 103.800363682296506, 1.294317248581102 ], [ 103.800364521651005, 1.294316727513425 ], [ 103.800395301849164, 1.294351988411582 ], [ 103.800507662635013, 1.294252630502971 ], [ 103.800644187992404, 1.294134084600675 ], [ 103.800717453017711, 1.294071596749083 ], [ 103.800557399999917, 1.293881500000034 ], [ 103.800724160160911, 1.294065663769346 ], [ 103.800860003046807, 1.293941058967718 ], [ 103.800975808253725, 1.293839311603305 ], [ 103.800855107119787, 1.293700147879725 ], [ 103.800864953091676, 1.293687608992652 ], [ 103.801016897547612, 1.29379292257561 ], [ 103.801035097546119, 1.29376632257427 ], [ 103.80088489325351, 1.293662215109031 ], [ 103.800887731681485, 1.29365860035824 ], [ 103.800873936223638, 1.293647626850003 ], [ 103.80105030194764, 1.293741004314942 ], [ 103.801067601945661, 1.293707904312545 ], [ 103.800898383834621, 1.29361831117801 ], [ 103.800900977425485, 1.29361656510289 ], [ 103.80089430593334, 1.293606526545358 ], [ 103.801084476787139, 1.29366725103971 ], [ 103.801113476779463, 1.293575251037463 ], [ 103.800911332040442, 1.293510703095652 ], [ 103.800910313385273, 1.293504323806981 ], [ 103.801122876536255, 1.293532980952263 ], [ 103.80112332233648, 1.29352963125982 ] ], [ [ 103.800022948560724, 1.294315638653364 ], [ 103.800023351893017, 1.294315381507117 ], [ 103.800037499989301, 1.294332199987862 ], [ 103.800022948560724, 1.294315638653364 ] ], [ [ 103.800241720189192, 1.294176160205921 ], [ 103.800241782148731, 1.294176120704085 ], [ 103.800244053874735, 1.294178723127419 ], [ 103.800244022428032, 1.29417882348526 ], [ 103.800241720189192, 1.294176160205921 ] ], [ [ 103.800228149294185, 1.294310865893819 ], [ 103.800231261642907, 1.294316808287191 ], [ 103.800157900014383, 1.294229600016858 ], [ 103.800228149294185, 1.294310865893819 ] ], [ [ 103.799652715659221, 1.296580022708831 ], [ 103.799653599013411, 1.296581214764633 ], [ 103.799648233122454, 1.296583755756747 ], [ 103.799646846663862, 1.296582693662263 ], [ 103.799652715659221, 1.296580022708831 ] ], [ [ 103.799565700000485, 1.296793000000651 ], [ 103.799591789515006, 1.296808533853039 ], [ 103.799633123560341, 1.296896954841638 ], [ 103.799565700000485, 1.296793000000651 ] ], [ [ 103.799539376187553, 1.296635304420549 ], [ 103.799534270474041, 1.296633926569567 ], [ 103.799568860928886, 1.296618184612663 ], [ 103.799571408097322, 1.296620135867883 ], [ 103.799539376187553, 1.296635304420549 ] ], [ [ 103.800834511085739, 1.298194107682829 ], [ 103.800998684554273, 1.298156256072001 ], [ 103.80104178809529, 1.298147744452087 ], [ 103.801046572997095, 1.298179251373212 ], [ 103.801071779197514, 1.298381309330167 ], [ 103.801082717431527, 1.298440304095515 ], [ 103.801117259016081, 1.298539323331451 ], [ 103.801230897411699, 1.298658722874361 ], [ 103.801458728809578, 1.298911489885383 ], [ 103.801614413722675, 1.298978348436546 ], [ 103.801750412599134, 1.298928963372018 ], [ 103.801523360350728, 1.299128072382837 ], [ 103.801303917204166, 1.299309572259949 ], [ 103.801118468289033, 1.299417977469372 ], [ 103.800930858002715, 1.298611432213362 ], [ 103.80089442841907, 1.298454635359309 ], [ 103.800864891288995, 1.298326208768418 ], [ 103.800834511085739, 1.298194107682829 ] ], [ [ 103.802361977558135, 1.297735058953404 ], [ 103.802360300000387, 1.297725400000453 ], [ 103.802361984199294, 1.2977350585212 ], [ 103.802361977558135, 1.297735058953404 ] ], [ [ 103.80246757729509, 1.29772818849063 ], [ 103.802463900000319, 1.297707100000331 ], [ 103.802470913537078, 1.297727971429808 ], [ 103.80246757729509, 1.29772818849063 ] ], [ [ 103.802531025220887, 1.297906856448213 ], [ 103.802536069658402, 1.297921868076645 ], [ 103.802531713636341, 1.297917225394795 ], [ 103.802531025220887, 1.297906856448213 ] ], [ [ 103.802493014348187, 1.298090849819272 ], [ 103.802508965928084, 1.298089776997146 ], [ 103.802593011155935, 1.298166004833308 ], [ 103.802601730957036, 1.298156265833961 ], [ 103.802683275799211, 1.298078761497572 ], [ 103.802552925351293, 1.2979398330038 ], [ 103.802637517028259, 1.297911037745505 ], [ 103.802558200000036, 1.297675000000406 ], [ 103.802658068586396, 1.297902998705325 ], [ 103.802749568592517, 1.297862398702383 ], [ 103.802649699999392, 1.297634399998155 ], [ 103.80281295287638, 1.297821720237561 ], [ 103.802836852876865, 1.297800620236194 ], [ 103.802673600118908, 1.297613300135763 ], [ 103.802837202456473, 1.297800311025487 ], [ 103.802878502456963, 1.297763711022662 ], [ 103.8027149, 1.297576699999899 ], [ 103.802892458263514, 1.29772450083903 ], [ 103.802973966991871, 1.297825990333143 ], [ 103.802767579270494, 1.298012997316068 ], [ 103.802450018965246, 1.298300607062578 ], [ 103.80246539639019, 1.298285824096763 ], [ 103.802576868535638, 1.298182433923325 ], [ 103.802493014348187, 1.298090849819272 ] ], [ [ 103.802773900000233, 1.297504899999919 ], [ 103.802992677827561, 1.297621522984708 ], [ 103.803148489952122, 1.29732542941945 ], [ 103.803225630414147, 1.297417566211972 ], [ 103.802955140386572, 1.29765576586271 ], [ 103.802773900000233, 1.297504899999919 ] ], [ [ 103.803880519851589, 1.296867364842253 ], [ 103.804047206333308, 1.296831238120331 ], [ 103.803944328899462, 1.29692038461339 ], [ 103.803915700928073, 1.296901549507289 ], [ 103.803880519851589, 1.296867364842253 ] ], [ [ 103.804074317517461, 1.29680286520953 ], [ 103.803863299999875, 1.2968485999999 ], [ 103.804056183925283, 1.296692398279326 ], [ 103.803999983923404, 1.296622098282876 ], [ 103.803807100000071, 1.296778300000175 ], [ 103.803996517301641, 1.296617858431483 ], [ 103.803966917300713, 1.296582458433473 ], [ 103.80377750000001, 1.2967429 ], [ 103.803861946545993, 1.2965086717635 ], [ 103.80385044654669, 1.296504471764489 ], [ 103.803765999999797, 1.29673870000059 ], [ 103.803641861389153, 1.296532241121746 ], [ 103.803668707156802, 1.296520427144382 ], [ 103.803706027346777, 1.296473030502725 ], [ 103.803806227168323, 1.296555951760108 ], [ 103.803865940102767, 1.296482858329466 ], [ 103.803890252335989, 1.296453165518101 ], [ 103.803744352251556, 1.296332150866332 ], [ 103.803744368249482, 1.296332129277526 ], [ 103.803890324241166, 1.296453077658103 ], [ 103.803939324240176, 1.296393177654436 ], [ 103.803833885619611, 1.296305804537778 ], [ 103.803833938172659, 1.296305731976691 ], [ 103.803939450451395, 1.296393023241967 ], [ 103.804094050446722, 1.296203723230233 ], [ 103.803976473368763, 1.296106450650359 ], [ 103.804009394198815, 1.296037726507561 ], [ 103.804011686153231, 1.29602460270828 ], [ 103.804501796131447, 1.296301967084966 ], [ 103.804352907557629, 1.296480192201134 ], [ 103.804074317517461, 1.29680286520953 ] ], [ [ 103.804970075315623, 1.295665110095268 ], [ 103.804816126432428, 1.295576442385958 ], [ 103.804745263009707, 1.295701078035235 ], [ 103.804673373200416, 1.295827346020836 ], [ 103.804336306627505, 1.295636592397882 ], [ 103.804378933134345, 1.295605418701392 ], [ 103.80443603703786, 1.2955745535126 ], [ 103.80448045520771, 1.295557719498853 ], [ 103.804691037662408, 1.295508651741785 ], [ 103.804635199999481, 1.295265899998984 ], [ 103.804717699775793, 1.295500829973796 ], [ 103.804894972234678, 1.295437768386348 ], [ 103.804816126888895, 1.295576441583792 ], [ 103.804970075447713, 1.295665109870083 ], [ 103.804970075315623, 1.295665110095268 ] ], [ [ 103.805563334793803, 1.294657711947429 ], [ 103.805530589515158, 1.294639616385665 ], [ 103.805531813489139, 1.294637364804101 ], [ 103.805564077124473, 1.294656532515682 ], [ 103.805563334793803, 1.294657711947429 ] ], [ [ 103.805799433749272, 1.294288002327093 ], [ 103.805624299166922, 1.294183955488312 ], [ 103.805624041954161, 1.294180181202451 ], [ 103.805799634607553, 1.294287688341989 ], [ 103.805799433749272, 1.294288002327093 ] ], [ [ 103.805816827282698, 1.29426081243486 ], [ 103.805803567008596, 1.294252693791511 ], [ 103.805804657032979, 1.294250424497256 ], [ 103.805817679786912, 1.294259479784949 ], [ 103.805816827282698, 1.29426081243486 ] ], [ [ 103.80552903828729, 1.294314204702299 ], [ 103.805521175021042, 1.294327612441337 ], [ 103.805385699999718, 1.294324099999766 ], [ 103.80552903828729, 1.294314204702299 ] ], [ [ 103.805384299999375, 1.294378799999599 ], [ 103.805489554504149, 1.294381528918684 ], [ 103.805470678606312, 1.294413714411607 ], [ 103.805384299999375, 1.294378799999599 ] ], [ [ 103.80492390000029, 1.295163200000281 ], [ 103.804994648169981, 1.295262458320459 ], [ 103.804972460291168, 1.295301482371726 ], [ 103.80492390000029, 1.295163200000281 ] ], [ [ 103.804953400000684, 1.295141900000498 ], [ 103.805021921839071, 1.295214489379442 ], [ 103.805014474947612, 1.295227586974004 ], [ 103.804953400000684, 1.295141900000498 ] ], [ [ 103.805054606589465, 1.295157001527432 ], [ 103.804999099999023, 1.295098199998965 ], [ 103.805066831354225, 1.29513549784478 ], [ 103.805054606589465, 1.295157001527432 ] ], [ [ 103.805443117062907, 1.294460709886824 ], [ 103.805368099995604, 1.294419399997679 ], [ 103.805448326265022, 1.294451827622228 ], [ 103.805443117062907, 1.294460709886824 ] ], [ [ 103.803373259461111, 1.295028184845721 ], [ 103.803261116101979, 1.29511511409958 ], [ 103.803224060582551, 1.295083899565801 ], [ 103.803159676658254, 1.295021955626698 ], [ 103.803194866495829, 1.295021600337843 ], [ 103.803194948651509, 1.295029960004972 ], [ 103.803373259461111, 1.295028184845721 ] ], [ [ 103.80220279107597, 1.294373004075023 ], [ 103.80220620109003, 1.294391742278081 ], [ 103.802171464328708, 1.294400818725844 ], [ 103.802157141280972, 1.29437916983917 ], [ 103.80220279107597, 1.294373004075023 ] ], [ [ 103.802192976617889, 1.294648635371176 ], [ 103.802193803988047, 1.294650193165888 ], [ 103.80208560000024, 1.294720600000014 ], [ 103.802192976617889, 1.294648635371176 ] ], [ [ 103.803644485883495, 1.295446953942174 ], [ 103.803651311628499, 1.295441662884955 ], [ 103.803652419444958, 1.295462610955614 ], [ 103.803645294389796, 1.295455931620912 ], [ 103.803644485883495, 1.295446953942174 ] ], [ [ 103.803377977415252, 1.295992213461838 ], [ 103.803372860778296, 1.29595938685761 ], [ 103.80339066652121, 1.295974701917872 ], [ 103.803377977415252, 1.295992213461838 ] ], [ [ 103.803108372393979, 1.296822005066298 ], [ 103.803108958050757, 1.296821295935653 ], [ 103.803119600000073, 1.296827399999787 ], [ 103.803108372393979, 1.296822005066298 ] ], [ [ 103.803438971188768, 1.296793740321966 ], [ 103.803460917256487, 1.296762783817184 ], [ 103.803576959802555, 1.296875539800196 ], [ 103.803594119560813, 1.296897577530565 ], [ 103.803501383014591, 1.296855388024303 ], [ 103.803438971188768, 1.296793740321966 ] ], [ [ 103.803588165668458, 1.296583290770846 ], [ 103.803616418887714, 1.296543437566335 ], [ 103.803629977381945, 1.296537470899951 ], [ 103.803754999999867, 1.296745400000078 ], [ 103.803706092730138, 1.296697877891766 ], [ 103.803702589952607, 1.296693379385821 ], [ 103.803701967991103, 1.296693869973738 ], [ 103.803588165668458, 1.296583290770846 ] ], [ [ 103.803492692358901, 1.296905217787751 ], [ 103.803515435743137, 1.296881893208525 ], [ 103.803523380638524, 1.29688550765411 ], [ 103.803497892831672, 1.296909934450502 ], [ 103.803496217064165, 1.296908970587663 ], [ 103.803492692358901, 1.296905217787751 ] ], [ [ 103.803537469908136, 1.296891917418157 ], [ 103.803597, 1.296919000000143 ], [ 103.80357300441716, 1.296929477362914 ], [ 103.803537469908136, 1.296891917418157 ] ], [ [ 103.80360449999958, 1.296936400000564 ], [ 103.803591857715546, 1.296949405282034 ], [ 103.803586846328074, 1.29694410824928 ], [ 103.80360449999958, 1.296936400000564 ] ], [ [ 103.806119554389298, 1.294708145008232 ], [ 103.806119561074567, 1.294708134557465 ], [ 103.806150099999968, 1.294727699999809 ], [ 103.806119554389298, 1.294708145008232 ] ], [ [ 103.805580904185987, 1.296107260835228 ], [ 103.805579084671336, 1.296094214671224 ], [ 103.805597240392899, 1.2960660579143 ], [ 103.805616835665262, 1.296103276646342 ], [ 103.805580904185987, 1.296107260835228 ] ], [ [ 103.805693099999672, 1.29634549999783 ], [ 103.805791497476392, 1.296574145721391 ], [ 103.805836220312884, 1.296554649111921 ], [ 103.805796308904519, 1.29659237912612 ], [ 103.805877640181095, 1.29667953095195 ], [ 103.805875018877259, 1.296689469595004 ], [ 103.805890866365857, 1.2966937036798 ], [ 103.805922699077414, 1.296727814526267 ], [ 103.805917499217202, 1.296735506398142 ], [ 103.805771710136369, 1.296619318891536 ], [ 103.805738542436558, 1.296661477831736 ], [ 103.805702275611509, 1.296707535696103 ], [ 103.805854385662286, 1.296828866869096 ], [ 103.805845051057659, 1.296842675043563 ], [ 103.805664913191706, 1.296773694140799 ], [ 103.805642528750056, 1.296832909054667 ], [ 103.805453617639586, 1.296613463038021 ], [ 103.805530600000139, 1.296393200000123 ], [ 103.805616553546528, 1.29654681276056 ], [ 103.805622810388655, 1.296603973689125 ], [ 103.805647034787839, 1.296601287616397 ], [ 103.80565208325379, 1.296610310033128 ], [ 103.805673099750834, 1.296598397456693 ], [ 103.805720210397396, 1.296593173688027 ], [ 103.805693099999672, 1.29634549999783 ] ], [ [ 103.80559570000031, 1.296356300000815 ], [ 103.805563567248583, 1.296298873621508 ], [ 103.805577444537619, 1.296259167714716 ], [ 103.805584951794557, 1.296258107086212 ], [ 103.80559570000031, 1.296356300000815 ] ], [ [ 103.805265304062416, 1.296563412207709 ], [ 103.805405067466438, 1.296612894747484 ], [ 103.805023628092314, 1.296951233604278 ], [ 103.805101289508599, 1.297039684053921 ], [ 103.804890149756005, 1.297218221319075 ], [ 103.805049399999987, 1.297409000000648 ], [ 103.804859404823191, 1.29724925203408 ], [ 103.804717804819887, 1.297419852023553 ], [ 103.804816619581928, 1.29750293549514 ], [ 103.804908804098602, 1.29766236938556 ], [ 103.804888307975446, 1.297698914352471 ], [ 103.804950297749642, 1.297734132993661 ], [ 103.804997320800567, 1.297815459739609 ], [ 103.80503232080315, 1.29779495973792 ], [ 103.805020071088748, 1.297773773758785 ], [ 103.805103900000503, 1.297821400000524 ], [ 103.804856675110685, 1.297808276589014 ], [ 103.804855475108539, 1.297831176588309 ], [ 103.805102700000589, 1.297844299999983 ], [ 103.804855416946268, 1.297832338046963 ], [ 103.804852016939336, 1.297903538046647 ], [ 103.805099300000535, 1.297915500000147 ], [ 103.80485437759792, 1.297951833466548 ], [ 103.804864123300405, 1.298018382736037 ], [ 103.80483962830985, 1.298105151029991 ], [ 103.804835797218161, 1.298109414542499 ], [ 103.804774711664592, 1.29816505150685 ], [ 103.804734548587803, 1.298194773464466 ], [ 103.804635157076675, 1.298250703137906 ], [ 103.804509904565577, 1.298320617349622 ], [ 103.804487378706568, 1.298312548385423 ], [ 103.804440338484042, 1.298295575108967 ], [ 103.80433638320342, 1.298293039614685 ], [ 103.804236808899773, 1.298323123765857 ], [ 103.804150891447875, 1.298383821664962 ], [ 103.804087922698258, 1.298469806568742 ], [ 103.804054269598311, 1.298577496456795 ], [ 103.804056108691825, 1.298615410157493 ], [ 103.804035776869739, 1.298631602999848 ], [ 103.804058282723716, 1.298660228745304 ], [ 103.804059227118799, 1.298679697857034 ], [ 103.804024867693144, 1.298640817120682 ], [ 103.803831167696814, 1.298814217107757 ], [ 103.80395550159416, 1.298954911942203 ], [ 103.803897797867606, 1.299002395660743 ], [ 103.803940670749881, 1.299055173281001 ], [ 103.803936565214812, 1.299059259717837 ], [ 103.803891736473574, 1.299007548807098 ], [ 103.803815868539488, 1.299074174318831 ], [ 103.803448248024651, 1.298646089927854 ], [ 103.803055262298983, 1.298992942169467 ], [ 103.802973095195682, 1.29889789917591 ], [ 103.80324641532701, 1.298644225849304 ], [ 103.803336008356482, 1.298562733274929 ], [ 103.804042447716853, 1.297938010000955 ], [ 103.804471801259069, 1.297546297552543 ], [ 103.804591684776256, 1.297418780187916 ], [ 103.80473906007991, 1.297254995652489 ], [ 103.804817082583298, 1.297164286555067 ], [ 103.804920483065445, 1.297036589775012 ], [ 103.804948521310664, 1.297008921424936 ], [ 103.804786468074752, 1.296842567141724 ], [ 103.804788614039452, 1.29684004323429 ], [ 103.804980889276351, 1.296969667845099 ], [ 103.805053777339623, 1.296860145925189 ], [ 103.805151840322125, 1.296729491126586 ], [ 103.804988319905448, 1.29660516554662 ], [ 103.804989598871558, 1.296603661330293 ], [ 103.805158477908094, 1.296720212295955 ], [ 103.805265304062416, 1.296563412207709 ] ], [ [ 103.803920037619065, 1.296932092608408 ], [ 103.803926165143523, 1.296936124070222 ], [ 103.803905528276232, 1.296954006555647 ], [ 103.803902611131392, 1.296950260159071 ], [ 103.803920037619065, 1.296932092608408 ] ], [ [ 103.803675476744814, 1.297090345056574 ], [ 103.803670314868469, 1.297094334751605 ], [ 103.803659404802374, 1.297082718665129 ], [ 103.803660499199879, 1.297081730317755 ], [ 103.803675476744814, 1.297090345056574 ] ], [ [ 103.803623545171817, 1.297115103406046 ], [ 103.803631914856737, 1.297124014715854 ], [ 103.803631870308323, 1.297124049147205 ], [ 103.803623535763961, 1.297115111902442 ], [ 103.803623545171817, 1.297115103406046 ] ], [ [ 103.802685800000617, 1.298825600000456 ], [ 103.802685799999722, 1.298825600000456 ], [ 103.802666538555101, 1.298804584492483 ], [ 103.802666538017874, 1.298804576452675 ], [ 103.802685800000617, 1.298825600000456 ] ], [ [ 103.803341343251986, 1.297894637006211 ], [ 103.803313600000465, 1.297861500000195 ], [ 103.803342018458324, 1.297894039903862 ], [ 103.803341343251986, 1.297894637006211 ] ], [ [ 103.80204052812681, 1.297993374757167 ], [ 103.802041261373816, 1.298004418985356 ], [ 103.801967121806356, 1.298075692452375 ], [ 103.801893541552971, 1.297995454475265 ], [ 103.80204052812681, 1.297993374757167 ] ], [ [ 103.801951300000681, 1.298431800000461 ], [ 103.802103631518477, 1.298614325008713 ], [ 103.802103280628501, 1.298614642804429 ], [ 103.801951300000681, 1.298431800000461 ] ], [ [ 103.800342973426467, 1.299335811960457 ], [ 103.800395745470908, 1.299325343903555 ], [ 103.800395720561198, 1.299325363923149 ], [ 103.800342914585755, 1.299335843985044 ], [ 103.800342973426467, 1.299335811960457 ] ], [ [ 103.800481100016057, 1.30037410001881 ], [ 103.800536171362353, 1.30043560134308 ], [ 103.800536588019554, 1.300437613180946 ], [ 103.800481100016057, 1.30037410001881 ] ], [ [ 103.800580491061183, 1.300485095683303 ], [ 103.800583255122945, 1.300488182468784 ], [ 103.800581180105908, 1.30048865455983 ], [ 103.800578445778456, 1.30048552477129 ], [ 103.800580491061183, 1.300485095683303 ] ], [ [ 103.796880019065824, 1.301173841522439 ], [ 103.796860771099304, 1.301162681845323 ], [ 103.79686080583248, 1.301162501094996 ], [ 103.79688012192473, 1.30117367186423 ], [ 103.796880019065824, 1.301173841522439 ] ], [ [ 103.796928127802744, 1.301094489722732 ], [ 103.796879300915862, 1.301066252442155 ], [ 103.796879435020273, 1.301065554558595 ], [ 103.796928632513143, 1.301093657240731 ], [ 103.796928127802744, 1.301094489722732 ] ], [ [ 103.796794552929015, 1.30045492103532 ], [ 103.79655511562207, 1.300879534969856 ], [ 103.796509610857598, 1.300959242649956 ], [ 103.796474078836383, 1.301021323866918 ], [ 103.796688599999925, 1.301145700000288 ], [ 103.796474005212218, 1.301021452591285 ], [ 103.796411305206263, 1.301131152585859 ], [ 103.796542387763424, 1.301207047574382 ], [ 103.796539890598481, 1.301211874216647 ], [ 103.796404716198097, 1.301143468062706 ], [ 103.79629311547842, 1.301366863046366 ], [ 103.796241395513732, 1.301455221830464 ], [ 103.796372558489765, 1.301532994474602 ], [ 103.796372536513445, 1.301533035943013 ], [ 103.79624133404181, 1.301455326907677 ], [ 103.796126047540753, 1.301652503792712 ], [ 103.795973560099199, 1.301913182288486 ], [ 103.796186900000279, 1.302039600000197 ], [ 103.79594337505246, 1.301994747382694 ], [ 103.795927375044471, 1.302082747380725 ], [ 103.79609546378714, 1.302113706101405 ], [ 103.796037814964237, 1.302139689980925 ], [ 103.796038392949868, 1.302140988985372 ], [ 103.796038373136, 1.30214099098734 ], [ 103.796037797619491, 1.302139697798898 ], [ 103.796033934176762, 1.302141439515029 ], [ 103.795924569355549, 1.302152490121235 ], [ 103.795924587333687, 1.302152670356845 ], [ 103.795253660998924, 1.301856065020423 ], [ 103.795154100007579, 1.302084199981055 ], [ 103.795248960550964, 1.301854045025352 ], [ 103.794969264260558, 1.301737267574389 ], [ 103.794971284629455, 1.301733740019109 ], [ 103.794756800738512, 1.30160930042817 ], [ 103.794971317178323, 1.301733683170345 ], [ 103.795141317162418, 1.301436683155375 ], [ 103.794926799999914, 1.301312300000181 ], [ 103.79515161018432, 1.301416657084406 ], [ 103.795457810139567, 1.300748457056909 ], [ 103.795233000000124, 1.300644100000063 ], [ 103.795464367358051, 1.30073275815069 ], [ 103.795634667324066, 1.300282558133728 ], [ 103.795403308846389, 1.300193903390124 ], [ 103.795634668811218, 1.300282554201573 ], [ 103.795803068777801, 1.299837354185973 ], [ 103.795571699996117, 1.299748699998352 ], [ 103.795810776337035, 1.299813402839424 ], [ 103.796046936875371, 1.298929451158586 ], [ 103.796072007460253, 1.298926088030473 ], [ 103.796063996757994, 1.298865595791585 ], [ 103.796064779555309, 1.298862665769457 ], [ 103.796073553305746, 1.298925875669709 ], [ 103.796147975269236, 1.298915411389468 ], [ 103.796163308924918, 1.298915089666283 ], [ 103.796166535619321, 1.299469060731046 ], [ 103.796661664381375, 1.299466139244629 ], [ 103.796661492150633, 1.299436571081544 ], [ 103.796715300000102, 1.299432300000354 ], [ 103.796700384708316, 1.299681019544122 ], [ 103.796721784710002, 1.299682319545003 ], [ 103.796736699999713, 1.299433600000147 ], [ 103.796736173753303, 1.299682771604364 ], [ 103.79706337378606, 1.29968347160525 ], [ 103.797063711606995, 1.299523507274497 ], [ 103.797077544161311, 1.299523371781653 ], [ 103.797101622906666, 1.299680562579771 ], [ 103.797113222907441, 1.299678762579575 ], [ 103.797077987726297, 1.299448740369874 ], [ 103.797077833152045, 1.299432754746186 ], [ 103.797144811029426, 1.299440067739384 ], [ 103.797112248212542, 1.299733465080995 ], [ 103.797149220476726, 1.299749805168792 ], [ 103.79714331800318, 1.299763601833431 ], [ 103.797068261512621, 1.299910104477974 ], [ 103.7972883000227, 1.300024300012058 ], [ 103.797067367100226, 1.299911867436154 ], [ 103.796794552929015, 1.30045492103532 ] ], [ [ 103.797332175002254, 1.298409792059988 ], [ 103.796703802124668, 1.298411028137614 ], [ 103.796655123657033, 1.298411089912663 ], [ 103.796653061604857, 1.298133139536441 ], [ 103.796326581982285, 1.298135593075724 ], [ 103.796533839832364, 1.297675381580517 ], [ 103.796905428205989, 1.29721604221672 ], [ 103.797027107561576, 1.297326069628818 ], [ 103.796961866711399, 1.297395791619173 ], [ 103.797123066712388, 1.297548591630547 ], [ 103.797191874065788, 1.297475058162993 ], [ 103.797212960737426, 1.297494125582763 ], [ 103.797269508086146, 1.297430777002598 ], [ 103.797311377390429, 1.297385715862913 ], [ 103.797372552653059, 1.297321481836088 ], [ 103.797591700002485, 1.297356700000332 ], [ 103.797344156777513, 1.297353144135784 ], [ 103.797336905815541, 1.297864482432315 ], [ 103.797335850440319, 1.297889723424177 ], [ 103.797462255431455, 1.297895077354575 ], [ 103.797460724520974, 1.297899336619772 ], [ 103.797335637586556, 1.297898454823864 ], [ 103.797334637573087, 1.298042154823471 ], [ 103.797462820046462, 1.298043058440913 ], [ 103.797462822812633, 1.298043089987 ], [ 103.797334637126468, 1.298042220198176 ], [ 103.797332175002254, 1.298409792059988 ] ], [ [ 103.797489362103747, 1.297110169794934 ], [ 103.79748758961594, 1.297109886503671 ], [ 103.797487600916327, 1.297109801148993 ], [ 103.797489372033851, 1.297110085327418 ], [ 103.797489362103747, 1.297110169794934 ] ], [ [ 103.79750050605827, 1.296736397105961 ], [ 103.797425299517315, 1.296726310899934 ], [ 103.797392600000279, 1.296973299997378 ], [ 103.79738436616239, 1.296724265674343 ], [ 103.797363466164015, 1.296724965674866 ], [ 103.797371699999857, 1.296974000000623 ], [ 103.797276447701378, 1.296773299936675 ], [ 103.797390576392928, 1.296639676593657 ], [ 103.79764988135797, 1.296352737502348 ], [ 103.798086875229671, 1.295871065293456 ], [ 103.798157560044999, 1.295973487301942 ], [ 103.797995222325042, 1.296061568349642 ], [ 103.798112700000928, 1.296280900001473 ], [ 103.797960910520331, 1.296084056829292 ], [ 103.797815610525319, 1.296197556821277 ], [ 103.797967399999166, 1.296394399999209 ], [ 103.797766830801706, 1.296248332013262 ], [ 103.797649430796241, 1.296411632003831 ], [ 103.797850000001119, 1.296557700000927 ], [ 103.797629138986636, 1.296445125047151 ], [ 103.797486238968929, 1.296729125034068 ], [ 103.79750050605827, 1.296736397105961 ] ], [ [ 103.798169447806472, 1.295990712618669 ], [ 103.798241024682724, 1.296094427209594 ], [ 103.798277100000064, 1.296191700000434 ], [ 103.798169447806472, 1.295990712618669 ] ], [ [ 103.797707100001915, 1.296841700000647 ], [ 103.797668223799874, 1.296827305042048 ], [ 103.797668824985521, 1.296822190863958 ], [ 103.797707100001915, 1.296841700000647 ] ], [ [ 103.797093784046467, 1.296372696873509 ], [ 103.797097726266045, 1.296376305741336 ], [ 103.797094707480468, 1.296379087319129 ], [ 103.797089341723819, 1.296374444813446 ], [ 103.797093784046467, 1.296372696873509 ] ], [ [ 103.796127177626431, 1.29865923437895 ], [ 103.796127996891059, 1.298656793775952 ], [ 103.796128200000197, 1.298666599999885 ], [ 103.796127177626431, 1.29865923437895 ] ], [ [ 103.79662539776379, 1.298659076746137 ], [ 103.796625398467356, 1.298659076740721 ], [ 103.796625398904396, 1.298659425496284 ], [ 103.796625398401218, 1.29865942549899 ], [ 103.79662539776379, 1.298659076746137 ] ], [ [ 103.796978326369086, 1.298908833429707 ], [ 103.797268022961973, 1.29890826355502 ], [ 103.797136067468003, 1.298910265293536 ], [ 103.797142084461484, 1.299116515174431 ], [ 103.797074776095897, 1.299116601702458 ], [ 103.797074474647317, 1.299085426645065 ], [ 103.797084862851463, 1.299085497891677 ], [ 103.797085862837449, 1.298937797890825 ], [ 103.796978007256499, 1.29893705817484 ], [ 103.796978326369086, 1.298908833429707 ] ], [ [ 103.796661314742707, 1.299406113882737 ], [ 103.796713199999331, 1.2994055000005 ], [ 103.796661335146666, 1.299409616853479 ], [ 103.796661314742707, 1.299406113882737 ] ], [ [ 103.797147560179113, 1.299415297363055 ], [ 103.797146663844984, 1.299423373505305 ], [ 103.797077669597499, 1.299415840354366 ], [ 103.797077669182087, 1.299415797359057 ], [ 103.797147560179113, 1.299415297363055 ] ], [ [ 103.796960477373872, 1.297147993109617 ], [ 103.796962627548126, 1.297145335168725 ], [ 103.797086832534589, 1.297262242374064 ], [ 103.797086829394118, 1.29726224573102 ], [ 103.796960477373872, 1.297147993109617 ] ], [ [ 103.797003951909915, 1.297094251996804 ], [ 103.797005315794962, 1.297092566029403 ], [ 103.797131599999787, 1.297214399999699 ], [ 103.797003951909915, 1.297094251996804 ] ], [ [ 103.797211325081321, 1.296849546331029 ], [ 103.797260026459611, 1.296792526136376 ], [ 103.7973509, 1.296984 ], [ 103.797211325081321, 1.296849546331029 ] ], [ [ 103.79365452004005, 1.296380301948826 ], [ 103.793719100000018, 1.296408799999917 ], [ 103.793657610217977, 1.296396317303625 ], [ 103.79365452004005, 1.296380301948826 ] ], [ [ 103.793689000000199, 1.296558999999692 ], [ 103.793758064009566, 1.296573020294915 ], [ 103.793758720235886, 1.296575786068359 ], [ 103.793689000000199, 1.296559000000596 ], [ 103.793689000000199, 1.296558999999692 ] ], [ [ 103.793735943043757, 1.297787353821106 ], [ 103.793759700009147, 1.29778169999744 ], [ 103.793735965770111, 1.297787618572393 ], [ 103.793735943043757, 1.297787353821106 ] ], [ [ 103.79387258661761, 1.297968268175238 ], [ 103.793874840197347, 1.297967706203188 ], [ 103.79381500383306, 1.297992259804636 ], [ 103.793814998085224, 1.297992251178716 ], [ 103.79387258661761, 1.297968268175238 ] ], [ [ 103.793459783108034, 1.298520961362448 ], [ 103.793527645322683, 1.298514131403036 ], [ 103.79358206772136, 1.298624046635843 ], [ 103.793654753310946, 1.298804414623239 ], [ 103.793682038061689, 1.298965908803307 ], [ 103.793684858146904, 1.299039299983395 ], [ 103.793674360528314, 1.299145976382208 ], [ 103.793651333001534, 1.299231644237734 ], [ 103.793612615287259, 1.2993177357765 ], [ 103.793503884622822, 1.299466271029331 ], [ 103.793478195223813, 1.299490675957157 ], [ 103.793457065930426, 1.299488364265573 ], [ 103.793267214731486, 1.299423231606435 ], [ 103.793187718423624, 1.299387979045046 ], [ 103.793186208353319, 1.299391428584852 ], [ 103.793186196403809, 1.299391413647271 ], [ 103.793187702702809, 1.299387972073952 ], [ 103.79318110188332, 1.299385045497044 ], [ 103.793163763636386, 1.29936337269036 ], [ 103.793133308798247, 1.299303341002713 ], [ 103.793074827446333, 1.299057301070482 ], [ 103.79304008834194, 1.298858357131107 ], [ 103.793032760428062, 1.298696320018235 ], [ 103.793038961402814, 1.298637032598027 ], [ 103.793118141249167, 1.298637566565746 ], [ 103.793119799999786, 1.298388399998222 ], [ 103.793185076333202, 1.298628754706681 ], [ 103.7932955763428, 1.298598354704637 ], [ 103.793230300000459, 1.298358000000498 ], [ 103.793341218747457, 1.29858076421372 ], [ 103.793459783108034, 1.298520961362448 ] ], [ [ 103.792135251356555, 1.299655421403495 ], [ 103.79213912502226, 1.299652362530788 ], [ 103.792139900000592, 1.29967140000012 ], [ 103.792135251356555, 1.299655421403495 ] ], [ [ 103.792242675457643, 1.299570593057757 ], [ 103.792251486349159, 1.299563635462293 ], [ 103.792246599999757, 1.29966699999511 ], [ 103.792242675457643, 1.299570593057757 ] ], [ [ 103.792658800000467, 1.299743399999981 ], [ 103.792719223327737, 1.299582974245027 ], [ 103.792728705718545, 1.299601665661732 ], [ 103.792658800000467, 1.299743399999981 ] ], [ [ 103.792842860921027, 1.299557177523742 ], [ 103.792954899997028, 1.29949960000211 ], [ 103.792868218177247, 1.299569846675935 ], [ 103.792842860921027, 1.299557177523742 ] ], [ [ 103.793026099999906, 1.299588600000356 ], [ 103.793004505292672, 1.299637939299785 ], [ 103.79298020112914, 1.299625796301664 ], [ 103.793026099999906, 1.299588600000356 ] ], [ [ 103.793140452263657, 1.29949592927204 ], [ 103.793140467584038, 1.299495916857169 ], [ 103.79308789894732, 1.299616002404089 ], [ 103.793140452263657, 1.29949592927204 ] ], [ [ 103.793158856398549, 1.299697503337719 ], [ 103.793177200001892, 1.299655599995153 ], [ 103.793162547178966, 1.299698865671912 ], [ 103.793158856398549, 1.299697503337719 ] ], [ [ 103.793575161718081, 1.299982223015063 ], [ 103.793705316974538, 1.300154921064569 ], [ 103.793835241660105, 1.300055729761218 ], [ 103.793826637439565, 1.300076293844563 ], [ 103.793980725048442, 1.300141603512265 ], [ 103.793972193299666, 1.300146814350694 ], [ 103.793818666066429, 1.300098147462257 ], [ 103.793795666060603, 1.300171647460459 ], [ 103.794031800000681, 1.300246500000418 ], [ 103.793784679688315, 1.300261489913741 ], [ 103.793790538839417, 1.300359337901377 ], [ 103.793739778025937, 1.300305918303307 ], [ 103.79363365958794, 1.300190350981758 ], [ 103.793565093366297, 1.299984588802588 ], [ 103.793575161718081, 1.299982223015063 ] ], [ [ 103.793311200000417, 1.300206299999981 ], [ 103.79329963283773, 1.300217059449599 ], [ 103.793300555937321, 1.300212369242418 ], [ 103.793311200000417, 1.300206299999981 ] ], [ [ 103.793184717098541, 1.300128227739161 ], [ 103.793153999252311, 1.300145743047494 ], [ 103.793163847217883, 1.300118716611613 ], [ 103.793188083612407, 1.300111122713738 ], [ 103.793184717098541, 1.300128227739161 ] ], [ [ 103.793799390516767, 1.299870817604091 ], [ 103.793881131697745, 1.299955080171535 ], [ 103.793895384420992, 1.299987943727731 ], [ 103.793869612914861, 1.29997640193744 ], [ 103.79386845230465, 1.299979027125893 ], [ 103.793747055159741, 1.299817949891645 ], [ 103.793797933362043, 1.299872201901052 ], [ 103.793799390516767, 1.299870817604091 ] ], [ [ 103.794228999999646, 1.300102300001203 ], [ 103.794218116355566, 1.300114674145522 ], [ 103.79421624314071, 1.300110091362708 ], [ 103.794228999999646, 1.300102300001203 ] ], [ [ 103.794091596629315, 1.300073887743386 ], [ 103.794089773695589, 1.300075001115198 ], [ 103.794072436033659, 1.300067236430831 ], [ 103.794080403478389, 1.300063736092068 ], [ 103.794091596629315, 1.300073887743386 ] ], [ [ 103.794008294811078, 1.300095415602364 ], [ 103.794036019337668, 1.300107832051851 ], [ 103.794035119614435, 1.300108381565857 ], [ 103.794006445440473, 1.300096228086176 ], [ 103.794008294811078, 1.300095415602364 ] ], [ [ 103.793926012638906, 1.300058565467107 ], [ 103.793927910358832, 1.300062941180862 ], [ 103.793862249147452, 1.300035110830104 ], [ 103.793866461053398, 1.300031895240866 ], [ 103.793926012638906, 1.300058565467107 ] ], [ [ 103.795097097062325, 1.300008567972879 ], [ 103.795169665294566, 1.299945498174888 ], [ 103.795117400000152, 1.300086700000856 ], [ 103.795097097062325, 1.300008567972879 ] ], [ [ 103.796751391924388, 1.301962269988449 ], [ 103.796752767698166, 1.301963520339627 ], [ 103.796708400000568, 1.302034599999934 ], [ 103.796751391924388, 1.301962269988449 ] ], [ [ 103.796773400000305, 1.30207570000038 ], [ 103.796693461608598, 1.302295495004664 ], [ 103.796652541813245, 1.302269321903412 ], [ 103.796773400000305, 1.30207570000038 ] ], [ [ 103.796805699999169, 1.302087600002415 ], [ 103.796763401467274, 1.302333108355173 ], [ 103.796776241274117, 1.30233534926417 ], [ 103.796769773240584, 1.30234108524965 ], [ 103.796769629185263, 1.302340992968896 ], [ 103.79676931237691, 1.302341493952416 ], [ 103.796746649599285, 1.302361591768175 ], [ 103.796761490612568, 1.302335998417889 ], [ 103.79672347937418, 1.302313670138815 ], [ 103.796805699999169, 1.302087600002415 ] ], [ [ 103.796876200000639, 1.302075699999961 ], [ 103.796971431939795, 1.302162250158279 ], [ 103.796929782996656, 1.302199185302316 ], [ 103.796876200000639, 1.302075699999961 ] ], [ [ 103.796848900000214, 1.302087700001709 ], [ 103.796906308988099, 1.302220002538006 ], [ 103.796874787413941, 1.302247956520143 ], [ 103.796848900000214, 1.302087700001709 ] ], [ [ 103.796855035440913, 1.302265472978174 ], [ 103.796786405909657, 1.302326335057057 ], [ 103.796826900000056, 1.302091299999204 ], [ 103.796855035440913, 1.302265472978174 ] ], [ [ 103.796072456344589, 1.30221754534251 ], [ 103.796085656731947, 1.30224721277712 ], [ 103.796085647530774, 1.302247216768848 ], [ 103.796072443239282, 1.302217546666305 ], [ 103.796072456344589, 1.30221754534251 ] ], [ [ 103.796110019924612, 1.302301981645424 ], [ 103.796110024922356, 1.302301979476832 ], [ 103.796128981782061, 1.302344584388986 ], [ 103.796128980409051, 1.302344585936334 ], [ 103.796110019924612, 1.302301981645424 ] ], [ [ 103.79665937309845, 1.302512100213009 ], [ 103.796660564762462, 1.302513461557828 ], [ 103.796655594490559, 1.302521321276163 ], [ 103.796655148939607, 1.302519384780854 ], [ 103.79665937309845, 1.302512100213009 ] ], [ [ 103.79625825726221, 1.30269529361676 ], [ 103.796311700000402, 1.302817300000044 ], [ 103.7962549947745, 1.302693578718642 ], [ 103.79625825726221, 1.30269529361676 ] ], [ [ 103.796836315691593, 1.3011485029732 ], [ 103.796724199692562, 1.301083499822019 ], [ 103.796836344204564, 1.301148354588183 ], [ 103.796836315691593, 1.3011485029732 ] ], [ [ 103.796854839288741, 1.30105210593644 ], [ 103.796770100000515, 1.301003100000046 ], [ 103.796854943353452, 1.301051564382721 ], [ 103.796854839288741, 1.30105210593644 ] ], [ [ 103.796474051058908, 1.301858689455557 ], [ 103.796474734749651, 1.301859056497466 ], [ 103.79647871202819, 1.301861412172534 ], [ 103.796478649188387, 1.301861414144029 ], [ 103.796474051058908, 1.301858689455557 ] ], [ [ 103.794037800000609, 1.300346699999905 ], [ 103.793897539089599, 1.300471942672236 ], [ 103.793792659664533, 1.300361569811642 ], [ 103.794037800000609, 1.300346699999905 ] ], [ [ 103.793403100000049, 1.299733100000402 ], [ 103.793401755046062, 1.299745552893927 ], [ 103.793398511794635, 1.299746647688696 ], [ 103.793403100000049, 1.299733100000402 ] ], [ [ 103.806373916521579, 1.297400265338912 ], [ 103.80631329792358, 1.297321114389396 ], [ 103.806323239747016, 1.297287595094156 ], [ 103.806397682116653, 1.297423927839849 ], [ 103.806377943239156, 1.297397247533291 ], [ 103.806373916521579, 1.297400265338912 ] ], [ [ 103.806321137030579, 1.297283744207905 ], [ 103.806293119275864, 1.297275326126964 ], [ 103.806290560639184, 1.297262164896844 ], [ 103.806280668046796, 1.297264113084151 ], [ 103.806112985122013, 1.297063454192749 ], [ 103.806210280575655, 1.296991576394629 ], [ 103.806331175308273, 1.296902281862187 ], [ 103.806336319003478, 1.296882779592376 ], [ 103.806358595301688, 1.296886611265683 ], [ 103.806359821863524, 1.296879387680071 ], [ 103.806367961390549, 1.296878490165461 ], [ 103.806364841324424, 1.296849826598645 ], [ 103.806402052727549, 1.29663067766981 ], [ 103.806471558742132, 1.296627055778339 ], [ 103.806461665956064, 1.296680852881943 ], [ 103.806705099999931, 1.296726199999646 ], [ 103.806681468029268, 1.296877586579273 ], [ 103.806538463725488, 1.297068981203715 ], [ 103.806545037315431, 1.297091525255889 ], [ 103.806292463488802, 1.297231231867214 ], [ 103.806321137030579, 1.297283744207905 ] ], [ [ 103.808761751684727, 1.296587596305172 ], [ 103.80876178729892, 1.296587459214677 ], [ 103.808788400000637, 1.296667200000765 ], [ 103.808761751684727, 1.296587596305172 ] ], [ [ 103.808718556862758, 1.29642795877035 ], [ 103.808628181082625, 1.296436861458592 ], [ 103.808553479442921, 1.296462036240708 ], [ 103.80835167311136, 1.296535312722471 ], [ 103.808330886806004, 1.296554182560195 ], [ 103.808324780823853, 1.296479486136488 ], [ 103.808281541747945, 1.296373721512305 ], [ 103.808208205743568, 1.29628609121 ], [ 103.808116478792599, 1.296227987645981 ], [ 103.808033139995317, 1.296202395417096 ], [ 103.807951804891232, 1.296196256918759 ], [ 103.807870985818965, 1.296208241496304 ], [ 103.80778898803942, 1.296240111078327 ], [ 103.807699024414802, 1.29630751053394 ], [ 103.807631240901941, 1.296405143655986 ], [ 103.807597504580627, 1.296519784639405 ], [ 103.807598608259681, 1.296549899385955 ], [ 103.8075713, 1.296588900000283 ], [ 103.807590039664646, 1.296340442669039 ], [ 103.807545539668979, 1.296337042670158 ], [ 103.807536706409934, 1.296454157236004 ], [ 103.80752236073846, 1.296430590882184 ], [ 103.807491390465174, 1.29621193441313 ], [ 103.807246299997786, 1.296247100000871 ], [ 103.807466356636581, 1.296132940492541 ], [ 103.807434656632566, 1.29607104049518 ], [ 103.807214600000492, 1.29618519999997 ], [ 103.807251412870016, 1.295938797927052 ], [ 103.807180712876345, 1.295928097928278 ], [ 103.807143900000185, 1.296174499999142 ], [ 103.807080742606374, 1.295933572464276 ], [ 103.806944349683505, 1.295969791638806 ], [ 103.806963424587664, 1.295958395690894 ], [ 103.807237042038537, 1.295817686500407 ], [ 103.807124400001541, 1.295595800002279 ], [ 103.807271102764403, 1.295796512028344 ], [ 103.807290722155827, 1.295781985576136 ], [ 103.807523190344753, 1.29565680318562 ], [ 103.80740640000009, 1.295437100000529 ], [ 103.807526957366903, 1.295654732197325 ], [ 103.807613302343754, 1.295606279619096 ], [ 103.807766186117149, 1.295539881191096 ], [ 103.807668100000015, 1.295311100000609 ], [ 103.807796879400115, 1.295523907582393 ], [ 103.807899848604094, 1.295460786285975 ], [ 103.80808200701442, 1.29543915593885 ], [ 103.808053000000214, 1.295191700000342 ], [ 103.808108452361552, 1.295434541200761 ], [ 103.808350160971258, 1.295378629957608 ], [ 103.808839279558143, 1.29531266491362 ], [ 103.808806399998147, 1.29506569998741 ], [ 103.808845920288903, 1.295291140619567 ], [ 103.80884332736747, 1.295291473999271 ], [ 103.808890764068963, 1.295665217990405 ], [ 103.808840259755215, 1.295655934770575 ], [ 103.808835759752725, 1.295680734770457 ], [ 103.808894094439353, 1.295691457295085 ], [ 103.808896127328396, 1.295707474003434 ], [ 103.808946203761792, 1.295701035530466 ], [ 103.809079300000207, 1.295725500000357 ], [ 103.808831781841747, 1.295720485274042 ], [ 103.808831281839772, 1.295745485273301 ], [ 103.809078800000663, 1.29575049999971 ], [ 103.80883248021739, 1.295775492909543 ], [ 103.808850880199188, 1.295959192910816 ], [ 103.809097200000082, 1.295934200000458 ], [ 103.808852173891097, 1.295969816835239 ], [ 103.808887229257806, 1.296214115274636 ], [ 103.808901031162151, 1.296325607341379 ], [ 103.809146699996433, 1.296294800000977 ], [ 103.808901587385975, 1.29632980893586 ], [ 103.808906302942361, 1.296363253750126 ], [ 103.808792736721898, 1.296402880169134 ], [ 103.808718556862758, 1.29642795877035 ] ], [ [ 103.8082248275837, 1.296840348923917 ], [ 103.808224840836786, 1.296840392944003 ], [ 103.808223699993022, 1.296840800002557 ], [ 103.8082248275837, 1.296840348923917 ] ], [ [ 103.808342818903128, 1.296837942155504 ], [ 103.808342284541212, 1.296838095043906 ], [ 103.808340600001657, 1.296832500003786 ], [ 103.808342818903128, 1.296837942155504 ] ], [ [ 103.808232400002595, 1.296865500008682 ], [ 103.808232399999895, 1.296865500000542 ], [ 103.80823240000079, 1.296865500000542 ], [ 103.808232400002595, 1.296865500008682 ] ], [ [ 103.808175899999426, 1.296885699999694 ], [ 103.808175899999426, 1.296885699996981 ], [ 103.808175900000322, 1.296885699999694 ], [ 103.808175899999426, 1.296885699999694 ] ], [ [ 103.808214198072605, 1.296871994540423 ], [ 103.80821419807441, 1.296871994539519 ], [ 103.808214199898401, 1.296871999710695 ], [ 103.808214198072605, 1.296871994540423 ] ], [ [ 103.808178675108152, 1.296899064624633 ], [ 103.808179599999889, 1.296898800000482 ], [ 103.808178675758668, 1.296899067760072 ], [ 103.808178675108152, 1.296899064624633 ] ], [ [ 103.807713915759095, 1.296847108490722 ], [ 103.807723376817719, 1.296849460707706 ], [ 103.807734878863386, 1.296904621596758 ], [ 103.807728434469055, 1.296899281814494 ], [ 103.807713915759095, 1.296847108490722 ] ], [ [ 103.808496307823859, 1.29710540579154 ], [ 103.808478945505399, 1.297044696532153 ], [ 103.808482922268198, 1.297043054029848 ], [ 103.808501796289718, 1.297103219448122 ], [ 103.808496307823859, 1.29710540579154 ] ], [ [ 103.808278371741551, 1.297750393855936 ], [ 103.808279109428611, 1.297753560276637 ], [ 103.808274526763356, 1.297754963129458 ], [ 103.808273651133476, 1.297751717556474 ], [ 103.808278371741551, 1.297750393855936 ] ], [ [ 103.806468175119349, 1.297918164634087 ], [ 103.8064681234912, 1.297918211810625 ], [ 103.806466422946059, 1.297916165910547 ], [ 103.80646647292896, 1.297916118109075 ], [ 103.806468175119349, 1.297918164634087 ] ], [ [ 103.806857632295191, 1.298364268911154 ], [ 103.806820146082742, 1.298388956908425 ], [ 103.806715599999833, 1.298394000000245 ], [ 103.806886514733876, 1.298337497484777 ], [ 103.806857632295191, 1.298364268911154 ] ], [ [ 103.806768417862486, 1.298423024530577 ], [ 103.806763456498615, 1.298426292029223 ], [ 103.806717100000427, 1.298425500000538 ], [ 103.806768417862486, 1.298423024530577 ] ], [ [ 103.80699849501795, 1.298851542382262 ], [ 103.807004851581866, 1.298861319619949 ], [ 103.807004541478349, 1.298861458086692 ], [ 103.806998211125759, 1.2988516922081 ], [ 103.80699849501795, 1.298851542382262 ] ], [ [ 103.806895555285948, 1.29869320742264 ], [ 103.806895498824701, 1.298693237219959 ], [ 103.806891978957225, 1.298687807094995 ], [ 103.80689202639077, 1.298687779514179 ], [ 103.806895555285948, 1.29869320742264 ] ], [ [ 103.806757792793292, 1.298765831989156 ], [ 103.806757831519931, 1.298765891733708 ], [ 103.806756300013404, 1.298766699992561 ], [ 103.806757792793292, 1.298765831989156 ] ], [ [ 103.806860543815134, 1.298924346727271 ], [ 103.806861252103062, 1.29892543940808 ], [ 103.806843199994304, 1.298933500003094 ], [ 103.806860543815134, 1.298924346727271 ] ], [ [ 103.809391251811789, 1.296254969330165 ], [ 103.809378268822343, 1.29615009263558 ], [ 103.809132599997227, 1.296180899999845 ], [ 103.809377626125837, 1.296145283138133 ], [ 103.809342986331117, 1.295903881114802 ], [ 103.809342479584018, 1.295898821907249 ], [ 103.809395084947909, 1.295891286051721 ], [ 103.809360645388054, 1.295647749523974 ], [ 103.8093606472723, 1.295647749282527 ], [ 103.809395232184343, 1.295891264914499 ], [ 103.80953630098908, 1.295870969403118 ], [ 103.809669270014126, 1.295851873851753 ], [ 103.809634299990861, 1.295605199937076 ], [ 103.809669514902581, 1.295851838557603 ], [ 103.809838122574249, 1.295827451911949 ], [ 103.809965614399658, 1.295809110632497 ], [ 103.810121798172034, 1.295787055289347 ], [ 103.810087400000512, 1.295540300000634 ], [ 103.810124024685692, 1.295786730484664 ], [ 103.810516873501257, 1.295727585994316 ], [ 103.81055223215742, 1.295957830016698 ], [ 103.810578827440693, 1.29613129936117 ], [ 103.810823499999984, 1.296093300000495 ], [ 103.810578828835148, 1.296131308450953 ], [ 103.810615299629177, 1.296369133126916 ], [ 103.810596692469929, 1.296402812078486 ], [ 103.81058653152779, 1.296427885842286 ], [ 103.810515573575103, 1.296417093434147 ], [ 103.810401858689659, 1.29639237280702 ], [ 103.810269280268869, 1.296368147113621 ], [ 103.810214671931604, 1.296366627732781 ], [ 103.810136135521901, 1.296347982945441 ], [ 103.810079300523128, 1.296590497765674 ], [ 103.810136078436642, 1.296347969401148 ], [ 103.809838378463013, 1.296277369407805 ], [ 103.8097816, 1.296519899999941 ], [ 103.809805783251235, 1.296271919445574 ], [ 103.80959118327209, 1.296250719447595 ], [ 103.809567000000257, 1.296498699996846 ], [ 103.809559215412264, 1.296249651010523 ], [ 103.809391251811789, 1.296254969330165 ] ], [ [ 103.811455802478093, 1.29630687000219 ], [ 103.811402354286571, 1.295948545344275 ], [ 103.811471459375937, 1.295937254216995 ], [ 103.811912347841243, 1.295865256102288 ], [ 103.811912349761428, 1.29586525578849 ], [ 103.812263247875066, 1.29580795609738 ], [ 103.812667497584727, 1.29574196430728 ], [ 103.812805560565764, 1.295719470338893 ], [ 103.812765999999527, 1.295473499999815 ], [ 103.812837372167024, 1.295544324454163 ], [ 103.812821748188057, 1.29565623565788 ], [ 103.813044485169783, 1.295802527120077 ], [ 103.813206754676486, 1.29581899808547 ], [ 103.813431321148357, 1.295750818509835 ], [ 103.813610542990119, 1.295531630179815 ], [ 103.813643347492146, 1.295422400022889 ], [ 103.813652920245715, 1.295390625664349 ], [ 103.813688861074993, 1.295339653925491 ], [ 103.813974197498226, 1.294935385639375 ], [ 103.814039592064887, 1.294843085781856 ], [ 103.814043850422664, 1.295314561917957 ], [ 103.814324785953289, 1.295311991516217 ], [ 103.814499799229736, 1.295330594195902 ], [ 103.814525800000311, 1.295082799999197 ], [ 103.814519834687403, 1.295331899868584 ], [ 103.814631134698089, 1.295334599869304 ], [ 103.814637100000141, 1.295085500000403 ], [ 103.814677614905207, 1.295331312929459 ], [ 103.81478111331981, 1.295314032555402 ], [ 103.814942876196071, 1.295299357508442 ], [ 103.814992709989582, 1.295303318782552 ], [ 103.815110606288073, 1.295344002996773 ], [ 103.815190900000488, 1.295108300000153 ], [ 103.815182695109343, 1.295357335333051 ], [ 103.815436020000945, 1.295365790035029 ], [ 103.815424063662149, 1.295390805064512 ], [ 103.815418913143475, 1.295627727935551 ], [ 103.815396520517098, 1.295628053832181 ], [ 103.815403679483609, 1.296126346166809 ], [ 103.815664746473701, 1.296122546647838 ], [ 103.815775151677215, 1.296120969431481 ], [ 103.815771517592296, 1.296259734506048 ], [ 103.816018999981509, 1.296266299999363 ], [ 103.815771431925668, 1.296265918660387 ], [ 103.815771131906544, 1.296463218660285 ], [ 103.815845820051464, 1.296463333708359 ], [ 103.815845856526508, 1.296463397811797 ], [ 103.81577113178372, 1.296463310396335 ], [ 103.815771121082904, 1.296472576454546 ], [ 103.815690254330278, 1.296472428206919 ], [ 103.815690250931098, 1.296472428200565 ], [ 103.815383829778739, 1.296471862204255 ], [ 103.815368202706168, 1.296441772433008 ], [ 103.815311263389475, 1.296471728159671 ], [ 103.81529802025959, 1.296471703696668 ], [ 103.815363949706978, 1.296433929169727 ], [ 103.815280749697706, 1.296286829177228 ], [ 103.815152903531839, 1.296360079119205 ], [ 103.815153730663198, 1.296320346335933 ], [ 103.815239622219835, 1.296232873004698 ], [ 103.815220822220283, 1.296214173005897 ], [ 103.815129125693332, 1.296307558210304 ], [ 103.815069887477009, 1.296306308997083 ], [ 103.815112018980187, 1.296151029482965 ], [ 103.815077818983454, 1.29614162948369 ], [ 103.815033346085698, 1.296305538413577 ], [ 103.815014642639809, 1.296305143995243 ], [ 103.815019220003649, 1.296132916886922 ], [ 103.814447220059336, 1.296117516889045 ], [ 103.814442554000735, 1.296293079731045 ], [ 103.814393227389715, 1.296292039519827 ], [ 103.814307225161116, 1.296156679277246 ], [ 103.814269625163234, 1.296180879276015 ], [ 103.81435217745107, 1.296310809607191 ], [ 103.814350948402108, 1.296369848396407 ], [ 103.814173132613078, 1.296298274677783 ], [ 103.814161132610366, 1.296328474677003 ], [ 103.814350225215577, 1.296404587495646 ], [ 103.81435019800783, 1.296405894459001 ], [ 103.814158651619451, 1.296334980955849 ], [ 103.814115051610102, 1.296454280951012 ], [ 103.814156384056403, 1.296469582878754 ], [ 103.814123861992115, 1.296469528218653 ], [ 103.814027409796111, 1.296469328318482 ], [ 103.814026900000357, 1.296718499999965 ], [ 103.814027365495207, 1.296469328230419 ], [ 103.813763167237695, 1.296468828234303 ], [ 103.813763165520584, 1.296468828230672 ], [ 103.813198034161474, 1.296467754679401 ], [ 103.813188288458264, 1.296261654661929 ], [ 103.812941000000123, 1.296273499999677 ], [ 103.813185843913743, 1.296236635534694 ], [ 103.813128843877848, 1.295853135539573 ], [ 103.812639156115367, 1.295926864435875 ], [ 103.812694306006406, 1.296297917011107 ], [ 103.81269450024908, 1.29630202483916 ], [ 103.812623151537451, 1.296312261432441 ], [ 103.812619914884451, 1.296289804669304 ], [ 103.812616726016856, 1.296267582258213 ], [ 103.812470137392253, 1.296288890838377 ], [ 103.812458253037647, 1.29627570284238 ], [ 103.812271739850317, 1.296231528666415 ], [ 103.812149249314189, 1.296290602117694 ], [ 103.812122442329937, 1.29629118614769 ], [ 103.812122705089138, 1.296303403587046 ], [ 103.812091992921779, 1.296318215128082 ], [ 103.812088144333899, 1.296294345175274 ], [ 103.811938896380653, 1.296318721435641 ], [ 103.81171165981165, 1.29632663295997 ], [ 103.81163302238447, 1.296319370267446 ], [ 103.811624161445508, 1.296416559953365 ], [ 103.811620831306129, 1.296416970476388 ], [ 103.811627625142918, 1.29631893164649 ], [ 103.811455802478093, 1.29630687000219 ] ], [ [ 103.812817199998989, 1.295373099999554 ], [ 103.812879122089456, 1.295363587836561 ], [ 103.812873097702678, 1.295381146087664 ], [ 103.812817199998989, 1.295373099999554 ] ], [ [ 103.812854313309259, 1.295435893748578 ], [ 103.812851273222464, 1.295444754170835 ], [ 103.812848036457964, 1.29546793842456 ], [ 103.812809200000785, 1.295429400000569 ], [ 103.812854313309259, 1.295435893748578 ] ], [ [ 103.814058739385032, 1.294816060676983 ], [ 103.814325768302183, 1.29443916793661 ], [ 103.814124203058839, 1.294294502194793 ], [ 103.8143257782815, 1.294439153849395 ], [ 103.814367250914813, 1.294380609501974 ], [ 103.814731707704681, 1.293934283328512 ], [ 103.815184400745792, 1.293531858804511 ], [ 103.815401012837555, 1.293422691943616 ], [ 103.815421975016562, 1.29342662911182 ], [ 103.815465059238534, 1.293448673577273 ], [ 103.815519057930729, 1.293480097565968 ], [ 103.815522227286323, 1.293481942835312 ], [ 103.815538901376001, 1.293496197887511 ], [ 103.815544229915943, 1.293519759308826 ], [ 103.815594609482261, 1.29372127765348 ], [ 103.815631484118981, 1.293901335801043 ], [ 103.815669363630846, 1.294073864427918 ], [ 103.815756654286886, 1.294054450173412 ], [ 103.815756776179498, 1.294054988481132 ], [ 103.815669550344921, 1.294074707900433 ], [ 103.815717727828954, 1.294290584122038 ], [ 103.815772731639427, 1.29449510396021 ], [ 103.81578446617776, 1.294538703442714 ], [ 103.815723400000067, 1.294651100000648 ], [ 103.815713510260807, 1.294402126678091 ], [ 103.815579310274046, 1.294407526677852 ], [ 103.815585420423716, 1.294561349381595 ], [ 103.815546404550119, 1.294456431360512 ], [ 103.815513818499582, 1.294293327395016 ], [ 103.815486318953745, 1.294118613069582 ], [ 103.815241800000237, 1.294157600000494 ], [ 103.815486318862099, 1.294118612488979 ], [ 103.815449518840396, 1.293884812491707 ], [ 103.815206059576852, 1.293923631055123 ], [ 103.815204179213566, 1.293911321559563 ], [ 103.814826779249771, 1.293969721554732 ], [ 103.814902020757756, 1.294462278443868 ], [ 103.815038311914122, 1.294441188351331 ], [ 103.815064890011541, 1.294574220649043 ], [ 103.815307600002825, 1.294525099999008 ], [ 103.815075739782088, 1.294612442741707 ], [ 103.815145539766988, 1.294800142747091 ], [ 103.815377399999875, 1.29471279999921 ], [ 103.815275527000281, 1.29486181525219 ], [ 103.815236140665164, 1.294860500734877 ], [ 103.815123693708685, 1.294821697004542 ], [ 103.815043400000377, 1.295057399997786 ], [ 103.815062891743921, 1.294809001276736 ], [ 103.814960991753239, 1.294800901277901 ], [ 103.814941499999861, 1.295049299997132 ], [ 103.814919275398623, 1.294801133849073 ], [ 103.814727475416731, 1.294818533847346 ], [ 103.814749699999425, 1.295066699994082 ], [ 103.814709185092141, 1.294820887071058 ], [ 103.814619670850831, 1.294835832611288 ], [ 103.814541809367114, 1.29483394378765 ], [ 103.814362700782709, 1.294814905805179 ], [ 103.814336700000325, 1.295062700000532 ], [ 103.814334449548141, 1.29481353808148 ], [ 103.814058739385032, 1.294816060676983 ] ], [ [ 103.815498824599558, 1.294667058819166 ], [ 103.81550574440142, 1.294664452099013 ], [ 103.81551409999993, 1.29468600000053 ], [ 103.815498824599558, 1.294667058819166 ] ], [ [ 103.81558125362811, 1.294636007438186 ], [ 103.815588280841922, 1.294633360255469 ], [ 103.815589199999337, 1.294656499999839 ], [ 103.81558125362811, 1.294636007438186 ] ], [ [ 103.815806534780464, 1.294626239176005 ], [ 103.815812388457104, 1.294650968331464 ], [ 103.815777, 1.294680600000185 ], [ 103.815806534780464, 1.294626239176005 ] ], [ [ 103.815833013932306, 1.294738101704344 ], [ 103.815833534157534, 1.294740299420228 ], [ 103.815827999999698, 1.294742300000405 ], [ 103.815833013932306, 1.294738101704344 ] ], [ [ 103.815852022432949, 1.294818404081048 ], [ 103.815852038582889, 1.294818472304631 ], [ 103.815731901461447, 1.294865123542174 ], [ 103.815731772385675, 1.294861874069025 ], [ 103.815852022432949, 1.294818404081048 ] ], [ [ 103.815569106448194, 1.294875565628805 ], [ 103.81554635108904, 1.294872309090265 ], [ 103.815511500000326, 1.295119000000338 ], [ 103.815519704857394, 1.294869964664533 ], [ 103.815463418261643, 1.294868086107303 ], [ 103.8154551, 1.294734200000568 ], [ 103.815569106448194, 1.294875565628805 ] ], [ [ 103.815412199999827, 1.294736899999732 ], [ 103.815420261021004, 1.294866645739126 ], [ 103.815325658926056, 1.294863488401948 ], [ 103.815412199999827, 1.294736899999732 ] ], [ [ 103.813868945563698, 1.293988612841265 ], [ 103.813896500002443, 1.29410680000937 ], [ 103.813860561110502, 1.293979524222345 ], [ 103.813868945563698, 1.293988612841265 ] ], [ [ 103.816089267688554, 1.295872645020194 ], [ 103.816089565343944, 1.295874598782988 ], [ 103.816029300014179, 1.295872999999614 ], [ 103.816089267688554, 1.295872645020194 ] ], [ [ 103.812116466856054, 1.296470008879184 ], [ 103.812116391608711, 1.296469542171164 ], [ 103.81211734078245, 1.296469998647336 ], [ 103.812116466856054, 1.296470008879184 ] ], [ [ 103.809509097837122, 1.299047145808254 ], [ 103.809509767952932, 1.299043008821663 ], [ 103.8095330000004, 1.299055600000251 ], [ 103.809509097837122, 1.299047145808254 ] ], [ [ 103.814123152594647, 1.296839625575891 ], [ 103.8141231848346, 1.296823867701835 ], [ 103.814123225485503, 1.296823883973476 ], [ 103.814123199325934, 1.296839650472507 ], [ 103.814123152594647, 1.296839625575891 ] ], [ [ 103.814123321444924, 1.296757095920245 ], [ 103.814123400002032, 1.296718698838032 ], [ 103.81412333628613, 1.29675710186113 ], [ 103.814123321444924, 1.296757095920245 ] ], [ [ 103.815256699999381, 1.296708745318168 ], [ 103.815256722002999, 1.296708733736127 ], [ 103.81525670000012, 1.296720800000587 ], [ 103.815256699999381, 1.296708745318168 ] ], [ [ 103.815257102229864, 1.296500222297751 ], [ 103.815256699998855, 1.296500433910794 ], [ 103.81525669999877, 1.296495378295516 ], [ 103.81525711149304, 1.29649514252786 ], [ 103.815257102229864, 1.296500222297751 ] ], [ [ 103.815269290753321, 1.294337563778836 ], [ 103.815269285571659, 1.29433752985517 ], [ 103.815270100000262, 1.294337400000554 ], [ 103.815269290753321, 1.294337563778836 ] ], [ [ 103.812613146001951, 1.295404445746252 ], [ 103.812613174209048, 1.295404441412768 ], [ 103.81262790000072, 1.295496 ], [ 103.812613146001951, 1.295404445746252 ] ], [ [ 103.810001400000161, 1.294944200000129 ], [ 103.810053503028257, 1.295187791404252 ], [ 103.810235803044705, 1.295148291401154 ], [ 103.810183699999882, 1.294904699999521 ], [ 103.810218651425899, 1.294918489623136 ], [ 103.810245556907617, 1.295067855571988 ], [ 103.810243779125912, 1.295077442674105 ], [ 103.810247406586285, 1.295078124075665 ], [ 103.810250063768564, 1.295092875436962 ], [ 103.810288550178996, 1.29508585270696 ], [ 103.810320032881776, 1.295091766585363 ], [ 103.810424849210676, 1.295128072929769 ], [ 103.810426614193688, 1.295139612228737 ], [ 103.810448412401044, 1.295136234761058 ], [ 103.810448654094941, 1.295136318479396 ], [ 103.810426634122209, 1.295139742291041 ], [ 103.810430404792882, 1.295164308310742 ], [ 103.810270302572405, 1.295171851718977 ], [ 103.810271102570567, 1.295189051718558 ], [ 103.810433031631959, 1.295181422236805 ], [ 103.810434013080297, 1.295187816398534 ], [ 103.810272672836973, 1.29520773161141 ], [ 103.810278982420456, 1.295259512303639 ], [ 103.81005188785845, 1.295293702019564 ], [ 103.809896501848996, 1.295315644708805 ], [ 103.809930900000268, 1.295562400000173 ], [ 103.809895869529782, 1.295315734838243 ], [ 103.809767969542364, 1.295334134836689 ], [ 103.80980300008423, 1.295580800588882 ], [ 103.809767785087359, 1.295334161444088 ], [ 103.809599206938032, 1.295358543820105 ], [ 103.809466330004994, 1.295377626146468 ], [ 103.809491668931273, 1.295556363682253 ], [ 103.809491651832872, 1.295556366364436 ], [ 103.809466267808645, 1.295377635086428 ], [ 103.80935544704063, 1.295393578826244 ], [ 103.809337793969462, 1.295254494115035 ], [ 103.809464946345031, 1.295253776984615 ], [ 103.809565005337817, 1.295254466367771 ], [ 103.809566700000403, 1.29500530000058 ], [ 103.809583077230386, 1.295253926401893 ], [ 103.809803377251967, 1.295239226400954 ], [ 103.809786999999645, 1.294990599999746 ], [ 103.809839043754394, 1.295234204239336 ], [ 103.810053443774606, 1.295187804235736 ], [ 103.810001400000161, 1.294944200000129 ] ], [ [ 103.810293561630488, 1.294808978887036 ], [ 103.810285237623873, 1.294810502849112 ], [ 103.810277260650409, 1.294766218632647 ], [ 103.810299733709016, 1.29477569450726 ], [ 103.810293561630488, 1.294808978887036 ] ], [ [ 103.810532483510528, 1.295123284121167 ], [ 103.810527745225855, 1.295124020861529 ], [ 103.810527699230974, 1.295123949863957 ], [ 103.810532465530429, 1.295123211362146 ], [ 103.810532483510528, 1.295123284121167 ] ], [ [ 103.810406491013239, 1.29500804868789 ], [ 103.810422049286132, 1.295109767272735 ], [ 103.810389706284298, 1.295098564284592 ], [ 103.810406491013239, 1.29500804868789 ] ], [ [ 103.810482992534631, 1.295130876830455 ], [ 103.810511121482719, 1.295126518461528 ], [ 103.810511172786136, 1.295126597655406 ], [ 103.810483196729749, 1.295130947559962 ], [ 103.810482992534631, 1.295130876830455 ] ], [ [ 103.81060810921727, 1.295577793850714 ], [ 103.810706893386225, 1.295562434224264 ], [ 103.810706897147512, 1.295562436382112 ], [ 103.810608115515976, 1.295577803515717 ], [ 103.81060810921727, 1.295577793850714 ] ], [ [ 103.811350400000308, 1.295704599999907 ], [ 103.811383220255834, 1.295908080998496 ], [ 103.811383206634943, 1.295908065507513 ], [ 103.811350400000308, 1.295704599999907 ] ], [ [ 103.81058136429867, 1.29558196511373 ], [ 103.810529405360441, 1.295590048192331 ], [ 103.810529402900372, 1.295590031634294 ], [ 103.810581356733039, 1.295581953505236 ], [ 103.81058136429867, 1.29558196511373 ] ], [ [ 103.809465099999755, 1.295004599964124 ], [ 103.809464839555204, 1.294957821132841 ], [ 103.809465418709252, 1.294957740353233 ], [ 103.809465099999755, 1.295004599964124 ] ], [ [ 103.809532195540655, 1.293693143139963 ], [ 103.809532799676361, 1.293694532885719 ], [ 103.809521135425513, 1.29369647494415 ], [ 103.809520319674519, 1.293695031761095 ], [ 103.809532195540655, 1.293693143139963 ] ], [ [ 103.80955687124596, 1.293749906768066 ], [ 103.809575300000759, 1.293792299999876 ], [ 103.809551813458782, 1.293750748872977 ], [ 103.80955687124596, 1.293749906768066 ] ], [ [ 103.8091051347362, 1.294519383304019 ], [ 103.809107600000075, 1.29452850000007 ], [ 103.809103680865235, 1.294519629079198 ], [ 103.8091051347362, 1.294519383304019 ] ], [ [ 103.807393706914354, 1.294174963436121 ], [ 103.807394798459583, 1.294175509123862 ], [ 103.807394049854025, 1.294177705006019 ], [ 103.807393897668177, 1.294177935692527 ], [ 103.807392140571622, 1.294177096679889 ], [ 103.807393706914354, 1.294174963436121 ] ], [ [ 103.807208704311691, 1.294302561901139 ], [ 103.807173790564804, 1.294364424791391 ], [ 103.807072186496413, 1.294520089873535 ], [ 103.807279099991973, 1.294656899994898 ], [ 103.807068740131925, 1.294525521769714 ], [ 103.807040318063954, 1.294571622163502 ], [ 103.806751607346982, 1.295029229588489 ], [ 103.807157410924546, 1.295288584853361 ], [ 103.807041509690904, 1.295350996797737 ], [ 103.807158300000026, 1.295570700000087 ], [ 103.807011597256988, 1.295369987965729 ], [ 103.806993874304979, 1.295383110269244 ], [ 103.806731157999096, 1.295518213482198 ], [ 103.806843799996443, 1.295740099994568 ], [ 103.806717432643211, 1.295525832657081 ], [ 103.806511419896552, 1.29564891112991 ], [ 103.806436239597332, 1.295676560082195 ], [ 103.806345301261416, 1.295709993293192 ], [ 103.806212098622808, 1.295753490009232 ], [ 103.806265886872666, 1.295920350259976 ], [ 103.80619056747787, 1.295837877632854 ], [ 103.806189242487022, 1.295839103430697 ], [ 103.806152149061148, 1.295782525165299 ], [ 103.806047210850679, 1.295852218303766 ], [ 103.805989625921072, 1.295880372708916 ], [ 103.806037474094154, 1.295979509971961 ], [ 103.805991738637502, 1.296021821525954 ], [ 103.805911285045525, 1.295959105181576 ], [ 103.806067684694838, 1.295709879329003 ], [ 103.806186462380026, 1.295656539348498 ], [ 103.80630531973604, 1.295497201569901 ], [ 103.806258961549617, 1.29526440296474 ], [ 103.806157078276541, 1.295195199237566 ], [ 103.806150610100843, 1.295190962064332 ], [ 103.806300040897796, 1.294954710612228 ], [ 103.80634162270249, 1.294888913952766 ], [ 103.806437335236524, 1.294948204067963 ], [ 103.806454335235784, 1.294920404067394 ], [ 103.806359031571844, 1.294861367230898 ], [ 103.806493165386286, 1.294649281277953 ], [ 103.806657396385845, 1.294385074872683 ], [ 103.806857816794874, 1.294072076781367 ], [ 103.806893353057802, 1.294085590570356 ], [ 103.806924083979496, 1.294090861418128 ], [ 103.807208704311691, 1.294302561901139 ] ], [ [ 103.805999414059471, 1.295352863075344 ], [ 103.805989830323824, 1.295367683122645 ], [ 103.80596458262022, 1.29535157977064 ], [ 103.805999414059471, 1.295352863075344 ] ], [ [ 103.805964508348566, 1.295406840385338 ], [ 103.805964507047449, 1.295406842395726 ], [ 103.805935722331085, 1.295389004008379 ], [ 103.80593589681493, 1.29538822994732 ], [ 103.805964508348566, 1.295406840385338 ] ], [ [ 103.80563064110774, 1.296014258495461 ], [ 103.805734915958311, 1.296080545960658 ], [ 103.805805500000645, 1.296296499999963 ], [ 103.805707102532836, 1.29606785427846 ], [ 103.805649769125964, 1.296092848379449 ], [ 103.805618393009354, 1.296033253430203 ], [ 103.80563064110774, 1.296014258495461 ] ], [ [ 103.806426000000499, 1.295945600000483 ], [ 103.806510942359964, 1.29617964655473 ], [ 103.806606142367357, 1.296144646551649 ], [ 103.806521199503322, 1.295910598631178 ], [ 103.806606167130425, 1.296144637445864 ], [ 103.806702967138477, 1.296109037442604 ], [ 103.806617999999531, 1.295874999999268 ], [ 103.806744367364601, 1.296089267346765 ], [ 103.806761106572054, 1.296079266820489 ], [ 103.806967083835048, 1.296460978092171 ], [ 103.806828634503745, 1.296493505964035 ], [ 103.806743525264423, 1.296480047424274 ], [ 103.80671683812551, 1.296651005472315 ], [ 103.806535253686476, 1.296616260343247 ], [ 103.80653313724001, 1.296575116707735 ], [ 103.806410400974229, 1.296581512378665 ], [ 103.806442004689643, 1.29639538873287 ], [ 103.806382704694641, 1.296385188734502 ], [ 103.806348824182109, 1.296584721084176 ], [ 103.806336056670489, 1.296585386386904 ], [ 103.806314038613948, 1.296383109833965 ], [ 103.806261438619273, 1.296388909833201 ], [ 103.806283125566324, 1.296588144572988 ], [ 103.806282546463578, 1.29658817474903 ], [ 103.806258501083306, 1.296389251625234 ], [ 103.806175201091335, 1.296399451625216 ], [ 103.806198542636778, 1.296592552101018 ], [ 103.806191272187618, 1.296592930956836 ], [ 103.806144620980433, 1.296411191709909 ], [ 103.806182000106361, 1.296384486943944 ], [ 103.806038700000158, 1.296181299999768 ], [ 103.806192873134506, 1.296301483237572 ], [ 103.806205974097537, 1.296328627286536 ], [ 103.806219322159961, 1.296322101156504 ], [ 103.806234427551232, 1.296333876324326 ], [ 103.806258065762037, 1.2963031586479 ], [ 103.806278174103312, 1.296293327283705 ], [ 103.806273339538279, 1.296283310489802 ], [ 103.806293336705892, 1.296257324320584 ], [ 103.806306350955879, 1.29627717483299 ], [ 103.806396832023609, 1.296217083186079 ], [ 103.806502401402625, 1.296182609984608 ], [ 103.806426000000499, 1.295945600000483 ] ], [ [ 103.806288499999511, 1.295990499997862 ], [ 103.806263025422567, 1.295951643863395 ], [ 103.806272999907577, 1.295942416097015 ], [ 103.806288499999511, 1.295990499997862 ] ], [ [ 103.806083954444333, 1.296454533695346 ], [ 103.806120427677101, 1.296596622587887 ], [ 103.806107368752208, 1.296597303074202 ], [ 103.806034867634835, 1.296437685810664 ], [ 103.806004782748829, 1.296451528549702 ], [ 103.805939600000201, 1.296252100001391 ], [ 103.806082900102226, 1.296455286949203 ], [ 103.806083954444333, 1.296454533695346 ] ], [ [ 103.806527659072614, 1.296624132443475 ], [ 103.806715424636906, 1.29666006029435 ], [ 103.806715423272834, 1.296660069029595 ], [ 103.8065236333142, 1.296624342221333 ], [ 103.806527659072614, 1.296624132443475 ] ], [ [ 103.806204396171267, 1.296640977351875 ], [ 103.806205100000597, 1.296646800003223 ], [ 103.806203615804492, 1.296641018015454 ], [ 103.806204396171267, 1.296640977351875 ] ], [ [ 103.806132771291743, 1.296644709647728 ], [ 103.806137800000101, 1.296664300000111 ], [ 103.806128991169189, 1.296644906625422 ], [ 103.806132771291743, 1.296644709647728 ] ], [ [ 103.805997596434125, 1.296572559199344 ], [ 103.805981166480706, 1.296570809263138 ], [ 103.805967828738488, 1.29655251673631 ], [ 103.805965789843995, 1.296554022692114 ], [ 103.805941202117893, 1.2965138779349 ], [ 103.805967054395111, 1.29650531834443 ], [ 103.805997596434125, 1.296572559199344 ] ], [ [ 103.805893562050841, 1.296529651378739 ], [ 103.805894046576086, 1.296529490954243 ], [ 103.805926738075499, 1.296582866867716 ], [ 103.805917328740392, 1.296589816733031 ], [ 103.805901842228167, 1.296601257517735 ], [ 103.805898518884845, 1.296600369597011 ], [ 103.805898128408543, 1.296601850083926 ], [ 103.805848915184754, 1.296549114870435 ], [ 103.805893562050841, 1.296529651378739 ] ], [ [ 103.805815190217118, 1.296982281307164 ], [ 103.8058174288293, 1.296978969850111 ], [ 103.805847800000592, 1.296990600000495 ], [ 103.805815190217118, 1.296982281307164 ] ], [ [ 103.80531383545798, 1.29751083532166 ], [ 103.805336147405598, 1.297535307075226 ], [ 103.805329799999967, 1.297638900000765 ], [ 103.805292856470061, 1.297528574906074 ], [ 103.80531383545798, 1.29751083532166 ] ], [ [ 103.805404340309863, 1.297610101078055 ], [ 103.805411294205186, 1.297617728112389 ], [ 103.805402299999798, 1.29764340000192 ], [ 103.805404340309863, 1.297610101078055 ] ], [ [ 103.804907800000976, 1.297579600000691 ], [ 103.804941731296637, 1.297608129436151 ], [ 103.804932469769895, 1.297622266569558 ], [ 103.804907800000976, 1.297579600000691 ] ], [ [ 103.805148677858426, 1.297678044424004 ], [ 103.805162762004045, 1.297661075813199 ], [ 103.805179199999927, 1.297698300000608 ], [ 103.805148677858426, 1.297678044424004 ] ], [ [ 103.805222872185553, 1.297588654921224 ], [ 103.805225383595669, 1.297585629168363 ], [ 103.805228895712773, 1.297582659364356 ], [ 103.805256100002012, 1.297663900003753 ], [ 103.805222872185553, 1.297588654921224 ] ], [ [ 103.805485351390615, 1.297698954054399 ], [ 103.805485554014368, 1.29769917629161 ], [ 103.80547760000006, 1.297703900000617 ], [ 103.805485351390615, 1.297698954054399 ] ], [ [ 103.805517699999911, 1.297772300000473 ], [ 103.805486753158178, 1.298001350463015 ], [ 103.805311168213549, 1.29809058396494 ], [ 103.805116799999979, 1.298035 ], [ 103.805361722406531, 1.297998666508079 ], [ 103.805347741712893, 1.297903198404156 ], [ 103.805348102901164, 1.297895634686104 ], [ 103.805358561951067, 1.297892086840516 ], [ 103.80536787052948, 1.297895390511524 ], [ 103.805369407372126, 1.297891003947392 ], [ 103.805387061531661, 1.297892099722821 ], [ 103.805387667258927, 1.297882213940754 ], [ 103.805408868085578, 1.297875022344463 ], [ 103.805398229121465, 1.297843251031207 ], [ 103.805517699999911, 1.297772300000473 ] ], [ [ 103.805620985878846, 1.297840847859926 ], [ 103.805711210344526, 1.297757517116232 ], [ 103.80574516542525, 1.297797922111589 ], [ 103.805753165216458, 1.297813618098314 ], [ 103.805752129059755, 1.2978276864631 ], [ 103.805744213921813, 1.297872884902144 ], [ 103.80565857615845, 1.297915595246586 ], [ 103.805620985878846, 1.297840847859926 ] ], [ [ 103.805637284942648, 1.297926213868953 ], [ 103.805536233287768, 1.297976611615851 ], [ 103.805562338795141, 1.297783393852157 ], [ 103.805569301682127, 1.297791030747356 ], [ 103.805637284942648, 1.297926213868953 ] ], [ [ 103.805506166927643, 1.29802218697961 ], [ 103.805604000000471, 1.298220900000228 ], [ 103.805504171331336, 1.298021913852031 ], [ 103.805506166927643, 1.29802218697961 ] ], [ [ 103.80513570000204, 1.297764700001142 ], [ 103.804955693139746, 1.297662431577632 ], [ 103.804939565011409, 1.297634537847824 ], [ 103.80513570000204, 1.297764700001142 ] ], [ [ 103.805766179885538, 1.296959344891921 ], [ 103.805760163792954, 1.296968244170923 ], [ 103.80575871431995, 1.29696787441275 ], [ 103.805744089551013, 1.296950885753881 ], [ 103.805766179885538, 1.296959344891921 ] ], [ [ 103.807183300438496, 1.295274643543991 ], [ 103.807458992654318, 1.294837670370359 ], [ 103.807249999988542, 1.294704099992996 ], [ 103.807460359891635, 1.294835478215107 ], [ 103.807487771621197, 1.294791016573924 ], [ 103.80759201351799, 1.294631310101235 ], [ 103.807385099991933, 1.294494499995293 ], [ 103.807600363858242, 1.294617568472686 ], [ 103.807640691925215, 1.294546112048151 ], [ 103.807673159800402, 1.294557757687646 ], [ 103.807586482457069, 1.294774559578765 ], [ 103.807807120272102, 1.294863917261108 ], [ 103.807827366585798, 1.294967592405795 ], [ 103.807788193013266, 1.294972244058386 ], [ 103.807817199999633, 1.295219699999814 ], [ 103.807688420612692, 1.295006892417925 ], [ 103.807554112127391, 1.295089225050105 ], [ 103.807405613912493, 1.295153718799521 ], [ 103.807503700001917, 1.29538250000354 ], [ 103.807383142647694, 1.295164867801843 ], [ 103.807287717215999, 1.295218415884738 ], [ 103.807183300438496, 1.295274643543991 ] ], [ [ 103.80827693848201, 1.29500636955526 ], [ 103.808288704626591, 1.295004041917894 ], [ 103.808305900000448, 1.295133199999786 ], [ 103.80827693848201, 1.29500636955526 ] ], [ [ 103.80831498341837, 1.294880575748218 ], [ 103.808290820363069, 1.294756844292773 ], [ 103.808047899452646, 1.294804900108664 ], [ 103.808290775127276, 1.294756613234364 ], [ 103.808289467692077, 1.294749951544887 ], [ 103.808397408489512, 1.29475912015113 ], [ 103.808464906298127, 1.294860356387427 ], [ 103.80831498341837, 1.294880575748218 ] ], [ [ 103.8085309071853, 1.294851455169633 ], [ 103.808494799999153, 1.294797299999976 ], [ 103.808563681987209, 1.294847034990643 ], [ 103.8085309071853, 1.294851455169633 ] ], [ [ 103.808613527931712, 1.294840312509538 ], [ 103.80851490000039, 1.294769100000555 ], [ 103.808761591253159, 1.294790054188796 ], [ 103.808766991247268, 1.294725654188376 ], [ 103.808520299997966, 1.294704699999868 ], [ 103.80876697700873, 1.294683576714222 ], [ 103.808758088227961, 1.294578424446908 ], [ 103.808781326244443, 1.294569800270375 ], [ 103.808806510329561, 1.294557547268486 ], [ 103.808911018643258, 1.294794100779441 ], [ 103.808768435890258, 1.294819420815953 ], [ 103.808613527931712, 1.294840312509538 ] ], [ [ 103.80923460000075, 1.295005900005831 ], [ 103.809213289732156, 1.294757784546617 ], [ 103.809251282323757, 1.294747377334806 ], [ 103.809363926926693, 1.294728684608819 ], [ 103.809367684265254, 1.29475597330137 ], [ 103.809233212757817, 1.29475673170671 ], [ 103.80923460000075, 1.295005900005831 ] ], [ [ 103.809039014671868, 1.294831889766162 ], [ 103.809055300000466, 1.295021500000467 ], [ 103.809023294196905, 1.294838925292879 ], [ 103.809039014671868, 1.294831889766162 ] ], [ [ 103.808551798154767, 1.294588159136677 ], [ 103.808552451292883, 1.294589941908302 ], [ 103.808514844606123, 1.294593162218003 ], [ 103.80851481876482, 1.294592988251431 ], [ 103.808551798154767, 1.294588159136677 ] ], [ [ 103.807494382140561, 1.294317920469574 ], [ 103.807494172144175, 1.294318514728212 ], [ 103.807486800004327, 1.294314300002679 ], [ 103.807494382140561, 1.294317920469574 ] ], [ [ 103.808271107236237, 1.294713578708144 ], [ 103.808270896209351, 1.29471609539489 ], [ 103.80803950000039, 1.294762100000233 ], [ 103.808271107236237, 1.294713578708144 ] ], [ [ 103.809215850767771, 1.295666366212346 ], [ 103.809215850777647, 1.295666366210538 ], [ 103.809224359690731, 1.295726536321615 ], [ 103.80922435911296, 1.295726536214895 ], [ 103.809215850767771, 1.295666366212346 ] ], [ [ 103.809501299999368, 1.295624300000257 ], [ 103.809501300000264, 1.295624299999352 ], [ 103.809501300248243, 1.295624301746588 ], [ 103.809501299999368, 1.295624300000257 ] ], [ [ 103.809073285527489, 1.295688044597291 ], [ 103.809083800000423, 1.2957007 ], [ 103.809042070997549, 1.295693029777018 ], [ 103.809073285527489, 1.295688044597291 ] ], [ [ 103.80910130344428, 1.296473483205822 ], [ 103.809101318322618, 1.296473550811752 ], [ 103.809097545565251, 1.296474093470229 ], [ 103.809097526755806, 1.296474022623017 ], [ 103.80910130344428, 1.296473483205822 ] ], [ [ 103.809000804050484, 1.296487837329651 ], [ 103.809000847790898, 1.296488002082722 ], [ 103.808993550551207, 1.296489051688403 ], [ 103.808993491997441, 1.2964888816953 ], [ 103.809000804050484, 1.296487837329651 ] ], [ [ 103.809022350042298, 1.296568992168045 ], [ 103.809026599999626, 1.296584999997776 ], [ 103.809021145758436, 1.29656916538657 ], [ 103.809022350042298, 1.296568992168045 ] ], [ [ 103.809119047819607, 1.296555083553886 ], [ 103.809119255434709, 1.296555053691952 ], [ 103.8091203000006, 1.296559799999919 ], [ 103.809119047819607, 1.296555083553886 ] ], [ [ 103.806867161480113, 1.296015906295284 ], [ 103.806915859924104, 1.295986812316277 ], [ 103.806976700000618, 1.296218900001768 ], [ 103.806867161480113, 1.296015906295284 ] ], [ [ 103.807127409797005, 1.296539339294105 ], [ 103.807142458730851, 1.296604389441054 ], [ 103.807142457311144, 1.296604390316464 ], [ 103.807127406715892, 1.296539339736307 ], [ 103.807127409797005, 1.296539339294105 ] ], [ [ 103.807075164569511, 1.296546835433788 ], [ 103.807091253733162, 1.296616374847546 ], [ 103.807091217357325, 1.296616381872272 ], [ 103.807075089965124, 1.296546846137975 ], [ 103.807075164569511, 1.296546835433788 ] ], [ [ 103.807513215821103, 1.296526916606271 ], [ 103.807532096754599, 1.296515273716254 ], [ 103.807526800000034, 1.296585500000087 ], [ 103.807513215821103, 1.296526916606271 ] ], [ [ 103.807362410835225, 1.296674185554111 ], [ 103.807362387141453, 1.296674192725478 ], [ 103.807353165881395, 1.296634333150754 ], [ 103.807353169781976, 1.296634332398363 ], [ 103.807362410835225, 1.296674185554111 ] ], [ [ 103.806852537688755, 1.296810312670485 ], [ 103.806827176512527, 1.29681589476648 ], [ 103.806837332959617, 1.296750832466586 ], [ 103.806838806122869, 1.29675110688897 ], [ 103.806852537688755, 1.296810312670485 ] ], [ [ 103.806292804668857, 1.296256512811213 ], [ 103.806240863434581, 1.29621602284434 ], [ 103.806170000000307, 1.296069199999702 ], [ 103.806292804668857, 1.296256512811213 ] ], [ [ 103.810310625838298, 1.294716956144141 ], [ 103.810303716511811, 1.294754216306413 ], [ 103.810272746373514, 1.294741157595485 ], [ 103.810262097296203, 1.294682039172266 ], [ 103.810310625838298, 1.294716956144141 ] ], [ [ 103.803991667414664, 1.299117951482839 ], [ 103.803991682817298, 1.29911797044393 ], [ 103.803989417758061, 1.299120226252986 ], [ 103.803989401201704, 1.299120207154418 ], [ 103.803991667414664, 1.299117951482839 ] ], [ [ 103.803486385731006, 1.299465036207676 ], [ 103.803594399988057, 1.299593199986597 ], [ 103.80348401448876, 1.29946716714574 ], [ 103.803486385731006, 1.299465036207676 ] ], [ [ 103.803168022145911, 1.299840768456247 ], [ 103.803169343130321, 1.29983959862577 ], [ 103.803169492407108, 1.299839771174014 ], [ 103.803168175599168, 1.29984093971763 ], [ 103.803168022145911, 1.299840768456247 ] ], [ [ 103.803330842933377, 1.299696578413163 ], [ 103.803335900000747, 1.299692100000026 ], [ 103.803330847856444, 1.29969658330493 ], [ 103.803330842933377, 1.299696578413163 ] ], [ [ 103.803677615293751, 1.299861491553376 ], [ 103.803676203790459, 1.299858476299835 ], [ 103.803675200478281, 1.29985367557297 ], [ 103.803756341942147, 1.29978168445162 ], [ 103.803797965026504, 1.299746149325204 ], [ 103.803677615293751, 1.299861491553376 ] ], [ [ 103.803375479762778, 1.300306335659186 ], [ 103.80331981418027, 1.300319128387021 ], [ 103.803312056631668, 1.300291886772732 ], [ 103.803294837763644, 1.300269919299938 ], [ 103.803328587963136, 1.300242992232935 ], [ 103.803375479762778, 1.300306335659186 ] ], [ [ 103.803363646027336, 1.300156176917709 ], [ 103.803354241035365, 1.300144235573243 ], [ 103.803385067705008, 1.300116255264544 ], [ 103.803406384960738, 1.300104760923569 ], [ 103.803429193320909, 1.300107023050468 ], [ 103.803363646027336, 1.300156176917709 ] ], [ [ 103.803775961158863, 1.300370906974392 ], [ 103.803782948302057, 1.300377511397732 ], [ 103.803747700000699, 1.300392099999715 ], [ 103.803775961158863, 1.300370906974392 ] ], [ [ 103.803353799996657, 1.299812799997001 ], [ 103.803353800000238, 1.299812799999714 ], [ 103.803353800000238, 1.299812800000618 ], [ 103.803353799996657, 1.299812799997001 ] ], [ [ 103.814989418267729, 1.292422607379181 ], [ 103.815021498553605, 1.292418400189608 ], [ 103.814989419933553, 1.292422617188838 ], [ 103.814989418267729, 1.292422607379181 ] ], [ [ 103.81639389033667, 1.289337347791984 ], [ 103.81636589542839, 1.289354487532878 ], [ 103.816348569569101, 1.2893533382574 ], [ 103.816292269888066, 1.289356719799047 ], [ 103.816278992703687, 1.289347471106796 ], [ 103.816159873556543, 1.289114532465193 ], [ 103.816014399255451, 1.288845972805577 ], [ 103.815937157194412, 1.288741201578244 ], [ 103.815826143968692, 1.288624193647414 ], [ 103.815729766495792, 1.288523564234354 ], [ 103.815697884630566, 1.28849983074963 ], [ 103.815940036611309, 1.288494672125459 ], [ 103.815963922707638, 1.288518202305361 ], [ 103.815973701219605, 1.288698296622228 ], [ 103.816220899999891, 1.288684699999904 ], [ 103.815980259417444, 1.288743230536285 ], [ 103.815989359414601, 1.288781130536852 ], [ 103.816230000000417, 1.288722599999669 ], [ 103.816050564296759, 1.288894270932965 ], [ 103.816069264296331, 1.288914070935028 ], [ 103.816248699998354, 1.288742400002243 ], [ 103.816099166410297, 1.288940984275024 ], [ 103.816120666411436, 1.288957384275564 ], [ 103.816270199999721, 1.288758800000626 ], [ 103.816192826784516, 1.288995490368738 ], [ 103.81622332678721, 1.28900559036975 ], [ 103.816300699999914, 1.28876890000069 ], [ 103.816295411419787, 1.288923370373698 ], [ 103.816256273548788, 1.288970671807806 ], [ 103.816272685970702, 1.28898442827903 ], [ 103.816292647061488, 1.28900411254735 ], [ 103.816292174186088, 1.289017924425455 ], [ 103.816307180963875, 1.289018444891667 ], [ 103.816467440030323, 1.289176481451838 ], [ 103.816640700000193, 1.288998500000466 ], [ 103.816509085855643, 1.289209543235779 ], [ 103.816540585857226, 1.289229443237314 ], [ 103.816672200000227, 1.289018400000375 ], [ 103.816673864368411, 1.289153955523454 ], [ 103.816640335841555, 1.289177135304735 ], [ 103.816463001379574, 1.289292147118752 ], [ 103.816597099947273, 1.289501599917374 ], [ 103.816462200399428, 1.289292668803504 ], [ 103.81639389033667, 1.289337347791984 ] ], [ [ 103.816713732094939, 1.289126393166221 ], [ 103.816712399999517, 1.289017899999944 ], [ 103.816721077887735, 1.289121314687667 ], [ 103.816713732094939, 1.289126393166221 ] ], [ [ 103.816945772479954, 1.289153487970812 ], [ 103.816945905385907, 1.289153481318261 ], [ 103.816976249649599, 1.289191571872311 ], [ 103.816976299022627, 1.289191714469262 ], [ 103.816945772479954, 1.289153487970812 ] ], [ [ 103.818615923641076, 1.288487424114205 ], [ 103.818178432111154, 1.2884948237214 ], [ 103.818822485178984, 1.28845485498887 ], [ 103.818872515853542, 1.288444088894723 ], [ 103.818948833353303, 1.288410822290839 ], [ 103.818971749237704, 1.288386700307046 ], [ 103.819006044985471, 1.288384493539097 ], [ 103.819107795030803, 1.288378320836031 ], [ 103.819092899997244, 1.288129599956692 ], [ 103.819110197127998, 1.28837816331188 ], [ 103.819171676801716, 1.288373829397493 ], [ 103.819149091622705, 1.288441344650329 ], [ 103.819147316092611, 1.288459008411712 ], [ 103.818912939751428, 1.288475032788221 ], [ 103.818776564534659, 1.288479990120237 ], [ 103.818785500001965, 1.288729000043694 ], [ 103.818774110333052, 1.288480091603897 ], [ 103.818615923641076, 1.288487424114205 ] ], [ [ 103.821492399999926, 1.288596099999284 ], [ 103.821492400000835, 1.288596100000188 ], [ 103.821492400001716, 1.288596100028223 ], [ 103.821492399999926, 1.288596099999284 ] ], [ [ 103.822643317526357, 1.285621819238716 ], [ 103.822642473539247, 1.285621443329563 ], [ 103.822649345212596, 1.285609942455246 ], [ 103.822651575747287, 1.285610580945345 ], [ 103.822643317526357, 1.285621819238716 ] ], [ [ 103.822840239372866, 1.285197903563946 ], [ 103.823010600000273, 1.28514109999932 ], [ 103.822844946796494, 1.28528410157039 ], [ 103.822840239372866, 1.285197903563946 ] ], [ [ 103.823267800000565, 1.283933300000073 ], [ 103.823318827718126, 1.28409399600914 ], [ 103.823244871218975, 1.284117096692382 ], [ 103.823267800000565, 1.283933300000073 ] ], [ [ 103.823438867103974, 1.284139861059799 ], [ 103.823527145185992, 1.284111464403862 ], [ 103.823488799999765, 1.284301800000265 ], [ 103.823438867103974, 1.284139861059799 ] ], [ [ 103.819995653925588, 1.284483988411779 ], [ 103.820064125359281, 1.284463221028306 ], [ 103.820189149759031, 1.284848249650613 ], [ 103.820050223718326, 1.284891385218987 ], [ 103.820029440437267, 1.284817713391401 ], [ 103.819933333977758, 1.284692275750631 ], [ 103.819789425753783, 1.284654378212259 ], [ 103.819783550215121, 1.284654534684873 ], [ 103.819782900000092, 1.284634299999985 ], [ 103.820019242260145, 1.284560120935504 ], [ 103.819995653925588, 1.284483988411779 ] ], [ [ 103.822097753495498, 1.284294020662354 ], [ 103.822102444018782, 1.284315464846084 ], [ 103.822083118580522, 1.284297712409521 ], [ 103.822097753495498, 1.284294020662354 ] ], [ [ 103.821992399999914, 1.284647800000048 ], [ 103.822163704957916, 1.284595348564932 ], [ 103.822163843235032, 1.284595980164034 ], [ 103.821992399999914, 1.284647800000048 ] ], [ [ 103.822784093690828, 1.284942458454423 ], [ 103.822929300000212, 1.284894100000266 ], [ 103.822784105776861, 1.28494251229855 ], [ 103.822784093690828, 1.284942458454423 ] ], [ [ 103.822235213922198, 1.28493585220117 ], [ 103.822248861130035, 1.285001735298431 ], [ 103.822311495089139, 1.28527100466501 ], [ 103.822319875627954, 1.285376953264054 ], [ 103.822317981314413, 1.285449956939542 ], [ 103.822316082514277, 1.285463646663479 ], [ 103.822309263818397, 1.285487777265027 ], [ 103.822305519992995, 1.285495230249139 ], [ 103.822254735260515, 1.285546014978323 ], [ 103.822182219854426, 1.285460097595112 ], [ 103.822002919858519, 1.285613397584119 ], [ 103.822072372340202, 1.285695685973967 ], [ 103.822072348553078, 1.285695703055505 ], [ 103.822002880703607, 1.285613431068054 ], [ 103.821963382184208, 1.285647216172919 ], [ 103.821770869972823, 1.285433525649363 ], [ 103.821712821575673, 1.28536724066059 ], [ 103.821659220761987, 1.285414791600266 ], [ 103.82165596669978, 1.285411444612236 ], [ 103.821708433638577, 1.285362361545797 ], [ 103.821560195942453, 1.285201842924425 ], [ 103.8219729313317, 1.285080227600948 ], [ 103.822206780662853, 1.284997161423639 ], [ 103.822235213922198, 1.28493585220117 ] ], [ [ 103.821218683741151, 1.284886319905502 ], [ 103.821219762493882, 1.284890297808456 ], [ 103.821178939905991, 1.284928328756117 ], [ 103.821177279696599, 1.284926250900196 ], [ 103.821218683741151, 1.284886319905502 ] ], [ [ 103.820449617069897, 1.285030592600306 ], [ 103.82044964222456, 1.285030584325496 ], [ 103.820451156906159, 1.285035488874888 ], [ 103.820450979097345, 1.285035565858047 ], [ 103.820449617069897, 1.285030592600306 ] ], [ [ 103.820763343187252, 1.285339687913813 ], [ 103.820748596754797, 1.285355303436859 ], [ 103.820763342185387, 1.2853396868141 ], [ 103.820763343187252, 1.285339687913813 ] ], [ [ 103.820491823682858, 1.285289033221917 ], [ 103.820490997892534, 1.285289907801888 ], [ 103.820488399998737, 1.2852854999993 ], [ 103.820491823682858, 1.285289033221917 ] ], [ [ 103.820423245378024, 1.285361663267072 ], [ 103.820413429966749, 1.285372058591216 ], [ 103.820407000000685, 1.28533410000117 ], [ 103.820423245378024, 1.285361663267072 ] ], [ [ 103.822649727706164, 1.287699608994263 ], [ 103.822636685011702, 1.28770675624697 ], [ 103.822488499999864, 1.287740700000159 ], [ 103.822649727706164, 1.287699608994263 ] ], [ [ 103.822245091035398, 1.287788286928953 ], [ 103.822276550625375, 1.288020189211427 ], [ 103.822278199454672, 1.288065278466304 ], [ 103.822274354967234, 1.288118169230583 ], [ 103.822275055881306, 1.288125436071265 ], [ 103.822268434998861, 1.288135784676899 ], [ 103.82221975019381, 1.288162687152645 ], [ 103.822144684186554, 1.288196775529153 ], [ 103.822246500000034, 1.288423899999825 ], [ 103.822140351223311, 1.288198794017123 ], [ 103.822038443463768, 1.288247473602849 ], [ 103.821967372844753, 1.288278801330369 ], [ 103.821903409408662, 1.288299971796242 ], [ 103.821886743220404, 1.288303985556313 ], [ 103.821895789507806, 1.288245400037026 ], [ 103.821884515562886, 1.288132344610291 ], [ 103.821904560865988, 1.287946905739581 ], [ 103.821956825323099, 1.287979063108757 ], [ 103.82197492532147, 1.287949263106812 ], [ 103.82176370000002, 1.287819299999912 ], [ 103.822004073277881, 1.287878932513169 ], [ 103.822010073275834, 1.287854432513346 ], [ 103.821769699998313, 1.287794799999762 ], [ 103.822017248743279, 1.287791728728956 ], [ 103.822015248727894, 1.287628428728772 ], [ 103.821767700000464, 1.287631500000433 ], [ 103.822015075833434, 1.287621696160184 ], [ 103.822004427467391, 1.287349516626798 ], [ 103.822002465202573, 1.28728083759566 ], [ 103.821755000000564, 1.287288 ], [ 103.821995083927305, 1.287227198369605 ], [ 103.821992506383623, 1.287216888198751 ], [ 103.821984628960408, 1.287185278803225 ], [ 103.821744499999724, 1.287245899999957 ], [ 103.821984459172498, 1.287184601526322 ], [ 103.821981559172244, 1.287173101527264 ], [ 103.821741600000479, 1.287234400000639 ], [ 103.821921880343979, 1.287063627963234 ], [ 103.82188298034329, 1.287022027965671 ], [ 103.821702700000174, 1.287192800000368 ], [ 103.821771171164073, 1.286953347443498 ], [ 103.821720342281594, 1.286938623948339 ], [ 103.821685198988973, 1.286927349496109 ], [ 103.821664470399611, 1.286915314538931 ], [ 103.821620861322927, 1.286875362127399 ], [ 103.821567638433109, 1.286770793969322 ], [ 103.821347299998621, 1.286884400000853 ], [ 103.821531688523535, 1.286718130732565 ], [ 103.821445788522524, 1.286621630738845 ], [ 103.82131440274928, 1.286740105662485 ], [ 103.821314486519228, 1.286738968068633 ], [ 103.821324465267239, 1.286604205387317 ], [ 103.821342253914722, 1.28655239114556 ], [ 103.821324012222902, 1.286546047028222 ], [ 103.821322389803541, 1.286502962885063 ], [ 103.821322039530926, 1.286502976247204 ], [ 103.821344815048491, 1.286473615033195 ], [ 103.821349957093958, 1.286438411776419 ], [ 103.821438408814799, 1.286352697616365 ], [ 103.821343301873114, 1.286253276578565 ], [ 103.821342883920451, 1.286252186454257 ], [ 103.821439141341315, 1.286351984831959 ], [ 103.82148063483325, 1.286311443023282 ], [ 103.821570054032094, 1.286228128088761 ], [ 103.821653630597922, 1.28632652165411 ], [ 103.821950964802866, 1.286834304339785 ], [ 103.822051967490268, 1.287096566544541 ], [ 103.822133186826619, 1.287358262766597 ], [ 103.822189713566615, 1.287568177748888 ], [ 103.822245091035398, 1.287788286928953 ] ], [ [ 103.819925687734894, 1.286624972150756 ], [ 103.819924129870245, 1.286626477886518 ], [ 103.819918657973815, 1.286480578477556 ], [ 103.819918731290215, 1.286480576615857 ], [ 103.819925687734894, 1.286624972150756 ] ], [ [ 103.820956211449897, 1.286712190916903 ], [ 103.820956262633644, 1.286712148579311 ], [ 103.821067600000504, 1.286720500000399 ], [ 103.820956211449897, 1.286712190916903 ] ], [ [ 103.821085425862407, 1.286584679517055 ], [ 103.821085506749611, 1.286583802198504 ], [ 103.82111491568071, 1.286582680344639 ], [ 103.821113506203716, 1.286586785824299 ], [ 103.821085425862407, 1.286584679517055 ] ], [ [ 103.821325397619376, 1.286234056895222 ], [ 103.821325046593245, 1.286234193229279 ], [ 103.82126670000055, 1.286173200000065 ], [ 103.821325397619376, 1.286234056895222 ] ], [ [ 103.821095918208201, 1.286310590559376 ], [ 103.821094154394643, 1.28631188046277 ], [ 103.82109404858366, 1.286308251776858 ], [ 103.821095918208201, 1.286310590559376 ] ], [ [ 103.821183577185963, 1.286275056974437 ], [ 103.821193398309958, 1.286285323590451 ], [ 103.821190840294378, 1.28628631708814 ], [ 103.821182480241632, 1.286275859186953 ], [ 103.821183577185963, 1.286275056974437 ] ], [ [ 103.82112729259886, 1.286353449604976 ], [ 103.821125596765739, 1.286373922476017 ], [ 103.821108061145637, 1.286401432843788 ], [ 103.821096106350993, 1.286402226778695 ], [ 103.821096247016087, 1.286391198544358 ], [ 103.821068923989699, 1.286390845505664 ], [ 103.821069648036811, 1.286381473452927 ], [ 103.821096160862893, 1.286380690293408 ], [ 103.82109551803903, 1.286358645282191 ], [ 103.82112729259886, 1.286353449604976 ] ], [ [ 103.821051933983597, 1.286381996705967 ], [ 103.82105861683597, 1.286381799301907 ], [ 103.821062347145727, 1.286390760526852 ], [ 103.821044796460527, 1.286390533755568 ], [ 103.821051933983597, 1.286381996705967 ] ], [ [ 103.820919510434805, 1.286388914941726 ], [ 103.820919402472512, 1.286388913546666 ], [ 103.820919277912196, 1.286387463510924 ], [ 103.820919362047974, 1.286387449754137 ], [ 103.820919510434805, 1.286388914941726 ] ], [ [ 103.821505431785965, 1.287294730033347 ], [ 103.821584599999696, 1.287156600000486 ], [ 103.821543972945193, 1.287284884555353 ], [ 103.821505431785965, 1.287294730033347 ] ], [ [ 103.821620561250015, 1.287265319794004 ], [ 103.821648500004159, 1.287177099984934 ], [ 103.821623487398242, 1.287264572299314 ], [ 103.821620561250015, 1.287265319794004 ] ], [ [ 103.821752400000079, 1.287277600000087 ], [ 103.821705699796368, 1.287289426896422 ], [ 103.821705532874475, 1.287289431727678 ], [ 103.821752400000079, 1.287277600000087 ] ], [ [ 103.821757000000503, 1.28735800000016 ], [ 103.821654297375147, 1.28736207023704 ], [ 103.821654613884803, 1.287360963361911 ], [ 103.821757000000503, 1.28735800000016 ] ], [ [ 103.821400300000548, 1.28790310000041 ], [ 103.821402623101676, 1.287982807226525 ], [ 103.821400935262204, 1.287998421382808 ], [ 103.821400300000548, 1.28790310000041 ] ], [ [ 103.821745600000128, 1.287849100000364 ], [ 103.821855436332413, 1.287916680305887 ], [ 103.821777540071281, 1.287908150475998 ], [ 103.821745600000128, 1.287849100000364 ] ], [ [ 103.822062039041001, 1.288530589424838 ], [ 103.822055899997963, 1.288511799995582 ], [ 103.82206401305794, 1.288530444784988 ], [ 103.822062039041001, 1.288530589424838 ] ], [ [ 103.822162533110614, 1.288523226056738 ], [ 103.822141199998029, 1.288474199994851 ], [ 103.822164258630579, 1.288523099625099 ], [ 103.822162533110614, 1.288523226056738 ] ], [ [ 103.82280643025554, 1.2856436331693 ], [ 103.822807373327151, 1.285643847830549 ], [ 103.822778674244276, 1.285682106752231 ], [ 103.822778285874449, 1.285681933773648 ], [ 103.82280643025554, 1.2856436331693 ] ], [ [ 103.823235125705835, 1.286223821557096 ], [ 103.823235125322157, 1.286223821 ], [ 103.823235125361705, 1.286223820970161 ], [ 103.82323512574537, 1.286223821527252 ], [ 103.823235125705835, 1.286223821557096 ] ], [ [ 103.822089100000525, 1.289199000000781 ], [ 103.822076444772108, 1.289225173763067 ], [ 103.822066665822533, 1.289224530043276 ], [ 103.822089100000525, 1.289199000000781 ] ], [ [ 103.822204749880086, 1.289222760879276 ], [ 103.822204087023209, 1.28921497174187 ], [ 103.822204487459942, 1.289214755700813 ], [ 103.822204862180669, 1.289222757132986 ], [ 103.822204749880086, 1.289222760879276 ] ], [ [ 103.822210574304066, 1.289222566593053 ], [ 103.822215485832132, 1.289208821934564 ], [ 103.822224073179896, 1.289204188947265 ], [ 103.822233639471008, 1.289221797205552 ], [ 103.822210574304066, 1.289222566593053 ] ], [ [ 103.82174680038159, 1.288976762959767 ], [ 103.821745822995183, 1.288961478339001 ], [ 103.821748123314407, 1.288961266086056 ], [ 103.821749314573296, 1.288976368760441 ], [ 103.82174680038159, 1.288976762959767 ] ], [ [ 103.821910199554168, 1.288951143632053 ], [ 103.821909904883753, 1.288946338334141 ], [ 103.821919400511902, 1.288945462162287 ], [ 103.821919918636226, 1.288949619778603 ], [ 103.821910199554168, 1.288951143632053 ] ], [ [ 103.818427533213551, 1.28640887611596 ], [ 103.818501956752002, 1.28640439052006 ], [ 103.818507075172164, 1.28648253478572 ], [ 103.818513251418949, 1.286630274866525 ], [ 103.818697503375063, 1.286622472055777 ], [ 103.818697555712831, 1.286623490648561 ], [ 103.818513450265328, 1.286634268277061 ], [ 103.81851574559272, 1.286673987496263 ], [ 103.818516540995532, 1.286687907056286 ], [ 103.8187003189542, 1.286677268879687 ], [ 103.818700431426393, 1.286679457822246 ], [ 103.818517173441492, 1.286696425047483 ], [ 103.818523951919033, 1.28677058964515 ], [ 103.818552621586932, 1.286888764660005 ], [ 103.818674715689355, 1.286985721746659 ], [ 103.818784222118296, 1.287009595187306 ], [ 103.818894170157023, 1.287003705116131 ], [ 103.81889441708087, 1.287013211721434 ], [ 103.819141899999636, 1.287006700000132 ], [ 103.818895219418948, 1.287027772396471 ], [ 103.818904768931972, 1.287141016242567 ], [ 103.818905956861798, 1.287164350619146 ], [ 103.819120111441109, 1.287153306417829 ], [ 103.81912015868545, 1.287153795529362 ], [ 103.818906170285004, 1.287168014615727 ], [ 103.818907804224438, 1.287192924220276 ], [ 103.81862242789164, 1.287209176760171 ], [ 103.818636527866957, 1.287459976761046 ], [ 103.8188837000001, 1.287445900000044 ], [ 103.818676758265539, 1.287582666028898 ], [ 103.818688958264758, 1.287601366029723 ], [ 103.818895900000214, 1.287464599999903 ], [ 103.818808802395537, 1.287697842679208 ], [ 103.818835502397704, 1.287707942680358 ], [ 103.818922600000292, 1.28747470000013 ], [ 103.818935723621621, 1.287723521889917 ], [ 103.818936863081149, 1.287723461010029 ], [ 103.818941717600353, 1.287801391646327 ], [ 103.819187892680461, 1.287785857254775 ], [ 103.819187892883519, 1.287785860427288 ], [ 103.818941772919558, 1.287802255667787 ], [ 103.818944471233578, 1.287843288714613 ], [ 103.81894501999021, 1.287856615692449 ], [ 103.818945798087341, 1.287878013425279 ], [ 103.819193199998821, 1.287868900000042 ], [ 103.818945984285648, 1.287882179662517 ], [ 103.818946344524647, 1.287888973145778 ], [ 103.818937534588443, 1.287889540023059 ], [ 103.818864751348627, 1.287848737298424 ], [ 103.818783056884598, 1.287845402831502 ], [ 103.818143016903605, 1.28788686537103 ], [ 103.818141530601807, 1.287841565055357 ], [ 103.818125326575512, 1.2875606633926 ], [ 103.818127006641703, 1.287513781407795 ], [ 103.818039832150347, 1.287510616783543 ], [ 103.818039328697921, 1.287501895230494 ], [ 103.818127127116156, 1.287500298555677 ], [ 103.818124259727881, 1.28734057523558 ], [ 103.818112418947976, 1.287212630942414 ], [ 103.818194154980461, 1.287173632279973 ], [ 103.818298489002188, 1.287083809940404 ], [ 103.818370439180313, 1.286940898566088 ], [ 103.818424184901843, 1.286435120295411 ], [ 103.818427533213551, 1.28640887611596 ] ], [ [ 103.818730059323926, 1.28629283873017 ], [ 103.818730059476721, 1.286292831834388 ], [ 103.818742699999817, 1.286292 ], [ 103.818730059323926, 1.28629283873017 ] ], [ [ 103.819057209501366, 1.287642610593371 ], [ 103.81905711179806, 1.287640758157854 ], [ 103.819059115998868, 1.287640662147305 ], [ 103.819059233218653, 1.28764248289037 ], [ 103.819057209501366, 1.287642610593371 ] ], [ [ 103.819155651646028, 1.287636398594614 ], [ 103.819155646168724, 1.287636037916693 ], [ 103.819155835031239, 1.287636028868675 ], [ 103.819155840853611, 1.28763638665444 ], [ 103.819155651646028, 1.287636398594614 ] ], [ [ 103.819174027062729, 1.287635239049314 ], [ 103.819174025735137, 1.287635157452083 ], [ 103.819178248425274, 1.287634955165644 ], [ 103.819178249539377, 1.287634972598187 ], [ 103.819174027062729, 1.287635239049314 ] ], [ [ 103.816857839215118, 1.286797094528838 ], [ 103.816858143548245, 1.286797482069246 ], [ 103.816763909502868, 1.286868080596465 ], [ 103.816882609497, 1.287028580605414 ], [ 103.816981279058155, 1.28695465906359 ], [ 103.816981928998572, 1.286955489059485 ], [ 103.816883862361578, 1.287030259843641 ], [ 103.817025362354897, 1.287218259854356 ], [ 103.817114065297645, 1.287150628404814 ], [ 103.81720688660792, 1.287275213140652 ], [ 103.817019033746504, 1.287280181538829 ], [ 103.816938309016805, 1.28728400163829 ], [ 103.816929679761031, 1.287284259722539 ], [ 103.816925101279963, 1.287255347474907 ], [ 103.816872407655424, 1.287147656699949 ], [ 103.816786303479887, 1.287060373020912 ], [ 103.816677235626841, 1.287005104137307 ], [ 103.816556173766102, 1.286987473769691 ], [ 103.816527715775152, 1.286992679500479 ], [ 103.816512795234317, 1.286988954973801 ], [ 103.816511129799309, 1.286995713520074 ], [ 103.816487630083188, 1.287000012248773 ], [ 103.816489960685885, 1.286984390021552 ], [ 103.816409645988713, 1.286972252431769 ], [ 103.81646039007363, 1.286960739066865 ], [ 103.816556937566631, 1.28687789087572 ], [ 103.816605763332092, 1.286786897391408 ], [ 103.81660821299937, 1.286776252999725 ], [ 103.816687500992572, 1.28676395044349 ], [ 103.816763353534995, 1.286867325878652 ], [ 103.816857839215118, 1.286797094528838 ] ], [ [ 103.815906495457881, 1.286484960777673 ], [ 103.81591920000082, 1.28665550000367 ], [ 103.815870604831318, 1.286424045674702 ], [ 103.815906495457881, 1.286484960777673 ] ], [ [ 103.816395902740737, 1.28697537064787 ], [ 103.816359900000307, 1.287216700000419 ], [ 103.816365133918424, 1.286982351808665 ], [ 103.816395902740737, 1.28697537064787 ] ], [ [ 103.816298748920175, 1.28698465787539 ], [ 103.81629359999981, 1.287215200000074 ], [ 103.816255426013839, 1.286979718781355 ], [ 103.816298748920175, 1.28698465787539 ] ], [ [ 103.816216906824081, 1.286975327341791 ], [ 103.816178833730874, 1.286981579665848 ], [ 103.816218699999894, 1.287227500000454 ], [ 103.816138477869245, 1.286991772385571 ], [ 103.816064622344356, 1.287017233580465 ], [ 103.816058726673091, 1.287018826004707 ], [ 103.816058667080398, 1.286984860011084 ], [ 103.815811099983549, 1.286985300000743 ], [ 103.816058568527097, 1.286978256183598 ], [ 103.816056230048986, 1.286895030648906 ], [ 103.816083415024067, 1.286892979126832 ], [ 103.816087575613224, 1.286899735093418 ], [ 103.816209761239165, 1.286974512698639 ], [ 103.816216906824081, 1.286975327341791 ] ], [ [ 103.816136899999492, 1.287255699998144 ], [ 103.816160826151048, 1.287326005466878 ], [ 103.816155730922802, 1.287326324960722 ], [ 103.816136899999492, 1.287255699998144 ] ], [ [ 103.815976300000472, 1.287281600000278 ], [ 103.815979292282421, 1.287337401650923 ], [ 103.815969866362863, 1.287337993618852 ], [ 103.815976300000472, 1.287281600000278 ] ], [ [ 103.816060255569681, 1.287332316986798 ], [ 103.816057300000224, 1.287277200000354 ], [ 103.816071802631583, 1.28733159180738 ], [ 103.816060255569681, 1.287332316986798 ] ], [ [ 103.815863020414085, 1.287344703763599 ], [ 103.815833713815096, 1.28734654427755 ], [ 103.815871600000065, 1.287269499999742 ], [ 103.815863020414085, 1.287344703763599 ] ], [ [ 103.815844700001193, 1.287256099999395 ], [ 103.815799157225783, 1.28734871450073 ], [ 103.815668939416625, 1.287356892437751 ], [ 103.815844700001193, 1.287256099999395 ] ], [ [ 103.813996793633635, 1.286490900685211 ], [ 103.813996793636321, 1.286490900975513 ], [ 103.813749533823938, 1.286491688623578 ], [ 103.813749648770425, 1.286528242574041 ], [ 103.813663398297535, 1.286511860270508 ], [ 103.81365149936174, 1.286501059930326 ], [ 103.813644960038332, 1.286508358130991 ], [ 103.813619460437778, 1.286503514768808 ], [ 103.813623430522938, 1.286498095535321 ], [ 103.813749490832322, 1.286472251496672 ], [ 103.813749533194965, 1.286491453296083 ], [ 103.813996793633635, 1.286490900685211 ] ], [ [ 103.813137700000325, 1.286902900000663 ], [ 103.81323439214124, 1.286810964699013 ], [ 103.81323968886835, 1.2868131536313 ], [ 103.813269067417536, 1.286834915521026 ], [ 103.813328960059465, 1.286879363070992 ], [ 103.813343411903205, 1.286892480618098 ], [ 103.813137700000325, 1.286902900000663 ] ], [ [ 103.813138400000511, 1.286916899999918 ], [ 103.813122090721777, 1.28691774136784 ], [ 103.813122107715998, 1.286917725208785 ], [ 103.813138400000511, 1.286916899999918 ] ], [ [ 103.813387066773885, 1.286932104960517 ], [ 103.813634000618336, 1.287156240079 ], [ 103.81375092811723, 1.287025743374106 ], [ 103.813751905702901, 1.287030012830201 ], [ 103.813642864892785, 1.287163911821478 ], [ 103.813700988002125, 1.287211860064819 ], [ 103.813712819473153, 1.287230006494728 ], [ 103.813718465100592, 1.287226277671271 ], [ 103.813730264895085, 1.287236011826621 ], [ 103.813761151147162, 1.287198084394838 ], [ 103.813859475402509, 1.287133143192333 ], [ 103.813848872495782, 1.287167502535759 ], [ 103.813777586752693, 1.287242857052999 ], [ 103.813782219013092, 1.287247296188887 ], [ 103.813754267848054, 1.287278582289352 ], [ 103.813990615240968, 1.287492482540489 ], [ 103.813703199910933, 1.287493304184548 ], [ 103.813642617066876, 1.287489235188638 ], [ 103.813405608322157, 1.287244675875948 ], [ 103.813402266379768, 1.287228346393048 ], [ 103.813390039916655, 1.286990486567322 ], [ 103.813387066773885, 1.286932104960517 ] ], [ [ 103.813142799951237, 1.287003300002227 ], [ 103.81310721936012, 1.28700515269788 ], [ 103.813107219117654, 1.287005135556547 ], [ 103.813142799951237, 1.287003300002227 ] ], [ [ 103.813684435582275, 1.288209754076707 ], [ 103.813684446027537, 1.288209672671292 ], [ 103.813702704307275, 1.288209603398383 ], [ 103.813702704297356, 1.288209607201237 ], [ 103.813684435582275, 1.288209754076707 ] ], [ [ 103.813775601348652, 1.288064109234187 ], [ 103.81377560106381, 1.288064109235089 ], [ 103.81377560517447, 1.288062599810419 ], [ 103.813775606560924, 1.288062599778777 ], [ 103.813775601348652, 1.288064109234187 ] ], [ [ 103.814033157906749, 1.287990707384603 ], [ 103.814033161317624, 1.287990707374681 ], [ 103.814032900000058, 1.288065400000447 ], [ 103.814033157906749, 1.287990707384603 ] ], [ [ 103.81422021417481, 1.287816890075638 ], [ 103.81422000000056, 1.287741 ], [ 103.814220214657325, 1.28781689007745 ], [ 103.81422021417481, 1.287816890075638 ] ], [ [ 103.813749173357664, 1.286589116372889 ], [ 103.813749160855394, 1.286589704608767 ], [ 103.81370495361729, 1.286549578903708 ], [ 103.813749648587034, 1.286558068208322 ], [ 103.813749173357664, 1.286589116372889 ] ], [ [ 103.813996700000047, 1.286593700000373 ], [ 103.813997612215985, 1.286593714144361 ], [ 103.813997612259968, 1.286593719641091 ], [ 103.813996700000047, 1.286593700000373 ] ], [ [ 103.813622122390967, 1.286533846046917 ], [ 103.813616146764232, 1.286540515134099 ], [ 103.813602400000036, 1.286530100000759 ], [ 103.813622122390967, 1.286533846046917 ] ], [ [ 103.813218576476615, 1.286804428695395 ], [ 103.813126999999284, 1.286891500000468 ], [ 103.813167268237095, 1.286783224981967 ], [ 103.813218576476615, 1.286804428695395 ] ], [ [ 103.813794932178794, 1.286976632723543 ], [ 103.81379518414299, 1.286976868140698 ], [ 103.813766450430691, 1.287012152321112 ], [ 103.813762228507187, 1.287013131595358 ], [ 103.813794932178794, 1.286976632723543 ] ], [ [ 103.813979021064895, 1.286962846563948 ], [ 103.813979833296059, 1.28696021448048 ], [ 103.813990000000317, 1.286960299999768 ], [ 103.813979021064895, 1.286962846563948 ] ], [ [ 103.813698158044545, 1.288102813265799 ], [ 103.813702995154699, 1.288102800539094 ], [ 103.813702995154699, 1.288102800776943 ], [ 103.813698157291512, 1.288102819132408 ], [ 103.813698158044545, 1.288102813265799 ] ], [ [ 103.814289944527687, 1.287791895981556 ], [ 103.814305293352788, 1.287809690782842 ], [ 103.814311197330156, 1.287817212518187 ], [ 103.814290015925295, 1.287817137452297 ], [ 103.814289944527687, 1.287791895981556 ] ], [ [ 103.814372101147924, 1.287894766756362 ], [ 103.814374645926947, 1.287898006073709 ], [ 103.814371500000448, 1.28806659999983 ], [ 103.814372101147924, 1.287894766756362 ] ], [ [ 103.814368739678599, 1.28831576398998 ], [ 103.814530851332734, 1.288318828295394 ], [ 103.814533765926171, 1.288162631346486 ], [ 103.814546015376507, 1.288182460747042 ], [ 103.814553094578017, 1.28819311866321 ], [ 103.814570661915099, 1.28831634622319 ], [ 103.814607361918661, 1.288311046222383 ], [ 103.814600786072276, 1.288264919402403 ], [ 103.814628012096193, 1.288305908861062 ], [ 103.814687999507242, 1.28837822625448 ], [ 103.814705247851677, 1.288395105369907 ], [ 103.814690954189629, 1.288395335294417 ], [ 103.814508364756065, 1.288396029550954 ], [ 103.814509300000083, 1.288645200000126 ], [ 103.814508169940723, 1.28839603036886 ], [ 103.813986030079974, 1.288398429175348 ], [ 103.813947649798749, 1.288398524294062 ], [ 103.813948813819422, 1.288341393881633 ], [ 103.813949384601358, 1.288314281608874 ], [ 103.814032028258637, 1.288314570681963 ], [ 103.81403202998564, 1.288314570688307 ], [ 103.814032039636871, 1.288314570721842 ], [ 103.814368739678599, 1.28831576398998 ] ], [ [ 103.813420119035655, 1.288764269629963 ], [ 103.813521600000371, 1.288652200000178 ], [ 103.813522859777237, 1.288765012937806 ], [ 103.813420119035655, 1.288764269629963 ] ], [ [ 103.814828100000184, 1.288673400000565 ], [ 103.814899643669875, 1.288586746190301 ], [ 103.814941244005567, 1.288628035820305 ], [ 103.814828100000184, 1.288673400000565 ] ], [ [ 103.815474565693194, 1.288293096945855 ], [ 103.815465597872546, 1.288286933875843 ], [ 103.815437374438105, 1.288278884235255 ], [ 103.815575699999968, 1.288213000000152 ], [ 103.815474565693194, 1.288293096945855 ] ], [ [ 103.815771167515024, 1.287999813513958 ], [ 103.815750684428792, 1.287907750739745 ], [ 103.815509100005386, 1.287962199998384 ], [ 103.815680222300102, 1.287908899135715 ], [ 103.815816046991429, 1.287901954050299 ], [ 103.815817811615787, 1.287998819843251 ], [ 103.815771167515024, 1.287999813513958 ] ], [ [ 103.81606800000047, 1.288140400000093 ], [ 103.816178824722698, 1.288138354812304 ], [ 103.816168698774135, 1.288145778972251 ], [ 103.81606800000047, 1.288140400000093 ] ], [ [ 103.816286606810962, 1.288136365770187 ], [ 103.816308297851776, 1.288135965476924 ], [ 103.816381624727555, 1.28819945582136 ], [ 103.816530793075756, 1.288220237790372 ], [ 103.816646727284891, 1.288193830554498 ], [ 103.816761499212049, 1.288127932794663 ], [ 103.816775259019636, 1.28810212059899 ], [ 103.816777040517891, 1.288138027263031 ], [ 103.817024299999986, 1.288125599999636 ], [ 103.816790946333512, 1.28820881463414 ], [ 103.816802246331505, 1.288240914635432 ], [ 103.817035600000565, 1.288157699999941 ], [ 103.816889847194503, 1.288359111612918 ], [ 103.816914947195286, 1.288377511614944 ], [ 103.817060700000482, 1.28817610000054 ], [ 103.816988632999227, 1.288414481214498 ], [ 103.817020633001917, 1.288424281215153 ], [ 103.817092700000487, 1.288185900000268 ], [ 103.817108555176858, 1.288434560701479 ], [ 103.817361569429423, 1.288418218109631 ], [ 103.817314407130254, 1.288469379277688 ], [ 103.817304297150599, 1.288478255598106 ], [ 103.817224320806019, 1.288530004995909 ], [ 103.817320099093692, 1.288679951007467 ], [ 103.817320080968258, 1.288679961281842 ], [ 103.81722425943272, 1.288530044721552 ], [ 103.817048407176955, 1.288643905198135 ], [ 103.816848172303565, 1.288756311870866 ], [ 103.816796323876048, 1.288760706747599 ], [ 103.816800027164689, 1.288804964360635 ], [ 103.816799975934572, 1.288804931995796 ], [ 103.816796265256087, 1.288760711723935 ], [ 103.81675672078822, 1.288764073192869 ], [ 103.816612059945982, 1.288621418549113 ], [ 103.816438799999972, 1.288799400000268 ], [ 103.816597226427291, 1.288607928179956 ], [ 103.816573126427272, 1.288587728181578 ], [ 103.816414700000337, 1.288779200000404 ], [ 103.816442659702133, 1.288672502577138 ], [ 103.816468098777875, 1.288671103353403 ], [ 103.816467754967661, 1.288664771300477 ], [ 103.81647064057465, 1.288664069439433 ], [ 103.816466862494806, 1.288648334364 ], [ 103.816463795378709, 1.28859184641126 ], [ 103.816477835751456, 1.288538266736682 ], [ 103.816460638301834, 1.288533701595477 ], [ 103.816455398755778, 1.288437203354455 ], [ 103.816208200000318, 1.288450800000042 ], [ 103.816446720076669, 1.288384053562043 ], [ 103.81643672007354, 1.288347853562972 ], [ 103.816198200000329, 1.288414600000088 ], [ 103.81640615905566, 1.288279406079456 ], [ 103.816381259053216, 1.288240606080781 ], [ 103.816253762118762, 1.288323491681099 ], [ 103.816234663563577, 1.288312698128683 ], [ 103.816278378647198, 1.288267744680793 ], [ 103.816300695383987, 1.28827323180788 ], [ 103.816305695382994, 1.288252631807547 ], [ 103.816295510433818, 1.288250127583523 ], [ 103.816346467269923, 1.288197727234197 ], [ 103.816314550980621, 1.288166286521848 ], [ 103.816315219653674, 1.288153605591183 ], [ 103.816300901863897, 1.288152840786614 ], [ 103.816296095617645, 1.288148106157414 ], [ 103.816286606810962, 1.288136365770187 ] ], [ [ 103.817479050941486, 1.28783072992384 ], [ 103.81748346252229, 1.287910975201832 ], [ 103.817262236437287, 1.287925264561256 ], [ 103.817257849444758, 1.287836843665682 ], [ 103.817274258515226, 1.28783638222536 ], [ 103.817456222976574, 1.287831644092813 ], [ 103.817479050941486, 1.28783072992384 ] ], [ [ 103.818858600403473, 1.288144319122484 ], [ 103.818858600000141, 1.288144300000591 ], [ 103.818858601213975, 1.288144319105306 ], [ 103.818858600403473, 1.288144319122484 ] ], [ [ 103.819192184298345, 1.288122374367433 ], [ 103.819192184531062, 1.288122374354774 ], [ 103.819192200001794, 1.288122600030067 ], [ 103.819192184298345, 1.288122374367433 ] ], [ [ 103.818990574550483, 1.288133705202892 ], [ 103.818990700000214, 1.288135800000205 ], [ 103.81899056697219, 1.288133705694824 ], [ 103.818990574550483, 1.288133705202892 ] ], [ [ 103.818050187384216, 1.288745941493014 ], [ 103.818050195676847, 1.288745941064395 ], [ 103.818050199999988, 1.288746200000357 ], [ 103.818050187384216, 1.288745941493014 ] ], [ [ 103.817748780809623, 1.28876547351083 ], [ 103.817750100000211, 1.288774300002316 ], [ 103.817747330029178, 1.288765572268486 ], [ 103.817748780809623, 1.28876547351083 ] ], [ [ 103.817579110522345, 1.288734515218729 ], [ 103.817589256250429, 1.288766482788627 ], [ 103.817576251204898, 1.28875147762811 ], [ 103.817561768300564, 1.288718320598732 ], [ 103.817579110522345, 1.288734515218729 ] ], [ [ 103.816101002744247, 1.288195412456334 ], [ 103.816093964799634, 1.288200572546932 ], [ 103.816065200000139, 1.288193499999887 ], [ 103.816101002744247, 1.288195412456334 ] ], [ [ 103.8160266000001, 1.288243600000535 ], [ 103.816028755440598, 1.288248382845518 ], [ 103.816026731784547, 1.288249866553454 ], [ 103.8160266000001, 1.288243600000535 ] ], [ [ 103.816068848232291, 1.288218987551107 ], [ 103.816060200001132, 1.288214100000634 ], [ 103.816071668463948, 1.28821691980975 ], [ 103.816068848232291, 1.288218987551107 ] ], [ [ 103.816083400005596, 1.288279799995775 ], [ 103.816074083401134, 1.2882874277822 ], [ 103.816073813419692, 1.288286828703764 ], [ 103.816083400005596, 1.288279799995775 ] ], [ [ 103.816112900000419, 1.2883163 ], [ 103.816095266718619, 1.288334432795784 ], [ 103.816094050040547, 1.288331733032347 ], [ 103.816112900000419, 1.2883163 ] ], [ [ 103.816052968860063, 1.28830211154972 ], [ 103.816053825873709, 1.288304013231356 ], [ 103.816028309809667, 1.288324904004386 ], [ 103.816028212203733, 1.288320262672202 ], [ 103.816052968860063, 1.28830211154972 ] ], [ [ 103.81607379251291, 1.288348318481654 ], [ 103.816076316720924, 1.288353919607464 ], [ 103.816029923287985, 1.288401627267554 ], [ 103.816029563733593, 1.288384529919429 ], [ 103.81607379251291, 1.288348318481654 ] ], [ [ 103.816173300000642, 1.288375799999434 ], [ 103.816218980517874, 1.288328825444357 ], [ 103.816233197943447, 1.288336860425057 ], [ 103.816173300000642, 1.288375799999434 ] ], [ [ 103.816411699930285, 1.288678405465372 ], [ 103.81638720000015, 1.288771899997751 ], [ 103.816390222101944, 1.288683629478369 ], [ 103.816411699930285, 1.288678405465372 ] ], [ [ 103.816802289823414, 1.28883250668287 ], [ 103.816802328467233, 1.288832466986028 ], [ 103.816817099999739, 1.289009 ], [ 103.816802289823414, 1.28883250668287 ] ], [ [ 103.81563163159916, 1.288443809898172 ], [ 103.81559429877359, 1.288399399291909 ], [ 103.815570904492475, 1.288368645014902 ], [ 103.815627600000568, 1.288252100000616 ], [ 103.81563163159916, 1.288443809898172 ] ], [ [ 103.815592900000169, 1.288235000000147 ], [ 103.815542069599687, 1.288339488517692 ], [ 103.81549864726901, 1.288309646834852 ], [ 103.815592900000169, 1.288235000000147 ] ], [ [ 103.81529498676926, 1.28859039849862 ], [ 103.815290542736534, 1.288591182217554 ], [ 103.815290549843581, 1.28859111410808 ], [ 103.815292197194907, 1.288587213559903 ], [ 103.81529498676926, 1.28859039849862 ] ], [ [ 103.814892099998204, 1.288835100000508 ], [ 103.814883292776571, 1.288841098244615 ], [ 103.814882229819901, 1.288839057369403 ], [ 103.814892099998204, 1.288835100000508 ] ], [ [ 103.814157197465917, 1.288964672716153 ], [ 103.814157199999912, 1.288966099807493 ], [ 103.814157194129621, 1.288964672758633 ], [ 103.814157197465917, 1.288964672716153 ] ], [ [ 103.813988800008005, 1.288934800000108 ], [ 103.813960147869537, 1.288935162809253 ], [ 103.813960130115419, 1.288935143474702 ], [ 103.813988800008005, 1.288934800000108 ] ], [ [ 103.815025437326767, 1.289265631174378 ], [ 103.815025445860186, 1.289265636228935 ], [ 103.815021460180787, 1.289270607413995 ], [ 103.815021442329609, 1.289270587439159 ], [ 103.815025437326767, 1.289265631174378 ] ], [ [ 103.814934489870581, 1.289419653199407 ], [ 103.814938343769128, 1.289414846379132 ], [ 103.814941213122538, 1.289418057136613 ], [ 103.814934489870581, 1.289419653199407 ] ], [ [ 103.814907524924593, 1.289411915391497 ], [ 103.814920897856936, 1.289395324696266 ], [ 103.814921198014019, 1.289395660566887 ], [ 103.814907787397672, 1.289412387112818 ], [ 103.814907524924593, 1.289411915391497 ] ], [ [ 103.815283236185522, 1.28917577831298 ], [ 103.815287757842782, 1.289165629455431 ], [ 103.815386945127244, 1.289327001864022 ], [ 103.815392245127384, 1.289323701863478 ], [ 103.815290837524444, 1.289158717113995 ], [ 103.815298194209987, 1.289142205038142 ], [ 103.81540357550459, 1.289230730857569 ], [ 103.815398490247333, 1.289251319937738 ], [ 103.815409559084472, 1.289355859052756 ], [ 103.815455760927094, 1.289450726851966 ], [ 103.815529946402137, 1.289521920981679 ], [ 103.815476902777036, 1.289545895501312 ], [ 103.815404449914354, 1.289611304332036 ], [ 103.815367167508967, 1.289676260266009 ], [ 103.8152016, 1.289695 ], [ 103.815423594535559, 1.289584707844937 ], [ 103.815415894534553, 1.28956900784598 ], [ 103.81519390000004, 1.289679300000363 ], [ 103.815401638277095, 1.289543762519114 ], [ 103.815298573552937, 1.289383740994855 ], [ 103.815295984085338, 1.28937675683357 ], [ 103.815294536484544, 1.289370579666871 ], [ 103.815356435463102, 1.289343157620546 ], [ 103.815283236185522, 1.28917577831298 ] ], [ [ 103.815300449376309, 1.289137143318805 ], [ 103.815306738178151, 1.289123028109611 ], [ 103.815419820425163, 1.289164958765484 ], [ 103.815404998375854, 1.289224969965979 ], [ 103.815300449376309, 1.289137143318805 ] ], [ [ 103.815329754100816, 1.289071368886668 ], [ 103.815338355369377, 1.289052063345079 ], [ 103.815381294404162, 1.288978107974748 ], [ 103.81538865817987, 1.288965449737256 ], [ 103.815403995062468, 1.288987132918098 ], [ 103.815472604620794, 1.289076599036852 ], [ 103.815446799520288, 1.289114769077369 ], [ 103.815329754100816, 1.289071368886668 ] ], [ [ 103.815344121741518, 1.289879852538002 ], [ 103.815328983172023, 1.289885550797793 ], [ 103.815310931133268, 1.289901960421503 ], [ 103.815192400001081, 1.289801900000774 ], [ 103.815337966740387, 1.289820456722381 ], [ 103.815344121741518, 1.289879852538002 ] ], [ [ 103.815348099739296, 1.289731320701153 ], [ 103.815203599998512, 1.289712899999784 ], [ 103.815356040776933, 1.289695646014021 ], [ 103.815355360787592, 1.289696830737065 ], [ 103.815348099739296, 1.289731320701153 ] ], [ [ 103.815076100001363, 1.289496399998743 ], [ 103.814868361709529, 1.28963193745402 ], [ 103.814948571041072, 1.289756473013863 ], [ 103.814946794469577, 1.289770590400912 ], [ 103.814958635833108, 1.289772099928846 ], [ 103.814978301552529, 1.289802633548115 ], [ 103.814979605445515, 1.289805292135145 ], [ 103.814979914855755, 1.289805138412552 ], [ 103.814986161701128, 1.289814837463187 ], [ 103.815036459721156, 1.28978202085976 ], [ 103.81507764732406, 1.289787271423004 ], [ 103.815052068116714, 1.290042325146867 ], [ 103.8149932596247, 1.290057915702032 ], [ 103.814948719162061, 1.290076606789013 ], [ 103.814617813488468, 1.290129720778751 ], [ 103.814549014811348, 1.290140704602322 ], [ 103.814587800112534, 1.29038680071206 ], [ 103.814548839200185, 1.290140732704155 ], [ 103.81436553921813, 1.290170132700935 ], [ 103.814404500124894, 1.290416200785512 ], [ 103.814365517355697, 1.290170136208802 ], [ 103.814225343687426, 1.290192631982508 ], [ 103.81414237518149, 1.290205926935922 ], [ 103.814181299999774, 1.290452 ], [ 103.814142371511849, 1.290205927523731 ], [ 103.814034104196679, 1.290223278055579 ], [ 103.814019632676576, 1.29009177607775 ], [ 103.813619250493446, 1.29014496404565 ], [ 103.813600073875378, 1.289970068162206 ], [ 103.813354, 1.289997400000032 ], [ 103.81359947025247, 1.289965033427406 ], [ 103.813589070245001, 1.289885133428742 ], [ 103.813457157784924, 1.289902526799123 ], [ 103.813454233699389, 1.289894072439182 ], [ 103.813585863804022, 1.289866198716538 ], [ 103.81357846380061, 1.289830798717661 ], [ 103.813442320546955, 1.289859628135395 ], [ 103.813440159113725, 1.289853378817306 ], [ 103.813574936954524, 1.289816143218519 ], [ 103.813557536948906, 1.289752343220087 ], [ 103.813418499787787, 1.289790755557549 ], [ 103.813416203109284, 1.289784115205494 ], [ 103.813516679287105, 1.289748851875718 ], [ 103.813527689400871, 1.289751878047145 ], [ 103.813625805505168, 1.28973773742184 ], [ 103.813742030542699, 1.289751472246863 ], [ 103.813759378109395, 1.289602766950646 ], [ 103.813759447585468, 1.289602774030552 ], [ 103.813742204305157, 1.289751492718507 ], [ 103.813924404323032, 1.289772892720836 ], [ 103.813941972131289, 1.289621374965171 ], [ 103.814125334269889, 1.289640061243352 ], [ 103.814377208130651, 1.289666616315909 ], [ 103.814398098909876, 1.289465891202132 ], [ 103.814400388817162, 1.289465883466151 ], [ 103.814389202731874, 1.289667584962418 ], [ 103.814540502746596, 1.289676084962682 ], [ 103.814554299999799, 1.289427300004601 ], [ 103.814564407355519, 1.289676264476633 ], [ 103.814656807365083, 1.289672464476084 ], [ 103.814646700000381, 1.289423500001569 ], [ 103.814716113970093, 1.289662677424052 ], [ 103.814811013978769, 1.289634777421268 ], [ 103.8147416, 1.289395600000313 ], [ 103.814840155144964, 1.289572725001636 ], [ 103.814844155547277, 1.289583514661296 ], [ 103.814845812425986, 1.289582892363688 ], [ 103.814862566030811, 1.289613002227861 ], [ 103.814981966037934, 1.289545702222391 ], [ 103.814975547136612, 1.289534166065473 ], [ 103.815076100001363, 1.289496399998743 ] ], [ [ 103.814950799025695, 1.289489688341599 ], [ 103.814943477245208, 1.289476529514204 ], [ 103.814984718607974, 1.289466739040638 ], [ 103.814991549777872, 1.289474383004207 ], [ 103.814950799025695, 1.289489688341599 ] ], [ [ 103.813883400000265, 1.289016799997899 ], [ 103.813900577438091, 1.289116263975227 ], [ 103.813882702661786, 1.289114442371158 ], [ 103.813883400000265, 1.289016799997899 ] ], [ [ 103.813475670270449, 1.28926302885555 ], [ 103.813499504663042, 1.289347534067414 ], [ 103.813495795553777, 1.289351524530938 ], [ 103.81345803863546, 1.28926290129391 ], [ 103.813475670270449, 1.28926302885555 ] ], [ [ 103.814152906992689, 1.289370261891319 ], [ 103.814152983273445, 1.289370261613353 ], [ 103.814150700000454, 1.289392199999989 ], [ 103.814152906992689, 1.289370261891319 ] ], [ [ 103.813668061285711, 1.289317142353845 ], [ 103.813668342131578, 1.289316839416421 ], [ 103.813667197867417, 1.289326648174652 ], [ 103.813667076566347, 1.289325687815135 ], [ 103.813668061285711, 1.289317142353845 ] ], [ [ 103.813670820461311, 1.289295594893036 ], [ 103.813670411339388, 1.289299101932545 ], [ 103.813670166620753, 1.289298872109837 ], [ 103.813670839564182, 1.289293032251553 ], [ 103.813670820461311, 1.289295594893036 ] ], [ [ 103.813471157167754, 1.289736339948752 ], [ 103.813407416463704, 1.289758710519187 ], [ 103.813400646355802, 1.289739136211873 ], [ 103.813426196129214, 1.289723982235868 ], [ 103.813471157167754, 1.289736339948752 ] ], [ [ 103.811576899999778, 1.287676500000451 ], [ 103.811577533668995, 1.287849725849999 ], [ 103.811577504249883, 1.287849725451825 ], [ 103.811576899999778, 1.287676500000451 ] ], [ [ 103.811435980885975, 1.287843530171571 ], [ 103.811435940750883, 1.287843526165792 ], [ 103.811435399999752, 1.287677000000105 ], [ 103.811435980885975, 1.287843530171571 ] ], [ [ 103.81136664810218, 1.287646428126107 ], [ 103.811353699969672, 1.287659100029784 ], [ 103.811366769900232, 1.28764611604081 ], [ 103.81136664810218, 1.287646428126107 ] ], [ [ 103.810632599999906, 1.2877469 ], [ 103.810622935500547, 1.287759319137618 ], [ 103.810621124580038, 1.287757481753222 ], [ 103.810632599999906, 1.2877469 ] ], [ [ 103.810510000000676, 1.2880034 ], [ 103.810541455175368, 1.287991553029114 ], [ 103.810549618939291, 1.287997988646712 ], [ 103.810510000000676, 1.2880034 ] ], [ [ 103.810637046848441, 1.287986047301552 ], [ 103.810670619200522, 1.287942905945714 ], [ 103.810691612330444, 1.28793499929629 ], [ 103.810661979602486, 1.287982641860605 ], [ 103.810637046848441, 1.287986047301552 ] ], [ [ 103.810655818642658, 1.287992547257221 ], [ 103.810628244053802, 1.288036880807547 ], [ 103.810601808845036, 1.288031329062765 ], [ 103.810629154497306, 1.287996189181219 ], [ 103.810655818642658, 1.287992547257221 ] ], [ [ 103.810559418810456, 1.288005714032551 ], [ 103.810588318188607, 1.288028495846116 ], [ 103.810511199999908, 1.28801229999972 ], [ 103.810559418810456, 1.288005714032551 ] ], [ [ 103.809790355709083, 1.287923155496514 ], [ 103.809789715743008, 1.287922984554764 ], [ 103.809784415740907, 1.287943084554254 ], [ 103.809817555851524, 1.28795193664207 ], [ 103.809697969311159, 1.287939030487198 ], [ 103.809710151553645, 1.287920848641136 ], [ 103.809734626374251, 1.287893584286042 ], [ 103.809790355709083, 1.287923155496514 ] ], [ [ 103.809514699999283, 1.287766899999266 ], [ 103.809497511510585, 1.287755233545979 ], [ 103.809498053579375, 1.287751762398164 ], [ 103.809514699999283, 1.287766899999266 ] ], [ [ 103.809448161952076, 1.287706392905596 ], [ 103.809418682446093, 1.287701729386068 ], [ 103.809349742946537, 1.287654937628781 ], [ 103.809382895811979, 1.287647042431575 ], [ 103.809448161952076, 1.287706392905596 ] ], [ [ 103.809279986135735, 1.287671549881279 ], [ 103.809274995237175, 1.287678998734129 ], [ 103.809259200000525, 1.287676500000448 ], [ 103.809279986135735, 1.287671549881279 ] ], [ [ 103.809312472431031, 1.287759730880905 ], [ 103.809312537354089, 1.287759741151488 ], [ 103.809338001741295, 1.287777024761187 ], [ 103.80933796390913, 1.287777026825493 ], [ 103.809312472431031, 1.287759730880905 ] ], [ [ 103.809196924754843, 1.287784723717291 ], [ 103.809196900000401, 1.287784400000576 ], [ 103.809197112186027, 1.287784713487998 ], [ 103.809196924754843, 1.287784723717291 ] ], [ [ 103.80937859746706, 1.287804596656491 ], [ 103.809378622140997, 1.287804595309221 ], [ 103.809385694475466, 1.287809395560925 ], [ 103.809385686947394, 1.287809406861796 ], [ 103.80937859746706, 1.287804596656491 ] ], [ [ 103.809454582839663, 1.287856152605454 ], [ 103.80945480000031, 1.287856299999974 ], [ 103.80945458281542, 1.287856152640724 ], [ 103.809454582839663, 1.287856152605454 ] ], [ [ 103.809011220605029, 1.288034395244639 ], [ 103.808984389911501, 1.288048955763021 ], [ 103.80898613924046, 1.288052221177081 ], [ 103.808940887790271, 1.28804940332059 ], [ 103.808925599999867, 1.288298100000173 ], [ 103.808940025966223, 1.28804935117204 ], [ 103.80877763525146, 1.288039810982176 ], [ 103.808777673308896, 1.288034017561917 ], [ 103.809011220605029, 1.288034395244639 ] ], [ [ 103.808442037536906, 1.288252722129394 ], [ 103.808441893334859, 1.28825547191879 ], [ 103.808441860937066, 1.288255472408637 ], [ 103.808441999281527, 1.28825272209013 ], [ 103.808442037536906, 1.288252722129394 ] ], [ [ 103.808426259868767, 1.288252705617902 ], [ 103.808426108715821, 1.288255710572852 ], [ 103.808425751979783, 1.288255715966592 ], [ 103.808425827224085, 1.288252705165081 ], [ 103.808426259868767, 1.288252705617902 ] ], [ [ 103.808725224415213, 1.288596397331721 ], [ 103.808859067242025, 1.288596629565176 ], [ 103.808859157741452, 1.288543792955072 ], [ 103.808910743066932, 1.288546823508546 ], [ 103.808933529015547, 1.28854824241438 ], [ 103.808934038636252, 1.288616073733328 ], [ 103.808934245261199, 1.288647228654173 ], [ 103.808724464980614, 1.288646248724708 ], [ 103.808725224415213, 1.288596397331721 ] ], [ [ 103.809362064778696, 1.288884499628919 ], [ 103.809365357231769, 1.288884477508591 ], [ 103.809365354376851, 1.288886620063636 ], [ 103.809362120683318, 1.288886603711938 ], [ 103.809362064778696, 1.288884499628919 ] ], [ [ 103.809888557140539, 1.288810620101409 ], [ 103.80989809269893, 1.288810763738641 ], [ 103.809898092724012, 1.288810771609328 ], [ 103.809888559542898, 1.288810659179034 ], [ 103.809888557140539, 1.288810620101409 ] ], [ [ 103.810247800000184, 1.288866400000125 ], [ 103.810247669009087, 1.288866400301893 ], [ 103.810247669008191, 1.288866400224118 ], [ 103.810247800000184, 1.288866400000125 ] ], [ [ 103.809177765809309, 1.288337314040416 ], [ 103.809177766260447, 1.288337306420243 ], [ 103.809179300000523, 1.28833730000032 ], [ 103.809177765809309, 1.288337314040416 ] ], [ [ 103.809131451192627, 1.288155135402522 ], [ 103.809130567038352, 1.288171520572535 ], [ 103.809130491916193, 1.288171484493088 ], [ 103.809131368034997, 1.288155078950372 ], [ 103.809131451192627, 1.288155135402522 ] ], [ [ 103.809062100000432, 1.288306600000091 ], [ 103.809061726613919, 1.288313591737586 ], [ 103.809061670191838, 1.288313591973988 ], [ 103.809062100000432, 1.288306600000091 ] ], [ [ 103.809126541382909, 1.288245459233736 ], [ 103.809126576356661, 1.288245476030837 ], [ 103.80912567179648, 1.288262239372542 ], [ 103.809125645538458, 1.288262234149584 ], [ 103.809126541382909, 1.288245459233736 ] ], [ [ 103.809123520643155, 1.288302023346429 ], [ 103.809123524982184, 1.288302024210138 ], [ 103.809123100000477, 1.288309899999923 ], [ 103.809123520643155, 1.288302023346429 ] ], [ [ 103.809154385437139, 1.28830816347893 ], [ 103.809154403333352, 1.288308167039585 ], [ 103.809154200005224, 1.288311599909678 ], [ 103.809154385437139, 1.28830816347893 ] ], [ [ 103.809156532250952, 1.288268378642204 ], [ 103.809156980145744, 1.28826007824069 ], [ 103.809157244109798, 1.288260205016165 ], [ 103.809156757335899, 1.288268423419455 ], [ 103.809156532250952, 1.288268378642204 ] ], [ [ 103.809186800000433, 1.288274400000183 ], [ 103.809181554002862, 1.288273356380087 ], [ 103.809181639002162, 1.28827192129684 ], [ 103.809186800000433, 1.288274400000183 ] ], [ [ 103.809060182171436, 1.288337798620373 ], [ 103.809060433930014, 1.288337797567393 ], [ 103.809060402393726, 1.288338388093794 ], [ 103.809060145791108, 1.288338390441778 ], [ 103.809060182171436, 1.288337798620373 ] ], [ [ 103.809653108183767, 1.288005988800152 ], [ 103.80966006756195, 1.287995598380054 ], [ 103.809671866724827, 1.287977988274569 ], [ 103.809847099999899, 1.287996900000253 ], [ 103.809653108183767, 1.288005988800152 ] ], [ [ 103.810446569261302, 1.288216654466987 ], [ 103.810456419754132, 1.288216311559367 ], [ 103.810482298238782, 1.288250775300263 ], [ 103.81044675688004, 1.288241044603509 ], [ 103.810446569261302, 1.288216654466987 ] ], [ [ 103.811000899953598, 1.28797720010098 ], [ 103.811102340408922, 1.287757492013698 ], [ 103.811102647915561, 1.287757805581386 ], [ 103.811000899953598, 1.28797720010098 ] ], [ [ 103.811221778636082, 1.287799685416736 ], [ 103.811359400000171, 1.287664999999796 ], [ 103.811296872944723, 1.287825213600527 ], [ 103.811247550333931, 1.287808439629891 ], [ 103.811168299999892, 1.288044499999975 ], [ 103.811247465754548, 1.287808410882109 ], [ 103.811221778636082, 1.287799685416736 ] ], [ [ 103.811404999999652, 1.287677100002252 ], [ 103.81140553056818, 1.287840490820897 ], [ 103.811375142905646, 1.287837457724084 ], [ 103.811404999999652, 1.287677100002252 ] ], [ [ 103.811346586789213, 1.287834607440259 ], [ 103.811344952577841, 1.287834444323877 ], [ 103.811317464192754, 1.287829405413774 ], [ 103.811376899999729, 1.287671799999205 ], [ 103.811346586789213, 1.287834607440259 ] ], [ [ 103.811307940370369, 1.287827659596671 ], [ 103.811305985146262, 1.287827301183506 ], [ 103.811368000012848, 1.28766839996611 ], [ 103.811307940370369, 1.287827659596671 ] ], [ [ 103.811810855463577, 1.287845407348923 ], [ 103.81180954243446, 1.28785287126777 ], [ 103.811766445611639, 1.287852286991693 ], [ 103.811766257101453, 1.287800754956534 ], [ 103.811810855463577, 1.287845407348923 ] ], [ [ 103.811787499793851, 1.287699439592603 ], [ 103.811765966177276, 1.287721226872968 ], [ 103.811765800000202, 1.287675800000505 ], [ 103.811787499793851, 1.287699439592603 ] ], [ [ 103.81197358920322, 1.287843502935881 ], [ 103.812046737013418, 1.28785655184226 ], [ 103.812046697250324, 1.287856547208865 ], [ 103.811973575691752, 1.287843516606147 ], [ 103.81197358920322, 1.287843502935881 ] ], [ [ 103.812017125974009, 1.288059403734719 ], [ 103.812021822652142, 1.28806024070511 ], [ 103.81202182195662, 1.288060246751687 ], [ 103.812017125846282, 1.288059421124749 ], [ 103.812017125974009, 1.288059403734719 ] ], [ [ 103.812136335927377, 1.288092848751613 ], [ 103.812140204613272, 1.288093528908847 ], [ 103.812140099787314, 1.28809390369484 ], [ 103.812136293020785, 1.288093221717639 ], [ 103.812136335927377, 1.288092848751613 ] ], [ [ 103.812232784380555, 1.288109805430814 ], [ 103.812242550704894, 1.288111522456029 ], [ 103.812242149276344, 1.288112185738268 ], [ 103.812232597244062, 1.28811047450277 ], [ 103.812232784380555, 1.288109805430814 ] ], [ [ 103.812224051328101, 1.28814102883129 ], [ 103.812224630216633, 1.288141132538725 ], [ 103.812223500000499, 1.288142999998356 ], [ 103.812224051328101, 1.28814102883129 ] ], [ [ 103.812746201351075, 1.288818899209774 ], [ 103.812738577280072, 1.288823358094094 ], [ 103.812738577122829, 1.28882335670318 ], [ 103.812746201351075, 1.288818899209774 ] ], [ [ 103.8126035074214, 1.289067692063416 ], [ 103.812771056816175, 1.289357903903596 ], [ 103.812626151511466, 1.289380588134401 ], [ 103.812664200000071, 1.289626800000325 ], [ 103.812626084736294, 1.289380598597355 ], [ 103.812571889916882, 1.289389097785237 ], [ 103.812571884742169, 1.28938909859641 ], [ 103.812504289923268, 1.289399697784292 ], [ 103.81254239999997, 1.289645900000046 ], [ 103.812504122796184, 1.289399724049288 ], [ 103.812449577725673, 1.289408315398183 ], [ 103.812262533865976, 1.289437690875788 ], [ 103.812257330867055, 1.289438503503713 ], [ 103.812207959994424, 1.28911307581108 ], [ 103.812237267746283, 1.289108901097005 ], [ 103.812430467927499, 1.289088025236809 ], [ 103.8126035074214, 1.289067692063416 ] ], [ [ 103.810707786865152, 1.289318361606518 ], [ 103.810707784230885, 1.289318434036168 ], [ 103.810704300000282, 1.289318399999985 ], [ 103.810707786865152, 1.289318361606518 ] ], [ [ 103.810611607143002, 1.289421204286574 ], [ 103.810611749601293, 1.289421205678766 ], [ 103.810611749351935, 1.28942136102422 ], [ 103.810611607035597, 1.289421359876207 ], [ 103.810611607143002, 1.289421204286574 ] ], [ [ 103.810673048794953, 1.289421804487618 ], [ 103.810703300000228, 1.289422100000059 ], [ 103.810673048711834, 1.289421855819364 ], [ 103.810673048794953, 1.289421804487618 ] ], [ [ 103.810757151783136, 1.289604665292176 ], [ 103.810759108721982, 1.289550870499429 ], [ 103.810788269534655, 1.289551977521152 ], [ 103.810815357626339, 1.289661073706469 ], [ 103.810757151783136, 1.289604665292176 ] ], [ [ 103.810762797588822, 1.289449466279682 ], [ 103.810762800000191, 1.289449399998807 ], [ 103.810762816636981, 1.289449467003343 ], [ 103.810762797588822, 1.289449466279682 ] ], [ [ 103.810951800001035, 1.289379200001593 ], [ 103.811088413206292, 1.289587000206253 ], [ 103.811136613209086, 1.289554900203493 ], [ 103.811000000001542, 1.289347100001345 ], [ 103.811129363277217, 1.289486925287198 ], [ 103.811149879662324, 1.289612297042529 ], [ 103.810985861333037, 1.289637313100289 ], [ 103.810947506056849, 1.289536263563827 ], [ 103.810948559912219, 1.28950814219479 ], [ 103.811008408605844, 1.289629170775789 ], [ 103.811062108609192, 1.289602270773266 ], [ 103.810951800001035, 1.289379200001593 ] ], [ [ 103.810922543480615, 1.289455530654743 ], [ 103.810916779285719, 1.28945531183059 ], [ 103.810914347500116, 1.289448905127758 ], [ 103.810919286869876, 1.289448944996136 ], [ 103.810922543480615, 1.289455530654743 ] ], [ [ 103.810834229588352, 1.289448258441343 ], [ 103.810835739092823, 1.289452235332994 ], [ 103.810833176722738, 1.28945213805843 ], [ 103.81083220938298, 1.28944824213486 ], [ 103.810834229588352, 1.289448258441343 ] ], [ [ 103.81084152566703, 1.289686433663324 ], [ 103.810860013357953, 1.289681783557599 ], [ 103.810869202579909, 1.289713255895345 ], [ 103.81084152566703, 1.289686433663324 ] ], [ [ 103.8108840742415, 1.289657125723098 ], [ 103.810858629624164, 1.289554648575579 ], [ 103.810874845647817, 1.289555264177841 ], [ 103.810916750345484, 1.289665664909659 ], [ 103.810932685011949, 1.289659537950325 ], [ 103.810967700000717, 1.289892100003951 ], [ 103.810897898847415, 1.28965303675486 ], [ 103.8108840742415, 1.289657125723098 ] ], [ [ 103.81126946829211, 1.28984721775789 ], [ 103.811269476566778, 1.289847216374284 ], [ 103.811293740768136, 1.290000631034996 ], [ 103.811292605080553, 1.290000887207229 ], [ 103.81126946829211, 1.28984721775789 ] ], [ [ 103.811624209287558, 1.289787924336828 ], [ 103.81162420991474, 1.289787924231927 ], [ 103.811624500202271, 1.289789801308697 ], [ 103.811624209287558, 1.289787924336828 ] ], [ [ 103.811639092707779, 1.289535341378544 ], [ 103.811614385523214, 1.289384360635331 ], [ 103.81158821192389, 1.289223971347834 ], [ 103.811584178641738, 1.289201896342318 ], [ 103.811586342919085, 1.289201587760897 ], [ 103.811624447128111, 1.289368119170699 ], [ 103.811865699999828, 1.289312200000153 ], [ 103.811646151455832, 1.2894273451332 ], [ 103.81165345145476, 1.28944144513401 ], [ 103.811873000000574, 1.289326299999453 ], [ 103.811722176814754, 1.28952232544037 ], [ 103.811639092707779, 1.289535341378544 ] ], [ [ 103.811734546167159, 1.289520386933324 ], [ 103.811879799999133, 1.289331600000307 ], [ 103.811860032808227, 1.289500693659072 ], [ 103.811824948762279, 1.289506204241848 ], [ 103.811734546167159, 1.289520386933324 ] ], [ [ 103.811863100000096, 1.289752400000714 ], [ 103.811901272568164, 1.28999859240816 ], [ 103.81193943165367, 1.289992598834657 ], [ 103.811992978156894, 1.289984207218484 ], [ 103.812117467802977, 1.289964708840308 ], [ 103.812079398254085, 1.289718488706952 ], [ 103.812117478855043, 1.289964707108542 ], [ 103.812169165648953, 1.289956609178147 ], [ 103.812188946733116, 1.289953512139227 ], [ 103.81218895335806, 1.289953511101976 ], [ 103.81224320438082, 1.289945018769064 ], [ 103.812338562898503, 1.289930125248359 ], [ 103.812300600000043, 1.289683900000103 ], [ 103.81233876857759, 1.289930093035688 ], [ 103.812525968595224, 1.289900693032569 ], [ 103.812487800024286, 1.289654500155918 ], [ 103.812526077205661, 1.289900675950915 ], [ 103.812537081186278, 1.289898942723166 ], [ 103.812567785820519, 1.290079366506198 ], [ 103.81297005723016, 1.290010017437824 ], [ 103.8130633075303, 1.290279630642062 ], [ 103.813135248071362, 1.290273915744357 ], [ 103.813137017448241, 1.290290052959392 ], [ 103.813141527610924, 1.290331428835185 ], [ 103.813145069393244, 1.290365828700732 ], [ 103.812929871511997, 1.290400327525675 ], [ 103.812914271512838, 1.290402827525283 ], [ 103.812953199499702, 1.290648896838549 ], [ 103.812914242843931, 1.290402832121938 ], [ 103.812596242874307, 1.290453832117394 ], [ 103.812618040923027, 1.290591516812175 ], [ 103.812617989591971, 1.290591525254 ], [ 103.812596126265021, 1.290453850847641 ], [ 103.812481209115276, 1.290472337520092 ], [ 103.812317117314791, 1.290498620189459 ], [ 103.812239546899249, 1.290511029105184 ], [ 103.812236904166397, 1.290482427408347 ], [ 103.811990399999985, 1.290505499999945 ], [ 103.812235832972576, 1.290472847943199 ], [ 103.812198232945661, 1.290186547946818 ], [ 103.8118751286829, 1.290229533277601 ], [ 103.811865715841918, 1.290178457319444 ], [ 103.81162229999903, 1.29022390000024 ], [ 103.811830460763801, 1.290089020691326 ], [ 103.811804560320397, 1.290048528455408 ], [ 103.811797080315387, 1.290014936141583 ], [ 103.81180747569779, 1.290013307602923 ], [ 103.811769399734587, 1.28976709828344 ], [ 103.811807528816033, 1.290013299275984 ], [ 103.81190122882532, 1.289998599274631 ], [ 103.811863100000096, 1.289752400000714 ] ], [ [ 103.811305280819028, 1.290085076659716 ], [ 103.811331024672086, 1.290200691067908 ], [ 103.811572600000403, 1.290146200000652 ], [ 103.811384037169532, 1.290268380654275 ], [ 103.811378884149676, 1.290269342657436 ], [ 103.811379275467871, 1.290271466032527 ], [ 103.811364439218607, 1.29028107928706 ], [ 103.811387768722653, 1.290317552179537 ], [ 103.811439184119607, 1.290596542662513 ], [ 103.811682600000097, 1.290551100000141 ], [ 103.811537100534949, 1.290623695782386 ], [ 103.811505133825307, 1.290628833559276 ], [ 103.811289105951644, 1.290663422011944 ], [ 103.811289420246183, 1.290665410518447 ], [ 103.811289345136984, 1.290665421569131 ], [ 103.811289030384188, 1.290663434122539 ], [ 103.811136153546485, 1.290687960147259 ], [ 103.811054999999655, 1.2906999000004 ], [ 103.811296653809549, 1.290645762386198 ], [ 103.811289818205282, 1.290614853582133 ], [ 103.811283372742849, 1.290585376346618 ], [ 103.811262722328394, 1.290470757134012 ], [ 103.811226522605168, 1.290251377020903 ], [ 103.810982300000177, 1.290292200000711 ], [ 103.811226500299142, 1.290251242069583 ], [ 103.81120282606021, 1.290108255541202 ], [ 103.811306392411254, 1.290092459607953 ], [ 103.811305280819028, 1.290085076659716 ] ], [ [ 103.810942400295488, 1.290038399961652 ], [ 103.810963336172293, 1.290035655753381 ], [ 103.810963345169128, 1.290035686566978 ], [ 103.810942400295488, 1.290038399961652 ] ], [ [ 103.811296046355096, 1.290707333114758 ], [ 103.811298684204914, 1.290724022479349 ], [ 103.811298626489759, 1.29072402682251 ], [ 103.811295984145403, 1.290707342267292 ], [ 103.811296046355096, 1.290707333114758 ] ], [ [ 103.811316318199587, 1.290835590651286 ], [ 103.811328000225728, 1.290909501426959 ], [ 103.811316338758544, 1.290835867416938 ], [ 103.811316318199587, 1.290835590651286 ] ], [ [ 103.81106378162481, 1.290867598013562 ], [ 103.811063784882734, 1.290867618588794 ], [ 103.811063767839187, 1.290867619924391 ], [ 103.811063764568672, 1.290867599296705 ], [ 103.81106378162481, 1.290867598013562 ] ], [ [ 103.812140766128181, 1.290875197261904 ], [ 103.812140726510506, 1.290875204154641 ], [ 103.812140726332615, 1.290875203035035 ], [ 103.81214076595657, 1.290875196181187 ], [ 103.812140766128181, 1.290875197261904 ] ], [ [ 103.812044313039294, 1.29089188179369 ], [ 103.812044327780896, 1.290891974859283 ], [ 103.812044307905126, 1.290891978317407 ], [ 103.812044293180605, 1.290891885229204 ], [ 103.812044313039294, 1.29089188179369 ] ], [ [ 103.811548881567461, 1.29090503725919 ], [ 103.811548863848202, 1.290905040281424 ], [ 103.811548863764642, 1.29090503975237 ], [ 103.811548881489301, 1.290905036769928 ], [ 103.811548881567461, 1.29090503725919 ] ], [ [ 103.812983980080887, 1.290742322115456 ], [ 103.812983974884602, 1.290742322573022 ], [ 103.812983973523387, 1.290742313972502 ], [ 103.812983978718748, 1.290742313514031 ], [ 103.812983980080887, 1.290742322115456 ] ], [ [ 103.812968976690144, 1.290647516497152 ], [ 103.812968976629946, 1.290647516502577 ], [ 103.812968801294645, 1.290646408179478 ], [ 103.812968976690144, 1.290647516497152 ] ], [ [ 103.813956470782287, 1.290524953943621 ], [ 103.813956453717111, 1.2905248457489 ], [ 103.813956490595075, 1.290524842206786 ], [ 103.813956507783359, 1.290524950463004 ], [ 103.813956470782287, 1.290524953943621 ] ], [ [ 103.813969886439224, 1.290610012014762 ], [ 103.81397001053783, 1.290609997544067 ], [ 103.81397003532382, 1.290610153661137 ], [ 103.813969911014965, 1.290610167831582 ], [ 103.813969886439224, 1.290610012014762 ] ], [ [ 103.815303935293969, 1.289908319763831 ], [ 103.815244475581181, 1.289962369695335 ], [ 103.815186400000243, 1.289809100000444 ], [ 103.815303935293969, 1.289908319763831 ] ], [ [ 103.815157176637882, 1.290005575921106 ], [ 103.815176499999836, 1.289812899999863 ], [ 103.815236040924873, 1.289970036947627 ], [ 103.815224833337425, 1.289980224841963 ], [ 103.815157176637882, 1.290005575921106 ] ], [ [ 103.812780132700311, 1.289373624214596 ], [ 103.812790376740125, 1.289446635633106 ], [ 103.812789449952064, 1.289446783067794 ], [ 103.812798342548746, 1.289503409613994 ], [ 103.81280894813564, 1.289578997843794 ], [ 103.812804622745105, 1.289553273384739 ], [ 103.812775664559538, 1.289365884963295 ], [ 103.812780132700311, 1.289373624214596 ] ], [ [ 103.812181261261273, 1.289543534610212 ], [ 103.81220520000025, 1.289698799999885 ], [ 103.812181208366781, 1.289543542739105 ], [ 103.812181261261273, 1.289543534610212 ] ], [ [ 103.812126884976948, 1.28955189135311 ], [ 103.812150902519733, 1.289707316300978 ], [ 103.812126880792434, 1.289551891996078 ], [ 103.812126884976948, 1.28955189135311 ] ], [ [ 103.812107072178662, 1.289554936254707 ], [ 103.812131100000144, 1.289710400000077 ], [ 103.812107056067788, 1.289554938730723 ], [ 103.812107072178662, 1.289554936254707 ] ], [ [ 103.811926268847287, 1.28949031313071 ], [ 103.811916832215445, 1.289491791157349 ], [ 103.811954899999918, 1.289738000000456 ], [ 103.811916810870585, 1.28949179450151 ], [ 103.811883579961801, 1.289497002330305 ], [ 103.811902600000224, 1.289334299998349 ], [ 103.811926268847287, 1.28949031313071 ] ], [ [ 103.811874574660109, 1.289574036009891 ], [ 103.811874600414157, 1.289573815703223 ], [ 103.81190130003128, 1.28974640020151 ], [ 103.811874574660109, 1.289574036009891 ] ], [ [ 103.811109347373559, 1.289364330454176 ], [ 103.811112157464862, 1.289381550445807 ], [ 103.811042999997781, 1.289306799998115 ], [ 103.811109347373559, 1.289364330454176 ] ], [ [ 103.812610675204994, 1.289639661413486 ], [ 103.812610675113334, 1.289639661429763 ], [ 103.812609996769865, 1.289635279132757 ], [ 103.812610675204994, 1.289639661413486 ] ], [ [ 103.810698835100695, 1.287923386754069 ], [ 103.810680408132583, 1.287930326909219 ], [ 103.810750700001549, 1.287839999996659 ], [ 103.810698835100695, 1.287923386754069 ] ], [ [ 103.810533822003251, 1.287985535684994 ], [ 103.810507100000251, 1.287995600000052 ], [ 103.810524522706672, 1.287978204909588 ], [ 103.810533822003251, 1.287985535684994 ] ], [ [ 103.815075919114179, 1.287955242624689 ], [ 103.815100002350974, 1.287946259809124 ], [ 103.815154983756102, 1.287937005512436 ], [ 103.815271771113672, 1.287929784310101 ], [ 103.815357766611442, 1.287925387141269 ], [ 103.815270241243852, 1.287997041863782 ], [ 103.815261498753898, 1.287999764957002 ], [ 103.815262587978665, 1.288003307390805 ], [ 103.815250344119548, 1.288013331116027 ], [ 103.815273020087631, 1.288041389766851 ], [ 103.815307866129316, 1.288198008049723 ], [ 103.815143476294722, 1.288034010188446 ], [ 103.815113914459076, 1.287999493857134 ], [ 103.815075919114179, 1.287955242624689 ] ], [ [ 103.815508938755428, 1.287917657318247 ], [ 103.815528280351742, 1.28791666833147 ], [ 103.815498000000403, 1.287926099999845 ], [ 103.815508938755428, 1.287917657318247 ] ], [ [ 103.815330055034138, 1.288220144045574 ], [ 103.815555199999835, 1.288169400000339 ], [ 103.815379028661695, 1.288253310111805 ], [ 103.815356540039872, 1.288242055262915 ], [ 103.815335658087037, 1.288225733737499 ], [ 103.815330055034138, 1.288220144045574 ] ], [ [ 103.814535310979906, 1.288079829827717 ], [ 103.814536830755131, 1.288079034698822 ], [ 103.814539233775335, 1.288095890885305 ], [ 103.814534961397413, 1.288098564436411 ], [ 103.814535310979906, 1.288079829827717 ] ], [ [ 103.814764990144241, 1.288453754102734 ], [ 103.814801111130194, 1.288489291447911 ], [ 103.814768, 1.28864330000164 ], [ 103.814764990144241, 1.288453754102734 ] ], [ [ 103.814829279400797, 1.28851700457685 ], [ 103.814840456589252, 1.288528001165199 ], [ 103.814874092458581, 1.288561385816192 ], [ 103.81480059999987, 1.288650400000991 ], [ 103.814829279400797, 1.28851700457685 ] ], [ [ 103.814694595748833, 1.288719802542353 ], [ 103.81469368190622, 1.28871960477093 ], [ 103.814693400000323, 1.288644500000434 ], [ 103.814694595748833, 1.288719802542353 ] ], [ [ 103.813701300014344, 1.288336200000654 ], [ 103.813600476493335, 1.288334119013166 ], [ 103.813600421017966, 1.28833404860974 ], [ 103.813701300014344, 1.288336200000654 ] ], [ [ 103.813838566699118, 1.288758630346439 ], [ 103.813838607752956, 1.288760703821081 ], [ 103.813837197751496, 1.288760720995865 ], [ 103.813837182778855, 1.288758627827071 ], [ 103.813838566699118, 1.288758630346439 ] ], [ [ 103.816481928518016, 1.287038230322422 ], [ 103.816489847082266, 1.287082081492222 ], [ 103.816453200000041, 1.2872308 ], [ 103.816481928518016, 1.287038230322422 ] ], [ [ 103.81699172299318, 1.289284855643091 ], [ 103.816969300002071, 1.289252000003016 ], [ 103.816992439695284, 1.28928097640638 ], [ 103.81699172299318, 1.289284855643091 ] ], [ [ 103.806463632830827, 1.291311221194371 ], [ 103.806039345297492, 1.290946107905202 ], [ 103.806154984040205, 1.291007102052693 ], [ 103.806376596572036, 1.291123947424869 ], [ 103.806435676814246, 1.291180187941807 ], [ 103.806460449235331, 1.291219297970699 ], [ 103.806463549668266, 1.291281680949544 ], [ 103.806463632830827, 1.291311221194371 ] ], [ [ 103.805869849526516, 1.290800251205703 ], [ 103.805868814932722, 1.290799360903419 ], [ 103.805957500000119, 1.290625400000314 ], [ 103.805869849526516, 1.290800251205703 ] ], [ [ 103.808967777039058, 1.290978497354844 ], [ 103.808963283859626, 1.290977535978076 ], [ 103.808973600000215, 1.290966700000402 ], [ 103.808967777039058, 1.290978497354844 ] ], [ [ 103.808980098062477, 1.291068720763498 ], [ 103.809001499998459, 1.291073300000121 ], [ 103.80897537475596, 1.291078290212332 ], [ 103.808980098062477, 1.291068720763498 ] ], [ [ 103.806696163226746, 1.288068238435284 ], [ 103.806696668055736, 1.288091251195528 ], [ 103.806687004536812, 1.288085892898889 ], [ 103.806679348273562, 1.288063659501032 ], [ 103.806696163226746, 1.288068238435284 ] ], [ [ 103.806686321978518, 1.288097897761826 ], [ 103.806692900000414, 1.288117000000472 ], [ 103.806676589807893, 1.288092501398807 ], [ 103.806686321978518, 1.288097897761826 ] ], [ [ 103.806666713041366, 1.288087024858672 ], [ 103.806688600000015, 1.288119899999889 ], [ 103.806655236261633, 1.288080661131543 ], [ 103.806666713041366, 1.288087024858672 ] ], [ [ 103.806697199999746, 1.288115500000246 ], [ 103.806692275248295, 1.288101198773128 ], [ 103.806696943052458, 1.28810378701116 ], [ 103.806697199999746, 1.288115500000246 ] ], [ [ 103.806701225686851, 1.288093778343457 ], [ 103.806700692476454, 1.288069471810403 ], [ 103.806709610238741, 1.28807190023487 ], [ 103.806705228222455, 1.288095997697645 ], [ 103.806701225686851, 1.288093778343457 ] ], [ [ 103.806703182628027, 1.28810724677493 ], [ 103.806701699999707, 1.28811540000222 ], [ 103.806701500684483, 1.288106314159088 ], [ 103.806703182628027, 1.28810724677493 ] ], [ [ 103.806706750197876, 1.288109224946732 ], [ 103.80670721853528, 1.288109484633675 ], [ 103.806705500001172, 1.288116099995205 ], [ 103.806706750197876, 1.288109224946732 ] ], [ [ 103.806708795793185, 1.288097975869443 ], [ 103.80671335223154, 1.288072919229251 ], [ 103.806716495139298, 1.288073775085297 ], [ 103.806710030432257, 1.288098660461247 ], [ 103.806708795793185, 1.288097975869443 ] ], [ [ 103.80671076715592, 1.288111452298361 ], [ 103.806711866843941, 1.288112062060699 ], [ 103.806709300000421, 1.288117100000352 ], [ 103.80671076715592, 1.288111452298361 ] ], [ [ 103.806713579052882, 1.28810062812593 ], [ 103.806720286699061, 1.288074807576928 ], [ 103.806729561306852, 1.288077333175455 ], [ 103.806716786360283, 1.288102406536026 ], [ 103.806713579052882, 1.28810062812593 ] ], [ [ 103.806737465135484, 1.28806950470968 ], [ 103.806740850798874, 1.288062859674429 ], [ 103.806741780904233, 1.288070679949915 ], [ 103.806737465135484, 1.28806950470968 ] ], [ [ 103.806795413002035, 1.287955818324215 ], [ 103.80679538389731, 1.287955827665999 ], [ 103.806795399304008, 1.287955797426011 ], [ 103.806795413002035, 1.287955818324215 ] ], [ [ 103.806793196428814, 1.287952436642281 ], [ 103.80679070329262, 1.287957329916088 ], [ 103.806777607184941, 1.287961533142457 ], [ 103.806761811893594, 1.287914959627071 ], [ 103.806763747564844, 1.287907508412223 ], [ 103.806793196428814, 1.287952436642281 ] ], [ [ 103.806745218335053, 1.287919694050408 ], [ 103.806751619251557, 1.28793856759763 ], [ 103.806745642377052, 1.287961575103328 ], [ 103.806741019147481, 1.287922703239469 ], [ 103.806745218335053, 1.287919694050408 ] ], [ [ 103.806753918136295, 1.287945346020358 ], [ 103.806761194483357, 1.287966800836434 ], [ 103.806747175785091, 1.287971300170031 ], [ 103.806753918136295, 1.287945346020358 ] ], [ [ 103.806783925723195, 1.287970632239914 ], [ 103.806781984970669, 1.287974441349807 ], [ 103.806781010448574, 1.287971567904052 ], [ 103.806783925723195, 1.287970632239914 ] ], [ [ 103.806729147679519, 1.287964460481425 ], [ 103.806726709418598, 1.287977868896483 ], [ 103.806698878936629, 1.287986801153357 ], [ 103.806698249253387, 1.287958096913053 ], [ 103.806700993854449, 1.287951385854285 ], [ 103.806725503667209, 1.287933821822901 ], [ 103.806729147679519, 1.287964460481425 ] ], [ [ 103.806613199999319, 1.288014299999928 ], [ 103.806616649841786, 1.28801182780143 ], [ 103.806617398589424, 1.288012952452964 ], [ 103.806613199999319, 1.288014299999928 ] ], [ [ 103.806622532329897, 1.288011304768033 ], [ 103.806620868065366, 1.288008804971346 ], [ 103.8066487593305, 1.28798881775084 ], [ 103.806653122069349, 1.288001486922868 ], [ 103.806622532329897, 1.288011304768033 ] ], [ [ 103.806657459249905, 1.28800009489521 ], [ 103.806652622537925, 1.287986049329246 ], [ 103.806677834526596, 1.287967982111744 ], [ 103.806665795692055, 1.287997419294971 ], [ 103.806657459249905, 1.28800009489521 ] ], [ [ 103.806684641361883, 1.287991370735357 ], [ 103.80669397626319, 1.28796854516908 ], [ 103.806694408219954, 1.287988236040245 ], [ 103.806684641361883, 1.287991370735357 ] ], [ [ 103.805548034138454, 1.287873251398352 ], [ 103.805546986381088, 1.287875876928747 ], [ 103.805526467549086, 1.287866804721987 ], [ 103.805548034138454, 1.287873251398352 ] ], [ [ 103.805456026718304, 1.287906404185912 ], [ 103.805453776243311, 1.28789722188596 ], [ 103.805515433834387, 1.287954943060091 ], [ 103.80550755978399, 1.28797467429497 ], [ 103.805494500730759, 1.287959519720761 ], [ 103.805456026718304, 1.287906404185912 ] ], [ [ 103.805457463651592, 1.287857888211832 ], [ 103.805539661775839, 1.287894231334083 ], [ 103.805532866681403, 1.287911258861198 ], [ 103.805457463651592, 1.287857888211832 ] ], [ [ 103.805525623320605, 1.287929409678585 ], [ 103.805523291011411, 1.287935254108571 ], [ 103.805490631395699, 1.287904679587506 ], [ 103.805525605849112, 1.287929434683175 ], [ 103.805525623320605, 1.287929409678585 ] ], [ [ 103.795197577231733, 1.292497205340073 ], [ 103.795196179608681, 1.292496241905617 ], [ 103.795243563776154, 1.292484966254771 ], [ 103.795240130042927, 1.29248895664597 ], [ 103.795197577231733, 1.292497205340073 ] ], [ [ 103.793931090936496, 1.292644925064812 ], [ 103.794276970004731, 1.293065422247023 ], [ 103.794038011746736, 1.293252254030164 ], [ 103.793902782721133, 1.29307946440212 ], [ 103.793827390388444, 1.292983640552134 ], [ 103.793811519926436, 1.292964204353547 ], [ 103.79379853449025, 1.29289670918707 ], [ 103.793794389802386, 1.292859407029061 ], [ 103.793787806225481, 1.29281584165642 ], [ 103.793786810926647, 1.29278498751025 ], [ 103.793786357562524, 1.292773322126289 ], [ 103.793931090936496, 1.292644925064812 ] ], [ [ 103.793397573834994, 1.292258451042652 ], [ 103.793340086596956, 1.292280122098742 ], [ 103.79328104237895, 1.292291046804378 ], [ 103.793261579511764, 1.292288934336494 ], [ 103.793215981512617, 1.292236981364699 ], [ 103.793263897635967, 1.292252538547716 ], [ 103.793308079694498, 1.292253372172119 ], [ 103.793345441682675, 1.29225337217191 ], [ 103.793420126711695, 1.29223351918952 ], [ 103.793427865143457, 1.29222869668886 ], [ 103.793397573834994, 1.292258451042652 ] ], [ [ 103.792640415102937, 1.291561786747892 ], [ 103.792734253384481, 1.291658665656223 ], [ 103.792763684010666, 1.291721647209161 ], [ 103.792631033715011, 1.29157050940252 ], [ 103.792640415102937, 1.291561786747892 ] ], [ [ 103.791634956870183, 1.292139831284029 ], [ 103.791639854983757, 1.292136562785004 ], [ 103.791704916401699, 1.292229089124308 ], [ 103.791915439481684, 1.292079131600937 ], [ 103.792111503785506, 1.291936749734315 ], [ 103.792191520514393, 1.292027158558728 ], [ 103.791664021883378, 1.292368445351385 ], [ 103.791597743868351, 1.292298864764234 ], [ 103.791695980828763, 1.29223516444056 ], [ 103.791634956870183, 1.292139831284029 ] ], [ [ 103.793299699999764, 1.291949799999384 ], [ 103.793298829881593, 1.291948294219369 ], [ 103.793299316618388, 1.29194787860823 ], [ 103.793299699999764, 1.291949799999384 ] ], [ [ 103.793269684830577, 1.291973180352573 ], [ 103.793289105745515, 1.291958052407404 ], [ 103.793305233357685, 1.291977531505396 ], [ 103.793323743437099, 1.292070298377996 ], [ 103.793295677399954, 1.292071022796681 ], [ 103.793266609177195, 1.29206161973416 ], [ 103.793240265793585, 1.292041584037145 ], [ 103.793223302179683, 1.29201621470363 ], [ 103.793222487247675, 1.292013481029711 ], [ 103.793269684830577, 1.291973180352573 ] ], [ [ 103.794636539795832, 1.293111448635186 ], [ 103.794625900000568, 1.29309890000011 ], [ 103.794636861098027, 1.293111237341646 ], [ 103.794636539795832, 1.293111448635186 ] ], [ [ 103.794690234928581, 1.293171312633399 ], [ 103.794690297911728, 1.293171383523891 ], [ 103.794688409243108, 1.293172623747865 ], [ 103.794688349083188, 1.29317255279411 ], [ 103.794690234928581, 1.293171312633399 ] ], [ [ 103.794580609285788, 1.293243404161637 ], [ 103.794580613689462, 1.293243409355471 ], [ 103.794579573838192, 1.293244092189062 ], [ 103.794579570050004, 1.293244087579457 ], [ 103.794580609285788, 1.293243404161637 ] ], [ [ 103.794700769992886, 1.293903498188588 ], [ 103.794641185247073, 1.293952731558585 ], [ 103.794315026076163, 1.294212757946717 ], [ 103.794253027907033, 1.294250317683002 ], [ 103.794380699999834, 1.294463800000047 ], [ 103.794231951280878, 1.294264619324765 ], [ 103.793729673843075, 1.294644597940782 ], [ 103.793481989232347, 1.294814726526325 ], [ 103.793452586910419, 1.29480647490685 ], [ 103.79345182802723, 1.294806062721618 ], [ 103.793432364921614, 1.294785727614885 ], [ 103.793311893397245, 1.294628008455651 ], [ 103.793297619002743, 1.294602691609411 ], [ 103.79329267192378, 1.294585575137135 ], [ 103.793293203225304, 1.29456207023794 ], [ 103.793301941000564, 1.294541774765247 ], [ 103.79333410294069, 1.294505714405081 ], [ 103.793435029437518, 1.294417381544063 ], [ 103.793677191730112, 1.294211419271201 ], [ 103.793517401081033, 1.294021101287135 ], [ 103.793677224485123, 1.294211391408242 ], [ 103.793744907896325, 1.294153805519906 ], [ 103.793961588547461, 1.293969521966944 ], [ 103.793801800000168, 1.293779200000381 ], [ 103.793977102467721, 1.293955143998081 ], [ 103.794066349120669, 1.293865066709452 ], [ 103.794147881025992, 1.293795726486206 ], [ 103.794200390925525, 1.293757136993834 ], [ 103.794054399999951, 1.293555899999904 ], [ 103.794207131447536, 1.293752003557601 ], [ 103.794338904602668, 1.293648040315126 ], [ 103.794469156794122, 1.29354620140078 ], [ 103.794700769992886, 1.293903498188588 ] ], [ [ 103.794186599950052, 1.293451599935718 ], [ 103.794184660905657, 1.293449110248555 ], [ 103.794184671724238, 1.293449101667207 ], [ 103.794186599950052, 1.293451599935718 ] ], [ [ 103.794468871168604, 1.294439020426603 ], [ 103.794456299999169, 1.294417999997795 ], [ 103.794472123793497, 1.294438106310627 ], [ 103.794468871168604, 1.294439020426603 ] ], [ [ 103.789251359046489, 1.294924558857331 ], [ 103.789233300000461, 1.294935599999717 ], [ 103.789245511078278, 1.294920188419533 ], [ 103.789251359046489, 1.294924558857331 ] ], [ [ 103.78986560086571, 1.295503304105818 ], [ 103.789534281122528, 1.294954348435573 ], [ 103.789658876551755, 1.294870517480542 ], [ 103.789765142950486, 1.294938919310243 ], [ 103.789973033532377, 1.295263427151452 ], [ 103.790181099962169, 1.295128400024606 ], [ 103.78997416971562, 1.295265184404744 ], [ 103.790046770584269, 1.295376444284576 ], [ 103.789987908032543, 1.295419690239275 ], [ 103.789911894682774, 1.295475451204624 ], [ 103.78986560086571, 1.295503304105818 ] ], [ [ 103.789695581543512, 1.295669147021728 ], [ 103.789682492620145, 1.295678105051321 ], [ 103.789695581204768, 1.295669146451972 ], [ 103.789695581543512, 1.295669147021728 ] ], [ [ 103.790193759221253, 1.295569042196526 ], [ 103.79019387501782, 1.295568965653093 ], [ 103.790197500000261, 1.295574200000116 ], [ 103.790193759221253, 1.295569042196526 ] ], [ [ 103.793339965626643, 1.292019481498829 ], [ 103.793367425793974, 1.292052648171952 ], [ 103.793361531054586, 1.292056801451005 ], [ 103.793339965626643, 1.292019481498829 ] ], [ [ 103.795023572178621, 1.290334556324707 ], [ 103.795023076989537, 1.290335651557078 ], [ 103.7950070879278, 1.29032591851141 ], [ 103.795007562659393, 1.290324609615344 ], [ 103.795023572178621, 1.290334556324707 ] ], [ [ 103.79259244241517, 1.287982151724292 ], [ 103.792570399998596, 1.287880699994484 ], [ 103.792600664854348, 1.287989303713354 ], [ 103.79259244241517, 1.287982151724292 ] ], [ [ 103.7914141006531, 1.286510704424464 ], [ 103.791385800000228, 1.28646690000073 ], [ 103.791414117423898, 1.286510676657128 ], [ 103.7914141006531, 1.286510704424464 ] ], [ [ 103.791758722107801, 1.286305931894713 ], [ 103.791758713625015, 1.286305911802305 ], [ 103.791759950098381, 1.286301487878657 ], [ 103.791759961432533, 1.286301489065368 ], [ 103.791758722107801, 1.286305931894713 ] ], [ [ 103.79213860000074, 1.286385599999855 ], [ 103.792115117183116, 1.286469739904239 ], [ 103.792115085354908, 1.286469635875558 ], [ 103.79213860000074, 1.286385599999855 ] ], [ [ 103.792673286138523, 1.286606236731194 ], [ 103.792691198631232, 1.286537405261758 ], [ 103.792673289091923, 1.286606242050714 ], [ 103.792673286138523, 1.286606236731194 ] ], [ [ 103.791263832543777, 1.286528347839976 ], [ 103.791272300000415, 1.286541300000732 ], [ 103.791238669282848, 1.286525195782053 ], [ 103.791263832543777, 1.286528347839976 ] ], [ [ 103.791374942399997, 1.28657329677089 ], [ 103.791378069073204, 1.286542657592931 ], [ 103.7913936242727, 1.286544606103165 ], [ 103.791376543799188, 1.286572885355788 ], [ 103.791374942399997, 1.28657329677089 ] ], [ [ 103.792794195962756, 1.28776266253738 ], [ 103.792814319846528, 1.287782607971768 ], [ 103.792721600000149, 1.287754600000844 ], [ 103.792794195962756, 1.28776266253738 ] ], [ [ 103.811513132720606, 1.286717840987035 ], [ 103.811513222031621, 1.286718404387198 ], [ 103.811512975459195, 1.286718450509491 ], [ 103.811512889659667, 1.286717888042663 ], [ 103.811513132720606, 1.286717840987035 ] ], [ [ 103.805855167235393, 1.285657296708641 ], [ 103.805857787441383, 1.285657975198725 ], [ 103.8058594, 1.285701400000434 ], [ 103.805855167235393, 1.285657296708641 ] ], [ [ 103.805954551590588, 1.28568303182261 ], [ 103.805955812808236, 1.28568335840868 ], [ 103.805955392964705, 1.285691864486872 ], [ 103.805954875315308, 1.285691749452414 ], [ 103.805954551590588, 1.28568303182261 ] ], [ [ 103.806030215740861, 1.28626994344503 ], [ 103.806041709769801, 1.2862721106529 ], [ 103.806041714630581, 1.286272140364953 ], [ 103.806030225831051, 1.286269982586048 ], [ 103.806030215740861, 1.28626994344503 ] ], [ [ 103.809936799999392, 1.284987699999825 ], [ 103.809923678706966, 1.284969386614861 ], [ 103.8099290473114, 1.284950352079877 ], [ 103.809936799999392, 1.284987699999825 ] ], [ [ 103.809916802075975, 1.284993767901795 ], [ 103.809918354791861, 1.284988262703714 ], [ 103.809924400000057, 1.284996700000439 ], [ 103.809916802075975, 1.284993767901795 ] ], [ [ 103.822829092253642, 1.283155706798915 ], [ 103.822835020816214, 1.283156828741432 ], [ 103.822860201446517, 1.283241495410171 ], [ 103.822858391583495, 1.283242029872425 ], [ 103.822829092253642, 1.283155706798915 ] ], [ [ 103.823024769740883, 1.283192897526753 ], [ 103.823024719309245, 1.283192727957224 ], [ 103.823025099999313, 1.283192799999572 ], [ 103.823024769740883, 1.283192897526753 ] ], [ [ 103.823037064486542, 1.283218699735941 ], [ 103.823037068951308, 1.283218716279507 ], [ 103.823032999926625, 1.28321990002152 ], [ 103.823037064486542, 1.283218699735941 ] ], [ [ 103.823018558420102, 1.283150139942623 ], [ 103.82302230100359, 1.283164005165998 ], [ 103.823015811652311, 1.283162777098036 ], [ 103.823007851981046, 1.283136013722907 ], [ 103.823018558420102, 1.283150139942623 ] ], [ [ 103.812303599999808, 1.28393749999947 ], [ 103.812299064665595, 1.283919491556161 ], [ 103.812299159647623, 1.28391947623339 ], [ 103.812303599999808, 1.28393749999947 ] ], [ [ 103.81395967598236, 1.281630328281249 ], [ 103.81392260975224, 1.281498279867321 ], [ 103.813836799689824, 1.281455374841009 ], [ 103.813943318442838, 1.281442364313786 ], [ 103.81395967598236, 1.281630328281249 ] ], [ [ 103.812959519758948, 1.281438006655494 ], [ 103.812959522468034, 1.281438006275682 ], [ 103.812965441727542, 1.281487143926954 ], [ 103.81296543795996, 1.281487144527423 ], [ 103.812959519758948, 1.281438006655494 ] ], [ [ 103.811461186079015, 1.281766211114058 ], [ 103.81142454994189, 1.281797798961418 ], [ 103.811415599406729, 1.281817702122805 ], [ 103.811408615038118, 1.281773385841893 ], [ 103.811461186079015, 1.281766211114058 ] ], [ [ 103.812313259008647, 1.282095796896025 ], [ 103.812323424551877, 1.282211455320436 ], [ 103.811876697430563, 1.282256802041528 ], [ 103.811868064569296, 1.282180911919667 ], [ 103.811865697706367, 1.282153044576423 ], [ 103.812313259008647, 1.282095796896025 ] ], [ [ 103.812803019339199, 1.282012658856784 ], [ 103.812903747955971, 1.282001316756143 ], [ 103.813036731868351, 1.281980335777587 ], [ 103.813160079124017, 1.28196067455842 ], [ 103.813507866601057, 1.281913851432841 ], [ 103.813515265303607, 1.281913391885915 ], [ 103.813520449835877, 1.281959042740539 ], [ 103.813461319088717, 1.281964908451242 ], [ 103.812804925669582, 1.282034348072227 ], [ 103.812803019339199, 1.282012658856784 ] ], [ [ 103.811363384735628, 1.281983777727905 ], [ 103.811263183967242, 1.281994938026359 ], [ 103.811121285220537, 1.282010726620444 ], [ 103.810860374049938, 1.282037624679335 ], [ 103.810885599995814, 1.282285499961367 ], [ 103.810857817679036, 1.282037901731539 ], [ 103.81014263367075, 1.282119194510716 ], [ 103.81012773924185, 1.282117448644154 ], [ 103.810102748964965, 1.282096826848995 ], [ 103.810100031106316, 1.282093167955697 ], [ 103.810096314837438, 1.282082323209788 ], [ 103.810091316966108, 1.282056404685046 ], [ 103.811142031763765, 1.281931964876924 ], [ 103.811137820397065, 1.281895943388983 ], [ 103.811399178640713, 1.281854216713006 ], [ 103.811370151483999, 1.281918763929496 ], [ 103.811363384735628, 1.281983777727905 ] ], [ [ 103.80852307622493, 1.28233247375621 ], [ 103.808540258791453, 1.282424357653198 ], [ 103.807722099418271, 1.282556782951836 ], [ 103.807613219607887, 1.282588335875633 ], [ 103.807478367147908, 1.282693270730957 ], [ 103.807443405261466, 1.282830204739376 ], [ 103.807440629052707, 1.282904606959601 ], [ 103.807391959092627, 1.282907399997634 ], [ 103.80734159038019, 1.28285861390405 ], [ 103.807310908773729, 1.282784891851909 ], [ 103.807304099009485, 1.282663020887835 ], [ 103.807277837397308, 1.282664507394689 ], [ 103.807228675955471, 1.282667194356227 ], [ 103.807229315076626, 1.282679040045364 ], [ 103.807229227240484, 1.282679077076394 ], [ 103.807228581895473, 1.282667199514663 ], [ 103.806478850268576, 1.282708464609089 ], [ 103.806477669936683, 1.282556203667893 ], [ 103.806478109692733, 1.282409440358424 ], [ 103.806553772835187, 1.282411031403925 ], [ 103.807146510428481, 1.2824203898834 ], [ 103.807447788080736, 1.282402121249797 ], [ 103.807432900000137, 1.282153400000398 ], [ 103.807452316719178, 1.28240180467956 ], [ 103.807502301451066, 1.282397846757449 ], [ 103.807524494541667, 1.282519259467698 ], [ 103.808200094603663, 1.2823941594565 ], [ 103.808182686771801, 1.282298925805923 ], [ 103.808182773526752, 1.282298910098868 ], [ 103.808200236391528, 1.282394133158972 ], [ 103.808294436400274, 1.282376633157816 ], [ 103.808277052489714, 1.282281840644549 ], [ 103.808277630389483, 1.282281736014325 ], [ 103.808270179886435, 1.282240049604359 ], [ 103.808272858672836, 1.282254097714069 ], [ 103.808277813760895, 1.282281702742739 ], [ 103.808278112232614, 1.282281648470223 ], [ 103.808296162190857, 1.282376306174564 ], [ 103.80852307622493, 1.28233247375621 ] ], [ [ 103.805603378390188, 1.282207733033834 ], [ 103.805595315058611, 1.282203659064562 ], [ 103.80558482366871, 1.282189592804252 ], [ 103.805605991055941, 1.282196778817681 ], [ 103.805603378390188, 1.282207733033834 ] ], [ [ 103.805815029080932, 1.282414920175581 ], [ 103.805816849923474, 1.282445835571247 ], [ 103.805840865493806, 1.282444402710231 ], [ 103.805843921182472, 1.282501242054313 ], [ 103.805758853678427, 1.282505251798831 ], [ 103.805744528030544, 1.282483679058852 ], [ 103.805690722958104, 1.282470290944246 ], [ 103.805739303398525, 1.282464823691084 ], [ 103.80576936983671, 1.282445009793503 ], [ 103.805790756012328, 1.282446005861976 ], [ 103.805791471469419, 1.282430444732809 ], [ 103.805815029080932, 1.282414920175581 ] ], [ [ 103.805353306997532, 1.282434417043188 ], [ 103.805353308513148, 1.282434438572513 ], [ 103.805296398807627, 1.28243640004129 ], [ 103.805353306997532, 1.282434417043188 ] ], [ [ 103.805440429855068, 1.282431381195469 ], [ 103.805455127087129, 1.282430869061962 ], [ 103.805455275179199, 1.282430924153873 ], [ 103.805440433693036, 1.282431435686204 ], [ 103.805440429855068, 1.282431381195469 ] ], [ [ 103.806107220635312, 1.282794720478273 ], [ 103.806107599693135, 1.282794700016556 ], [ 103.806107220661374, 1.282794721034458 ], [ 103.806107220635312, 1.282794720478273 ] ], [ [ 103.807362595457278, 1.282909085096595 ], [ 103.807356899999689, 1.282895399999868 ], [ 103.807370557310094, 1.282908628187887 ], [ 103.807362595457278, 1.282909085096595 ] ], [ [ 103.807230534241256, 1.282701636441605 ], [ 103.807233347145967, 1.282753771734724 ], [ 103.807233282216401, 1.282753708844527 ], [ 103.807230440755944, 1.282701411814508 ], [ 103.807230534241256, 1.282701636441605 ] ], [ [ 103.807234541507526, 1.282776886084853 ], [ 103.807234597164282, 1.282776939992803 ], [ 103.807242099996529, 1.282915999935134 ], [ 103.807234541507526, 1.282776886084853 ] ], [ [ 103.806303127076774, 1.283350071287461 ], [ 103.806306844092504, 1.283427413637392 ], [ 103.80613850000006, 1.283359200000417 ], [ 103.806303127076774, 1.283350071287461 ] ], [ [ 103.808160278379646, 1.282176246553616 ], [ 103.808176959987961, 1.28226720951694 ], [ 103.808180067989383, 1.282284599137884 ], [ 103.808160262640811, 1.28217624930092 ], [ 103.808160278379646, 1.282176246553616 ] ], [ [ 103.811147499999919, 1.282258500000648 ], [ 103.811148010229289, 1.282263145307765 ], [ 103.811147973289408, 1.28226315063777 ], [ 103.811147499999919, 1.282258500000648 ] ], [ [ 103.810825485383731, 1.282543089255828 ], [ 103.810851600000149, 1.282783499999887 ], [ 103.810825472490592, 1.28254309072169 ], [ 103.810825485383731, 1.282543089255828 ] ], [ [ 103.809976653638202, 1.282363528369545 ], [ 103.81000030000304, 1.282334499996813 ], [ 103.809980720620985, 1.282363071599537 ], [ 103.809976653638202, 1.282363528369545 ] ], [ [ 103.811907711824617, 1.28294900639075 ], [ 103.81191711516783, 1.283014708297662 ], [ 103.811715300000358, 1.282971400000333 ], [ 103.811907711824617, 1.28294900639075 ] ], [ [ 103.805439105756832, 1.282142995036824 ], [ 103.805448509722453, 1.282144535005515 ], [ 103.805448102945945, 1.282152340021273 ], [ 103.805439105756832, 1.282142995036824 ] ], [ [ 103.805493153140006, 1.282168764541314 ], [ 103.805494272883848, 1.28216882365833 ], [ 103.805494900000369, 1.282173200000519 ], [ 103.805493153140006, 1.282168764541314 ] ], [ [ 103.805470346353445, 1.282167560448209 ], [ 103.805475600000648, 1.282180900000824 ], [ 103.805462350474642, 1.282167138301701 ], [ 103.805470346353445, 1.282167560448209 ] ], [ [ 103.806681199999588, 1.27971769999996 ], [ 103.806741272249269, 1.279790382091623 ], [ 103.806723062758138, 1.27982004973152 ], [ 103.806681199999588, 1.27971769999996 ] ], [ [ 103.806573799999839, 1.279762199999196 ], [ 103.806643211034057, 1.279931902176157 ], [ 103.806609643612987, 1.279971257623808 ], [ 103.806573799999839, 1.279762199999196 ] ], [ [ 103.806506426535066, 1.279597479426097 ], [ 103.806535800000631, 1.27976880000009 ], [ 103.806506341285768, 1.279597271001659 ], [ 103.806506426535066, 1.279597479426097 ] ], [ [ 103.806838954315864, 1.279726165626868 ], [ 103.80682224229804, 1.27970594556973 ], [ 103.806848211989305, 1.279723471323558 ], [ 103.806868833082717, 1.27974474333219 ], [ 103.806838954315864, 1.279726165626868 ] ], [ [ 103.806805816211408, 1.279686071463955 ], [ 103.806770300000096, 1.279643100000182 ], [ 103.806808317214902, 1.279682317249919 ], [ 103.806805816211408, 1.279686071463955 ] ], [ [ 103.806963636571354, 1.279801366074428 ], [ 103.807007400000145, 1.279830899999876 ], [ 103.806962188017692, 1.279802788574706 ], [ 103.806963636571354, 1.279801366074428 ] ], [ [ 103.802488291880834, 1.279745133605334 ], [ 103.802487351242675, 1.279747114113104 ], [ 103.802445117623904, 1.279821830480847 ], [ 103.802448979596235, 1.279760663127889 ], [ 103.802488291880834, 1.279745133605334 ] ], [ [ 103.801911440966151, 1.279542537447564 ], [ 103.80185285281749, 1.279535358836406 ], [ 103.801682501084784, 1.279616306111922 ], [ 103.801400698563498, 1.279458196886097 ], [ 103.801580687924158, 1.279385301803003 ], [ 103.80167467043448, 1.279363649626686 ], [ 103.80170065288695, 1.279363628639626 ], [ 103.801834409207061, 1.279446150475502 ], [ 103.801911440966151, 1.279542537447564 ] ], [ [ 103.80147720741769, 1.279018439051109 ], [ 103.80150640000042, 1.279146800000126 ], [ 103.801446947274044, 1.278998091711809 ], [ 103.80147720741769, 1.279018439051109 ] ], [ [ 103.801394336694258, 1.278923597104119 ], [ 103.801123093465549, 1.279033449688113 ], [ 103.801141021040067, 1.278998206006657 ], [ 103.801098521042746, 1.278976306008309 ], [ 103.801055535835488, 1.27906081029175 ], [ 103.800991233487252, 1.279086852515651 ], [ 103.800998078406792, 1.278949239444958 ], [ 103.800946478411888, 1.278946639445018 ], [ 103.800938401939206, 1.279109012101862 ], [ 103.800915192704664, 1.279118886691047 ], [ 103.800874420600337, 1.278953676060777 ], [ 103.800858020601595, 1.278957776060263 ], [ 103.800899435369189, 1.27912559079931 ], [ 103.800892501761751, 1.279128540768103 ], [ 103.800834482747945, 1.278964926674258 ], [ 103.800824182749039, 1.278968626674724 ], [ 103.800882411973063, 1.279132833564502 ], [ 103.800882225081651, 1.279132913079304 ], [ 103.800823547595158, 1.278968855819104 ], [ 103.800811702605671, 1.278973147481404 ], [ 103.800790428597068, 1.278980451861346 ], [ 103.800755188402533, 1.278992531362139 ], [ 103.800812673577312, 1.279162418329506 ], [ 103.800806516557856, 1.279165001826787 ], [ 103.800732996302671, 1.279001361132835 ], [ 103.800610380024253, 1.279057166843819 ], [ 103.800534177899024, 1.279046200624356 ], [ 103.800497464279786, 1.279021373971582 ], [ 103.800485561850934, 1.27903920430551 ], [ 103.800478141296935, 1.279038136416452 ], [ 103.800475942455165, 1.279053614562781 ], [ 103.800359502511881, 1.279228046433566 ], [ 103.800275655371209, 1.279201119022809 ], [ 103.800200400239618, 1.279438499242638 ], [ 103.800275527533202, 1.279201078006399 ], [ 103.80016602754219, 1.279165978009392 ], [ 103.800115605679039, 1.279325323825905 ], [ 103.800102116079657, 1.279286267084565 ], [ 103.800114649479866, 1.27915537698509 ], [ 103.799787849511063, 1.279123676989108 ], [ 103.79976410000009, 1.2793717000003 ], [ 103.799715345461806, 1.279137451289946 ], [ 103.799811840799975, 1.279101957288326 ], [ 103.800110774276177, 1.278992990892387 ], [ 103.800230446452261, 1.278949401026871 ], [ 103.800146200000469, 1.278715100000553 ], [ 103.800230537411636, 1.278949367874942 ], [ 103.800299511184761, 1.278924213908386 ], [ 103.800349184798748, 1.278906159844002 ], [ 103.800265100050609, 1.278671800140954 ], [ 103.800349844061458, 1.2789059191694 ], [ 103.801267859066684, 1.278569301185854 ], [ 103.801290361382684, 1.278633684797637 ], [ 103.801313991321265, 1.278701170443515 ], [ 103.801332556404489, 1.278754263126569 ], [ 103.80136236277022, 1.278862715238807 ], [ 103.801394336694258, 1.278923597104119 ] ], [ [ 103.800260519313184, 1.278408286522646 ], [ 103.80025488212523, 1.278410353567059 ], [ 103.800250521756169, 1.278389104584909 ], [ 103.800251336998429, 1.278388732524424 ], [ 103.800249714017525, 1.278385130040337 ], [ 103.800260519313184, 1.278408286522646 ] ], [ [ 103.800189982607662, 1.278416733432766 ], [ 103.800193306627648, 1.278432932073964 ], [ 103.800184053190023, 1.278436325124175 ], [ 103.80018503172623, 1.278418992914872 ], [ 103.800189982607662, 1.278416733432766 ] ], [ [ 103.800091898406137, 1.278461497081409 ], [ 103.800125614461578, 1.27844610975513 ], [ 103.800124953117901, 1.278457823714324 ], [ 103.800086126514131, 1.278471983344901 ], [ 103.800091898406137, 1.278461497081409 ] ], [ [ 103.800175931837146, 1.278580173646978 ], [ 103.80021529999965, 1.278689900000133 ], [ 103.800175913701437, 1.278580494874408 ], [ 103.800175931837146, 1.278580173646978 ] ], [ [ 103.799965462596376, 1.278588946495358 ], [ 103.800026500599188, 1.278758701664953 ], [ 103.799965405288987, 1.278588914541591 ], [ 103.799965462596376, 1.278588946495358 ] ], [ [ 103.799575499957641, 1.278923599882222 ], [ 103.799654183020152, 1.27914029421821 ], [ 103.799653136433093, 1.27914051488025 ], [ 103.799575499957641, 1.278923599882222 ] ], [ [ 103.80220766591701, 1.280152844947582 ], [ 103.802207838900301, 1.280152517210601 ], [ 103.802260433360729, 1.28015588112194 ], [ 103.802259961280853, 1.280156754601457 ], [ 103.80220766591701, 1.280152844947582 ] ], [ [ 103.80224580596331, 1.280182945857446 ], [ 103.80224578941187, 1.280182976482653 ], [ 103.802193824899064, 1.2801790684034 ], [ 103.802193829318171, 1.28017906003175 ], [ 103.80224580596331, 1.280182945857446 ] ], [ [ 103.802185918410501, 1.28017846860437 ], [ 103.802185929681684, 1.280178474630291 ], [ 103.802174300000331, 1.280177600000792 ], [ 103.802174300000331, 1.280177599999887 ], [ 103.802185918410501, 1.28017846860437 ] ], [ [ 103.801456130982956, 1.28054927980115 ], [ 103.801456459621349, 1.280548560578406 ], [ 103.801456816113856, 1.280548250232903 ], [ 103.801456489764973, 1.280548966236137 ], [ 103.801456130982956, 1.28054927980115 ] ], [ [ 103.801800123001925, 1.280117267921801 ], [ 103.801803594898587, 1.280111003730899 ], [ 103.801803618544426, 1.28011101103032 ], [ 103.801800151549344, 1.280117269276893 ], [ 103.801800123001925, 1.280117267921801 ] ], [ [ 103.799596200000522, 1.279407100000368 ], [ 103.799500882289962, 1.279215500585873 ], [ 103.799552432082109, 1.279196810214089 ], [ 103.799596200000522, 1.279407100000368 ] ], [ [ 103.799274859616233, 1.279297637923484 ], [ 103.799300143684476, 1.279288409677824 ], [ 103.799406700002848, 1.27950260000468 ], [ 103.799274859616233, 1.279297637923484 ] ], [ [ 103.800280490438425, 1.279585201167623 ], [ 103.800280550302162, 1.279585165823109 ], [ 103.800263358494945, 1.279639470545659 ], [ 103.800263248026297, 1.279639589581242 ], [ 103.800280490438425, 1.279585201167623 ] ], [ [ 103.80098906018479, 1.279130545465635 ], [ 103.800989491462886, 1.279121874879851 ], [ 103.80100488630319, 1.279160381802599 ], [ 103.801003081466135, 1.279163929917573 ], [ 103.80098906018479, 1.279130545465635 ] ], [ [ 103.797761799998369, 1.283654599999058 ], [ 103.797777803361299, 1.283663532350542 ], [ 103.797773957264553, 1.28366508412965 ], [ 103.797761799998369, 1.283654599999058 ] ], [ [ 103.79690799609881, 1.28330441713244 ], [ 103.797008400001559, 1.283342100000526 ], [ 103.796908280631911, 1.283313185877819 ], [ 103.79690799609881, 1.28330441713244 ] ], [ [ 103.796969900000235, 1.283529500000091 ], [ 103.79698027480849, 1.283529396148382 ], [ 103.796980048727846, 1.283529405681674 ], [ 103.796969900000235, 1.283529500000091 ] ], [ [ 103.797050333671592, 1.283528752475881 ], [ 103.797050331275102, 1.283528694884092 ], [ 103.79712406011717, 1.283527956857124 ], [ 103.797123749432217, 1.283528070170504 ], [ 103.797050333671592, 1.283528752475881 ] ], [ [ 103.79726403712462, 1.283754867523964 ], [ 103.797263415175422, 1.283736349815999 ], [ 103.797287087065641, 1.283769253127874 ], [ 103.797281733392609, 1.283777262777083 ], [ 103.79726403712462, 1.283754867523964 ] ], [ [ 103.797162768540659, 1.283810650474827 ], [ 103.797162291446952, 1.283811032368602 ], [ 103.797165100000427, 1.283797700000456 ], [ 103.797162768540659, 1.283810650474827 ] ], [ [ 103.796198337679925, 1.285201983774236 ], [ 103.796198614263204, 1.285202591554782 ], [ 103.796126573228634, 1.285231551123881 ], [ 103.796121501201569, 1.285226707175333 ], [ 103.796198337679925, 1.285201983774236 ] ], [ [ 103.793402400000573, 1.284973200000327 ], [ 103.793649362170825, 1.284990610023797 ], [ 103.793653650474212, 1.284928988886452 ], [ 103.793842799999283, 1.285076199999728 ], [ 103.793648135853999, 1.285005104964755 ], [ 103.793649017290221, 1.28499500709199 ], [ 103.79361137275427, 1.284991678381457 ], [ 103.793610080459558, 1.284991206411286 ], [ 103.793609955482637, 1.284991553059551 ], [ 103.793402400000573, 1.284973200000327 ] ], [ [ 103.793623307909854, 1.285142388327631 ], [ 103.793623851012995, 1.285142286470298 ], [ 103.793622985767428, 1.285142724720933 ], [ 103.793622714125092, 1.28514268962462 ], [ 103.793623307909854, 1.285142388327631 ] ], [ [ 103.793647716022491, 1.285130198748771 ], [ 103.793647682935628, 1.285130020034939 ], [ 103.793654562851813, 1.285126529051517 ], [ 103.793644487857847, 1.285106415307785 ], [ 103.793810100000471, 1.285166900000178 ], [ 103.793665400785258, 1.285148204769759 ], [ 103.7936546434007, 1.285126690004369 ], [ 103.793647716022491, 1.285130198748771 ] ], [ [ 103.793559498018297, 1.285174766524503 ], [ 103.793559482339575, 1.285174889456359 ], [ 103.793433500000319, 1.285238700000352 ], [ 103.793559498018297, 1.285174766524503 ] ], [ [ 103.794031647020006, 1.285386841361733 ], [ 103.794052164261657, 1.285225974170281 ], [ 103.794062318732145, 1.285197808705642 ], [ 103.794146225976775, 1.285088595025806 ], [ 103.794158476465924, 1.2850785521111 ], [ 103.794313507831603, 1.285042311966162 ], [ 103.794313392526917, 1.285041812291137 ], [ 103.794516723143403, 1.285225978615532 ], [ 103.794562323142742, 1.285174978612124 ], [ 103.794378299999309, 1.2850082999994 ], [ 103.794625758829639, 1.285015672863148 ], [ 103.794628258821675, 1.284930672862956 ], [ 103.794380800000397, 1.284923300000602 ], [ 103.794593398151022, 1.284795625133644 ], [ 103.794556998146845, 1.284734225136614 ], [ 103.794344400000568, 1.284861899998877 ], [ 103.794488030003734, 1.284658949633586 ], [ 103.79440113000652, 1.284596649638863 ], [ 103.794257500000271, 1.284799600000138 ], [ 103.794201492177933, 1.284556888032741 ], [ 103.793990592197602, 1.284606188028763 ], [ 103.794046599999916, 1.284848899999232 ], [ 103.79389025291664, 1.284655704776638 ], [ 103.793811452919428, 1.28472030477239 ], [ 103.793967799999535, 1.284913499998773 ], [ 103.793771954832508, 1.284761077813947 ], [ 103.793654716142925, 1.284913675679222 ], [ 103.793655922262005, 1.284896344246005 ], [ 103.79371717707491, 1.284738711055065 ], [ 103.793729060492538, 1.284715545062473 ], [ 103.793778699871751, 1.284618850257746 ], [ 103.793949579703678, 1.284477276985257 ], [ 103.794238869820958, 1.28431494274037 ], [ 103.794473181949911, 1.284265701053532 ], [ 103.794693619136666, 1.28429260425197 ], [ 103.794768877189341, 1.284337834153503 ], [ 103.794895803704165, 1.284123893757407 ], [ 103.794768883966057, 1.284337838226864 ], [ 103.794885113317818, 1.284407686710899 ], [ 103.79502530935315, 1.28451019331236 ], [ 103.795143326000385, 1.284725327859732 ], [ 103.795054108934835, 1.284698070507645 ], [ 103.794950897694889, 1.285040289489719 ], [ 103.794892472803085, 1.285060003732671 ], [ 103.79492001475613, 1.285142688471873 ], [ 103.79491029105165, 1.285174929489823 ], [ 103.794933072500044, 1.285181889615548 ], [ 103.794986072780105, 1.285341003740652 ], [ 103.795220800000578, 1.285261800000471 ], [ 103.795090761587133, 1.28547383026619 ], [ 103.795295661596484, 1.285601130276722 ], [ 103.795390729429116, 1.285446120235107 ], [ 103.795404331398032, 1.285464216769012 ], [ 103.795365027851361, 1.285602380000967 ], [ 103.795347319353269, 1.28560896350464 ], [ 103.795416398097274, 1.285797190387362 ], [ 103.79505633718081, 1.285916406259196 ], [ 103.795133700000662, 1.286153100000336 ], [ 103.795056322468952, 1.285916411130787 ], [ 103.794917668076096, 1.285962329144444 ], [ 103.794859469080578, 1.285752270280909 ], [ 103.79462099999985, 1.285819200000335 ], [ 103.794636721612591, 1.285570530751013 ], [ 103.794390021636502, 1.285554730753215 ], [ 103.794374300000072, 1.285803400000313 ], [ 103.794384180460781, 1.285554426334891 ], [ 103.794145380483684, 1.285544826336653 ], [ 103.794141579082435, 1.285640616071641 ], [ 103.79409144365394, 1.285591788933659 ], [ 103.794037888904256, 1.285449818357062 ], [ 103.794031647020006, 1.285386841361733 ] ], [ [ 103.795127200000294, 1.28498079999938 ], [ 103.79517346598, 1.284827395200737 ], [ 103.795196399347091, 1.284957450136956 ], [ 103.795127200000294, 1.28498079999938 ] ], [ [ 103.79540576353412, 1.285033198937755 ], [ 103.795459499999765, 1.285023600000022 ], [ 103.795405780707142, 1.285033250494035 ], [ 103.79540576353412, 1.285033198937755 ] ], [ [ 103.795466700000432, 1.285064200000206 ], [ 103.795423300177106, 1.285085846323782 ], [ 103.795418947369669, 1.285072778602903 ], [ 103.795466700000432, 1.285064200000206 ] ], [ [ 103.795806595063965, 1.285373039836765 ], [ 103.795806659315659, 1.285372990915201 ], [ 103.795758123390755, 1.285457114068628 ], [ 103.795758115249043, 1.285457116876559 ], [ 103.795806595063965, 1.285373039836765 ] ], [ [ 103.795953597520381, 1.285965397989448 ], [ 103.795951209092763, 1.285966069344663 ], [ 103.795941206711873, 1.285955647362533 ], [ 103.79594328421777, 1.285954911933931 ], [ 103.795953597520381, 1.285965397989448 ] ], [ [ 103.795858097247944, 1.285985067776133 ], [ 103.7958635196741, 1.285990717673986 ], [ 103.79585164138264, 1.285994056504335 ], [ 103.795847425062902, 1.285988845687016 ], [ 103.795858097247944, 1.285985067776133 ] ], [ [ 103.79577261275972, 1.286016270395967 ], [ 103.795772204854018, 1.286015473333518 ], [ 103.795792218099947, 1.286008388726353 ], [ 103.795793781013586, 1.286010320282583 ], [ 103.79577261275972, 1.286016270395967 ] ], [ [ 103.794112778514318, 1.285714072021991 ], [ 103.794110952961631, 1.285707666295455 ], [ 103.79414012226016, 1.285677325843481 ], [ 103.794139704972494, 1.285687840877173 ], [ 103.794112778514318, 1.285714072021991 ] ], [ [ 103.797333531003105, 1.284116667182534 ], [ 103.797276910990618, 1.284041504090857 ], [ 103.797276964532486, 1.284041459632143 ], [ 103.797334487815789, 1.284114257372459 ], [ 103.797333531003105, 1.284116667182534 ] ], [ [ 103.797341258788791, 1.283844550409552 ], [ 103.79733742083188, 1.283847737199961 ], [ 103.79733705419396, 1.283847273205916 ], [ 103.79734002260804, 1.28384283215149 ], [ 103.797341258788791, 1.283844550409552 ] ], [ [ 103.797761796852313, 1.284134863433652 ], [ 103.797749235069034, 1.284157437245275 ], [ 103.797745859546211, 1.284142762176247 ], [ 103.797759037104569, 1.28412650069174 ], [ 103.797761796852313, 1.284134863433652 ] ], [ [ 103.797742893723523, 1.284077582126036 ], [ 103.79773352600354, 1.284089142160973 ], [ 103.79773264679713, 1.284085319815803 ], [ 103.797742422549291, 1.284076154346365 ], [ 103.797742893723523, 1.284077582126036 ] ], [ [ 103.797674055709408, 1.284057529876837 ], [ 103.797682235346571, 1.284054873081985 ], [ 103.797686973312025, 1.284075471364961 ], [ 103.797677610067325, 1.284084250078442 ], [ 103.797674055709408, 1.284057529876837 ] ], [ [ 103.797722625894735, 1.284041753992127 ], [ 103.797723100000297, 1.284041599999928 ], [ 103.797722680864055, 1.284041992970376 ], [ 103.797722625894735, 1.284041753992127 ] ], [ [ 103.797601042855646, 1.284156037330893 ], [ 103.797549715377812, 1.284204160520339 ], [ 103.797558724809562, 1.284130658528821 ], [ 103.797594225316701, 1.284104785863276 ], [ 103.797601042855646, 1.284156037330893 ] ], [ [ 103.797683839471873, 1.284131080187048 ], [ 103.797696939244602, 1.284118798210504 ], [ 103.797699715020187, 1.284130865882726 ], [ 103.797686053528679, 1.28414772455376 ], [ 103.797683839471873, 1.284131080187048 ] ], [ [ 103.797860474184105, 1.283630177270278 ], [ 103.797795300001653, 1.283593800000665 ], [ 103.797877209646728, 1.283623425036429 ], [ 103.797860474184105, 1.283630177270278 ] ], [ [ 103.798547500000581, 1.281191 ], [ 103.798472904494588, 1.281214480304416 ], [ 103.798467707319062, 1.281207812230626 ], [ 103.798547500000581, 1.281191 ] ], [ [ 103.797831685261869, 1.280132887396145 ], [ 103.797823307750591, 1.279999224778164 ], [ 103.797838259822669, 1.280074495420072 ], [ 103.797832699587431, 1.280135608945023 ], [ 103.797831685261869, 1.280132887396145 ] ], [ [ 103.795935767483641, 1.279521696654114 ], [ 103.795962200000687, 1.279462899998663 ], [ 103.795945167662367, 1.279551326570431 ], [ 103.795935767483641, 1.279521696654114 ] ], [ [ 103.7943051, 1.278568799999795 ], [ 103.7943051, 1.2785688000007 ], [ 103.794305088119515, 1.278568801813769 ], [ 103.7943051, 1.278568799999795 ] ], [ [ 103.794446500000404, 1.278186300000193 ], [ 103.794500966399923, 1.278054939836528 ], [ 103.794507419131051, 1.278057449231256 ], [ 103.794524873819483, 1.278072157772117 ], [ 103.794446500000404, 1.278186300000193 ] ], [ [ 103.798848588465859, 1.278133192785176 ], [ 103.798875099999364, 1.278087300001429 ], [ 103.798861249661869, 1.278183584829058 ], [ 103.798848588465859, 1.278133192785176 ] ], [ [ 103.801963861106998, 1.277646486204851 ], [ 103.8020312000003, 1.27754770000019 ], [ 103.801985051191039, 1.27763885570965 ], [ 103.801963861106998, 1.277646486204851 ] ], [ [ 103.801924300000451, 1.277456800000166 ], [ 103.801764855233046, 1.277573189233422 ], [ 103.80174642678449, 1.277527845564911 ], [ 103.801924300000451, 1.277456800000166 ] ], [ [ 103.797799500099188, 1.276448899948158 ], [ 103.797741168787795, 1.276479606349223 ], [ 103.797741022552756, 1.276479278724761 ], [ 103.797799500099188, 1.276448899948158 ] ], [ [ 103.79684370128706, 1.276945322395539 ], [ 103.796880263093655, 1.276854730340431 ], [ 103.796886340887681, 1.276869851558265 ], [ 103.796880584422041, 1.276934339789869 ], [ 103.79684370128706, 1.276945322395539 ] ], [ [ 103.796900053661005, 1.276928542479819 ], [ 103.796901848624785, 1.276908433953555 ], [ 103.796908875209198, 1.276925915707182 ], [ 103.796900053661005, 1.276928542479819 ] ], [ [ 103.797293116482535, 1.277001656189611 ], [ 103.797346152464073, 1.276985560173834 ], [ 103.797348082803666, 1.276990371177519 ], [ 103.797293571418621, 1.27700522385633 ], [ 103.797293116482535, 1.277001656189611 ] ], [ [ 103.800039665906084, 1.274136038158036 ], [ 103.800051678963811, 1.274155598405208 ], [ 103.799879996099065, 1.274202852983079 ], [ 103.7998861206257, 1.274225393930572 ], [ 103.799772774363561, 1.274224399665246 ], [ 103.799718131081761, 1.274241395598985 ], [ 103.799710509091497, 1.274214302224409 ], [ 103.799897338736855, 1.274175989642878 ], [ 103.800039665906084, 1.274136038158036 ] ], [ [ 103.808449941011446, 1.272527092020225 ], [ 103.808452242101993, 1.272529342198326 ], [ 103.808441679459193, 1.272530539410711 ], [ 103.8084435723529, 1.272524013605138 ], [ 103.808449941011446, 1.272527092020225 ] ], [ [ 103.812707373437732, 1.272271131511917 ], [ 103.812700427488394, 1.272258858717333 ], [ 103.812676517882906, 1.272199008894692 ], [ 103.812675887112306, 1.272158420444796 ], [ 103.81269464924813, 1.272120896167513 ], [ 103.812827369888581, 1.27201515641607 ], [ 103.812910518408486, 1.271965212424963 ], [ 103.812929506969937, 1.271995013207048 ], [ 103.813137900000797, 1.271860499998967 ], [ 103.812976411071531, 1.272049361428224 ], [ 103.812990611071214, 1.272061661428686 ], [ 103.813152100000224, 1.271872799999452 ], [ 103.813119518734808, 1.272114839726327 ], [ 103.812707373437732, 1.272271131511917 ] ], [ [ 103.813133684131984, 1.272109467989769 ], [ 103.813165300000037, 1.271874600000249 ], [ 103.813270518737269, 1.272057578199679 ], [ 103.813133684131984, 1.272109467989769 ] ], [ [ 103.812989499999759, 1.271627600000459 ], [ 103.812892034671606, 1.271463223867738 ], [ 103.812892037883884, 1.271463221943275 ], [ 103.812989499999759, 1.271627600000459 ] ], [ [ 103.812866901591647, 1.271411068760847 ], [ 103.812769600000195, 1.271246599999704 ], [ 103.81286695649959, 1.271411035781808 ], [ 103.812866901591647, 1.271411068760847 ] ], [ [ 103.812857300629787, 1.27119400106395 ], [ 103.812824807096817, 1.271139119265562 ], [ 103.812824824272383, 1.271139109121437 ], [ 103.812857300629787, 1.27119400106395 ] ], [ [ 103.812477000001138, 1.272367499998878 ], [ 103.812356142269564, 1.27243679144713 ], [ 103.812340990944463, 1.272422542025244 ], [ 103.812477000001138, 1.272367499998878 ] ], [ [ 103.812519900000567, 1.27244330000057 ], [ 103.812449799033658, 1.272524873163243 ], [ 103.812422462523969, 1.272499163898115 ], [ 103.812519900000567, 1.27244330000057 ] ], [ [ 103.812509545324957, 1.272581062967926 ], [ 103.812581700000337, 1.272497100000654 ], [ 103.812543993813406, 1.272613460858057 ], [ 103.812509545324957, 1.272581062967926 ] ], [ [ 103.812660600000399, 1.27252300000046 ], [ 103.812662194900668, 1.272722880990293 ], [ 103.812648963637727, 1.272712182186644 ], [ 103.812610897340534, 1.272676381847897 ], [ 103.812660600000399, 1.27252300000046 ] ], [ [ 103.810457499999202, 1.2718995 ], [ 103.810494487047464, 1.271879733121642 ], [ 103.810494341416302, 1.271892631893762 ], [ 103.810457499999202, 1.2718995 ] ], [ [ 103.810462800001247, 1.271928299999752 ], [ 103.810426663837731, 1.271947268871812 ], [ 103.810425885730211, 1.271935181687535 ], [ 103.810462800001247, 1.271928299999752 ] ], [ [ 103.810428406422062, 1.271974338315838 ], [ 103.810474199999931, 1.27195030000011 ], [ 103.810433323241995, 1.272050716587567 ], [ 103.810428406422062, 1.271974338315838 ] ], [ [ 103.807969293823547, 1.283021519956519 ], [ 103.80839487006331, 1.282952637221915 ], [ 103.808405321533542, 1.282997897511668 ], [ 103.808048990338307, 1.283030087937719 ], [ 103.80797238452152, 1.283036049832934 ], [ 103.807969293823547, 1.283021519956519 ] ] ] } }
]
}
