{
"type": "FeatureCollection",
"name": "Multi-Mode_Travel_Analysis_walk_Singapore_Botanic_Gardens_15min",
"crs": { "type": "name", "properties": { "name": "urn:ogc:def:crs:OGC:1.3:CRS84" } },
"features": [
{ "type": "Feature", "properties": { "name": "Multi-Mode Travel Analysis_walk_Singapore Botanic Gardens_15min" }, "geometry": { "type": "Polygon", "coordinates": [ [ [ 103.812776413187976, 1.321802798603139 ], [ 103.812827834380144, 1.321984950608383 ], [ 103.812701980301085, 1.322017083151406 ], [ 103.812800580273134, 1.322408283158371 ], [ 103.812984600000377, 1.322361299999477 ], [ 103.812852726407499, 1.322498754737872 ], [ 103.812941526407982, 1.322585054742366 ], [ 103.813073399999794, 1.322447600001122 ], [ 103.813068243419863, 1.322638605754953 ], [ 103.813177943428329, 1.322641605755662 ], [ 103.813183099999875, 1.322450599998763 ], [ 103.813266388521242, 1.322622306531801 ], [ 103.8133473885256, 1.322582506529251 ], [ 103.813264099999913, 1.322410800000637 ], [ 103.813422251754915, 1.322516505098008 ], [ 103.813486451752212, 1.322419205093912 ], [ 103.813476951493953, 1.322412855334427 ], [ 103.813609260516316, 1.322390551290665 ], [ 103.813609260516316, 1.322390551291569 ], [ 103.813613077969649, 1.32238990777806 ], [ 103.813599362055399, 1.322446172371064 ], [ 103.813648362058743, 1.322458272371248 ], [ 103.813667253933446, 1.322380775259604 ], [ 103.813704265865084, 1.322374536105267 ], [ 103.813713502215975, 1.322462723408549 ], [ 103.813757802218916, 1.322458023407878 ], [ 103.813748281017766, 1.322367116407754 ], [ 103.813784260529204, 1.322361051288978 ], [ 103.813778457725292, 1.322326181156556 ], [ 103.813778478284846, 1.322326210649857 ], [ 103.813784279206544, 1.322361048140128 ], [ 103.813800818554355, 1.322358258370602 ], [ 103.813846937967753, 1.322424417913839 ], [ 103.813869737968702, 1.322408317912664 ], [ 103.81383126214557, 1.322353123307386 ], [ 103.813850679211654, 1.322349848138962 ], [ 103.813840171594634, 1.322286744553542 ], [ 103.813934749922765, 1.322328212694463 ], [ 103.81394344992114, 1.322308112693742 ], [ 103.813835875870168, 1.322260946540277 ], [ 103.813829815786008, 1.32222455265015 ], [ 103.813957914091489, 1.322209186244227 ], [ 103.81395521408993, 1.322186386244843 ], [ 103.813826040745155, 1.322201881609962 ], [ 103.813823588164809, 1.322187152615087 ], [ 103.813944074295875, 1.322140881000971 ], [ 103.813937174294296, 1.322122681000948 ], [ 103.813820325042457, 1.322167555904857 ], [ 103.813937174294296, 1.322122681000044 ], [ 103.813930274292815, 1.322104481000905 ], [ 103.813817061921043, 1.322147959194621 ], [ 103.813787920792564, 1.321972951860494 ], [ 103.813721523030154, 1.321984151483049 ], [ 103.813721520797259, 1.321984151859247 ], [ 103.813546539488371, 1.322013648708113 ], [ 103.813577899999629, 1.322202100000149 ], [ 103.813546538762338, 1.322013648830196 ], [ 103.813508508542199, 1.322020059789786 ], [ 103.813494221543479, 1.321958821343983 ], [ 103.813309399997664, 1.322002500000503 ], [ 103.813346202826864, 1.321987596535979 ], [ 103.813450691830923, 1.321950044550389 ], [ 103.813449214812181, 1.32194588138473 ], [ 103.813485526538642, 1.321931176792051 ], [ 103.813417137082794, 1.321760103199602 ], [ 103.813368598960594, 1.321638588545665 ], [ 103.813452579698748, 1.321568205364395 ], [ 103.813492910854251, 1.321719817469393 ], [ 103.813859689139065, 1.321620982517257 ], [ 103.813780572013556, 1.321323567087159 ], [ 103.813872082476962, 1.321310892203508 ], [ 103.81384619999983, 1.321121600000046 ], [ 103.813873240982943, 1.32131072807951 ], [ 103.814110672741592, 1.321276340184415 ], [ 103.814156680097582, 1.321528244749398 ], [ 103.814233810832718, 1.321513974918136 ], [ 103.814234848631685, 1.321518755904771 ], [ 103.814158355614552, 1.321536412075461 ], [ 103.814202461711247, 1.321729975797661 ], [ 103.814140343675817, 1.321704851383233 ], [ 103.814129243674017, 1.321732651382217 ], [ 103.814210566248946, 1.32176554331174 ], [ 103.814214452046343, 1.321782596493722 ], [ 103.814219904908384, 1.321806544415184 ], [ 103.814115641275492, 1.321809769348256 ], [ 103.814116441273924, 1.321835969348419 ], [ 103.814225834435874, 1.321832585755345 ], [ 103.814228373151238, 1.321843735307149 ], [ 103.814119164312785, 1.321862868751196 ], [ 103.814124664310214, 1.321894668751864 ], [ 103.814235547127311, 1.321875242025169 ], [ 103.814292375067055, 1.322124819348797 ], [ 103.814316698430957, 1.322235812211794 ], [ 103.814085118310757, 1.322276929263749 ], [ 103.81415108169378, 1.32265327073538 ], [ 103.814390706226632, 1.322610725397974 ], [ 103.814400767820445, 1.322657618646683 ], [ 103.814395038208843, 1.322711285965908 ], [ 103.814417389451776, 1.322713703188371 ], [ 103.814417358805244, 1.322713885536977 ], [ 103.814395016096583, 1.322711494160415 ], [ 103.814389416092581, 1.322764494159914 ], [ 103.814410602291161, 1.322766761752703 ], [ 103.81440837744006, 1.32278935253152 ], [ 103.814485545607567, 1.322797051055816 ], [ 103.814495737779708, 1.322814406490641 ], [ 103.814497974018238, 1.32282006969394 ], [ 103.814498856306585, 1.322819716782346 ], [ 103.814501129881819, 1.322823588270562 ], [ 103.814499666633679, 1.322824213937697 ], [ 103.81450806663257, 1.322844113938674 ], [ 103.814547551517705, 1.32282723066634 ], [ 103.814547798589558, 1.322827668806639 ], [ 103.814508318939104, 1.322844708864183 ], [ 103.814518118937798, 1.322867708864886 ], [ 103.814543166314934, 1.322856898010283 ], [ 103.814524850525487, 1.322913331489749 ], [ 103.814546750526844, 1.322920531490386 ], [ 103.814568104697997, 1.322854736333824 ], [ 103.814586084787877, 1.322844465611 ], [ 103.814603189077062, 1.322974113771623 ], [ 103.814623999640276, 1.322971332635916 ], [ 103.81462815727204, 1.322996735425858 ], [ 103.814718207196336, 1.322981805848384 ], [ 103.815035135339585, 1.322947472772894 ], [ 103.815494128785673, 1.322924745432484 ], [ 103.815492093032702, 1.322883098626096 ], [ 103.81553567689599, 1.322882069256854 ], [ 103.815546811203902, 1.322914495801749 ], [ 103.81567561121166, 1.322869695798746 ], [ 103.81561360000066, 1.322689100001773 ], [ 103.81560914616891, 1.322498076334049 ], [ 103.815351979978615, 1.322504150116125 ], [ 103.815340735613503, 1.322482015542457 ], [ 103.815295111767512, 1.322505493233073 ], [ 103.8152808555012, 1.322505829937662 ], [ 103.815340061538848, 1.322419123066323 ], [ 103.815183600000438, 1.32231090000034 ], [ 103.815350942850827, 1.322401139073416 ], [ 103.815372342848761, 1.322360939072694 ], [ 103.815205000001143, 1.322270700000163 ], [ 103.815388287579239, 1.322320497878746 ], [ 103.815396387577636, 1.32229029787843 ], [ 103.815213100000676, 1.322240500000466 ], [ 103.81540262468657, 1.32222934738097 ], [ 103.815401224684052, 1.322205247380984 ], [ 103.815373401910378, 1.322206884618423 ], [ 103.815357983530035, 1.322171522038037 ], [ 103.815393299249905, 1.322160687614719 ], [ 103.815387999248884, 1.322143187614767 ], [ 103.815350628296173, 1.32215465255779 ], [ 103.815324065579617, 1.322093730058171 ], [ 103.815337215331894, 1.322081976758688 ], [ 103.815340344073661, 1.322083647663832 ], [ 103.815424783521721, 1.322179997735959 ], [ 103.815434583522489, 1.322171297735541 ], [ 103.815373098894725, 1.322101140382086 ], [ 103.815388914313985, 1.322109586609554 ], [ 103.815392147855263, 1.322103453281203 ], [ 103.815404014336508, 1.322114221627686 ], [ 103.815403081083801, 1.32211641212219 ], [ 103.815409463701528, 1.322119166703962 ], [ 103.815449998996058, 1.322155950824419 ], [ 103.815462461458623, 1.322142039237802 ], [ 103.815699255492362, 1.322244233723467 ], [ 103.815837590187584, 1.322310521132695 ], [ 103.815911573670832, 1.322154121873427 ], [ 103.815912983174243, 1.322155005188042 ], [ 103.815853642526562, 1.322317322553915 ], [ 103.816030242536897, 1.322382722558662 ], [ 103.816095800000355, 1.322203400000417 ], [ 103.816073476908983, 1.322393150752416 ], [ 103.816169976916726, 1.322404650753527 ], [ 103.816192300000012, 1.322214899999672 ], [ 103.816196268053616, 1.322405934513657 ], [ 103.816286568060264, 1.322404034514042 ], [ 103.816282599999738, 1.32221300000011 ], [ 103.816325476125115, 1.322399139506776 ], [ 103.816388476129774, 1.322384439505524 ], [ 103.81634559999992, 1.322198299998969 ], [ 103.816439333773545, 1.322364462856328 ], [ 103.8164904337753, 1.322335262854514 ], [ 103.816396699996616, 1.322169099993602 ], [ 103.816499025186886, 1.322330046610487 ], [ 103.816532569006014, 1.32230844366153 ], [ 103.816532859500455, 1.322308789838904 ], [ 103.816535447956895, 1.322306589554638 ], [ 103.816572625189579, 1.322282646607254 ], [ 103.816569464105669, 1.322277674560117 ], [ 103.816580693993799, 1.322268128736122 ], [ 103.816585057595731, 1.322273916701919 ], [ 103.816648957597479, 1.322225116699392 ], [ 103.816642058964803, 1.322215966220229 ], [ 103.816642534247165, 1.322215562213028 ], [ 103.816649483565413, 1.322224713567053 ], [ 103.816654683565361, 1.322220713566825 ], [ 103.816647540333008, 1.322211306852401 ], [ 103.816677900000599, 1.322185500000702 ], [ 103.816623206881204, 1.322368475349203 ], [ 103.816698506886411, 1.322391275350081 ], [ 103.816753199999923, 1.322208299999881 ], [ 103.816769108486611, 1.322398704231712 ], [ 103.816845908492752, 1.322392204230444 ], [ 103.816830000000252, 1.322201799999929 ], [ 103.816913777086967, 1.322373265598994 ], [ 103.816982877090496, 1.322339065596853 ], [ 103.816899100000114, 1.322167600000042 ], [ 103.81705992461751, 1.322269137775519 ], [ 103.817082424616416, 1.322233037774277 ], [ 103.816921599999503, 1.322131500000255 ], [ 103.817111448339318, 1.322131499992404 ], [ 103.817111448331957, 1.322043199992785 ], [ 103.81692159999885, 1.32204320000072 ], [ 103.816955796501048, 1.322023695527888 ], [ 103.817026696782449, 1.322026706399343 ], [ 103.817028562918679, 1.321982192141478 ], [ 103.817072241192989, 1.321957279599443 ], [ 103.817091084465346, 1.322018254566395 ], [ 103.817137084468257, 1.322003854566227 ], [ 103.817080700000346, 1.321821400000641 ], [ 103.817195274881328, 1.321973756055564 ], [ 103.817233474882315, 1.321944656054157 ], [ 103.8171188999994, 1.32179229999915 ], [ 103.817278358674628, 1.32189599705136 ], [ 103.81730435867324, 1.321855497050169 ], [ 103.81721676296516, 1.321798532973032 ], [ 103.81721898235061, 1.321775301699297 ], [ 103.817263679027704, 1.321789481159895 ], [ 103.817270539718635, 1.321823060045442 ], [ 103.817319339721735, 1.321812960045139 ], [ 103.817318067919501, 1.321806735352256 ], [ 103.817325966747333, 1.32180924115637 ], [ 103.817346259163244, 1.321744444989825 ], [ 103.817372941633352, 1.321793029731101 ], [ 103.81741644163526, 1.321768829729672 ], [ 103.817324599998912, 1.32160159999893 ], [ 103.817480658477123, 1.321710410930307 ], [ 103.817549558473658, 1.321610310925714 ], [ 103.817393500000392, 1.321501500000454 ], [ 103.817574684713961, 1.321558563051967 ], [ 103.817591784710601, 1.321503563050602 ], [ 103.817410600001494, 1.321446500000363 ], [ 103.817600364292858, 1.321440816757374 ], [ 103.817599736582579, 1.321419585456524 ], [ 103.81762804381512, 1.321422565164575 ], [ 103.817730344053004, 1.321436218199185 ], [ 103.817743799294945, 1.321334091535516 ], [ 103.817761571452635, 1.321325619625989 ], [ 103.817765811552263, 1.321378909207407 ], [ 103.817740723948916, 1.321403325805702 ], [ 103.817765223949309, 1.32142882580663 ], [ 103.817769455580915, 1.321424707356861 ], [ 103.817770454875657, 1.321437266494315 ], [ 103.817831160934176, 1.321432373598117 ], [ 103.817814034198946, 1.321465484814857 ], [ 103.817845334200641, 1.321481884815421 ], [ 103.81787267452259, 1.321429027609917 ], [ 103.817877154883391, 1.32142866649353 ], [ 103.817876582466283, 1.321421472358971 ], [ 103.817923791522986, 1.321330202804353 ], [ 103.817924836421597, 1.321354026531342 ], [ 103.817926298977184, 1.321353961551925 ], [ 103.817902590313153, 1.321501009082467 ], [ 103.817937490315259, 1.321506709082789 ], [ 103.817951877432435, 1.32141747629554 ], [ 103.817982323218075, 1.321407556704035 ], [ 103.81799045235411, 1.321457975802627 ], [ 103.817966714836061, 1.321475433556517 ], [ 103.817977314835261, 1.3214900335573 ], [ 103.81799368047119, 1.32147799745322 ], [ 103.817998309684114, 1.321506709082453 ], [ 103.818033209687101, 1.321501009082529 ], [ 103.818025702409358, 1.321454446923054 ], [ 103.818062599838058, 1.321427310713694 ], [ 103.818076126465428, 1.321453303331558 ], [ 103.818019532730105, 1.321532264835396 ], [ 103.818034132730688, 1.321542864836165 ], [ 103.818085463839964, 1.321471245927144 ], [ 103.818090885545104, 1.321481664214765 ], [ 103.818121071378442, 1.321465751555721 ], [ 103.818088666158317, 1.321570307736151 ], [ 103.818105866159527, 1.321575707736511 ], [ 103.818143752745584, 1.321453465798997 ], [ 103.818162942593474, 1.321443041994305 ], [ 103.818164484163731, 1.321584364744269 ], [ 103.818182584164347, 1.321584164743967 ], [ 103.818180997420981, 1.321438700809574 ], [ 103.818191182804881, 1.321439941574411 ], [ 103.818196751721786, 1.32144135256749 ], [ 103.818241448890035, 1.321574061760162 ], [ 103.81825844889191, 1.321568261759573 ], [ 103.818217473511325, 1.321446602832213 ], [ 103.818247498433408, 1.321454210224456 ], [ 103.818311610839544, 1.321540008416349 ], [ 103.818326010840337, 1.321529108416089 ], [ 103.818277618208739, 1.321464347156397 ], [ 103.818338903500617, 1.321496987499921 ], [ 103.818351432222215, 1.321473158359684 ], [ 103.818368234004026, 1.321484809522989 ], [ 103.818378434003563, 1.321469909522092 ], [ 103.818359898389929, 1.321457056036279 ], [ 103.818384621901885, 1.321410032876988 ], [ 103.81840410592838, 1.321415851266261 ], [ 103.818408229911014, 1.321401862064723 ], [ 103.818622876632617, 1.321383641460589 ], [ 103.818616876626592, 1.321312041460879 ], [ 103.818427699999972, 1.321328099999349 ], [ 103.818462862992277, 1.321261221344596 ], [ 103.818471908649826, 1.321258665737906 ], [ 103.818469239116951, 1.321249094201644 ], [ 103.81851649648722, 1.321159212497025 ], [ 103.81844292400001, 1.321120028035417 ], [ 103.818441060946739, 1.321090280123902 ], [ 103.818450904457606, 1.321097775530084 ], [ 103.818484358303536, 1.321127530868504 ], [ 103.818486611413121, 1.321124964827031 ], [ 103.818572000339813, 1.321189984784326 ], [ 103.818616200338582, 1.321131184780873 ], [ 103.818529205292421, 1.321064941835042 ], [ 103.818499040671057, 1.320966373726853 ], [ 103.818573234870328, 1.320859058003238 ], [ 103.818551285221574, 1.320843685858336 ], [ 103.818613317445809, 1.320826598072121 ], [ 103.818604303149399, 1.320793449588553 ], [ 103.818624446193368, 1.320776640091643 ], [ 103.818587554149858, 1.320731858097761 ], [ 103.818563199999701, 1.320642299999717 ], [ 103.81860212801449, 1.320616446888494 ], [ 103.81863782523213, 1.320603639029011 ], [ 103.818634903414861, 1.320595389839765 ], [ 103.818665678370834, 1.320581001662025 ], [ 103.818663290266556, 1.320575827436885 ], [ 103.818721659466505, 1.320537062921244 ], [ 103.81869978588395, 1.320503699567109 ], [ 103.81862637804943, 1.320282392598246 ], [ 103.818614805770338, 1.320286280959897 ], [ 103.81861480909771, 1.320286274813854 ], [ 103.81862637644555, 1.320282387763503 ], [ 103.818622781019968, 1.32027154938243 ], [ 103.818639307623869, 1.320241022069506 ], [ 103.818539061197839, 1.32018604716693 ], [ 103.818529418691355, 1.320154487704817 ], [ 103.81866175853564, 1.320165871947857 ], [ 103.818672458526592, 1.320039871946855 ], [ 103.818483300000338, 1.320023599999961 ], [ 103.818668513879771, 1.319981639188691 ], [ 103.818636757820769, 1.319839649501027 ], [ 103.818627867326427, 1.319721580538137 ], [ 103.818630159915756, 1.319645924930214 ], [ 103.818440399998821, 1.319640099999801 ], [ 103.818589838432871, 1.319522250810051 ], [ 103.818518838430961, 1.31943105081416 ], [ 103.818381876950312, 1.319539060506653 ], [ 103.818374523228258, 1.319533030733083 ], [ 103.818397904696909, 1.319460606324308 ], [ 103.818414745732326, 1.31947466036902 ], [ 103.818430667067744, 1.319455334113298 ], [ 103.818449760216154, 1.319457090361542 ], [ 103.818452304672832, 1.319429069111743 ], [ 103.818581681958236, 1.319272023311421 ], [ 103.818675513918961, 1.319159882667518 ], [ 103.818615478187922, 1.319108996653042 ], [ 103.818627711041202, 1.319095718713122 ], [ 103.818585577663768, 1.319056397738772 ], [ 103.818581599999959, 1.319029200000435 ], [ 103.818647357236316, 1.318931385112296 ], [ 103.818674097264704, 1.318925592141689 ], [ 103.81866858352754, 1.318899810678205 ], [ 103.818687988815483, 1.318870945015036 ], [ 103.818604500441054, 1.31881409042094 ], [ 103.818633987081057, 1.318795131007752 ], [ 103.818576987077705, 1.318705331012127 ], [ 103.818417000001162, 1.318808199999731 ], [ 103.818552399331537, 1.318674262739494 ], [ 103.818433104030177, 1.318552099789318 ], [ 103.818506209316496, 1.318521001828169 ], [ 103.818432300000239, 1.318345000000112 ], [ 103.818546452655383, 1.318497676654674 ], [ 103.818624352657693, 1.318438676651249 ], [ 103.818510200000404, 1.318286000000185 ], [ 103.818646861923639, 1.318418631907192 ], [ 103.818708561923245, 1.318354231904138 ], [ 103.818571899999299, 1.318221599999568 ], [ 103.818740109854446, 1.31831019061765 ], [ 103.818791009849917, 1.318212290614243 ], [ 103.818622800000384, 1.31812370000051 ], [ 103.818798778185922, 1.318195392541439 ], [ 103.818854278178449, 1.318057392537032 ], [ 103.81867830000003, 1.31798570000006 ], [ 103.818854307890376, 1.31805731861444 ], [ 103.818968307873305, 1.31777351860651 ], [ 103.818792299998535, 1.317701899999355 ], [ 103.818982133396261, 1.317704270379734 ], [ 103.818982933391155, 1.317639370380151 ], [ 103.818816238324217, 1.31763728892011 ], [ 103.818818314233397, 1.317635637784008 ], [ 103.81898267507772, 1.317626758072213 ], [ 103.818978675071449, 1.317551758072349 ], [ 103.818840665359517, 1.317559214146424 ], [ 103.818831833839425, 1.317547966479044 ], [ 103.818969583734486, 1.31750273028231 ], [ 103.818931783727407, 1.317386130284375 ], [ 103.818751300003569, 1.317445399998329 ], [ 103.818924599830453, 1.317367377973908 ], [ 103.818875841472448, 1.317257671694863 ], [ 103.818888006600773, 1.317252441246297 ], [ 103.819001483159852, 1.317213519526138 ], [ 103.819067833509649, 1.317387701797774 ], [ 103.81922601604154, 1.317326663925167 ], [ 103.819226414232872, 1.317327591449247 ], [ 103.819071385581339, 1.317396382422005 ], [ 103.819471143581652, 1.318308979506059 ], [ 103.819775589476279, 1.319151319698969 ], [ 103.819881828711942, 1.319112423369741 ], [ 103.819882357325739, 1.319113710112574 ], [ 103.819911946522623, 1.319101396629809 ], [ 103.819953999999498, 1.319086 ], [ 103.820029525751494, 1.319261305332242 ], [ 103.820133325757226, 1.319216005328665 ], [ 103.820060515305741, 1.319047002585447 ], [ 103.820061470518453, 1.319046652862819 ], [ 103.820157906771044, 1.319203053609718 ], [ 103.820220506773225, 1.319163953607945 ], [ 103.820132210094741, 1.319020753665222 ], [ 103.820132410514404, 1.319020680287954 ], [ 103.820129937285841, 1.319013837370755 ], [ 103.820237570763595, 1.31915194276376 ], [ 103.820264170764389, 1.319130942762601 ], [ 103.820160523324603, 1.318997951888724 ], [ 103.820162992251909, 1.318996924449587 ], [ 103.820280292419838, 1.319116661209975 ], [ 103.820306492419647, 1.319090661208365 ], [ 103.820199698693216, 1.318981649133778 ], [ 103.820210075336107, 1.318977330913717 ], [ 103.820335096421658, 1.319054397147982 ], [ 103.820350796420385, 1.319028597146979 ], [ 103.820226885426223, 1.318952215202367 ], [ 103.820223392862104, 1.318943713665154 ], [ 103.820363333514635, 1.319004219744603 ], [ 103.820377333512425, 1.318971419744166 ], [ 103.820203983863863, 1.318896468629946 ], [ 103.820203774073576, 1.318895957962154 ], [ 103.820392531717275, 1.318886879841376 ], [ 103.820390931714527, 1.318853179841268 ], [ 103.820201299999781, 1.318862300000319 ], [ 103.820348486393215, 1.318741614043787 ], [ 103.820298786392314, 1.318680214046647 ], [ 103.820161416198445, 1.318792851177424 ], [ 103.820158285031226, 1.31878522934556 ], [ 103.820184701770955, 1.318723304794794 ], [ 103.820207256562881, 1.318713923760169 ], [ 103.820198157443627, 1.318691762804326 ], [ 103.820226500336645, 1.318625323072663 ], [ 103.820190400338817, 1.318609723073953 ], [ 103.820177188638837, 1.318640693158161 ], [ 103.820135156552993, 1.318538323764547 ], [ 103.81998121446837, 1.318602351660441 ], [ 103.819981171970198, 1.318602234077434 ], [ 103.820134767300004, 1.318537382855164 ], [ 103.820014614279714, 1.318249115367467 ], [ 103.819869905761166, 1.317892526532439 ], [ 103.819692056480079, 1.317448902559869 ], [ 103.819536944752983, 1.317511894228939 ], [ 103.819536723005015, 1.317511388006877 ], [ 103.819690275476106, 1.317444611306327 ], [ 103.819398586434659, 1.316765167482398 ], [ 103.819263866216076, 1.316434336871151 ], [ 103.819103469295015, 1.316500501345329 ], [ 103.819102238304367, 1.31649784808339 ], [ 103.819248569355068, 1.316404535993684 ], [ 103.819098369346278, 1.316165936003849 ], [ 103.818949945208672, 1.316260582804709 ], [ 103.818948324838473, 1.316258408539884 ], [ 103.819076173609119, 1.316137164384678 ], [ 103.81898659114654, 1.316041475674994 ], [ 103.819527595088317, 1.315710876374656 ], [ 103.819566798288776, 1.315697020071026 ], [ 103.819603850186297, 1.315683973628787 ], [ 103.819741377646352, 1.315667537420415 ], [ 103.820023118996573, 1.315651473227192 ], [ 103.820094186628779, 1.31578970980911 ], [ 103.820262799999966, 1.315701900000415 ], [ 103.820105930056968, 1.315809521916011 ], [ 103.820276330048586, 1.31606112192618 ], [ 103.820433199996614, 1.315953500001912 ], [ 103.820286438136961, 1.31607470834108 ], [ 103.820404738133718, 1.316219808348436 ], [ 103.820551500002566, 1.316098599997911 ], [ 103.820414388589796, 1.316230761022626 ], [ 103.820587188588803, 1.316412361032037 ], [ 103.820724300000791, 1.316280200000675 ], [ 103.820587226632341, 1.316412401001534 ], [ 103.820919126630386, 1.316761001019751 ], [ 103.821056199910885, 1.316628800085927 ], [ 103.820919457224448, 1.316761347375889 ], [ 103.820930557224045, 1.316772947376037 ], [ 103.821204042761423, 1.316507852616164 ], [ 103.82119310839883, 1.316496425715232 ], [ 103.820861392139804, 1.316148018721668 ], [ 103.820693645209687, 1.31597172913451 ], [ 103.820585315964635, 1.315838858700937 ], [ 103.820426136897865, 1.315603826720584 ], [ 103.820409312605946, 1.315571101105001 ], [ 103.820469368572631, 1.315544667378888 ], [ 103.820468974132481, 1.315543759597293 ], [ 103.820480402656614, 1.315544585552218 ], [ 103.820482536738623, 1.31551467345139 ], [ 103.820493232739807, 1.315532062093437 ], [ 103.820526132741279, 1.315511562091833 ], [ 103.82048726666747, 1.315448376961059 ], [ 103.820500846328017, 1.315258039247573 ], [ 103.820547019954986, 1.315201712223246 ], [ 103.820507222726405, 1.315168665203295 ], [ 103.820507597341788, 1.315163414447678 ], [ 103.820500260934026, 1.315162884234985 ], [ 103.820450919956286, 1.315121912227982 ], [ 103.820443403817578, 1.315131081135362 ], [ 103.820437266710869, 1.315094760097291 ], [ 103.820432331656107, 1.31505863971774 ], [ 103.820589801876636, 1.314987874368786 ], [ 103.820434998133351, 1.314638925628202 ], [ 103.820230498144852, 1.314730825622704 ], [ 103.820307899997871, 1.314905299996793 ], [ 103.820212950927726, 1.314739837729225 ], [ 103.820168050929695, 1.314765937727127 ], [ 103.820263000000537, 1.314931399999976 ], [ 103.820104534408188, 1.314826172808938 ], [ 103.820079034406035, 1.314865072806794 ], [ 103.82023749999972, 1.314970300000346 ], [ 103.820086343637541, 1.314964211768134 ], [ 103.820061050740094, 1.31487236476668 ], [ 103.819772184023648, 1.314952945905683 ], [ 103.819688135570559, 1.314945549886049 ], [ 103.819657981771911, 1.315292666943188 ], [ 103.819638393805548, 1.315295007944015 ], [ 103.819609543732184, 1.315114288038808 ], [ 103.819234656263916, 1.31517491194701 ], [ 103.819273622297246, 1.315418999521989 ], [ 103.818714171553935, 1.315760871343205 ], [ 103.818741581945858, 1.315806309009897 ], [ 103.818738677897784, 1.315804285001182 ], [ 103.818712512314093, 1.315761897036685 ], [ 103.818694246996344, 1.315773318379886 ], [ 103.818094607980413, 1.315355393021074 ], [ 103.818154393362207, 1.315213042341349 ], [ 103.81831164738405, 1.314922805184058 ], [ 103.81836270000008, 1.314912599999707 ], [ 103.818266115809664, 1.315077100814931 ], [ 103.818315715811764, 1.315106600816356 ], [ 103.818412300000119, 1.314942099998311 ], [ 103.818384841457927, 1.315131167130628 ], [ 103.818485441465214, 1.315145967131725 ], [ 103.818512900000016, 1.31495690000004 ], [ 103.818606609694228, 1.315123076470848 ], [ 103.818681709697216, 1.315080176467756 ], [ 103.81859735318541, 1.314930586110454 ], [ 103.81860970509473, 1.31494632956284 ], [ 103.818632906809981, 1.314985339907056 ], [ 103.818660032331451, 1.314968997320932 ], [ 103.818658653359776, 1.314984957917497 ], [ 103.818697428338751, 1.314988351513619 ], [ 103.818745348853298, 1.315020911292355 ], [ 103.818756228683668, 1.31500469078202 ], [ 103.818734851409275, 1.315068161818114 ], [ 103.81878585141304, 1.315085561819864 ], [ 103.818787846288402, 1.315079638857075 ], [ 103.818851689463202, 1.31508180549782 ], [ 103.818852070154279, 1.315095602632065 ], [ 103.818948670161504, 1.315092902631943 ], [ 103.818948454578418, 1.315085089405631 ], [ 103.819153239975577, 1.315092039173034 ], [ 103.819158539963567, 1.314933839172455 ], [ 103.818968800000391, 1.314927400000311 ], [ 103.819102873354964, 1.314792118488501 ], [ 103.81907747335498, 1.314766618489442 ], [ 103.818943400000421, 1.314901899999907 ], [ 103.818940587494623, 1.314799968399005 ], [ 103.818958693177365, 1.314789060081776 ], [ 103.818939391044765, 1.314756606330103 ], [ 103.818938129839083, 1.314710897367575 ], [ 103.818909423197525, 1.314711699727733 ], [ 103.818885795372736, 1.314681584264014 ], [ 103.818845660486147, 1.314713481915064 ], [ 103.818841529846551, 1.314713597367457 ], [ 103.818841615367049, 1.314716696819205 ], [ 103.818736799999698, 1.314799999999772 ], [ 103.818753246632937, 1.314609642081545 ], [ 103.818691546638178, 1.314604242082376 ], [ 103.818675100000291, 1.314794600000151 ], [ 103.818534991581174, 1.3146656624311 ], [ 103.818508191581458, 1.31469516242948 ], [ 103.818542651449448, 1.314726874813404 ], [ 103.81850249958832, 1.3147250353257 ], [ 103.81849095116354, 1.314717188701214 ], [ 103.818486189277195, 1.314724288096327 ], [ 103.818420828723376, 1.314721293714683 ], [ 103.818437126404731, 1.314691213757526 ], [ 103.818439805346515, 1.31468777517838 ], [ 103.818532520175282, 1.314655166413398 ], [ 103.818511770439258, 1.314595403755251 ], [ 103.818890349523414, 1.314109475117197 ], [ 103.819079870496935, 1.314267530135389 ], [ 103.819322129488867, 1.313973269859158 ], [ 103.819133018412373, 1.313815556696886 ], [ 103.819159424882983, 1.313785353402693 ], [ 103.819376886124374, 1.313967176165018 ], [ 103.819498197717735, 1.313820202765304 ], [ 103.819376897862966, 1.313967185978345 ], [ 103.819414697864062, 1.313998785980118 ], [ 103.819535819948769, 1.313852018174894 ], [ 103.819535852127487, 1.313852045391023 ], [ 103.819437549315126, 1.314015176108095 ], [ 103.819577344196617, 1.314100510515378 ], [ 103.819346327017499, 1.314219647225794 ], [ 103.819519472993846, 1.314559752770623 ], [ 103.819709912881237, 1.314461541971563 ], [ 103.819769502351434, 1.314513235966247 ], [ 103.819799466432272, 1.314579883232819 ], [ 103.819830196186501, 1.31456588799609 ], [ 103.819832802851323, 1.314568149283701 ], [ 103.819837644312216, 1.314562495900379 ], [ 103.819861166436141, 1.314551783230868 ], [ 103.819856227033625, 1.314540796821028 ], [ 103.81986500285052, 1.314530549281957 ], [ 103.819843062664489, 1.314511516124545 ], [ 103.819799762442273, 1.314415206097472 ], [ 103.819806737051636, 1.314411609255623 ], [ 103.819892550818011, 1.314533683106462 ], [ 103.820055450823929, 1.314417683099178 ], [ 103.82003649409755, 1.31439071632716 ], [ 103.820057185765677, 1.314386276328435 ], [ 103.820052251980641, 1.314362984935179 ], [ 103.820123500000349, 1.31424899999937 ], [ 103.820062024024338, 1.314429781015021 ], [ 103.820100924026875, 1.31444318101596 ], [ 103.820162400000427, 1.314262400000244 ], [ 103.820198214343932, 1.314450045463542 ], [ 103.82039941435896, 1.31441114546102 ], [ 103.820363600000036, 1.314223500000421 ], [ 103.820490187217885, 1.314365899988912 ], [ 103.820530387219009, 1.314329699987106 ], [ 103.820403800000676, 1.314187300000619 ], [ 103.820575364466222, 1.314269114399892 ], [ 103.820639764459131, 1.314132314395523 ], [ 103.820296635551799, 1.313968685593138 ], [ 103.820258729841953, 1.314049205786854 ], [ 103.820186528724136, 1.314063165147934 ], [ 103.820158893597338, 1.314045667107662 ], [ 103.820142653908832, 1.314071647902879 ], [ 103.820126585661257, 1.3140747545362 ], [ 103.820129890110152, 1.314092067851328 ], [ 103.820097028159907, 1.3141446414906 ], [ 103.820081381586633, 1.314119338051278 ], [ 103.820074218698807, 1.314123824786852 ], [ 103.820074218699702, 1.314123824781426 ], [ 103.820081381584842, 1.314119338047661 ], [ 103.820076614618216, 1.31411162896991 ], [ 103.820094624790727, 1.31401995275688 ], [ 103.820054424793568, 1.314011952757424 ], [ 103.820044914283969, 1.314060363590055 ], [ 103.82004300715937, 1.314057279412328 ], [ 103.819948533268004, 1.313904321699235 ], [ 103.819799896260875, 1.313997318938771 ], [ 103.819796302715417, 1.313990260246165 ], [ 103.819885750661484, 1.313841823877857 ], [ 103.819816154273681, 1.313799340453708 ], [ 103.819832860873618, 1.313786422288446 ], [ 103.81960153914045, 1.313483377705879 ], [ 103.819492913372983, 1.313567371185148 ], [ 103.819331557977492, 1.313432459398952 ], [ 103.819698545851949, 1.312463420444187 ], [ 103.819781833240413, 1.312248327737405 ], [ 103.819792972051872, 1.312219698225664 ], [ 103.819798506617886, 1.312206500412426 ], [ 103.819623599797822, 1.312132199914207 ], [ 103.819798645916393, 1.312206167360992 ], [ 103.819805945914965, 1.312188667360673 ], [ 103.819455854095438, 1.3120407326268 ], [ 103.819448623460218, 1.312058066336421 ], [ 103.819442193392106, 1.312073399574998 ], [ 103.819617100000457, 1.3121477 ], [ 103.819440322685821, 1.312078028537117 ], [ 103.819428222683712, 1.312109128536519 ], [ 103.819605000000166, 1.312178800000263 ], [ 103.819428111012201, 1.31210941624505 ], [ 103.819344510999343, 1.312325316238317 ], [ 103.819521400032386, 1.312394700013063 ], [ 103.819344002246808, 1.312326644720048 ], [ 103.818941951078543, 1.313388268583423 ], [ 103.818925805771144, 1.313405422970988 ], [ 103.818885446039985, 1.31336737201508 ], [ 103.818832006209448, 1.313424790361399 ], [ 103.818821481249245, 1.313424914305502 ], [ 103.818492534694926, 1.313392436528474 ], [ 103.818472742591382, 1.313595500841695 ], [ 103.81836721079361, 1.313657746808116 ], [ 103.818468481432461, 1.313831670404338 ], [ 103.818026849011829, 1.314360681653332 ], [ 103.818080673716182, 1.314406199361975 ], [ 103.818072159490242, 1.314416720512713 ], [ 103.818014059193132, 1.31437787906335 ], [ 103.817925559188751, 1.314511979057393 ], [ 103.817989358356897, 1.314554630341179 ], [ 103.81797358875275, 1.314547049811065 ], [ 103.817965709718735, 1.31456365319936 ], [ 103.81791090614216, 1.314538549790771 ], [ 103.817685003403497, 1.315038124122055 ], [ 103.817596464588988, 1.31491486536823 ], [ 103.817504986687922, 1.314716177726898 ], [ 103.817467682108656, 1.314492870878129 ], [ 103.817460690056421, 1.31439761127999 ], [ 103.817604837078278, 1.314384160822416 ], [ 103.817565937046027, 1.31396186082425 ], [ 103.817376900000212, 1.31397949999987 ], [ 103.817340692809182, 1.313791930924729 ], [ 103.817229250703733, 1.313813722348796 ], [ 103.817216458831084, 1.313815491437312 ], [ 103.817192562461017, 1.313818587322966 ], [ 103.817215073447286, 1.313994600134218 ], [ 103.817187862951016, 1.313997139161061 ], [ 103.817188937833862, 1.314008808150059 ], [ 103.817052168211319, 1.31401897736292 ], [ 103.817089668172699, 1.31452987736502 ], [ 103.817279000003836, 1.314515799999757 ], [ 103.817091780123519, 1.314547482122075 ], [ 103.817134780105036, 1.314804882124719 ], [ 103.817322000000473, 1.314773200000357 ], [ 103.817149747455261, 1.314853536568083 ], [ 103.817232800479673, 1.315033925653482 ], [ 103.817216417985989, 1.315020227227862 ], [ 103.817095099999989, 1.315167200000485 ], [ 103.817168745257447, 1.314991086119711 ], [ 103.817065345263345, 1.314947286122844 ], [ 103.816996857791565, 1.315111065757664 ], [ 103.816994477992083, 1.315104105234296 ], [ 103.817018926113803, 1.314934298824987 ], [ 103.81690142996905, 1.314917162507902 ], [ 103.816894364460936, 1.314908739215906 ], [ 103.816886938542254, 1.314915048993964 ], [ 103.816851626126038, 1.314909898826126 ], [ 103.816845859115816, 1.314949954046244 ], [ 103.816835171833816, 1.314959034994628 ], [ 103.816831105437004, 1.314954559134857 ], [ 103.816805765989244, 1.314977879361765 ], [ 103.816799032995917, 1.314934115058248 ], [ 103.816835735683881, 1.314861876483305 ], [ 103.816791435686056, 1.314839076485167 ], [ 103.816758930407346, 1.314903053677475 ], [ 103.816732480212849, 1.314888434482112 ], [ 103.816747382138928, 1.314822945946628 ], [ 103.816660368749069, 1.314802888960899 ], [ 103.816602954754799, 1.314789532233439 ], [ 103.816588907668191, 1.31485069770997 ], [ 103.816555025488242, 1.314848153365813 ], [ 103.816548386293846, 1.314937713183135 ], [ 103.816503489427291, 1.314793347883697 ], [ 103.816426989432557, 1.314817447881301 ], [ 103.816443129638415, 1.314869346514332 ], [ 103.816424235432308, 1.31487532809673 ], [ 103.816451436163717, 1.314962363414868 ], [ 103.816359302583862, 1.314855458370237 ], [ 103.816296302585542, 1.314910458367086 ], [ 103.816321019290925, 1.314939137820084 ], [ 103.816318092909086, 1.314941313697756 ], [ 103.816355208697459, 1.314991879566379 ], [ 103.816306059289218, 1.314974055423958 ], [ 103.816265155937032, 1.314945246075936 ], [ 103.816232765662292, 1.314991830686371 ], [ 103.816240494403658, 1.314952566625867 ], [ 103.816207437209343, 1.314945975161277 ], [ 103.815974207903281, 1.314899357473583 ], [ 103.815997762600659, 1.314885553598904 ], [ 103.815915968056657, 1.314744168614443 ], [ 103.815857673011905, 1.314617943000097 ], [ 103.815853125967664, 1.314591498358899 ], [ 103.815877982834351, 1.314557529846809 ], [ 103.815942019588917, 1.314512260013849 ], [ 103.815832899989402, 1.314355899984982 ], [ 103.815945117009122, 1.314510023263217 ], [ 103.816048763123177, 1.314433578785355 ], [ 103.816169937941225, 1.314376309829143 ], [ 103.816175471398253, 1.314376366408283 ], [ 103.816175498496179, 1.314373681830922 ], [ 103.816209194129399, 1.314357756789853 ], [ 103.816176369399926, 1.314287401490128 ], [ 103.816177400000299, 1.314185299999682 ], [ 103.816233364739489, 1.314367885380363 ], [ 103.816280064742699, 1.314353385379214 ], [ 103.816224100000412, 1.31417080000043 ], [ 103.816332759720311, 1.314327484085758 ], [ 103.816372759721531, 1.314299384084529 ], [ 103.816264099999387, 1.314142699999089 ], [ 103.816415154569924, 1.314258442781879 ], [ 103.816444654568528, 1.314219442780437 ], [ 103.816293599999838, 1.314103700000323 ], [ 103.816472747998276, 1.314166940966424 ], [ 103.816485632796315, 1.314129967191787 ], [ 103.816513756746346, 1.314129556122683 ], [ 103.816512455185489, 1.314039351568387 ], [ 103.816527280642944, 1.313987535485929 ], [ 103.816571170066481, 1.31411972553541 ], [ 103.816649070071549, 1.31409352553344 ], [ 103.816588899999871, 1.313912299999975 ], [ 103.816701188471228, 1.31406637051733 ], [ 103.816767288473187, 1.314017570514222 ], [ 103.816654999999884, 1.313863500000676 ], [ 103.816825794849123, 1.31394692957558 ], [ 103.816988494831918, 1.313609529564371 ], [ 103.81681769999004, 1.313526099995229 ], [ 103.816991406952582, 1.313603198861749 ], [ 103.81703320694794, 1.313507798858908 ], [ 103.816859500001385, 1.313430700000746 ], [ 103.817048151236179, 1.313452118058128 ], [ 103.817059751228769, 1.313348618057193 ], [ 103.81687109999443, 1.313327199999865 ], [ 103.817060828832936, 1.313333959759037 ], [ 103.817065228823466, 1.313208859758278 ], [ 103.816875499999767, 1.31320210000046 ], [ 103.81695996486998, 1.313030976689196 ], [ 103.816878472441445, 1.312990230477105 ], [ 103.816826819208799, 1.31293813339544 ], [ 103.816788725308186, 1.312867362080159 ], [ 103.816770933427549, 1.312785469861294 ], [ 103.816785008949907, 1.312415001376131 ], [ 103.816595300000046, 1.3124077 ], [ 103.816785130874933, 1.312405163560543 ], [ 103.816779230841036, 1.311957863560146 ], [ 103.816589399999884, 1.311960400000499 ], [ 103.816768888937617, 1.311898146470148 ], [ 103.81662398891055, 1.311474946479685 ], [ 103.816444500000557, 1.311537200000133 ], [ 103.81660467455103, 1.31143462769323 ], [ 103.816367674536281, 1.311059727707846 ], [ 103.816207500000374, 1.311162299999982 ], [ 103.816367666745947, 1.311059715385824 ], [ 103.816319866743385, 1.310984115389196 ], [ 103.815999533243357, 1.311189284600084 ], [ 103.816047325450612, 1.311264872281548 ], [ 103.816047328846196, 1.311264877653497 ], [ 103.816272305972774, 1.311620759229966 ], [ 103.816399974026226, 1.311993631088052 ], [ 103.816405404222579, 1.312405315931876 ], [ 103.816390591022085, 1.312795198608129 ], [ 103.816580300002144, 1.312802500000234 ], [ 103.816394834577309, 1.312843317375179 ], [ 103.816423534568713, 1.312975417376418 ], [ 103.816609000001961, 1.312934599999494 ], [ 103.81644207437644, 1.313025617343773 ], [ 103.816506074370821, 1.313144517347682 ], [ 103.816672999999327, 1.31305350000107 ], [ 103.816538616181433, 1.313188469008908 ], [ 103.81663171618176, 1.313282369014363 ], [ 103.816684577538581, 1.313229277466607 ], [ 103.816681629682563, 1.313313090211207 ], [ 103.816674097732317, 1.313380293340002 ], [ 103.816645391699751, 1.313445809009975 ], [ 103.81650475741867, 1.313737450072518 ], [ 103.816500560252692, 1.313740548736545 ], [ 103.816478778560736, 1.313747874543062 ], [ 103.816460657630628, 1.313748139404262 ], [ 103.816440783448726, 1.313722912370435 ], [ 103.81641115338391, 1.313658237311995 ], [ 103.81640210661368, 1.313611624148555 ], [ 103.816460150902074, 1.313412755055712 ], [ 103.816278000001773, 1.313358900000814 ], [ 103.816467622692187, 1.313368199596987 ], [ 103.816473422683657, 1.313248399596537 ], [ 103.816283800000463, 1.313239100000012 ], [ 103.816468224787243, 1.313193756998821 ], [ 103.816439924779786, 1.3130771570011 ], [ 103.816255499999286, 1.313122500000336 ], [ 103.816419528369622, 1.313026294659899 ], [ 103.816359428365644, 1.312922494663741 ], [ 103.816195399999856, 1.313018700000348 ], [ 103.816311953899344, 1.312867872521642 ], [ 103.816203913819322, 1.31278329901285 ], [ 103.816137643678687, 1.312720513112084 ], [ 103.816102116329319, 1.312654351407905 ], [ 103.816097156315081, 1.312657049409846 ], [ 103.816097120766202, 1.31265685537635 ], [ 103.816102024885097, 1.312654181319789 ], [ 103.816093847570784, 1.312638989688368 ], [ 103.816074098263627, 1.312531194426576 ], [ 103.816064719424276, 1.312338834719711 ], [ 103.815875100000383, 1.312348200000403 ], [ 103.81605978037031, 1.312303923580952 ], [ 103.816008280355391, 1.312086323584548 ], [ 103.815823599998836, 1.312130600000452 ], [ 103.816002906912857, 1.312067817329291 ], [ 103.815955206904974, 1.31192981733275 ], [ 103.815775900000588, 1.311992600000657 ], [ 103.815946154026335, 1.311908058352152 ], [ 103.815906043678723, 1.311826233254582 ], [ 103.815808954098515, 1.311596037028347 ], [ 103.815634200001199, 1.311670699999162 ], [ 103.815796955543092, 1.311572329390949 ], [ 103.815771955540924, 1.311530429392251 ], [ 103.815609199999017, 1.311628800000694 ], [ 103.815735280386349, 1.31148594537534 ], [ 103.815720180386421, 1.311472445376499 ], [ 103.81563509677953, 1.311568848847833 ], [ 103.815635073144847, 1.311568743864492 ], [ 103.815719980559351, 1.311472266976491 ], [ 103.815698780559998, 1.311453366977352 ], [ 103.815598122071435, 1.311567741176333 ], [ 103.815592235178158, 1.311569083708926 ], [ 103.815591633665889, 1.311554176292072 ], [ 103.815599643742445, 1.311536122423121 ], [ 103.815622221867599, 1.311526320422171 ], [ 103.815618021866598, 1.311516520422607 ], [ 103.81560603106297, 1.311521726074581 ], [ 103.815650308772064, 1.311421928777329 ], [ 103.815605808774549, 1.3114019287785 ], [ 103.815587184288432, 1.311443906410662 ], [ 103.815586396444289, 1.311424381101134 ], [ 103.815545537311053, 1.311426051171736 ], [ 103.815550037653523, 1.311386568829793 ], [ 103.815501537657468, 1.311380968830141 ], [ 103.815496169001378, 1.311428069045437 ], [ 103.815479356499949, 1.311428756236543 ], [ 103.81547916889248, 1.311379725145646 ], [ 103.815427583320897, 1.311379925089811 ], [ 103.815294789818751, 1.311380425066091 ], [ 103.815295742333817, 1.311636700235633 ], [ 103.815262746062572, 1.311644225181082 ], [ 103.815267046060825, 1.3116633251817 ], [ 103.815294058630641, 1.311657164845632 ], [ 103.815269378122522, 1.311667879564665 ], [ 103.815271817804287, 1.311673572155561 ], [ 103.815271496949975, 1.311673752723204 ], [ 103.815273239251965, 1.311676888866349 ], [ 103.815273578122415, 1.311677679564791 ], [ 103.815273659017237, 1.311677644445282 ], [ 103.815277996949746, 1.311685452723385 ], [ 103.815295886116715, 1.311675385235949 ], [ 103.815295964918633, 1.311696587069676 ], [ 103.815290172271816, 1.311702084338549 ], [ 103.815296008505044, 1.311708314026398 ], [ 103.815296210180449, 1.311762574934237 ], [ 103.815429010191167, 1.311762074933791 ], [ 103.815428506296826, 1.311626503455949 ], [ 103.815428512366523, 1.31162650207141 ], [ 103.815429031104003, 1.311762074854358 ], [ 103.815457883799127, 1.311761963021999 ], [ 103.815459903545971, 1.311812018899506 ], [ 103.815487090588405, 1.311810907661338 ], [ 103.815558645877687, 1.31198056296572 ], [ 103.815733399993405, 1.311905900003435 ], [ 103.815563145967147, 1.311990441633661 ], [ 103.815600450993827, 1.3120665438996 ], [ 103.81564114193128, 1.312184266132867 ], [ 103.815686342879005, 1.312375251168402 ], [ 103.815695480558887, 1.312562665265912 ], [ 103.815885100000315, 1.312553300000069 ], [ 103.815698399959373, 1.312587949703957 ], [ 103.81572589994876, 1.31273804970585 ], [ 103.815848192801568, 1.312715353348569 ], [ 103.815857565376746, 1.312733408575795 ], [ 103.815745675105347, 1.312794418667732 ], [ 103.815768129260235, 1.31283613350419 ], [ 103.815818183654727, 1.312929348584065 ], [ 103.815928210859909, 1.31286949925964 ], [ 103.815938203390331, 1.312888748759609 ], [ 103.815855073739939, 1.312977630948029 ], [ 103.815950173739978, 1.313067730952873 ], [ 103.816080299998347, 1.312928600002518 ], [ 103.815963746084051, 1.313079427466444 ], [ 103.816049860244391, 1.313146837426038 ], [ 103.816077608911456, 1.313194762749558 ], [ 103.816092836200895, 1.313257501353406 ], [ 103.816089477542462, 1.313326874926537 ], [ 103.816024749090019, 1.31354864492531 ], [ 103.816206900001049, 1.313602499999715 ], [ 103.816020573836397, 1.313639132067519 ], [ 103.816042873828351, 1.313754032068873 ], [ 103.81622920000035, 1.313717400000442 ], [ 103.816056797379048, 1.313797409639679 ], [ 103.816105497373059, 1.313903709642488 ], [ 103.816163893426548, 1.313876608854446 ], [ 103.816149776723066, 1.313925947764509 ], [ 103.816129140813914, 1.313942416086695 ], [ 103.816140822362087, 1.313957243909937 ], [ 103.816128762281039, 1.313999394772832 ], [ 103.816128353983601, 1.314000566408785 ], [ 103.816121435268187, 1.314002714617579 ], [ 103.816123248586848, 1.314008630583127 ], [ 103.816115440293089, 1.314014115909421 ], [ 103.816118940732409, 1.314019163439758 ], [ 103.816113045444624, 1.314026957208991 ], [ 103.816117869158973, 1.314030653292187 ], [ 103.816114452010567, 1.314040459020476 ], [ 103.816129901910884, 1.314045912985496 ], [ 103.816128499999891, 1.314184799998837 ], [ 103.816047805882235, 1.314011843207816 ], [ 103.815870705891115, 1.314095543201952 ], [ 103.815951400000017, 1.314268500000295 ], [ 103.815839183001273, 1.314114376736655 ], [ 103.815722220554164, 1.314200642708029 ], [ 103.815634380427227, 1.314262739976692 ], [ 103.815743500000437, 1.314419100000618 ], [ 103.815590636797168, 1.314305788122876 ], [ 103.815525436794474, 1.314394888118897 ], [ 103.81567829999922, 1.314508199999703 ], [ 103.815513080862587, 1.314442197162153 ], [ 103.815513227907388, 1.314431962817499 ], [ 103.815494760060304, 1.314431694030637 ], [ 103.815508151389935, 1.314416320133929 ], [ 103.815493044598497, 1.314402990612821 ], [ 103.815536300364911, 1.314349172388068 ], [ 103.815461320770694, 1.31428812595085 ], [ 103.815466925049108, 1.314284053723975 ], [ 103.815446625047841, 1.314255753725986 ], [ 103.81543338042367, 1.314265377644029 ], [ 103.815397759233406, 1.314236375793348 ], [ 103.815397373820588, 1.314232155854156 ], [ 103.815567239993229, 1.314293959391246 ], [ 103.815595039988608, 1.314216559389964 ], [ 103.815416500000509, 1.314151599999983 ], [ 103.815606330557657, 1.314154170161918 ], [ 103.815607422567268, 1.314072467532417 ], [ 103.815611048662475, 1.313887276945608 ], [ 103.815663107150755, 1.313728135593749 ], [ 103.815757266327083, 1.313558754754196 ], [ 103.815845907453919, 1.313426174304033 ], [ 103.815530892560204, 1.313212825685536 ], [ 103.815437892554897, 1.31335192567971 ], [ 103.815595400003701, 1.313458600002012 ], [ 103.815429721435891, 1.313365303005509 ], [ 103.815328044431567, 1.313548207456513 ], [ 103.815182400001206, 1.313611499999242 ], [ 103.815329033221403, 1.313490134226935 ], [ 103.815302233220521, 1.313457334228416 ], [ 103.815155600000978, 1.313578699999181 ], [ 103.815260024461026, 1.31341912531326 ], [ 103.815224724462382, 1.313395725315089 ], [ 103.815120300000203, 1.313555300000444 ], [ 103.815171909584876, 1.313371419589291 ], [ 103.815131109587398, 1.31335981959024 ], [ 103.81507950000001, 1.313543700000523 ], [ 103.815075041961094, 1.313352676420705 ], [ 103.815032741964146, 1.313353676420807 ], [ 103.81503719999985, 1.31354469999975 ], [ 103.814970963455437, 1.31336563048092 ], [ 103.81492986345863, 1.313381030480412 ], [ 103.814996099999604, 1.313560099999376 ], [ 103.814884395557328, 1.31340560004694 ], [ 103.814848895557915, 1.313431600045344 ], [ 103.814941849783537, 1.313560166318597 ], [ 103.814934906842126, 1.313559425079738 ], [ 103.814923159683303, 1.313556308486049 ], [ 103.814811672757642, 1.313467597575475 ], [ 103.814784572756722, 1.313502097573578 ], [ 103.814907761579676, 1.313600119764213 ], [ 103.814906182204837, 1.313606150089491 ], [ 103.814765447652235, 1.313531707700557 ], [ 103.814708076084472, 1.313641577917182 ], [ 103.814652761575388, 1.313723369979309 ], [ 103.814549617214823, 1.313864779005558 ], [ 103.814412025824637, 1.313996610750313 ], [ 103.814377264230274, 1.313984968268864 ], [ 103.814355971578323, 1.314049368376962 ], [ 103.814201547470844, 1.314193114212738 ], [ 103.814123524488991, 1.314237037078169 ], [ 103.81419250717461, 1.31436116646583 ], [ 103.814033616106897, 1.314338591077331 ], [ 103.814028234251282, 1.31437696169185 ], [ 103.814009852603334, 1.314506732066855 ], [ 103.814197800000585, 1.314533700000353 ], [ 103.814008734098465, 1.314516376512928 ], [ 103.813992534084676, 1.31469547651148 ], [ 103.814181600000111, 1.314712800000313 ], [ 103.813992451209913, 1.314729181457645 ], [ 103.814003651200252, 1.314860181458623 ], [ 103.814192799999361, 1.314843800000599 ], [ 103.81401793178992, 1.314918192367282 ], [ 103.814068831782592, 1.315039392370003 ], [ 103.814243700000858, 1.314965 ], [ 103.814099992455198, 1.315089860512479 ], [ 103.814185592452858, 1.315189660517098 ], [ 103.81432930000193, 1.315064799996974 ], [ 103.814210616639656, 1.315213935905543 ], [ 103.814332850336413, 1.315312473252035 ], [ 103.814599110876557, 1.315536577539717 ], [ 103.814720900000069, 1.315390000000518 ], [ 103.814600981399991, 1.315538131579684 ], [ 103.81463983045164, 1.315569989801307 ], [ 103.814723679154739, 1.315638847677871 ], [ 103.814843699998903, 1.315490800002379 ], [ 103.814749676592058, 1.31565679687478 ], [ 103.814853376596389, 1.315716296878583 ], [ 103.814947400000506, 1.315550300000454 ], [ 103.814894773754332, 1.31573388829094 ], [ 103.814926417824438, 1.315743076944099 ], [ 103.814927888732555, 1.315744096773565 ], [ 103.814928738930931, 1.315745239298094 ], [ 103.814929932593628, 1.315748880270865 ], [ 103.814932186591648, 1.31586794013864 ], [ 103.815122000000201, 1.315864299999448 ], [ 103.814938497956589, 1.315913289490713 ], [ 103.814984697944666, 1.316088589493815 ], [ 103.815168200000301, 1.316039600000271 ], [ 103.814998398449475, 1.316125059056115 ], [ 103.815069098442237, 1.316267359060661 ], [ 103.815238900009376, 1.316181899994746 ], [ 103.815072442558815, 1.316273782203115 ], [ 103.815088999132172, 1.316304166152592 ], [ 103.815042193179906, 1.316321155608621 ], [ 103.815059561828789, 1.316369627452112 ], [ 103.8150533083585, 1.316370704527786 ], [ 103.815034284842341, 1.316324228650913 ], [ 103.815011335208339, 1.31633374435257 ], [ 103.814988924942284, 1.316296722293882 ], [ 103.814968978046593, 1.316308953341453 ], [ 103.814770745165518, 1.316384791735536 ], [ 103.814772916887918, 1.316390542067526 ], [ 103.81477289029705, 1.316390550691348 ], [ 103.814770718218796, 1.3163848020469 ], [ 103.814660290318486, 1.316427068001667 ], [ 103.814650571272949, 1.316430219986438 ], [ 103.814462152034835, 1.316276751058903 ], [ 103.814487291571908, 1.316275198660517 ], [ 103.814477891560102, 1.316120998660429 ], [ 103.814098908438126, 1.316144401324525 ], [ 103.814106237253355, 1.316264625221121 ], [ 103.814091551288271, 1.316313919492905 ], [ 103.814273400000673, 1.31636880000062 ], [ 103.814153838449243, 1.316517223691057 ], [ 103.814166338449027, 1.316527423691421 ], [ 103.814285900245537, 1.316378999694716 ], [ 103.814166470506422, 1.316527531351626 ], [ 103.814455970511673, 1.316763331364859 ], [ 103.814536609527991, 1.316663042708958 ], [ 103.814538061321343, 1.31666757738783 ], [ 103.814541691165999, 1.316678968923418 ], [ 103.814486664121461, 1.316783719685265 ], [ 103.814525564123301, 1.316804419686344 ], [ 103.814567382518462, 1.316724813217166 ], [ 103.814588991679358, 1.316717384946848 ], [ 103.814557909085792, 1.31681795251578 ], [ 103.814579309086852, 1.316824652516757 ], [ 103.814615252550368, 1.316708357625702 ], [ 103.814618001226449, 1.316707412752734 ], [ 103.814625383917758, 1.316713042898868 ], [ 103.814608169743849, 1.316831256562088 ], [ 103.814660369747145, 1.316838956562866 ], [ 103.814673375645171, 1.316749642079985 ], [ 103.814720130795195, 1.316785298226477 ], [ 103.814732132855127, 1.316835717632496 ], [ 103.814746232855668, 1.316832317632085 ], [ 103.814738347055851, 1.316799190207126 ], [ 103.814750123384528, 1.316808171004382 ], [ 103.814756483713566, 1.31682953859194 ], [ 103.814772005256259, 1.316824858431398 ], [ 103.81478621638216, 1.316835696038452 ], [ 103.814788280028921, 1.316832954892141 ], [ 103.814793162363927, 1.316849009835478 ], [ 103.814857350862241, 1.316829236598499 ], [ 103.815039285242094, 1.316774098634421 ], [ 103.815111924640519, 1.316976060007058 ], [ 103.815125205969679, 1.317045221848606 ], [ 103.815130925116733, 1.317183676677566 ], [ 103.815113113430073, 1.317495237905234 ], [ 103.815077157822302, 1.317792206693268 ], [ 103.814765859305524, 1.317840841227674 ], [ 103.81475503984494, 1.31784249826263 ], [ 103.814770538305496, 1.31794500773028 ], [ 103.814751220243878, 1.31785856837102 ], [ 103.814710059423746, 1.317867886685417 ], [ 103.814708262611347, 1.317863891573338 ], [ 103.814749931368624, 1.317853168953635 ], [ 103.814718647584158, 1.31773002012224 ], [ 103.814661856019271, 1.317497573312524 ], [ 103.814293143974197, 1.31758882667321 ], [ 103.814350143957896, 1.317822126677169 ], [ 103.814534499999922, 1.317776500000274 ], [ 103.81435056863269, 1.317823831030622 ], [ 103.814381385203262, 1.317945140736908 ], [ 103.814386770397036, 1.317969236996534 ], [ 103.814239399999892, 1.318052700000532 ], [ 103.81432919468449, 1.317884348034261 ], [ 103.814295694686194, 1.317866248034878 ], [ 103.814205900000033, 1.318034599999934 ], [ 103.814216692127587, 1.317843832719864 ], [ 103.814210293155611, 1.317843466016599 ], [ 103.814262857262804, 1.317265620993411 ], [ 103.814073799999946, 1.317248199999757 ], [ 103.814263591427434, 1.317243537085899 ], [ 103.81426229142302, 1.317189937086413 ], [ 103.814072499998673, 1.317194600000233 ], [ 103.814234921673602, 1.317095671393429 ], [ 103.814206721672377, 1.317048771395921 ], [ 103.814044299999438, 1.317147700000037 ], [ 103.814110157201725, 1.316968488777684 ], [ 103.813937157211726, 1.316904088782312 ], [ 103.813805442778317, 1.317262511215538 ], [ 103.813879353395492, 1.317290024765881 ], [ 103.813826841365724, 1.317867296313258 ], [ 103.813795440087219, 1.318095936748283 ], [ 103.813901532291879, 1.318110696498553 ], [ 103.813901611954122, 1.318110776525499 ], [ 103.813795418810997, 1.318096092138757 ], [ 103.813791118808297, 1.318127592138269 ], [ 103.813938660261627, 1.318147994167673 ], [ 103.81393868800329, 1.318148022035887 ], [ 103.813791103890594, 1.318127701655802 ], [ 103.813786903888627, 1.318158601655381 ], [ 103.813975000000539, 1.318184500000068 ], [ 103.814109369540276, 1.318319483675477 ], [ 103.814116510526091, 1.318312282904925 ], [ 103.814123985517952, 1.318334495829275 ], [ 103.814303800000289, 1.318273200000646 ], [ 103.814135047659278, 1.31836073928765 ], [ 103.814147747658353, 1.318385539287838 ], [ 103.814316500000601, 1.318298 ], [ 103.814208437886037, 1.318455102308494 ], [ 103.814223937886823, 1.318465902308934 ], [ 103.814332, 1.318308800000677 ], [ 103.814273021525565, 1.318490421925104 ], [ 103.814287866783829, 1.318495305233059 ], [ 103.814300412415051, 1.318499487110698 ], [ 103.814360100000329, 1.318318100000272 ], [ 103.814360099998709, 1.318509176259745 ], [ 103.814386300000848, 1.318509176259767 ], [ 103.814386300000479, 1.318318100000265 ], [ 103.814428136504091, 1.318504478978986 ], [ 103.814469036507603, 1.318495178978173 ], [ 103.814427200000196, 1.318308800000087 ], [ 103.814559368111659, 1.318445967689582 ], [ 103.81461366811142, 1.318392967686711 ], [ 103.814487710953671, 1.318262245898064 ], [ 103.814551007652696, 1.318302849312167 ], [ 103.81463903456698, 1.318362434196529 ], [ 103.81468782656728, 1.318289416315244 ], [ 103.814712399579946, 1.318274155613168 ], [ 103.814716032812115, 1.318271923769907 ], [ 103.814838189844963, 1.318216270118715 ], [ 103.81508212333101, 1.318178160104523 ], [ 103.815072706850515, 1.318242569746393 ], [ 103.815003446512733, 1.318524434669001 ], [ 103.814842227213418, 1.318864284524116 ], [ 103.814827946796171, 1.318891346791467 ], [ 103.814728462871074, 1.319079716330324 ], [ 103.814896099999942, 1.319169400000101 ], [ 103.814728443673246, 1.319079752691063 ], [ 103.814654543666748, 1.319219752686292 ], [ 103.814822196385165, 1.31930939806768 ], [ 103.814654535032446, 1.319219769044374 ], [ 103.814488043873666, 1.31953525225182 ], [ 103.814434908464662, 1.319635888956828 ], [ 103.814110565048153, 1.320201599524284 ], [ 103.814275000001516, 1.320297100001161 ], [ 103.814102244526069, 1.320217864111493 ], [ 103.81404854451921, 1.320336464107403 ], [ 103.814221300000142, 1.320415699999941 ], [ 103.814036613060296, 1.320371448851586 ], [ 103.814018613054955, 1.320447548849845 ], [ 103.814203300000059, 1.320491800000502 ], [ 103.81401356947093, 1.320485073236463 ], [ 103.814011469466593, 1.320545073236226 ], [ 103.814201200000255, 1.320551799999586 ], [ 103.814013936054806, 1.320583219883486 ], [ 103.814065865817128, 1.320896740694534 ], [ 103.813819738010693, 1.320932388062905 ], [ 103.813652817539406, 1.320955507795007 ], [ 103.813678700000352, 1.321144800000504 ], [ 103.813569964332757, 1.320988169099057 ], [ 103.813538964332935, 1.321009969097448 ], [ 103.813647700014755, 1.321166600021016 ], [ 103.813537379560543, 1.321011095724069 ], [ 103.813448879563254, 1.321074695720192 ], [ 103.813559199996675, 1.321230199996555 ], [ 103.813437716535248, 1.321083365521327 ], [ 103.813080568293458, 1.321382686897063 ], [ 103.813020122355809, 1.321432711118832 ], [ 103.813140699609932, 1.32158029952297 ], [ 103.813019971231725, 1.321432836318726 ], [ 103.812978371231935, 1.321467336316718 ], [ 103.813088234836684, 1.321601528789674 ], [ 103.812964553611323, 1.321651573470762 ], [ 103.812975972625324, 1.321680160859703 ], [ 103.812931176814203, 1.321703940238444 ], [ 103.812949860032617, 1.321739592623483 ], [ 103.81282522378018, 1.321788840634731 ], [ 103.812776413187976, 1.321802798603139 ] ], [ [ 103.813766530192751, 1.322254456265527 ], [ 103.813767800664351, 1.322262086096674 ], [ 103.81376778868767, 1.32226206891546 ], [ 103.81376652119647, 1.322254452320618 ], [ 103.813766530192751, 1.322254456265527 ] ], [ [ 103.813146041163961, 1.322224735414039 ], [ 103.813160961813466, 1.322221717658804 ], [ 103.813156540462259, 1.322228418554548 ], [ 103.81314751700954, 1.322230590897407 ], [ 103.813146041163961, 1.322224735414039 ] ], [ [ 103.813320400000094, 1.322246799999738 ], [ 103.813320400000094, 1.322246800000643 ], [ 103.813320399995604, 1.322246800000643 ], [ 103.813320400000094, 1.322246799999738 ] ], [ [ 103.813334493441928, 1.322317639558165 ], [ 103.813328300000521, 1.322313500000626 ], [ 103.813333544693577, 1.322312870752812 ], [ 103.813334493441928, 1.322317639558165 ] ], [ [ 103.814242860931031, 1.320926428678197 ], [ 103.814260790173861, 1.320923420437943 ], [ 103.814260821843547, 1.32092351119208 ], [ 103.81424347206125, 1.320927309650705 ], [ 103.814242860931031, 1.320926428678197 ] ], [ [ 103.814620149572093, 1.320824359389778 ], [ 103.8146277218503, 1.320821682684372 ], [ 103.814620221656838, 1.320800189596059 ], [ 103.814620269867376, 1.320784024604571 ], [ 103.814615879641224, 1.320784011341353 ], [ 103.814614155164747, 1.320758180919829 ], [ 103.81462998170899, 1.320558037190706 ], [ 103.814644429706831, 1.320484243004897 ], [ 103.814642347386567, 1.320508658191851 ], [ 103.814815701383253, 1.320523635081674 ], [ 103.814814178555636, 1.320527137452809 ], [ 103.814643062820053, 1.320548252998895 ], [ 103.814649762815847, 1.320603252999559 ], [ 103.814788528914832, 1.320586129374224 ], [ 103.81477685495156, 1.320612978462698 ], [ 103.814670742606637, 1.320670023354668 ], [ 103.814694942603964, 1.320715623356141 ], [ 103.814787842967903, 1.320665681088067 ], [ 103.814807811998193, 1.320674476295851 ], [ 103.814720556645383, 1.320752601854965 ], [ 103.814767712316012, 1.32080595170526 ], [ 103.814797586553411, 1.3208397979884 ], [ 103.814709348930421, 1.320984994519434 ], [ 103.814714486348294, 1.320965802115394 ], [ 103.814710450316781, 1.320964707729632 ], [ 103.814748937603966, 1.320810802686122 ], [ 103.814666037609982, 1.32078980268768 ], [ 103.814632321121721, 1.320924629987597 ], [ 103.81461985854051, 1.320921941718243 ], [ 103.814620149572093, 1.320824359389778 ] ], [ [ 103.814648931962225, 1.32046198148559 ], [ 103.814656592651886, 1.320445042113459 ], [ 103.814675764070458, 1.320415713358721 ], [ 103.814835500000257, 1.32047809999998 ], [ 103.814648931962225, 1.32046198148559 ] ], [ [ 103.814738706567624, 1.320346293577004 ], [ 103.814742952975251, 1.320341830623884 ], [ 103.814866999994294, 1.320396399997608 ], [ 103.814738706567624, 1.320346293577004 ] ], [ [ 103.815046395952294, 1.320219807863521 ], [ 103.815101241826881, 1.320215430302162 ], [ 103.815075061834534, 1.320258674277799 ], [ 103.815042572513391, 1.320252716252562 ], [ 103.815046395952294, 1.320219807863521 ] ], [ [ 103.8151072183867, 1.320205558249717 ], [ 103.815102525814623, 1.32014600257872 ], [ 103.815117392247018, 1.320161137143304 ], [ 103.815165024983401, 1.320113741010841 ], [ 103.815166080944806, 1.320153973271824 ], [ 103.815151811432656, 1.320174996445332 ], [ 103.815132784623515, 1.320163328070957 ], [ 103.8151072183867, 1.320205558249717 ] ], [ [ 103.815201999588965, 1.320101054582536 ], [ 103.815177109682992, 1.320101716337699 ], [ 103.815252400000503, 1.320026799999949 ], [ 103.815201999588965, 1.320101054582536 ] ], [ [ 103.815290609000073, 1.320213078455945 ], [ 103.81530591563795, 1.32021267149236 ], [ 103.815299457922052, 1.320228046266732 ], [ 103.815290609000073, 1.320213078455945 ] ], [ [ 103.816259281780532, 1.319461088197633 ], [ 103.81626189999983, 1.319458600000253 ], [ 103.816258708485179, 1.319463515238817 ], [ 103.816259281780532, 1.319461088197633 ] ], [ [ 103.816384535545865, 1.319311001822735 ], [ 103.816346836753794, 1.319270818177619 ], [ 103.816208799997568, 1.319402000003024 ], [ 103.816336950217931, 1.319261023063961 ], [ 103.816292750217997, 1.319220323066138 ], [ 103.816164599999965, 1.319361299999334 ], [ 103.816195786114449, 1.319172819392535 ], [ 103.81615392161342, 1.319165802555648 ], [ 103.816153542562517, 1.319157610855337 ], [ 103.815963899999659, 1.319166499999979 ], [ 103.816147291621064, 1.319117092530223 ], [ 103.816137291618759, 1.3190794925311 ], [ 103.815953899993644, 1.319128900001971 ], [ 103.816133511524171, 1.319067004159045 ], [ 103.816086325767387, 1.318928301574537 ], [ 103.816086300738206, 1.318927652644813 ], [ 103.816151307826146, 1.319022724274691 ], [ 103.816307699999626, 1.318914399999896 ], [ 103.816180082091634, 1.319055865214531 ], [ 103.816564182095377, 1.319406865233835 ], [ 103.816614739344033, 1.319350822214456 ], [ 103.816617197799332, 1.319353061815008 ], [ 103.81656829958429, 1.319410519985502 ], [ 103.816600199583903, 1.319438019987232 ], [ 103.816648349867094, 1.319381440678038 ], [ 103.816648547428699, 1.319381620652454 ], [ 103.816600531470229, 1.319438305430467 ], [ 103.816615953034926, 1.319451538129231 ], [ 103.816648514795958, 1.319479540144002 ], [ 103.816648123412435, 1.319480000375231 ], [ 103.816638856991787, 1.319477277540293 ], [ 103.81660559093568, 1.319456861549945 ], [ 103.816498324790231, 1.319389832045355 ], [ 103.816439774385415, 1.319347550749521 ], [ 103.816329099994775, 1.319502800007293 ], [ 103.816432956899277, 1.319342850390794 ], [ 103.816384535545865, 1.319311001822735 ] ], [ [ 103.816086277024269, 1.318927037814167 ], [ 103.816083885769714, 1.318865040281639 ], [ 103.816084052926243, 1.318863627744844 ], [ 103.816146615548149, 1.318885244633735 ], [ 103.816086277024269, 1.318927037814167 ] ], [ [ 103.816202440185975, 1.318846577970923 ], [ 103.816212292227107, 1.31881769452221 ], [ 103.816242399998799, 1.318818899999779 ], [ 103.816202440185975, 1.318846577970923 ] ], [ [ 103.816435224841641, 1.318747387098265 ], [ 103.816446874419597, 1.318705047234277 ], [ 103.816548749431846, 1.318524754922048 ], [ 103.816552759334172, 1.318525421580836 ], [ 103.816554555002796, 1.31851448056802 ], [ 103.816595113126581, 1.318442703212702 ], [ 103.816604191225878, 1.318526859988294 ], [ 103.81663439122832, 1.318523559987629 ], [ 103.816620770922569, 1.318397295569041 ], [ 103.816627417025899, 1.318385533689 ], [ 103.816635726704334, 1.318373429417769 ], [ 103.816705589088954, 1.318500914439776 ], [ 103.816730989090189, 1.318486814438927 ], [ 103.816654833624597, 1.318347845791093 ], [ 103.816661728254061, 1.318338701625897 ], [ 103.816783907559639, 1.31844330366592 ], [ 103.816948207556692, 1.318248903656711 ], [ 103.816824805143227, 1.318143254476215 ], [ 103.816840084075238, 1.318132564960086 ], [ 103.816989642551633, 1.318163165922865 ], [ 103.816995742548755, 1.318132965922549 ], [ 103.816873979674497, 1.318108052182488 ], [ 103.816918220646841, 1.318075720834729 ], [ 103.816996687112976, 1.31806185322794 ], [ 103.816992587111386, 1.31803835322795 ], [ 103.816971372179694, 1.318042102605267 ], [ 103.817079031736071, 1.317995586465927 ], [ 103.817114089569216, 1.317985308217424 ], [ 103.817132231873842, 1.317993423152199 ], [ 103.817040864525069, 1.318101790492968 ], [ 103.817366364529704, 1.318379790509582 ], [ 103.817478952214159, 1.31824625451232 ], [ 103.817684331785941, 1.318439952091199 ], [ 103.817697705453995, 1.318425587780553 ], [ 103.817716119802824, 1.318405886406418 ], [ 103.817895178219757, 1.318546425798211 ], [ 103.818244069031792, 1.318903703434802 ], [ 103.818217499999889, 1.318934500000273 ], [ 103.818074864903494, 1.318808399698243 ], [ 103.817997364903093, 1.318897199693012 ], [ 103.8181405048051, 1.319023746285682 ], [ 103.818093028345316, 1.31907877695767 ], [ 103.818162816338543, 1.319139766467865 ], [ 103.81817870493353, 1.319153656498194 ], [ 103.818225766798065, 1.319099124382 ], [ 103.818225802977167, 1.319099156366885 ], [ 103.818178763393888, 1.319153707583398 ], [ 103.818182922117671, 1.319157340203761 ], [ 103.818169150221166, 1.319174057343882 ], [ 103.818131763444967, 1.319179471274971 ], [ 103.818136632195873, 1.319213529636233 ], [ 103.818122454281522, 1.319230739622465 ], [ 103.818141346145595, 1.319246505113934 ], [ 103.818150970452379, 1.319313829992093 ], [ 103.8181332790396, 1.319335219628055 ], [ 103.818113514232678, 1.319319013231693 ], [ 103.818109429892019, 1.319324059018568 ], [ 103.818017433279422, 1.319241061025811 ], [ 103.817994717740959, 1.319266566190518 ], [ 103.817953902079026, 1.319312271745835 ], [ 103.818049189795858, 1.319398469432262 ], [ 103.81804918044277, 1.319398480974609 ], [ 103.817953871694286, 1.3193123057796 ], [ 103.817918971694056, 1.319351405776987 ], [ 103.818011156836661, 1.31943475670552 ], [ 103.818011071790281, 1.319434796223919 ], [ 103.817918806318929, 1.319351591297316 ], [ 103.817911506318907, 1.319359791296814 ], [ 103.818000253305115, 1.319439823256651 ], [ 103.81798152520166, 1.319448525656764 ], [ 103.817951628646057, 1.319462331706654 ], [ 103.817958766262635, 1.319477988604389 ], [ 103.81786396215729, 1.319468610894901 ], [ 103.81785642587225, 1.319545787975799 ], [ 103.817692680769412, 1.319730970908884 ], [ 103.817769877353427, 1.319800116765935 ], [ 103.817769861334952, 1.319800112502659 ], [ 103.817692669852832, 1.319730983257009 ], [ 103.817665454408626, 1.319761767158198 ], [ 103.817532994866653, 1.319684061158511 ], [ 103.817612590527844, 1.319591564926027 ], [ 103.817559682113966, 1.319545444762195 ], [ 103.817548005020498, 1.319535239572232 ], [ 103.817536736388831, 1.319525354807542 ], [ 103.817517086249083, 1.319548046728706 ], [ 103.817516780894962, 1.319547780190601 ], [ 103.817536374305845, 1.319525038000873 ], [ 103.817486874306582, 1.319481838003623 ], [ 103.817467262240598, 1.319504601846951 ], [ 103.817467011142554, 1.319504382901377 ], [ 103.817388594537093, 1.319595482530138 ], [ 103.817232580758784, 1.319472486208835 ], [ 103.817183709369019, 1.319433943803249 ], [ 103.817038703864199, 1.319312436831257 ], [ 103.817004443346931, 1.319282973951273 ], [ 103.817047199835869, 1.319230851244036 ], [ 103.816754400177842, 1.318987548747466 ], [ 103.816718312302427, 1.319031542012585 ], [ 103.816451613845757, 1.318787826421627 ], [ 103.816434609402179, 1.318762957751472 ], [ 103.816435224841641, 1.318747387098265 ] ], [ [ 103.816826321537221, 1.318098300911522 ], [ 103.816822420031826, 1.318092651952682 ], [ 103.816825740707017, 1.31809206508017 ], [ 103.816830917945907, 1.318099241377394 ], [ 103.816826321537221, 1.318098300911522 ] ], [ [ 103.818022560934452, 1.317574428401337 ], [ 103.818029800003487, 1.317570199997865 ], [ 103.818022683308953, 1.317575031478561 ], [ 103.818022560934452, 1.317574428401337 ] ], [ [ 103.818190778087271, 1.317468703645368 ], [ 103.818186068752496, 1.317460536556297 ], [ 103.818236599999906, 1.317286500000145 ], [ 103.81823708490046, 1.317477575641304 ], [ 103.818268873866955, 1.317477493922096 ], [ 103.818268734190951, 1.317479257625837 ], [ 103.818264735879737, 1.317513518989418 ], [ 103.818262672415045, 1.31752192984931 ], [ 103.818244413218252, 1.317520712570001 ], [ 103.818226134909281, 1.317514426685643 ], [ 103.818213279129935, 1.317502277566972 ], [ 103.818190778087271, 1.317468703645368 ] ], [ [ 103.818223416391461, 1.317179938371182 ], [ 103.818121514444414, 1.317355495874694 ], [ 103.818102314464724, 1.317327680521667 ], [ 103.817946399999798, 1.317436700000243 ], [ 103.817954145621158, 1.317388111853254 ], [ 103.81795770364235, 1.317374139920006 ], [ 103.81795642550027, 1.317373810209659 ], [ 103.817961690402001, 1.317340783573549 ], [ 103.81796312366501, 1.317340891005591 ], [ 103.81796438010349, 1.317323911123144 ], [ 103.817976475539965, 1.317248036653127 ], [ 103.817970071016276, 1.317247002429926 ], [ 103.817977123650834, 1.317151691004353 ], [ 103.817787799997618, 1.317137500000054 ], [ 103.817975514423381, 1.31710893427804 ], [ 103.817958914415357, 1.316998434279411 ], [ 103.817771200000379, 1.317027000000288 ], [ 103.817944281505476, 1.316948488653158 ], [ 103.817890780939294, 1.316829013313427 ], [ 103.817857454903049, 1.31672457354614 ], [ 103.81783757699209, 1.316730998798865 ], [ 103.817898181088168, 1.316536194242204 ], [ 103.817987235014456, 1.316648248270528 ], [ 103.818047949600526, 1.316763878378499 ], [ 103.818095871371398, 1.316738389147037 ], [ 103.818098676200137, 1.316743980231425 ], [ 103.818052186694345, 1.316771519061414 ], [ 103.818102886690653, 1.316858219064401 ], [ 103.818221018902278, 1.316788241486575 ], [ 103.818224745151539, 1.31679514229813 ], [ 103.81815162692557, 1.316845705669953 ], [ 103.818177226924931, 1.316883205671344 ], [ 103.818178273853533, 1.316882481689534 ], [ 103.81815428802706, 1.31691542705665 ], [ 103.818162288027267, 1.31692132705673 ], [ 103.818203036513367, 1.316865357593187 ], [ 103.81824644897965, 1.316835336614294 ], [ 103.818253517679267, 1.316848427465864 ], [ 103.818226730084007, 1.316952128499845 ], [ 103.818297430088393, 1.316970628501144 ], [ 103.818307150653609, 1.316932997920869 ], [ 103.818326599069181, 1.316967608428399 ], [ 103.818325764275443, 1.31697577232289 ], [ 103.818331521651288, 1.316976368682252 ], [ 103.81836911402938, 1.317043268282502 ], [ 103.818407748464637, 1.317135071079321 ], [ 103.818402023755993, 1.317143252105577 ], [ 103.818349835968419, 1.317036577537915 ], [ 103.818191635977485, 1.31711497753245 ], [ 103.818223416391461, 1.317179938371182 ] ], [ [ 103.818775260687104, 1.316968493167275 ], [ 103.81877950000009, 1.316957099999988 ], [ 103.818788004528301, 1.316998517945966 ], [ 103.818775260687104, 1.316968493167275 ] ], [ [ 103.818293985133806, 1.317324184580228 ], [ 103.818289937210551, 1.31733702894917 ], [ 103.818302181191967, 1.317340937751735 ], [ 103.818307997714626, 1.317352827027706 ], [ 103.818286983030163, 1.317347412439122 ], [ 103.818279683028337, 1.317376112439342 ], [ 103.81832511649435, 1.317387818708016 ], [ 103.818337628664693, 1.317413394236803 ], [ 103.818275809695081, 1.317408434948126 ], [ 103.818275499999814, 1.317286399999025 ], [ 103.818293985133806, 1.317324184580228 ] ], [ [ 103.818509805982231, 1.317502180081642 ], [ 103.81857073157326, 1.317507067694611 ], [ 103.818572746009451, 1.317511600176935 ], [ 103.81851756323681, 1.317505076740206 ], [ 103.818509805982231, 1.317502180081642 ] ], [ [ 103.817491742156932, 1.318231084843327 ], [ 103.817491858914693, 1.318230946362335 ], [ 103.817559300000539, 1.3182948 ], [ 103.817491742156932, 1.318231084843327 ] ], [ [ 103.818299966798449, 1.317907608039027 ], [ 103.818322311321552, 1.317901549712912 ], [ 103.818322569479605, 1.317902944427437 ], [ 103.8183362485277, 1.317900379605622 ], [ 103.818320683404934, 1.31790521095456 ], [ 103.818326838153936, 1.317925297065329 ], [ 103.81829348887301, 1.317922745173654 ], [ 103.818300491280468, 1.317907857938964 ], [ 103.818299966798449, 1.317907608039027 ] ], [ [ 103.818374333031898, 1.317887444934699 ], [ 103.818402690354588, 1.317879756341522 ], [ 103.818374527922302, 1.317888497842411 ], [ 103.818374333031898, 1.317887444934699 ] ], [ [ 103.81843796727776, 1.31786880653139 ], [ 103.8184311129218, 1.317843197904027 ], [ 103.818425222290102, 1.317844795046151 ], [ 103.818423268431275, 1.317839705618354 ], [ 103.818473142122812, 1.317845522549286 ], [ 103.818476918599671, 1.31785091923683 ], [ 103.818482922549919, 1.317846663272256 ], [ 103.818502100000657, 1.317848900000377 ], [ 103.81843796727776, 1.31786880653139 ] ], [ [ 103.818507958347723, 1.317899975451247 ], [ 103.818503278701527, 1.317911625304747 ], [ 103.81841052800938, 1.31800985066149 ], [ 103.818406350988056, 1.317996275346181 ], [ 103.818399447056279, 1.317998427208545 ], [ 103.818410339736715, 1.31798254298474 ], [ 103.818373299888677, 1.317956813014612 ], [ 103.818442201702268, 1.317962085387627 ], [ 103.818444301700154, 1.317934285387617 ], [ 103.818406693589353, 1.317931407612078 ], [ 103.818507958347723, 1.317899975451247 ] ], [ [ 103.818433495175569, 1.317421084909384 ], [ 103.818440586793301, 1.317417570478893 ], [ 103.81846359999723, 1.3174234999999 ], [ 103.818433495175569, 1.317421084909384 ] ], [ [ 103.818487647163295, 1.31755192585561 ], [ 103.818524942263949, 1.317565852323213 ], [ 103.8184518999972, 1.317547699999909 ], [ 103.818487647163295, 1.31755192585561 ] ], [ [ 103.818455235193071, 1.317628101588317 ], [ 103.818565199998531, 1.31770939999885 ], [ 103.818475549176299, 1.317652812497513 ], [ 103.818433499999884, 1.317622699999583 ], [ 103.818455235193071, 1.317628101588317 ] ], [ [ 103.818285485810279, 1.317750263475924 ], [ 103.81828780000022, 1.317715100000218 ], [ 103.818292535647842, 1.317740684654874 ], [ 103.818285485810279, 1.317750263475924 ] ], [ [ 103.818342237903309, 1.317714048882686 ], [ 103.818340600000553, 1.31770520000025 ], [ 103.818344702552906, 1.317715886366701 ], [ 103.818342237903309, 1.317714048882686 ] ], [ [ 103.818454916062606, 1.317768809075884 ], [ 103.818507500000024, 1.317801999999758 ], [ 103.818475533265499, 1.317798271616395 ], [ 103.818454916062606, 1.317768809075884 ] ], [ [ 103.818391408721311, 1.317728723309332 ], [ 103.818436925994348, 1.317793768724631 ], [ 103.81840416615249, 1.31778994783716 ], [ 103.818402944908996, 1.317786766732588 ], [ 103.818404812704671, 1.317785488989658 ], [ 103.818399347602039, 1.317777396434174 ], [ 103.818377224632172, 1.317719770326616 ], [ 103.818391408721311, 1.317728723309332 ] ], [ [ 103.818368099927397, 1.317776832056672 ], [ 103.81835697343017, 1.317784443595198 ], [ 103.818355230134017, 1.317784240269009 ], [ 103.818343160713539, 1.317719034426271 ], [ 103.818344968253982, 1.317716578468624 ], [ 103.818368099927397, 1.317776832056672 ] ], [ [ 103.818299507023667, 1.317778347977473 ], [ 103.818306967255978, 1.317818652380574 ], [ 103.818279760065039, 1.317837264580411 ], [ 103.818280723399027, 1.317822626988734 ], [ 103.818295704876547, 1.317802475843243 ], [ 103.818286726064002, 1.317795713842491 ], [ 103.818299507023667, 1.317778347977473 ] ], [ [ 103.818390782844475, 1.317835916718825 ], [ 103.818397116764814, 1.317852415368818 ], [ 103.818369247786094, 1.317859971556861 ], [ 103.818364221890491, 1.317832818827278 ], [ 103.818390782844475, 1.317835916718825 ] ], [ [ 103.818312515756631, 1.317848628522671 ], [ 103.818317226075408, 1.317874076334073 ], [ 103.818276612697957, 1.31788508794143 ], [ 103.818277432680219, 1.317872628545494 ], [ 103.818312515756631, 1.317848628522671 ] ], [ [ 103.818280794104922, 1.317949734461061 ], [ 103.818351753350896, 1.317955164270951 ], [ 103.818332691097396, 1.317982961753464 ], [ 103.818276813238796, 1.317958197850142 ], [ 103.818280794104922, 1.317949734461061 ] ], [ [ 103.817586757933896, 1.318283285573737 ], [ 103.817589582989939, 1.318285959980624 ], [ 103.817589582298936, 1.318285960873228 ], [ 103.817586757395659, 1.318283286237538 ], [ 103.817586757933896, 1.318283285573737 ] ], [ [ 103.818256150255607, 1.318002127693503 ], [ 103.818310601777981, 1.318015173444774 ], [ 103.81830483746738, 1.318023579236747 ], [ 103.818255007878477, 1.318004556404813 ], [ 103.818256150255607, 1.318002127693503 ] ], [ [ 103.818450296499122, 1.318043367714489 ], [ 103.818416323822547, 1.31810871004655 ], [ 103.818403277811612, 1.318122326952813 ], [ 103.818329499999805, 1.318158200000292 ], [ 103.818396040554575, 1.318089052471691 ], [ 103.818403407824732, 1.318091864983466 ], [ 103.818409892682922, 1.318074657634049 ], [ 103.818418014974824, 1.318066217120303 ], [ 103.818418315279786, 1.31806650436822 ], [ 103.818448512591033, 1.318034524644519 ], [ 103.818457687377688, 1.318024990400178 ], [ 103.818450296499122, 1.318043367714489 ] ], [ [ 103.8184024395633, 1.31805843653139 ], [ 103.818400748383837, 1.318060193968472 ], [ 103.818395573522125, 1.318058218425033 ], [ 103.8184024395633, 1.31805843653139 ] ], [ [ 103.818302500000485, 1.318139799999745 ], [ 103.818290777879298, 1.318166167895969 ], [ 103.81828872370258, 1.318159889247863 ], [ 103.818302500000485, 1.318139799999745 ] ], [ [ 103.818350852420409, 1.318071801553343 ], [ 103.818379174053163, 1.318082613554949 ], [ 103.818317599999872, 1.318146600001004 ], [ 103.818350852420409, 1.318071801553343 ] ], [ [ 103.818355405185656, 1.318164104961959 ], [ 103.818344394602633, 1.318172444170964 ], [ 103.818336699999222, 1.31817320000045 ], [ 103.818355405185656, 1.318164104961959 ] ], [ [ 103.818319722368301, 1.318427610638154 ], [ 103.818328360169502, 1.318424747936954 ], [ 103.818343161885409, 1.318459995583281 ], [ 103.818320889331702, 1.318437187632522 ], [ 103.818319722368301, 1.318427610638154 ] ], [ [ 103.818579820696542, 1.318829959080543 ], [ 103.818557349612234, 1.318863385160482 ], [ 103.818554812709536, 1.31884603879403 ], [ 103.818579820696542, 1.318829959080543 ] ], [ [ 103.818506906161929, 1.318876841894828 ], [ 103.818508894933117, 1.318890440350322 ], [ 103.818473999999242, 1.318897999999835 ], [ 103.818506906161929, 1.318876841894828 ] ], [ [ 103.818298002420093, 1.318983094663414 ], [ 103.818298003120944, 1.318983097942645 ], [ 103.818287300000392, 1.318995500000431 ], [ 103.818298002420093, 1.318983094663414 ] ], [ [ 103.818302776601683, 1.319009891009302 ], [ 103.818302776403996, 1.319009890834759 ], [ 103.818303199526866, 1.319009400548705 ], [ 103.818302776601683, 1.319009891009302 ] ], [ [ 103.818289613151265, 1.31944235952436 ], [ 103.818303977445325, 1.319443680798918 ], [ 103.818295935257979, 1.319468591577765 ], [ 103.818287121566485, 1.31946136468488 ], [ 103.818289613151265, 1.31944235952436 ] ], [ [ 103.8181896549318, 1.31962044595199 ], [ 103.818183383392977, 1.319668283593731 ], [ 103.818156278058822, 1.319609194108324 ], [ 103.818178641870801, 1.319611406259917 ], [ 103.8181896549318, 1.31962044595199 ] ], [ [ 103.817981580589063, 1.319591913622193 ], [ 103.818012077250685, 1.319594930249981 ], [ 103.818021000512118, 1.319614504092028 ], [ 103.818013441978778, 1.319620452225897 ], [ 103.817981580589063, 1.319591913622193 ] ], [ [ 103.818060900000091, 1.31962210000061 ], [ 103.818092716102726, 1.319691458944509 ], [ 103.818092383209006, 1.319691160767108 ], [ 103.818060900000091, 1.31962210000061 ] ], [ [ 103.818110872613872, 1.319832859705338 ], [ 103.818146179139575, 1.319792930771839 ], [ 103.818223978115071, 1.319756779870449 ], [ 103.818198616136542, 1.319701490894479 ], [ 103.81823739727372, 1.319706641111072 ], [ 103.818248338739281, 1.319710219299237 ], [ 103.818248040079396, 1.319720075054996 ], [ 103.818261805165747, 1.319720497593912 ], [ 103.818275640325595, 1.319738268955958 ], [ 103.818248494704577, 1.319740339524978 ], [ 103.818257093985437, 1.31985454130833 ], [ 103.818207437849253, 1.319828269056949 ], [ 103.818144788965057, 1.319948216115022 ], [ 103.818116144091519, 1.319938284497686 ], [ 103.818110872613872, 1.319832859705338 ] ], [ [ 103.818335580310929, 1.319722762226222 ], [ 103.818437799999984, 1.319725900000237 ], [ 103.818320229818838, 1.319734867830436 ], [ 103.818335580310929, 1.319722762226222 ] ], [ [ 103.818448499999363, 1.319868000000206 ], [ 103.818332291931341, 1.31989432731075 ], [ 103.818303444011491, 1.319879064349109 ], [ 103.818448499999363, 1.319868000000206 ] ], [ [ 103.816739199970002, 1.319306200035606 ], [ 103.816739199999631, 1.319306199999432 ], [ 103.816739200000541, 1.319306200000336 ], [ 103.816739199970002, 1.319306200035606 ] ], [ [ 103.816190472774068, 1.319554246863658 ], [ 103.816176261269177, 1.319555987820701 ], [ 103.81617517681957, 1.319541016481935 ], [ 103.816198930117096, 1.319518442780592 ], [ 103.816190472774068, 1.319554246863658 ] ], [ [ 103.815950857897292, 1.319624983199072 ], [ 103.815951756054915, 1.319625741021337 ], [ 103.815951709584112, 1.31962579793358 ], [ 103.815950857897292, 1.319624983199072 ] ], [ [ 103.815684860559927, 1.319901397713116 ], [ 103.815680439102508, 1.319901132236957 ], [ 103.815668100000437, 1.319886500000487 ], [ 103.815684860559927, 1.319901397713116 ] ], [ [ 103.815728198617663, 1.320124017279476 ], [ 103.8157288754972, 1.320124115150115 ], [ 103.815728653357226, 1.320124869216791 ], [ 103.815728087248999, 1.320124573351683 ], [ 103.815728198617663, 1.320124017279476 ] ], [ [ 103.816626935340892, 1.31984590550421 ], [ 103.816627445611587, 1.319845491824151 ], [ 103.816628154341387, 1.319845827479348 ], [ 103.816626935340892, 1.31984590550421 ] ], [ [ 103.816690537334168, 1.31984124139605 ], [ 103.816736369796757, 1.319755763008782 ], [ 103.816739597110427, 1.319758522765112 ], [ 103.816716490293246, 1.319859448567507 ], [ 103.81669102596544, 1.319847388642403 ], [ 103.816690537334168, 1.31984124139605 ] ], [ [ 103.816636807917789, 1.319709744032068 ], [ 103.816707391983343, 1.319762366303622 ], [ 103.816687253222341, 1.319799925462667 ], [ 103.816683160145416, 1.319748432294535 ], [ 103.816644660148043, 1.319751532294477 ], [ 103.816644788704778, 1.319753149607676 ], [ 103.816633309572268, 1.319721804222529 ], [ 103.816636807917789, 1.319709744032068 ] ], [ [ 103.816650634462803, 1.319826692483149 ], [ 103.816650763868608, 1.31982832048142 ], [ 103.816649414574783, 1.319827681453698 ], [ 103.816650634462803, 1.319826692483149 ] ], [ [ 103.815841612396753, 1.320002276523162 ], [ 103.815842432023075, 1.320003255253151 ], [ 103.815843268352609, 1.320030211146004 ], [ 103.815836114907853, 1.320028472817041 ], [ 103.815841612396753, 1.320002276523162 ] ], [ [ 103.815828275125426, 1.320065830456711 ], [ 103.815838263085865, 1.320068257589754 ], [ 103.815827501136539, 1.320086438811823 ], [ 103.815824217392091, 1.320085166116027 ], [ 103.815828275125426, 1.320065830456711 ] ], [ [ 103.816878424557373, 1.319701526055043 ], [ 103.816911160674749, 1.319729726470666 ], [ 103.816911149615919, 1.319729778714832 ], [ 103.816878397393111, 1.319701548880121 ], [ 103.816878424557373, 1.319701526055043 ] ], [ [ 103.817039609274005, 1.31961444240306 ], [ 103.817038190435426, 1.319614284281832 ], [ 103.817064400000305, 1.319582600000069 ], [ 103.817039609274005, 1.31961444240306 ] ], [ [ 103.81688132317629, 1.319793450945282 ], [ 103.816958500000283, 1.319938400000597 ], [ 103.816947092376807, 1.319927120544731 ], [ 103.816947803721817, 1.319926435845949 ], [ 103.816945997412773, 1.319924534883957 ], [ 103.816945168991083, 1.319921347260866 ], [ 103.816943408819782, 1.319921810643816 ], [ 103.816940363050264, 1.319918605270522 ], [ 103.81693464225576, 1.319908745314083 ], [ 103.816932301364943, 1.319910121139196 ], [ 103.816924903722168, 1.319902335847353 ], [ 103.816923445550756, 1.31990373939619 ], [ 103.816870345761274, 1.319851236192938 ], [ 103.81689039638637, 1.319829413812756 ], [ 103.816868256610263, 1.319808807528445 ], [ 103.81688132317629, 1.319793450945282 ] ], [ [ 103.81685581533614, 1.319820409376478 ], [ 103.816847891108878, 1.319829033821266 ], [ 103.816823071247939, 1.319804492814509 ], [ 103.81677589669512, 1.319852822660405 ], [ 103.816757465142913, 1.319870697086539 ], [ 103.816755961597664, 1.319871494575925 ], [ 103.816774912327588, 1.319788721697328 ], [ 103.816790579252896, 1.319802118879772 ], [ 103.816809117004226, 1.319780159096331 ], [ 103.81685581533614, 1.319820409376478 ] ], [ [ 103.816763158407383, 1.319967895049853 ], [ 103.816763788093041, 1.319969097636546 ], [ 103.816763736282439, 1.319969111275826 ], [ 103.8167631203615, 1.31996793645774 ], [ 103.816763158407383, 1.319967895049853 ] ], [ [ 103.816747601926977, 1.319938184955243 ], [ 103.816747551405527, 1.319938239941177 ], [ 103.816742768875827, 1.319929117654596 ], [ 103.816742794835733, 1.319929004269152 ], [ 103.816747601926977, 1.319938184955243 ] ], [ [ 103.817084405790624, 1.320058422381355 ], [ 103.81707871766578, 1.320057266981063 ], [ 103.817075925680086, 1.320054506364369 ], [ 103.817001700005022, 1.319915100010262 ], [ 103.817084405790624, 1.320058422381355 ] ], [ [ 103.817049599999677, 1.319887100000265 ], [ 103.817211016725949, 1.31998768128134 ], [ 103.817229716725166, 1.319957281280548 ], [ 103.817068300000074, 1.319856700000685 ], [ 103.817139891756753, 1.319884846253994 ], [ 103.81718413082865, 1.31991972293646 ], [ 103.817194550101576, 1.319906335146068 ], [ 103.817216997435338, 1.319915160300492 ], [ 103.817205824896604, 1.319934513982325 ], [ 103.817234610949214, 1.319951347349288 ], [ 103.817343224799259, 1.320015064535776 ], [ 103.817292541389378, 1.320025088273401 ], [ 103.81717581040688, 1.320031838329842 ], [ 103.81718407393025, 1.320176597051572 ], [ 103.817151273378528, 1.320165380770394 ], [ 103.817136422143591, 1.320209374966864 ], [ 103.817117889008827, 1.320157657090472 ], [ 103.817098874138438, 1.320164559522246 ], [ 103.817118249182528, 1.320067936656035 ], [ 103.81714494780195, 1.320052329946744 ], [ 103.817049599999677, 1.319887100000265 ] ], [ [ 103.817316400000109, 1.320215100003072 ], [ 103.817318866111663, 1.320227731343021 ], [ 103.817317117182711, 1.320227663441032 ], [ 103.817316400000109, 1.320215100003072 ] ], [ [ 103.817186699999922, 1.320222599999747 ], [ 103.817170980864972, 1.32022198970498 ], [ 103.817184396522535, 1.32018224815598 ], [ 103.817186699999922, 1.320222599999747 ] ], [ [ 103.817041739528875, 1.320216971907929 ], [ 103.817041221162341, 1.320216951781494 ], [ 103.817061351995619, 1.320105681750002 ], [ 103.817064754730112, 1.32010219568193 ], [ 103.817041739528875, 1.320216971907929 ] ], [ [ 103.81701228332409, 1.320090228522801 ], [ 103.817011410810196, 1.320095051208683 ], [ 103.816989964510867, 1.320072649420807 ], [ 103.816990066634801, 1.320068261445249 ], [ 103.81701228332409, 1.320090228522801 ] ], [ [ 103.816964269657618, 1.320042754305245 ], [ 103.81696127694758, 1.320042683750405 ], [ 103.816909500000577, 1.319988600000531 ], [ 103.816964269657618, 1.320042754305245 ] ], [ [ 103.816243252251724, 1.320063591139603 ], [ 103.816242410786515, 1.320067129346397 ], [ 103.81624014404224, 1.320063983112235 ], [ 103.816240991601035, 1.32006155559094 ], [ 103.816243252251724, 1.320063591139603 ] ], [ [ 103.816119022810682, 1.320136483832494 ], [ 103.816130701817059, 1.320139321897718 ], [ 103.816130965892725, 1.320171065685406 ], [ 103.816129286425237, 1.320175875899571 ], [ 103.816124420906675, 1.320171518528448 ], [ 103.816108032381948, 1.320156623444024 ], [ 103.816119022810682, 1.320136483832494 ] ], [ [ 103.815215546169071, 1.320232866882085 ], [ 103.815206491003494, 1.320238289749428 ], [ 103.815195352465778, 1.320223968772818 ], [ 103.815197483948694, 1.320220448000268 ], [ 103.815215546169071, 1.320232866882085 ] ], [ [ 103.815477143583536, 1.320482118342995 ], [ 103.815511585222538, 1.320469335446778 ], [ 103.815512376551013, 1.320470406953625 ], [ 103.815477167668277, 1.320494341095854 ], [ 103.815477143583536, 1.320482118342995 ] ], [ [ 103.816034559689854, 1.320462512209914 ], [ 103.816072605417887, 1.320462125364575 ], [ 103.816072598066256, 1.320462471236962 ], [ 103.816038212155703, 1.320467573417991 ], [ 103.816034559689854, 1.320462512209914 ] ], [ [ 103.816309880402088, 1.320550216401209 ], [ 103.816334086942916, 1.320543832519735 ], [ 103.816281300000867, 1.320612199999941 ], [ 103.816281299999957, 1.320612199999941 ], [ 103.816309880402088, 1.320550216401209 ] ], [ [ 103.816719292160727, 1.320296216131174 ], [ 103.816719349107501, 1.320294707648662 ], [ 103.816724323086277, 1.320293501248853 ], [ 103.816723835922161, 1.320295483906738 ], [ 103.816719292160727, 1.320296216131174 ] ], [ [ 103.816851477397861, 1.320266723765455 ], [ 103.81683085317178, 1.320243574834552 ], [ 103.8168182903309, 1.320206040870582 ], [ 103.816818394453435, 1.320205617116766 ], [ 103.816852505937177, 1.32026565071747 ], [ 103.816851477397861, 1.320266723765455 ] ], [ [ 103.816932273048607, 1.320209949889449 ], [ 103.816935885709043, 1.320208033714923 ], [ 103.81693576226445, 1.320213337786369 ], [ 103.816932273048607, 1.320209949889449 ] ], [ [ 103.816937105083852, 1.320155640645706 ], [ 103.81686980000039, 1.320027100000607 ], [ 103.816938428297547, 1.320098785874407 ], [ 103.816937105083852, 1.320155640645706 ] ], [ [ 103.816988147525819, 1.320150720225652 ], [ 103.816999242518818, 1.320162309529045 ], [ 103.816986200000073, 1.320234399999334 ], [ 103.816988147525819, 1.320150720225652 ] ], [ [ 103.816866603571242, 1.320364698183692 ], [ 103.816866547895714, 1.320364750024214 ], [ 103.816865272714864, 1.320363315858929 ], [ 103.816865324175296, 1.320363262171667 ], [ 103.816866603571242, 1.320364698183692 ] ], [ [ 103.816200800002093, 1.320574599993952 ], [ 103.81620225544674, 1.320570503830135 ], [ 103.816202724483503, 1.320570426285931 ], [ 103.816200800002093, 1.320574599993952 ] ], [ [ 103.815854222432819, 1.320458858033677 ], [ 103.815854059801353, 1.32045895453004 ], [ 103.815830002762183, 1.320456352389669 ], [ 103.815761900000595, 1.320401400000186 ], [ 103.815854222432819, 1.320458858033677 ] ], [ [ 103.815315497475467, 1.32055241766096 ], [ 103.815341774494598, 1.320567120973414 ], [ 103.815316487460336, 1.320568336612363 ], [ 103.815277400000454, 1.320566600000264 ], [ 103.815315497475467, 1.32055241766096 ] ], [ [ 103.815137023266573, 1.320653425837755 ], [ 103.815140354353346, 1.320646554493675 ], [ 103.815165728554675, 1.320654446252824 ], [ 103.815168166253457, 1.320661006580451 ], [ 103.815137023266573, 1.320653425837755 ] ], [ [ 103.815298015708791, 1.320613204791234 ], [ 103.81538824093883, 1.32061721339607 ], [ 103.815413752355838, 1.320655229657265 ], [ 103.815303004759841, 1.32062078549487 ], [ 103.815298015708791, 1.320613204791234 ] ], [ [ 103.815439643593891, 1.320663282218816 ], [ 103.815582899998802, 1.320565900001578 ], [ 103.815468208109664, 1.320718166804299 ], [ 103.815520108110931, 1.320757766806607 ], [ 103.815623360980723, 1.320620686627729 ], [ 103.815626831658804, 1.320625386137183 ], [ 103.815567955969641, 1.320772318845352 ], [ 103.815554444975263, 1.320767976988601 ], [ 103.815496699999287, 1.32095000000289 ], [ 103.815529035126005, 1.320761715626202 ], [ 103.815444535132826, 1.320747015627011 ], [ 103.815412199999983, 1.320935300001627 ], [ 103.81540592660042, 1.320838546891172 ], [ 103.815410559996025, 1.320828346503246 ], [ 103.815405102389207, 1.320825835280063 ], [ 103.815402715240708, 1.320789018872577 ], [ 103.815422428141716, 1.320793817331856 ], [ 103.815437135011081, 1.320732614815945 ], [ 103.815456785322212, 1.320668613552413 ], [ 103.815439643593891, 1.320663282218816 ] ], [ [ 103.814269400000526, 1.320954100000022 ], [ 103.814263030328661, 1.320955503802339 ], [ 103.814263024749607, 1.320955495759782 ], [ 103.814269400000526, 1.320954100000022 ] ], [ [ 103.814229437724592, 1.320962849103979 ], [ 103.814233144819369, 1.320962037494366 ], [ 103.814233176189276, 1.320962083313337 ], [ 103.814229445780583, 1.320962905452286 ], [ 103.814229437724592, 1.320962849103979 ] ], [ [ 103.814262670202197, 1.321008085405942 ], [ 103.814263070553821, 1.321007997172893 ], [ 103.814262822744126, 1.32100819389922 ], [ 103.814262670202197, 1.321008085405942 ] ], [ [ 103.814238642172313, 1.321027226119623 ], [ 103.814239600489486, 1.321027907713171 ], [ 103.814239030399932, 1.321029941433927 ], [ 103.814238642172313, 1.321027226119623 ] ], [ [ 103.814487978726021, 1.321159387659006 ], [ 103.814474677505274, 1.321155591159658 ], [ 103.814471780539762, 1.321139729382804 ], [ 103.814479165214777, 1.321141826307107 ], [ 103.814500426441214, 1.321156650589615 ], [ 103.814487978726021, 1.321159387659006 ] ], [ [ 103.815290300129703, 1.321134789166313 ], [ 103.815402073173942, 1.321127447829603 ], [ 103.815426088240898, 1.321131625599521 ], [ 103.815571800000029, 1.321235600000101 ], [ 103.815406804345983, 1.321141084118556 ], [ 103.815336638301517, 1.321265162132478 ], [ 103.815328810082605, 1.321221652820286 ], [ 103.815315174131058, 1.321224138048587 ], [ 103.815289306816098, 1.321153561047009 ], [ 103.81529676269615, 1.32114839132112 ], [ 103.815297262846755, 1.321148126837015 ], [ 103.815297231298132, 1.321148066403524 ], [ 103.815298339254852, 1.321147298173782 ], [ 103.81529198132246, 1.321138009631806 ], [ 103.815290300129703, 1.321134789166313 ] ], [ [ 103.815949067817627, 1.320979464269813 ], [ 103.81596086088463, 1.320924071088099 ], [ 103.815974320007186, 1.320888655116998 ], [ 103.816032124070148, 1.320796918500294 ], [ 103.816106813637134, 1.320752602251627 ], [ 103.816100205200044, 1.320741319992925 ], [ 103.81612872770819, 1.320751586116506 ], [ 103.816133227925235, 1.320753688082029 ], [ 103.816153677779482, 1.320804833807095 ], [ 103.816196185301834, 1.320787617222241 ], [ 103.81624724250328, 1.320827550442035 ], [ 103.816204102305988, 1.320876696241779 ], [ 103.816277202306708, 1.320941696244889 ], [ 103.816366945696458, 1.320839459555238 ], [ 103.816344286063384, 1.320894730406886 ], [ 103.816447586069131, 1.320937630410395 ], [ 103.81650968697663, 1.320786155292771 ], [ 103.816516557227459, 1.320806713803602 ], [ 103.81652089401058, 1.320805245726504 ], [ 103.816523860008274, 1.320952036759054 ], [ 103.816592260013849, 1.320950636759035 ], [ 103.816588857433331, 1.320782238910097 ], [ 103.816591155026202, 1.320781461134122 ], [ 103.816612288784597, 1.320949157526059 ], [ 103.816664508887911, 1.320942491130172 ], [ 103.81667926870297, 1.320996007378293 ], [ 103.816862200000614, 1.320944900000082 ], [ 103.816699499477238, 1.321043363776246 ], [ 103.816727399474928, 1.321090063777188 ], [ 103.816890100000293, 1.320991600000151 ], [ 103.816788722960382, 1.321153153236625 ], [ 103.816840322962392, 1.321185953239463 ], [ 103.816941700000356, 1.321024399999984 ], [ 103.816922104065441, 1.321214455654506 ], [ 103.816967104068709, 1.32121915565575 ], [ 103.816986700000228, 1.321029099998122 ], [ 103.816992117477938, 1.321106986978446 ], [ 103.816992040702786, 1.321107421234833 ], [ 103.816992149032146, 1.321107440635979 ], [ 103.816999957982645, 1.32121970976137 ], [ 103.817149716296584, 1.321209158032522 ], [ 103.817173404015705, 1.321260073020051 ], [ 103.817209929993496, 1.321343177307268 ], [ 103.817219478809747, 1.321406288056133 ], [ 103.81721983309113, 1.321418271149101 ], [ 103.817216865001186, 1.321422583279465 ], [ 103.817205855383747, 1.32141492328633 ], [ 103.817097899999922, 1.321572100000339 ], [ 103.817110811932551, 1.321381466176802 ], [ 103.817052511936851, 1.321377466177199 ], [ 103.817039599999816, 1.321568100001286 ], [ 103.816965935016881, 1.321391994406661 ], [ 103.816889235021677, 1.321424494404245 ], [ 103.816962900000078, 1.321600600000153 ], [ 103.816883129664973, 1.321427209556427 ], [ 103.816809529668575, 1.32146150955436 ], [ 103.816889299999616, 1.321634899999462 ], [ 103.816767837866692, 1.321488047625576 ], [ 103.81669753786791, 1.321546947622094 ], [ 103.816747868006118, 1.321607798692356 ], [ 103.81674766706017, 1.321608192018165 ], [ 103.816739866326969, 1.321608903485441 ], [ 103.816740980648746, 1.321621279791324 ], [ 103.81672958711232, 1.321643581146972 ], [ 103.816710814478526, 1.321633037474982 ], [ 103.816726896388914, 1.321584082492055 ], [ 103.816667996393008, 1.321564482493668 ], [ 103.81665565330043, 1.321602056131669 ], [ 103.81665321799909, 1.321600688341519 ], [ 103.816630817998004, 1.321641088340187 ], [ 103.816640959842417, 1.321646784519434 ], [ 103.816625029322964, 1.321695278645805 ], [ 103.816611397831807, 1.321692186297567 ], [ 103.816606420748826, 1.321714410691244 ], [ 103.81659641392045, 1.321555204941312 ], [ 103.816543013924019, 1.321558604941636 ], [ 103.81655499999988, 1.321749299993463 ], [ 103.816528210184103, 1.321560135713123 ], [ 103.816480810187059, 1.321566935712587 ], [ 103.816507600000222, 1.321756099999716 ], [ 103.816321866561978, 1.32171653325609 ], [ 103.816312066558709, 1.321763133255332 ], [ 103.816497800000249, 1.321802699999723 ], [ 103.81631224760352, 1.321843118064835 ], [ 103.816324547599208, 1.321900318065927 ], [ 103.816510099999988, 1.321859899999962 ], [ 103.816356044972437, 1.321909837377758 ], [ 103.816346079571886, 1.321910894022136 ], [ 103.816339698843791, 1.321909653253272 ], [ 103.816339323138365, 1.321911610415064 ], [ 103.816331696515149, 1.321912419075202 ], [ 103.816332234181388, 1.321917555712497 ], [ 103.816329392760707, 1.321918476767468 ], [ 103.816333758701774, 1.321932120334975 ], [ 103.816334332905299, 1.321937606036457 ], [ 103.816331098839896, 1.321954453252356 ], [ 103.816336200185162, 1.321955445238007 ], [ 103.816337296510994, 1.321965919075483 ], [ 103.816363903633871, 1.321963097888838 ], [ 103.816361585335841, 1.321964868357426 ], [ 103.816298602034834, 1.322005430971153 ], [ 103.816275853163106, 1.322018430326244 ], [ 103.816258925434269, 1.32202238013009 ], [ 103.816201521830777, 1.322023587957877 ], [ 103.816140351065243, 1.322016298177354 ], [ 103.816038802592274, 1.321978691892124 ], [ 103.81606192520762, 1.321909566575814 ], [ 103.81588200000094, 1.321848600000317 ], [ 103.816063237844247, 1.321791708056266 ], [ 103.816030637838011, 1.32168650805853 ], [ 103.815849399998967, 1.32174340000123 ], [ 103.815995572320105, 1.321621471756835 ], [ 103.815933832048216, 1.321546494530799 ], [ 103.815906303839981, 1.321510528331445 ], [ 103.81589298369866, 1.321476474760771 ], [ 103.815891796329495, 1.321461038983146 ], [ 103.815898869720854, 1.32144255284568 ], [ 103.815931001628485, 1.321387880639866 ], [ 103.815767600000427, 1.321290599999837 ], [ 103.815948969439987, 1.321347065414446 ], [ 103.815975769434331, 1.321259865412916 ], [ 103.815822537012593, 1.321212159845766 ], [ 103.815831027889942, 1.321200502658854 ], [ 103.815983664625193, 1.321188428773878 ], [ 103.815976964619182, 1.321102628774238 ], [ 103.815897753530564, 1.321108894537735 ], [ 103.815907312150259, 1.321095771439122 ], [ 103.815898942095103, 1.321089595723735 ], [ 103.815971874495872, 1.321071235593114 ], [ 103.815949067817627, 1.320979464269813 ] ], [ [ 103.81604500247812, 1.320647075108984 ], [ 103.816010399996344, 1.320587999994837 ], [ 103.816047651623649, 1.320639619428097 ], [ 103.81604500247812, 1.320647075108984 ] ], [ [ 103.815786420147163, 1.320791406665898 ], [ 103.815785968585956, 1.320795635581936 ], [ 103.81578490952981, 1.320795227885037 ], [ 103.815785418661108, 1.320790767430364 ], [ 103.815786420147163, 1.320791406665898 ] ], [ [ 103.815672280195315, 1.320718552607938 ], [ 103.815694756946399, 1.320732899227985 ], [ 103.815691736636367, 1.320759359850445 ], [ 103.815660714137323, 1.320747417361957 ], [ 103.815672280195315, 1.320718552607938 ] ], [ [ 103.816857559070542, 1.320628378718052 ], [ 103.816855168233459, 1.320621224389388 ], [ 103.816852877381095, 1.320606824172709 ], [ 103.816862965399295, 1.32057705592831 ], [ 103.816874674505229, 1.320566153427874 ], [ 103.816857674972198, 1.32061322015163 ], [ 103.816865893198184, 1.320616226930289 ], [ 103.816857559070542, 1.320628378718052 ] ], [ [ 103.816941682165861, 1.320505720883598 ], [ 103.816940171611435, 1.320505168220879 ], [ 103.81694539999917, 1.320500300001149 ], [ 103.816941682165861, 1.320505720883598 ] ], [ [ 103.81718230000061, 1.320337400000439 ], [ 103.817193277666092, 1.320337826207884 ], [ 103.817193303889169, 1.320338285576446 ], [ 103.81718230000061, 1.320337400000439 ] ], [ [ 103.817323694854878, 1.320342889648891 ], [ 103.817341484181682, 1.320343580318841 ], [ 103.817342799384576, 1.320350316740447 ], [ 103.817324032613371, 1.32034880642043 ], [ 103.817323694854878, 1.320342889648891 ] ], [ [ 103.817316609740089, 1.32040647923972 ], [ 103.817366944177962, 1.320410530075401 ], [ 103.817367807510692, 1.320399663337 ], [ 103.817423445075846, 1.32038865980777 ], [ 103.817528109870807, 1.32047670784903 ], [ 103.817489717151233, 1.320489304938304 ], [ 103.81737920052035, 1.32046312732981 ], [ 103.817375084825741, 1.320480728486965 ], [ 103.817371007117558, 1.320480411753035 ], [ 103.817361377742259, 1.320473984114607 ], [ 103.81736681077949, 1.320412125046348 ], [ 103.817308575009619, 1.320406943854679 ], [ 103.817316609740089, 1.32040647923972 ] ], [ [ 103.817081483945699, 1.320550280074484 ], [ 103.817080200217077, 1.320556398961768 ], [ 103.817081481463916, 1.320550279279531 ], [ 103.817081483945699, 1.320550280074484 ] ], [ [ 103.816977844381967, 1.320657186187505 ], [ 103.816976067090593, 1.320665675151563 ], [ 103.816965540165853, 1.32065268447919 ], [ 103.816977844381967, 1.320657186187505 ] ], [ [ 103.816938668295748, 1.320642852945998 ], [ 103.816922932128222, 1.320655770171608 ], [ 103.816933170701589, 1.320640841557378 ], [ 103.816938668295748, 1.320642852945998 ] ], [ [ 103.816843428090323, 1.32069606223743 ], [ 103.816840620766499, 1.320723336452805 ], [ 103.816802900000553, 1.3207543 ], [ 103.816819941577677, 1.320704012838202 ], [ 103.816843428090323, 1.32069606223743 ] ], [ [ 103.816760800996221, 1.32072403297472 ], [ 103.816756, 1.320738200000486 ], [ 103.81675448328825, 1.320726171630737 ], [ 103.816760800996221, 1.32072403297472 ] ], [ [ 103.816777417922935, 1.320908056041131 ], [ 103.816776383978791, 1.320899856290478 ], [ 103.816833349314805, 1.320890818210332 ], [ 103.816833446275226, 1.320892402828708 ], [ 103.816777417922935, 1.320908056041131 ] ], [ [ 103.817243112195129, 1.320764357353478 ], [ 103.817307200000641, 1.320667099999064 ], [ 103.817301392315301, 1.320742839751054 ], [ 103.817293027684769, 1.320723254173389 ], [ 103.817278927685948, 1.320729354173052 ], [ 103.817295839651351, 1.32076895312665 ], [ 103.81725068535917, 1.320765727819968 ], [ 103.817243112195129, 1.320764357353478 ] ], [ [ 103.818042288541662, 1.320341788005683 ], [ 103.818044348517276, 1.320341690496274 ], [ 103.818044254459608, 1.320342264993318 ], [ 103.818042288541662, 1.320341788005683 ] ], [ [ 103.818288711003248, 1.320023642188139 ], [ 103.818244600000384, 1.3200637999998 ], [ 103.818281774305404, 1.319992626367771 ], [ 103.818288711003248, 1.320023642188139 ] ], [ [ 103.817233838376325, 1.319855853389239 ], [ 103.81725092455828, 1.319833899243464 ], [ 103.81726247788103, 1.319836376579514 ], [ 103.817248016437873, 1.319861427484978 ], [ 103.817233838376325, 1.319855853389239 ] ], [ [ 103.817592243158273, 1.320015762859756 ], [ 103.81759854299635, 1.320059889334137 ], [ 103.817596179284052, 1.32006888508554 ], [ 103.817579726167111, 1.320037376569053 ], [ 103.817592243158273, 1.320015762859756 ] ], [ [ 103.817562344709344, 1.320067389990381 ], [ 103.817575299990054, 1.320092199980712 ], [ 103.817561893701338, 1.320068168767532 ], [ 103.817562344709344, 1.320067389990381 ] ], [ [ 103.817424100000494, 1.3201938 ], [ 103.817532170240824, 1.320350896704309 ], [ 103.817547296046726, 1.320340356280319 ], [ 103.817586288874381, 1.320453001344793 ], [ 103.817576052493706, 1.320457927233327 ], [ 103.817455940152357, 1.320356884124968 ], [ 103.817424100000494, 1.3201938 ] ], [ [ 103.817292604429596, 1.320485845748524 ], [ 103.817310813884845, 1.320487465829717 ], [ 103.817293190227858, 1.320514210861906 ], [ 103.817280283769193, 1.320510079321248 ], [ 103.817292604429596, 1.320485845748524 ] ], [ [ 103.817234879958662, 1.320599384320962 ], [ 103.817236684474423, 1.320599961972108 ], [ 103.817229415541107, 1.320610993044188 ], [ 103.817229046566737, 1.320610858049084 ], [ 103.817234879958662, 1.320599384320962 ] ], [ [ 103.816974721871688, 1.32067210038194 ], [ 103.816973755367897, 1.320671999609425 ], [ 103.816974947923072, 1.320671020685132 ], [ 103.816974721871688, 1.32067210038194 ] ], [ [ 103.816835768514125, 1.320785267793951 ], [ 103.816847526637247, 1.320786493761309 ], [ 103.816831100000641, 1.320789099999675 ], [ 103.816835768514125, 1.320785267793951 ] ], [ [ 103.816704492805627, 1.32080918740733 ], [ 103.816704488420683, 1.320809188102757 ], [ 103.816696500803062, 1.320745806366735 ], [ 103.816704492805627, 1.32080918740733 ] ], [ [ 103.81760849894971, 1.320417386202133 ], [ 103.817575078761081, 1.320320839750961 ], [ 103.817601725209087, 1.320302026863984 ], [ 103.817492699999818, 1.320145600000391 ], [ 103.817603717813284, 1.32030060069095 ], [ 103.817621350273512, 1.320287807688341 ], [ 103.817623112925418, 1.320417953311832 ], [ 103.81760849894971, 1.320417386202133 ] ], [ [ 103.81764868753487, 1.320269863173434 ], [ 103.817651716917311, 1.320268151237669 ], [ 103.817655616834003, 1.32026976810629 ], [ 103.81764868753487, 1.320269863173434 ] ], [ [ 103.8176698196649, 1.320269573251535 ], [ 103.817673281751397, 1.320261114254675 ], [ 103.817684902202842, 1.320259433695976 ], [ 103.817683660961265, 1.320250739571585 ], [ 103.817689521360506, 1.320247639669246 ], [ 103.817683509016717, 1.32023612574102 ], [ 103.817707021658435, 1.320178676755724 ], [ 103.817729150405242, 1.320184566744719 ], [ 103.817718567955438, 1.320268904448754 ], [ 103.8176698196649, 1.320269573251535 ] ], [ [ 103.817785023822509, 1.320267992705805 ], [ 103.817794140557424, 1.320195336121126 ], [ 103.817801081065539, 1.320196147538097 ], [ 103.817797711884765, 1.32026781863122 ], [ 103.817785023822509, 1.320267992705805 ] ], [ [ 103.81781832907572, 1.320298310436856 ], [ 103.817826377671494, 1.32029869370285 ], [ 103.817822214102819, 1.320411966599968 ], [ 103.817819870552668, 1.320412124932262 ], [ 103.81781832907572, 1.320298310436856 ] ], [ [ 103.817841086699303, 1.320410691550709 ], [ 103.817845171079654, 1.320299573028647 ], [ 103.817909468745938, 1.320302092912043 ], [ 103.817910446825579, 1.320306150732575 ], [ 103.817862555292493, 1.320409241113332 ], [ 103.817841086699303, 1.320410691550709 ] ], [ [ 103.81788528694544, 1.320418281429943 ], [ 103.817918091527574, 1.32034766692429 ], [ 103.817939762417623, 1.320346641123767 ], [ 103.817929745555531, 1.320388461731123 ], [ 103.817913355899137, 1.320407943135038 ], [ 103.817908414642602, 1.320407651478253 ], [ 103.817908028683462, 1.320414275277469 ], [ 103.817886709840181, 1.320439615709559 ], [ 103.81788528694544, 1.320418281429943 ] ], [ [ 103.817847277394321, 1.320198425666615 ], [ 103.817848025385203, 1.320198409406306 ], [ 103.817845320739153, 1.320268317206089 ], [ 103.817843994191577, 1.320268267814038 ], [ 103.817847277394321, 1.320198425666615 ] ], [ [ 103.817968566025726, 1.32019578895744 ], [ 103.817978408789116, 1.32019557498446 ], [ 103.817978862143477, 1.320204698525085 ], [ 103.817968046900504, 1.320202986709955 ], [ 103.817968566025726, 1.32019578895744 ] ], [ [ 103.81807334559744, 1.320215685550738 ], [ 103.818087026963866, 1.320220978895812 ], [ 103.818085990350411, 1.320221654565549 ], [ 103.818070178301156, 1.320219151866724 ], [ 103.81807334559744, 1.320215685550738 ] ], [ [ 103.817967111569146, 1.320215955223205 ], [ 103.81797951908014, 1.32021791906029 ], [ 103.817981054448907, 1.320248817632254 ], [ 103.817966158060656, 1.320265120363354 ], [ 103.817963519148165, 1.320265764691358 ], [ 103.817967111569146, 1.320215955223205 ] ], [ [ 103.817530831614818, 1.320292792736636 ], [ 103.817531901327996, 1.320295882995371 ], [ 103.817449499965122, 1.320176099950798 ], [ 103.817530831614818, 1.320292792736636 ] ], [ [ 103.818060212870407, 1.32040938418106 ], [ 103.818057124533112, 1.320419053845557 ], [ 103.81805066232198, 1.320417780985636 ], [ 103.818039972236889, 1.320472758131143 ], [ 103.818027864386892, 1.320510668120356 ], [ 103.818026094328388, 1.32051057856463 ], [ 103.818050709872281, 1.320407808136708 ], [ 103.818060212870407, 1.32040938418106 ] ], [ [ 103.817898103475258, 1.320789851985694 ], [ 103.817990303316677, 1.320795294064236 ], [ 103.818006117043325, 1.320798408889135 ], [ 103.818019141056197, 1.320802659404056 ], [ 103.818039934225382, 1.320738120092618 ], [ 103.818049957884085, 1.320740522074747 ], [ 103.818034546571326, 1.320806974579454 ], [ 103.818055417312237, 1.320811877631 ], [ 103.818054949415881, 1.320830620946592 ], [ 103.817987840062145, 1.320837310214176 ], [ 103.817968339068884, 1.320797030853991 ], [ 103.817900439072687, 1.320830330851477 ], [ 103.817907686155053, 1.320845299722876 ], [ 103.817851867484279, 1.320850863564633 ], [ 103.817830864710189, 1.320847266374161 ], [ 103.817856160913777, 1.320792685662786 ], [ 103.817898103475258, 1.320789851985694 ] ], [ [ 103.817709004961358, 1.320817535006462 ], [ 103.81770520056952, 1.320825743605206 ], [ 103.817684075073487, 1.320822125395279 ], [ 103.81767772114496, 1.320802508905979 ], [ 103.817688685542763, 1.320802934389478 ], [ 103.817689655535645, 1.320777613987808 ], [ 103.817708691586674, 1.320817685806375 ], [ 103.817709004961358, 1.320817535006462 ] ], [ [ 103.817511900000653, 1.320683 ], [ 103.817513914815805, 1.320689220344805 ], [ 103.817511074799157, 1.320693761699354 ], [ 103.817511900000653, 1.320683 ] ], [ [ 103.817524443073225, 1.32072172424878 ], [ 103.817525738799105, 1.320725724544845 ], [ 103.817521624879035, 1.320726230707667 ], [ 103.817524443073225, 1.32072172424878 ] ], [ [ 103.817486108221729, 1.320971958135743 ], [ 103.817492513987261, 1.320948771670756 ], [ 103.817509004793664, 1.321003809702291 ], [ 103.817493481491042, 1.321019433951197 ], [ 103.817485726774578, 1.321014075522101 ], [ 103.817486108221729, 1.320971958135743 ] ], [ [ 103.817508894852992, 1.32088947909026 ], [ 103.817512573020466, 1.320876165505599 ], [ 103.81751779999982, 1.320919200000672 ], [ 103.817508894852992, 1.32088947909026 ] ], [ [ 103.81751091266743, 1.320862495574309 ], [ 103.817499885220428, 1.320859409461571 ], [ 103.817498681165873, 1.320855390932285 ], [ 103.817499790364025, 1.320840925536912 ], [ 103.817507368884904, 1.320833319086835 ], [ 103.81751091266743, 1.320862495574309 ] ], [ [ 103.817505015285434, 1.32081394155768 ], [ 103.817501596351818, 1.320817373091235 ], [ 103.817503080766954, 1.320798014376659 ], [ 103.817505015285434, 1.32081394155768 ] ], [ [ 103.817335113827212, 1.320860912641996 ], [ 103.817341258184001, 1.320875299500404 ], [ 103.817336031527489, 1.320883722553992 ], [ 103.81732576845998, 1.320871558920867 ], [ 103.817330075070387, 1.320860521258224 ], [ 103.817335113827212, 1.320860912641996 ] ], [ [ 103.817222299999969, 1.321012500000521 ], [ 103.817221392386983, 1.320999451277512 ], [ 103.817223886379239, 1.321001174601254 ], [ 103.817223261563129, 1.321010035555341 ], [ 103.817222299999969, 1.321012500000521 ] ], [ [ 103.817319400863568, 1.320887878804692 ], [ 103.817327497788312, 1.320897475159654 ], [ 103.817324342255318, 1.32090256048182 ], [ 103.817315938230493, 1.320896753386369 ], [ 103.817319400863568, 1.320887878804692 ] ], [ [ 103.817573899999701, 1.321157500000607 ], [ 103.817610155608435, 1.321121008626647 ], [ 103.817607644181933, 1.321145176829833 ], [ 103.817573899999701, 1.321157500000607 ] ], [ [ 103.8180461382304, 1.320957725249726 ], [ 103.818051790527704, 1.320957161844753 ], [ 103.818051500000422, 1.320968800000898 ], [ 103.8180461382304, 1.320957725249726 ] ], [ [ 103.818095426565947, 1.320952812328589 ], [ 103.818097218189848, 1.320952633744814 ], [ 103.818094999999857, 1.320969899999699 ], [ 103.818095426565947, 1.320952812328589 ] ], [ [ 103.818098690990183, 1.320822043684659 ], [ 103.818111294707009, 1.320825004607827 ], [ 103.818098585451011, 1.320826271430342 ], [ 103.818098690990183, 1.320822043684659 ] ], [ [ 103.818162582034105, 1.320906027580932 ], [ 103.818171183539221, 1.32083907396862 ], [ 103.818185864081059, 1.320842522788975 ], [ 103.818189466794649, 1.320843702438958 ], [ 103.818189566921305, 1.320843392677507 ], [ 103.818193746582224, 1.320844374582653 ], [ 103.818195087012981, 1.320838594738704 ], [ 103.818207060661337, 1.320842322474614 ], [ 103.818199592882436, 1.320861134688881 ], [ 103.818162582034105, 1.320906027580932 ] ], [ [ 103.818251780091231, 1.320797833387046 ], [ 103.818251824337239, 1.320797769505712 ], [ 103.818251824064916, 1.320797780048793 ], [ 103.818251780091231, 1.320797833387046 ] ], [ [ 103.818213885190971, 1.320768159448189 ], [ 103.818222170695137, 1.320742526652931 ], [ 103.818233616744138, 1.320744689109389 ], [ 103.818213885190971, 1.320768159448189 ] ], [ [ 103.818230069030321, 1.320780546034347 ], [ 103.818226978680627, 1.320800751718674 ], [ 103.818215964789715, 1.320797322782668 ], [ 103.818230069030321, 1.320780546034347 ] ], [ [ 103.818238953591901, 1.320769978002947 ], [ 103.818252971955133, 1.320753303403756 ], [ 103.818252537502431, 1.320770136904114 ], [ 103.818235072733899, 1.320795352287239 ], [ 103.818238953591901, 1.320769978002947 ] ], [ [ 103.818499739755097, 1.320684445603646 ], [ 103.818504603925405, 1.320702332735149 ], [ 103.818501350333889, 1.320705047877761 ], [ 103.818497861275489, 1.3206856931507 ], [ 103.818499739755097, 1.320684445603646 ] ], [ [ 103.818240031478439, 1.320941819357901 ], [ 103.818246345727886, 1.320944183623553 ], [ 103.818229134923484, 1.320970829742809 ], [ 103.818221818772201, 1.320970779031021 ], [ 103.818229298383613, 1.32095193700892 ], [ 103.818240031478439, 1.320941819357901 ] ], [ [ 103.817653006846086, 1.321207713546218 ], [ 103.81765374045122, 1.321207445638286 ], [ 103.81765232753861, 1.321218169788399 ], [ 103.817651901051164, 1.321218354940779 ], [ 103.817653006846086, 1.321207713546218 ] ], [ [ 103.81775382986514, 1.321257958471339 ], [ 103.81775610911636, 1.321256968972464 ], [ 103.817756408510391, 1.321260731759685 ], [ 103.817753267891888, 1.321262223910734 ], [ 103.81775382986514, 1.321257958471339 ] ], [ [ 103.817749383668911, 1.321291705563123 ], [ 103.817758527344452, 1.321287361277497 ], [ 103.817758539892651, 1.321287518983391 ], [ 103.81774935862417, 1.321291895654076 ], [ 103.817749383668911, 1.321291705563123 ] ], [ [ 103.817877199998776, 1.321270500000356 ], [ 103.817865477778099, 1.321281908695472 ], [ 103.817865031561041, 1.321276300642687 ], [ 103.817877199998776, 1.321270500000356 ] ], [ [ 103.818070186494921, 1.321179221098284 ], [ 103.818073139097507, 1.321174458605851 ], [ 103.818085277984721, 1.321164787884041 ], [ 103.818090895729426, 1.321162032790009 ], [ 103.818096419587476, 1.321162751648372 ], [ 103.818107850791975, 1.321237156506311 ], [ 103.818097789173677, 1.32122369157832 ], [ 103.818095117515739, 1.321225713874856 ], [ 103.818070186494921, 1.321179221098284 ] ], [ [ 103.818453624143544, 1.32091919215358 ], [ 103.818460857207555, 1.320913156117685 ], [ 103.818470336924236, 1.320944132732196 ], [ 103.818435922176889, 1.320993910790139 ], [ 103.818434980620381, 1.320993193834936 ], [ 103.818434123047993, 1.320979500739241 ], [ 103.818460603240851, 1.320945020555263 ], [ 103.818448333837139, 1.320935475569339 ], [ 103.818453624143544, 1.32091919215358 ] ], [ [ 103.81847830000018, 1.320898600000215 ], [ 103.818533887885465, 1.320852211565695 ], [ 103.818485515562415, 1.320922178098093 ], [ 103.81847830000018, 1.320898600000215 ] ], [ [ 103.818344676417851, 1.321250009042673 ], [ 103.818359345546014, 1.321191361400935 ], [ 103.818370837487379, 1.321190632342006 ], [ 103.818375446282857, 1.321207157049558 ], [ 103.818352977999155, 1.321249890857332 ], [ 103.818344676417851, 1.321250009042673 ] ], [ [ 103.818464800000257, 1.321015900000275 ], [ 103.818483862032721, 1.320988328361029 ], [ 103.818500654897178, 1.321043201948286 ], [ 103.818464800000257, 1.321015900000275 ] ], [ [ 103.818170128356755, 1.321202049525691 ], [ 103.818170226333564, 1.321202125747047 ], [ 103.818164323026295, 1.32120219097697 ], [ 103.818163650090014, 1.321197810889007 ], [ 103.818170128356755, 1.321202049525691 ] ], [ [ 103.818077368637034, 1.321376589796815 ], [ 103.818084084552154, 1.321389114013986 ], [ 103.818083017291514, 1.321389898930764 ], [ 103.818076276379486, 1.321376945667489 ], [ 103.818077368637034, 1.321376589796815 ] ], [ [ 103.818068744800243, 1.321360507579479 ], [ 103.818067870239048, 1.321360792522179 ], [ 103.818061196436588, 1.321347968216244 ], [ 103.818062001581254, 1.321347932444561 ], [ 103.818068744800243, 1.321360507579479 ] ], [ [ 103.818022211166479, 1.32134970028699 ], [ 103.818033766068297, 1.321371904059115 ], [ 103.818013460584666, 1.321378519823383 ], [ 103.818008909258964, 1.321350291275462 ], [ 103.818022211166479, 1.32134970028699 ] ], [ [ 103.817901699999297, 1.321296000000861 ], [ 103.81787127863339, 1.321354813813044 ], [ 103.817869121807547, 1.321327706844836 ], [ 103.817901699999297, 1.321296000000861 ] ], [ [ 103.817650400000446, 1.321232799999962 ], [ 103.81765071512568, 1.32122976745398 ], [ 103.817650779691107, 1.321229918107065 ], [ 103.817650400000446, 1.321232799999962 ] ], [ [ 103.817582848763251, 1.32138379041566 ], [ 103.817408900000601, 1.321388999999888 ], [ 103.817585113899142, 1.321361992349863 ], [ 103.817582848763251, 1.32138379041566 ] ], [ [ 103.817589892623047, 1.321316005285087 ], [ 103.817581484581339, 1.321260434280499 ], [ 103.817455964169994, 1.321279672329657 ], [ 103.81759910000001, 1.321227400000036 ], [ 103.817589892623047, 1.321316005285087 ] ], [ [ 103.817393800000175, 1.321289199999933 ], [ 103.817415876808298, 1.321279370872888 ], [ 103.817418078834237, 1.321285478874343 ], [ 103.817393800000175, 1.321289199999933 ] ], [ [ 103.816704168765753, 1.321785152610712 ], [ 103.816704400000532, 1.321784700000393 ], [ 103.816704278961623, 1.321785144776944 ], [ 103.816704168765753, 1.321785152610712 ] ], [ [ 103.816786162531827, 1.321779323989334 ], [ 103.816786153290892, 1.321779221348411 ], [ 103.816786499999637, 1.321779299999708 ], [ 103.816786162531827, 1.321779323989334 ] ], [ [ 103.817170396283899, 1.321759888377841 ], [ 103.81716963245789, 1.321767883684898 ], [ 103.817144900000372, 1.321751800000528 ], [ 103.817170396283899, 1.321759888377841 ] ], [ [ 103.817231286063574, 1.321646513320933 ], [ 103.81723230000037, 1.321635899998403 ], [ 103.817234689036511, 1.32164759287141 ], [ 103.817231286063574, 1.321646513320933 ] ], [ [ 103.81728109999996, 1.321625800000607 ], [ 103.817305385641248, 1.321670020483191 ], [ 103.817289077925011, 1.321664847065293 ], [ 103.81728109999996, 1.321625800000607 ] ], [ [ 103.816793931067323, 1.321663490700989 ], [ 103.816796459456697, 1.321666547620431 ], [ 103.816795861780804, 1.321680804392701 ], [ 103.816790100072922, 1.321677568323187 ], [ 103.816793931067323, 1.321663490700989 ] ], [ [ 103.816708554732926, 1.321684749272196 ], [ 103.816695059136535, 1.32171116513333 ], [ 103.81668583651593, 1.32170907295204 ], [ 103.816696121021295, 1.321677765863979 ], [ 103.816708554732926, 1.321684749272196 ] ], [ [ 103.816671348021828, 1.321753177408429 ], [ 103.816673362066311, 1.321753634300694 ], [ 103.816667300000063, 1.3217655 ], [ 103.816671348021828, 1.321753177408429 ] ], [ [ 103.816610540828762, 1.321739383100925 ], [ 103.816608400000376, 1.321745900001077 ], [ 103.816607953489651, 1.321738796155285 ], [ 103.816610540828762, 1.321739383100925 ] ], [ [ 103.816793691789414, 1.321732566599879 ], [ 103.816793651356249, 1.321733531090897 ], [ 103.816781797370012, 1.321730841976415 ], [ 103.816781327391396, 1.321725622121831 ], [ 103.816793691789414, 1.321732566599879 ] ], [ [ 103.817048889996116, 1.321881717428463 ], [ 103.817042569949152, 1.321870492912451 ], [ 103.817033017180734, 1.321875941473396 ], [ 103.817034700000505, 1.321835799999818 ], [ 103.817048889996116, 1.321881717428463 ] ], [ [ 103.816764679661773, 1.321884494769293 ], [ 103.816765975537365, 1.321898887519129 ], [ 103.816720576772084, 1.321933043143294 ], [ 103.816730211585039, 1.321897638439865 ], [ 103.816764679661773, 1.321884494769293 ] ], [ [ 103.816760369419313, 1.321836622728971 ], [ 103.816745246694055, 1.32184238946021 ], [ 103.816749056782754, 1.321828388660123 ], [ 103.816759558691487, 1.321827618307894 ], [ 103.816760369419313, 1.321836622728971 ] ], [ [ 103.816699510006373, 1.321802669087149 ], [ 103.816699454481636, 1.321802873122282 ], [ 103.816694946599355, 1.3218032037909 ], [ 103.816695058093231, 1.321802985556715 ], [ 103.816699510006373, 1.321802669087149 ] ], [ [ 103.816682153411634, 1.321866448745846 ], [ 103.81665791292744, 1.321875692339688 ], [ 103.816674956080178, 1.321842332607728 ], [ 103.816678480227893, 1.321841190244475 ], [ 103.816683533446934, 1.321842266730199 ], [ 103.816684146069946, 1.321839353645708 ], [ 103.816690047482496, 1.321837440684873 ], [ 103.816682153411634, 1.321866448745846 ] ], [ [ 103.816633518584268, 1.321934510263438 ], [ 103.816664526296435, 1.321931222472889 ], [ 103.816663470739698, 1.321935101289168 ], [ 103.816641644838185, 1.321968368331989 ], [ 103.816571105834697, 1.3219546516335 ], [ 103.816570399638124, 1.321941202850701 ], [ 103.816585666062778, 1.321939584130868 ], [ 103.816593649488013, 1.321942240755161 ], [ 103.816617585440966, 1.321954628094375 ], [ 103.81662753955311, 1.321935144228678 ], [ 103.816628073393588, 1.321935087624494 ], [ 103.816628566862832, 1.321936398497095 ], [ 103.816633518584268, 1.321934510263438 ] ], [ [ 103.816520500000436, 1.32189240000008 ], [ 103.816526622027283, 1.321890415527608 ], [ 103.816526808344136, 1.321891731118016 ], [ 103.816520500000436, 1.32189240000008 ] ], [ [ 103.816532903387781, 1.321945178627443 ], [ 103.816533011843589, 1.32194724404591 ], [ 103.816526100000303, 1.3219459 ], [ 103.816532903387781, 1.321945178627443 ] ], [ [ 103.816473522946183, 1.321982148416843 ], [ 103.816517499999605, 1.321990699999755 ], [ 103.816481580781755, 1.321992759548189 ], [ 103.816473522946183, 1.321982148416843 ] ], [ [ 103.816666676067314, 1.322024684096343 ], [ 103.816684178034748, 1.322023680561515 ], [ 103.816695856324131, 1.322039404486724 ], [ 103.8166092000003, 1.322088300000156 ], [ 103.816646000079317, 1.322032209316456 ], [ 103.816666676067314, 1.322024684096343 ] ], [ [ 103.816634600001052, 1.322133899999029 ], [ 103.816606741825666, 1.322157580489843 ], [ 103.816602509437217, 1.322152006981471 ], [ 103.816634600001052, 1.322133899999029 ] ], [ [ 103.816585254717367, 1.322054318159581 ], [ 103.816577000000109, 1.322066900000121 ], [ 103.816576506518587, 1.322057502148194 ], [ 103.816585254717367, 1.322054318159581 ] ], [ [ 103.816519900000557, 1.322033100000217 ], [ 103.816513878561352, 1.322035291558377 ], [ 103.816512535025623, 1.322033522295525 ], [ 103.816519900000557, 1.322033100000217 ] ], [ [ 103.816534200000063, 1.322072900000018 ], [ 103.816540011928609, 1.322080553559656 ], [ 103.816540015060554, 1.322080613209758 ], [ 103.816534200000063, 1.322072900000018 ] ], [ [ 103.816494087286074, 1.322153251919264 ], [ 103.81649134392454, 1.322154799850785 ], [ 103.816470300000034, 1.322121700000559 ], [ 103.816494087286074, 1.322153251919264 ] ], [ [ 103.815044799993288, 1.321039899999706 ], [ 103.815034479209586, 1.321040420734158 ], [ 103.81503430609682, 1.321039728334151 ], [ 103.815044799993288, 1.321039899999706 ] ], [ [ 103.815155500763723, 1.321143658508469 ], [ 103.815163691868946, 1.321143117245952 ], [ 103.815163801109193, 1.321143415300912 ], [ 103.815115275929614, 1.321169075855778 ], [ 103.815114569866353, 1.321168275132479 ], [ 103.815155500763723, 1.321143658508469 ] ], [ [ 103.814539697962573, 1.32150037528154 ], [ 103.814539696162839, 1.321500367381902 ], [ 103.814548295915145, 1.321498476422797 ], [ 103.814548296031901, 1.321498485345259 ], [ 103.814539697962573, 1.32150037528154 ] ], [ [ 103.81462009264034, 1.32150306052125 ], [ 103.814692086381513, 1.321502109288272 ], [ 103.814705488371885, 1.321513724245277 ], [ 103.814628638348609, 1.321542442886068 ], [ 103.81462009264034, 1.32150306052125 ] ], [ [ 103.815169681038569, 1.321355420412128 ], [ 103.815168921115472, 1.321354692302595 ], [ 103.815171072145375, 1.321354300265514 ], [ 103.815171089746215, 1.321355291085693 ], [ 103.815169681038569, 1.321355420412128 ] ], [ [ 103.815209938825831, 1.321351724543645 ], [ 103.815209859004028, 1.321347231145131 ], [ 103.815236708527237, 1.321342337670585 ], [ 103.815239165519529, 1.321349041385266 ], [ 103.815209938825831, 1.321351724543645 ] ], [ [ 103.814730877620235, 1.321239611739955 ], [ 103.814719495655709, 1.321258505545354 ], [ 103.814717795392909, 1.321257796929408 ], [ 103.814713213099949, 1.321268934445158 ], [ 103.8147048000003, 1.321282900000382 ], [ 103.814707502272228, 1.321271796410366 ], [ 103.814730877620235, 1.321239611739955 ] ], [ [ 103.814764500000379, 1.3213777 ], [ 103.814815201666477, 1.321372494625792 ], [ 103.814815817125648, 1.321380979587093 ], [ 103.814789185574028, 1.321386346015139 ], [ 103.814764500000379, 1.3213777 ] ], [ [ 103.814870884397706, 1.321366777861475 ], [ 103.814875238456153, 1.321366330844002 ], [ 103.814884200000378, 1.321367199999947 ], [ 103.814871106398471, 1.321369838444565 ], [ 103.814870884397706, 1.321366777861475 ] ], [ [ 103.814804015104386, 1.321233307344818 ], [ 103.814801645543199, 1.321231364233669 ], [ 103.814804299999977, 1.321222199999706 ], [ 103.814805040110627, 1.321232403459083 ], [ 103.814804015104386, 1.321233307344818 ] ], [ [ 103.81478797673104, 1.321287046284569 ], [ 103.814807739535141, 1.321269618775423 ], [ 103.814809551158262, 1.321294594523104 ], [ 103.814807862325949, 1.321295333968669 ], [ 103.81478797673104, 1.321287046284569 ] ], [ [ 103.814880475584957, 1.321296007239465 ], [ 103.814885197090447, 1.321293939956056 ], [ 103.814887894417708, 1.321302090905838 ], [ 103.814880475584957, 1.321296007239465 ] ], [ [ 103.8148932, 1.321330899999852 ], [ 103.814867505220761, 1.321320191232882 ], [ 103.814866706097106, 1.321309174203977 ], [ 103.8148932, 1.321330899999852 ] ], [ [ 103.814783873985817, 1.321305837122429 ], [ 103.81477952228073, 1.321307742490983 ], [ 103.814780483475346, 1.321304424065246 ], [ 103.814783873985817, 1.321305837122429 ] ], [ [ 103.814783516132493, 1.321338460366169 ], [ 103.814811833640462, 1.321326061712074 ], [ 103.814812939978182, 1.321341314106099 ], [ 103.814783516132493, 1.321338460366169 ] ], [ [ 103.814872489421262, 1.321388905331141 ], [ 103.814887900001182, 1.321385800000284 ], [ 103.814872696978384, 1.321391766794743 ], [ 103.814872489421262, 1.321388905331141 ] ], [ [ 103.814723178508359, 1.321450448935041 ], [ 103.814711024103886, 1.321455219224654 ], [ 103.814711267689617, 1.321455847921769 ], [ 103.814697232009792, 1.321456033371565 ], [ 103.814695429212179, 1.321440729863897 ], [ 103.814723178508359, 1.321450448935041 ] ], [ [ 103.814610135795093, 1.321457184150399 ], [ 103.814607984665159, 1.321447274222568 ], [ 103.814623925585096, 1.321457001949521 ], [ 103.814610135795093, 1.321457184150399 ] ], [ [ 103.815484599997887, 1.321389799998833 ], [ 103.815576218930204, 1.321442282853872 ], [ 103.815554841375871, 1.321443948621899 ], [ 103.815484599997887, 1.321389799998833 ] ], [ [ 103.815677843345767, 1.321434364140651 ], [ 103.815682454749265, 1.321426209571349 ], [ 103.815699200000495, 1.321432700000169 ], [ 103.815677843345767, 1.321434364140651 ] ], [ [ 103.815705900000211, 1.321519799999918 ], [ 103.815589796580909, 1.321565803527988 ], [ 103.815619694075608, 1.321526517284318 ], [ 103.815705900000211, 1.321519799999918 ] ], [ [ 103.815739499999921, 1.32160570000018 ], [ 103.81558910245424, 1.321722306856986 ], [ 103.815635102452816, 1.321782406859884 ], [ 103.815785499991961, 1.321665800006682 ], [ 103.8156393276671, 1.32178772823028 ], [ 103.815658281989116, 1.321810746313629 ], [ 103.815559942677339, 1.321768305477728 ], [ 103.81550048347907, 1.321736551283801 ], [ 103.815466682548561, 1.321708278346418 ], [ 103.815531687256524, 1.321640196488132 ], [ 103.815394799999467, 1.32150779999932 ], [ 103.815541372802343, 1.321620792020902 ], [ 103.815562848076254, 1.321675694591482 ], [ 103.815739499999921, 1.32160570000018 ] ], [ [ 103.814970134632134, 1.321473023944694 ], [ 103.814971546648522, 1.321471521669942 ], [ 103.814974224731927, 1.321485549039573 ], [ 103.814967582342575, 1.32148467949786 ], [ 103.814970134632134, 1.321473023944694 ] ], [ [ 103.814960546893218, 1.321516808315584 ], [ 103.814984291955895, 1.321519916732749 ], [ 103.814985592056289, 1.321534262067618 ], [ 103.814985285840734, 1.321534819332095 ], [ 103.814960097684505, 1.321518859718637 ], [ 103.814960546893218, 1.321516808315584 ] ], [ [ 103.814745026837571, 1.321547990615933 ], [ 103.814749142432873, 1.32155155743377 ], [ 103.81473781744053, 1.321567450890684 ], [ 103.814720659646596, 1.32155709656808 ], [ 103.814745026837571, 1.321547990615933 ] ], [ [ 103.814638481877381, 1.321587806172849 ], [ 103.814642458533029, 1.321586320107649 ], [ 103.814639769232542, 1.321593738866814 ], [ 103.814638481877381, 1.321587806172849 ] ], [ [ 103.81464538058232, 1.321585228145697 ], [ 103.814687964668707, 1.32156931459091 ], [ 103.814721897813641, 1.321589792441531 ], [ 103.814708606744674, 1.321608445083586 ], [ 103.81464538058232, 1.321585228145697 ] ], [ [ 103.814786496373245, 1.321583930565145 ], [ 103.814788965700487, 1.321586070630485 ], [ 103.814785040796806, 1.321595949067749 ], [ 103.814780070003266, 1.321592949311799 ], [ 103.814786496373245, 1.321583930565145 ] ], [ [ 103.814951624598578, 1.321557553802939 ], [ 103.81495335814455, 1.321549637208007 ], [ 103.814971000786983, 1.321560815864565 ], [ 103.814963505286713, 1.321574456486556 ], [ 103.814951624598578, 1.321557553802939 ] ], [ [ 103.815090467561291, 1.321533815958612 ], [ 103.815079263885295, 1.321535850704274 ], [ 103.815081058782425, 1.321532584275604 ], [ 103.815090467561291, 1.321533815958612 ] ], [ [ 103.81476415037659, 1.321615290862917 ], [ 103.81477480194475, 1.321621718831077 ], [ 103.814770976292451, 1.32163134746547 ], [ 103.814756497554626, 1.321626030807781 ], [ 103.81476415037659, 1.321615290862917 ] ], [ [ 103.814677888725242, 1.321651554645866 ], [ 103.814658284804835, 1.321679066720168 ], [ 103.814650100692262, 1.321641350752184 ], [ 103.814677888725242, 1.321651554645866 ] ], [ [ 103.814666391573795, 1.321716426254836 ], [ 103.814676278595186, 1.321723562752026 ], [ 103.814668288251767, 1.32172516697562 ], [ 103.814666391573795, 1.321716426254836 ] ], [ [ 103.814688790438339, 1.321721050744202 ], [ 103.814725779536687, 1.32166914037066 ], [ 103.814752117717262, 1.321678811870325 ], [ 103.814739370098849, 1.321710895847513 ], [ 103.814688790438339, 1.321721050744202 ] ], [ [ 103.814812899998458, 1.321742299999821 ], [ 103.814814604355121, 1.321741957815517 ], [ 103.814814572159207, 1.321742062138253 ], [ 103.814812899998458, 1.321742299999821 ] ], [ [ 103.814873633685167, 1.321733660755971 ], [ 103.814874803049207, 1.321729871698621 ], [ 103.814878514302052, 1.32172912658873 ], [ 103.814876225362809, 1.321733292094848 ], [ 103.814873633685167, 1.321733660755971 ] ], [ [ 103.814819499999913, 1.321789300000467 ], [ 103.814691224910206, 1.321830869111219 ], [ 103.814686315670698, 1.321808245195466 ], [ 103.814819499999913, 1.321789300000467 ] ], [ [ 103.815135515722915, 1.321829923507546 ], [ 103.815139381820273, 1.321827882358927 ], [ 103.815139993520248, 1.321836114701228 ], [ 103.815135515722915, 1.321829923507546 ] ], [ [ 103.815051500001019, 1.321835600000972 ], [ 103.815037602626944, 1.321824250025505 ], [ 103.815041938115399, 1.321822379328828 ], [ 103.815051500001019, 1.321835600000972 ] ], [ [ 103.814813439791436, 1.321939266155467 ], [ 103.814811910067959, 1.321961006747826 ], [ 103.814732326561526, 1.322020283448277 ], [ 103.814721230447603, 1.321969147719026 ], [ 103.814813439791436, 1.321939266155467 ] ], [ [ 103.814775889605585, 1.322159769213779 ], [ 103.814777378894192, 1.322138816218738 ], [ 103.814787108463918, 1.322128787470952 ], [ 103.814817573241328, 1.32215515016917 ], [ 103.814775889605585, 1.322159769213779 ] ], [ [ 103.814844959666203, 1.322152115426448 ], [ 103.814856504976248, 1.322138600503037 ], [ 103.814864072159153, 1.322149997533246 ], [ 103.814844959666203, 1.322152115426448 ] ], [ [ 103.814999555704375, 1.322128985276048 ], [ 103.815026550298867, 1.322110829314498 ], [ 103.81503733475094, 1.322112534850675 ], [ 103.814994694979163, 1.322163999008483 ], [ 103.814999555704375, 1.322128985276048 ] ], [ [ 103.814899900000498, 1.321974400000034 ], [ 103.81487495369565, 1.322003602110817 ], [ 103.8148546774095, 1.322008083439232 ], [ 103.814899900000498, 1.321974400000034 ] ], [ [ 103.814819594938513, 1.322034214145526 ], [ 103.814825537108376, 1.322061449100958 ], [ 103.814791150888453, 1.322101701561057 ], [ 103.814780743866024, 1.322091473971167 ], [ 103.814782546618659, 1.322066110802015 ], [ 103.814777280307553, 1.322065731627454 ], [ 103.814819594938513, 1.322034214145526 ] ], [ [ 103.814919284498487, 1.322093865468926 ], [ 103.814861546799065, 1.322132698552536 ], [ 103.814900789652071, 1.322086760922011 ], [ 103.814900152844544, 1.322090839840332 ], [ 103.814919284498487, 1.322093865468926 ] ], [ [ 103.815469970278542, 1.321955840968142 ], [ 103.815471386166834, 1.321956089022088 ], [ 103.815452622071902, 1.322000131396043 ], [ 103.815448536712537, 1.321996495811704 ], [ 103.815469970278542, 1.321955840968142 ] ], [ [ 103.815315981733264, 1.321990825264505 ], [ 103.815316026349493, 1.321990771232665 ], [ 103.815330499999988, 1.322004000000201 ], [ 103.815315981733264, 1.321990825264505 ] ], [ [ 103.815427414054724, 1.322036560928393 ], [ 103.815428012237561, 1.322035426305152 ], [ 103.815434953198519, 1.322041603106031 ], [ 103.815434386367485, 1.322042933549759 ], [ 103.815427414054724, 1.322036560928393 ] ], [ [ 103.815319593224331, 1.322037612918029 ], [ 103.815318778652582, 1.322039157983727 ], [ 103.815309, 1.322028000000271 ], [ 103.815319593224331, 1.322037612918029 ] ], [ [ 103.815290714180165, 1.322051089768925 ], [ 103.81529100805713, 1.322050733908127 ], [ 103.815301365889681, 1.322074489954284 ], [ 103.815291583628664, 1.322083233377374 ], [ 103.815289198485075, 1.322060798195904 ], [ 103.815290714180165, 1.322051089768925 ] ], [ [ 103.815300373979738, 1.322039392562647 ], [ 103.815300949236487, 1.322038695975498 ], [ 103.81531223375589, 1.322051572236494 ], [ 103.815308649032772, 1.32205837168006 ], [ 103.815300373979738, 1.322039392562647 ] ], [ [ 103.814953452164985, 1.322337043258797 ], [ 103.81494117899534, 1.322328564072788 ], [ 103.814929060247366, 1.322346332955127 ], [ 103.814917375931444, 1.322330957495063 ], [ 103.814998021607025, 1.322245318388857 ], [ 103.814941238471192, 1.322328476918711 ], [ 103.814953558261962, 1.322336998412146 ], [ 103.814953452164985, 1.322337043258797 ] ], [ [ 103.815313767828968, 1.322102934226929 ], [ 103.815338005854073, 1.322158524966718 ], [ 103.815300801509167, 1.322169938795506 ], [ 103.815295421402709, 1.322119332332903 ], [ 103.815313767828968, 1.322102934226929 ] ], [ [ 103.815283413579721, 1.322130064971007 ], [ 103.815288067979466, 1.322173845283439 ], [ 103.815267775242788, 1.322180070842311 ], [ 103.815269226077064, 1.3221492079261 ], [ 103.815275247160614, 1.322150160145818 ], [ 103.815277568867174, 1.322135288997571 ], [ 103.815283413579721, 1.322130064971007 ] ], [ [ 103.815054010650329, 1.322189279482304 ], [ 103.815037908215913, 1.322180596295294 ], [ 103.815080766183712, 1.322128868783764 ], [ 103.815082539003683, 1.322131036584137 ], [ 103.815054010650329, 1.322189279482304 ] ], [ [ 103.815037004367966, 1.322181687196472 ], [ 103.815031903018124, 1.322191270105234 ], [ 103.815029812430282, 1.322190702108063 ], [ 103.815027382461295, 1.322199761991037 ], [ 103.815021204805419, 1.322211366744443 ], [ 103.815011838042196, 1.322225084308596 ], [ 103.815005811490124, 1.322219335502072 ], [ 103.815037004367966, 1.322181687196472 ] ], [ [ 103.8152117, 1.3222164000004 ], [ 103.815254050001371, 1.322203407549136 ], [ 103.81525355502113, 1.322213937033565 ], [ 103.8152117, 1.3222164000004 ] ], [ [ 103.81526621825779, 1.322213191862984 ], [ 103.815266862994065, 1.322199476683007 ], [ 103.815290037089071, 1.322192367159575 ], [ 103.815292089169915, 1.322211669484874 ], [ 103.81526621825779, 1.322213191862984 ] ], [ [ 103.815305156261346, 1.322210900548535 ], [ 103.815302770618842, 1.322188460671634 ], [ 103.815345361087864, 1.322175394447001 ], [ 103.815359449053943, 1.322207705678054 ], [ 103.815305156261346, 1.322210900548535 ] ], [ [ 103.815216563892179, 1.322140879525838 ], [ 103.815225506108391, 1.322142293715656 ], [ 103.815186900001351, 1.322176799998571 ], [ 103.815212545883426, 1.322145744995948 ], [ 103.815217437534415, 1.322143861429428 ], [ 103.815216385947494, 1.322141095002057 ], [ 103.815216563892179, 1.322140879525838 ] ], [ [ 103.815206400000122, 1.322198899999178 ], [ 103.815256361103422, 1.32215424457745 ], [ 103.815254962251103, 1.322184001708447 ], [ 103.815206400000122, 1.322198899999178 ] ], [ [ 103.81453642441852, 1.322807498607819 ], [ 103.814536877925704, 1.322808302827434 ], [ 103.814530458069328, 1.322811047882241 ], [ 103.81453642441852, 1.322807498607819 ] ], [ [ 103.815727399999901, 1.321359 ], [ 103.815721709084769, 1.321356794211503 ], [ 103.815722209267605, 1.321355909713931 ], [ 103.815727399999901, 1.321359 ] ], [ [ 103.816601735738956, 1.322161835849486 ], [ 103.816601439447552, 1.322162087708497 ], [ 103.816596426932819, 1.322155439011121 ], [ 103.816596742795113, 1.322155260787418 ], [ 103.816601735738956, 1.322161835849486 ] ], [ [ 103.816527873781098, 1.322212257418145 ], [ 103.816532851798968, 1.32220466992347 ], [ 103.816540074477047, 1.322214250223408 ], [ 103.816532976631493, 1.322220283657095 ], [ 103.816527873781098, 1.322212257418145 ] ], [ [ 103.8179623764307, 1.321352358673877 ], [ 103.817973344998677, 1.321351871352925 ], [ 103.817979429265534, 1.32138960762406 ], [ 103.817955092287889, 1.321397536894489 ], [ 103.8179623764307, 1.321352358673877 ] ], [ [ 103.81804217220764, 1.321388057204538 ], [ 103.818054170993193, 1.321411113938036 ], [ 103.818022474292931, 1.321434425272497 ], [ 103.818016354538329, 1.321396468903323 ], [ 103.81804217220764, 1.321388057204538 ] ], [ [ 103.818092697294844, 1.321405175542048 ], [ 103.818100368127077, 1.321419480540389 ], [ 103.81809923464364, 1.321421062014789 ], [ 103.818091446136492, 1.321406095706328 ], [ 103.818092697294844, 1.321405175542048 ] ], [ [ 103.818108572018218, 1.321439004609387 ], [ 103.818109867991922, 1.321437196423534 ], [ 103.818122576358746, 1.321460895701283 ], [ 103.818121601342611, 1.321464041613503 ], [ 103.818108572018218, 1.321439004609387 ] ], [ [ 103.815778299996111, 1.320869599998978 ], [ 103.815736763559357, 1.320860642224236 ], [ 103.815735701445476, 1.320853201171591 ], [ 103.815778299996111, 1.320869599998978 ] ], [ [ 103.814619700000307, 1.320975100000681 ], [ 103.814619709216515, 1.320972009722695 ], [ 103.81462043371009, 1.320972166001484 ], [ 103.814619700000307, 1.320975100000681 ] ], [ [ 103.814520347272278, 1.320992479332816 ], [ 103.814520305880308, 1.321006357829243 ], [ 103.814519245423043, 1.321005406751557 ], [ 103.814515939994166, 1.320994704056051 ], [ 103.814520347272278, 1.320992479332816 ] ], [ [ 103.816780522004734, 1.320087451289901 ], [ 103.816783613886315, 1.320093348802522 ], [ 103.81678106304885, 1.320094817017778 ], [ 103.816779066585426, 1.320088852188878 ], [ 103.816780522004734, 1.320087451289901 ] ], [ [ 103.816327405536043, 1.320098502163201 ], [ 103.816340326784655, 1.320117996355946 ], [ 103.816340322272595, 1.320118588695747 ], [ 103.816324694905717, 1.320104517408228 ], [ 103.816327405536043, 1.320098502163201 ] ], [ [ 103.816449046351821, 1.320129412271775 ], [ 103.816447315439916, 1.320126800857373 ], [ 103.816449009198436, 1.320117565050718 ], [ 103.81645899436613, 1.320122653461333 ], [ 103.81645933280096, 1.320127769510356 ], [ 103.816449046351821, 1.320129412271775 ] ], [ [ 103.816541700000826, 1.320164800000608 ], [ 103.816541894544784, 1.320164899139284 ], [ 103.816541888023124, 1.320165029949251 ], [ 103.816541700000826, 1.320164800000608 ] ], [ [ 103.816512993838714, 1.320129692733557 ], [ 103.816497150230362, 1.320110316204043 ], [ 103.81649504805587, 1.320078538125661 ], [ 103.816497745515647, 1.320080139554923 ], [ 103.816543071194516, 1.320141299095108 ], [ 103.816542890271862, 1.320144927864142 ], [ 103.816512993838714, 1.320129692733557 ] ], [ [ 103.816553115504661, 1.320082400168434 ], [ 103.816546446342784, 1.320064602834277 ], [ 103.816547095843447, 1.320063494608581 ], [ 103.816554671732561, 1.3200845000422 ], [ 103.816553115504661, 1.320082400168434 ] ], [ [ 103.816539979414017, 1.320203310890175 ], [ 103.816539649080653, 1.320209936384301 ], [ 103.816521900000026, 1.32018120000011 ], [ 103.816539979414017, 1.320203310890175 ] ], [ [ 103.81622410654434, 1.320109916619763 ], [ 103.816230217733562, 1.320118398932943 ], [ 103.816215558729567, 1.320180037398056 ], [ 103.81620546655175, 1.320182698962715 ], [ 103.816202272056827, 1.320183227099453 ], [ 103.816202184517309, 1.320172704194337 ], [ 103.81622410654434, 1.320109916619763 ] ], [ [ 103.8162467702182, 1.320380646330615 ], [ 103.816245000000578, 1.320369800000429 ], [ 103.816247821022088, 1.320380635645579 ], [ 103.8162467702182, 1.320380646330615 ] ], [ [ 103.816325983056387, 1.320262173166382 ], [ 103.816332233358565, 1.320264411903413 ], [ 103.816341278511757, 1.320312488974369 ], [ 103.816339147881024, 1.32031273972917 ], [ 103.816325983056387, 1.320262173166382 ] ], [ [ 103.816424412713417, 1.320251685892051 ], [ 103.816424416467711, 1.320251665421784 ], [ 103.816425420500806, 1.32025700501078 ], [ 103.816425412935018, 1.320257002300347 ], [ 103.816424412713417, 1.320251685892051 ] ], [ [ 103.816433640555445, 1.320300733982948 ], [ 103.816433643290623, 1.320300734963297 ], [ 103.816433805832887, 1.320301599387762 ], [ 103.816433803424758, 1.320301599670811 ], [ 103.816433640555445, 1.320300733982948 ] ], [ [ 103.816345775086674, 1.320336389303745 ], [ 103.816347, 1.320342900000341 ], [ 103.816345318939881, 1.320336442987309 ], [ 103.816345775086674, 1.320336389303745 ] ], [ [ 103.816446790199336, 1.320187270093303 ], [ 103.816448853198523, 1.320200355599606 ], [ 103.816444730366754, 1.320197744267433 ], [ 103.816441808186781, 1.320182203703759 ], [ 103.816446790199336, 1.320187270093303 ] ], [ [ 103.820398875885132, 1.315382432574101 ], [ 103.820400199951578, 1.315380817351342 ], [ 103.820421470069846, 1.315415396490085 ], [ 103.820420303536082, 1.3154317470635 ], [ 103.820398875885132, 1.315382432574101 ] ], [ [ 103.819707547536282, 1.315330868473928 ], [ 103.81971661402001, 1.315331666298164 ], [ 103.819724800000685, 1.315477100000485 ], [ 103.819707547536282, 1.315330868473928 ] ], [ [ 103.82035448274894, 1.315232508219786 ], [ 103.820361202630593, 1.315231358030598 ], [ 103.820356959323561, 1.315236534422651 ], [ 103.82035448274894, 1.315232508219786 ] ], [ [ 103.820235500000337, 1.315020599999429 ], [ 103.820217584202098, 1.315023079578637 ], [ 103.820208045904181, 1.315019494212434 ], [ 103.820235500000337, 1.315020599999429 ] ], [ [ 103.820195220432581, 1.31501897763203 ], [ 103.8201924051817, 1.315026564400164 ], [ 103.820159823630462, 1.315031073745007 ], [ 103.820162261353758, 1.315017650116698 ], [ 103.820195220432581, 1.31501897763203 ] ], [ [ 103.820151273833403, 1.315137408516703 ], [ 103.82014999746589, 1.315140848175928 ], [ 103.820139564369256, 1.315142633925956 ], [ 103.820140235875385, 1.315138936189495 ], [ 103.820151273833403, 1.315137408516703 ] ], [ [ 103.81938455030442, 1.315435336099755 ], [ 103.819409074089833, 1.315431370303704 ], [ 103.819413299244275, 1.315443479601164 ], [ 103.819394120982111, 1.315451201215775 ], [ 103.81938455030442, 1.315435336099755 ] ], [ [ 103.819560476863487, 1.315493961098115 ], [ 103.819560800000474, 1.315496700000853 ], [ 103.819559925168434, 1.31549418322329 ], [ 103.819560476863487, 1.315493961098115 ] ], [ [ 103.818541826735824, 1.314751756314996 ], [ 103.818542940017295, 1.31472714037367 ], [ 103.818648300000817, 1.314824100000017 ], [ 103.818541826735824, 1.314751756314996 ] ], [ [ 103.818829394485277, 1.314787454955596 ], [ 103.818824268220396, 1.314802675296143 ], [ 103.818766300000405, 1.314837600000537 ], [ 103.818829394485277, 1.314787454955596 ] ], [ [ 103.818847315341756, 1.314923277187984 ], [ 103.818840586369504, 1.314923048827352 ], [ 103.818846800000543, 1.314904599999909 ], [ 103.818847315341756, 1.314923277187984 ] ], [ [ 103.818791049457374, 1.314901304786565 ], [ 103.818783666314815, 1.314894510303994 ], [ 103.8187958, 1.314887200000326 ], [ 103.818791049457374, 1.314901304786565 ] ], [ [ 103.818590889972882, 1.314915963603271 ], [ 103.818589659003564, 1.31491694192951 ], [ 103.818588000000474, 1.314913999999691 ], [ 103.818590889972882, 1.314915963603271 ] ], [ [ 103.820010098847789, 1.314163988586493 ], [ 103.820026585506355, 1.314153661568294 ], [ 103.820026585505474, 1.314153661571912 ], [ 103.820010098847789, 1.314163988589206 ], [ 103.820010098847789, 1.314163988586493 ] ], [ [ 103.820073966683651, 1.314181536004288 ], [ 103.82006132811884, 1.314189441006461 ], [ 103.820061351920273, 1.314189319854278 ], [ 103.820074087766102, 1.314181342292734 ], [ 103.820073966683651, 1.314181536004288 ] ], [ [ 103.816510999999821, 1.313938500000159 ], [ 103.816519697833812, 1.313964696909643 ], [ 103.81651134305541, 1.313962275427513 ], [ 103.816510999999821, 1.313938500000159 ] ], [ [ 103.816386505633716, 1.314079760730028 ], [ 103.816431107453468, 1.314092687763944 ], [ 103.816431218693353, 1.314100397269053 ], [ 103.816385178669591, 1.314084144698299 ], [ 103.816386505633716, 1.314079760730028 ] ], [ [ 103.81671725091654, 1.313196461807717 ], [ 103.816766100000706, 1.313147400000686 ], [ 103.816741457843307, 1.313197324266767 ], [ 103.81671725091654, 1.313196461807717 ] ], [ [ 103.815623345525552, 1.311582069485983 ], [ 103.815623449448324, 1.311582045786037 ], [ 103.815594099999814, 1.311615299999292 ], [ 103.815623345525552, 1.311582069485983 ] ], [ [ 103.816062925200683, 1.31267550109999 ], [ 103.816063394944976, 1.312675413920692 ], [ 103.815935099999905, 1.312745200000335 ], [ 103.816062925200683, 1.31267550109999 ] ], [ [ 103.815983899738796, 1.312839207277194 ], [ 103.815985200000554, 1.312838499998944 ], [ 103.815984127728328, 1.312839646473539 ], [ 103.815983899738796, 1.312839207277194 ] ], [ [ 103.816183836517254, 1.313867353546176 ], [ 103.816277899999278, 1.313823700000917 ], [ 103.816212712165566, 1.313875722635664 ], [ 103.816183836517254, 1.313867353546176 ] ], [ [ 103.815368122318986, 1.314068630106761 ], [ 103.815368002647858, 1.314068316252471 ], [ 103.815417600000558, 1.314069299999867 ], [ 103.815368122318986, 1.314068630106761 ] ], [ [ 103.815360159610634, 1.314068160688386 ], [ 103.815359255102578, 1.314068510051469 ], [ 103.815358506031856, 1.314068499909022 ], [ 103.815358639358649, 1.314068130534904 ], [ 103.815360159610634, 1.314068160688386 ] ], [ [ 103.815230955071215, 1.313903846578907 ], [ 103.815217700000673, 1.313899000000166 ], [ 103.815231025200958, 1.313900264992415 ], [ 103.815230955071215, 1.313903846578907 ] ], [ [ 103.815261915368495, 1.31381169054463 ], [ 103.815264901120472, 1.31380579475903 ], [ 103.815272439925977, 1.313805306749075 ], [ 103.815303665740387, 1.313815654006512 ], [ 103.815261915368495, 1.31381169054463 ] ], [ [ 103.815283426349893, 1.313666799632044 ], [ 103.815211099998805, 1.313678400000262 ], [ 103.815290988277937, 1.313643683038366 ], [ 103.815283426349893, 1.313666799632044 ] ], [ [ 103.815367015664904, 1.313610643897404 ], [ 103.815385394775518, 1.313602656905917 ], [ 103.815379841503955, 1.313589712174388 ], [ 103.815488500002274, 1.31365090000145 ], [ 103.815367015664904, 1.313610643897404 ] ], [ [ 103.815421800000365, 1.313854800000018 ], [ 103.815412549764787, 1.313854616524496 ], [ 103.815412811696717, 1.313851821557567 ], [ 103.815421800000365, 1.313854800000018 ] ], [ [ 103.814807800014748, 1.313833700010505 ], [ 103.814840685311964, 1.313856228517324 ], [ 103.814840296985537, 1.313857711213954 ], [ 103.814807800014748, 1.313833700010505 ] ], [ [ 103.814897759557894, 1.31375836348229 ], [ 103.814898716914087, 1.313754708130659 ], [ 103.814899726203592, 1.313755242000887 ], [ 103.814899286943017, 1.313759409837207 ], [ 103.814897759557894, 1.31375836348229 ] ], [ [ 103.814947830234146, 1.313568437962396 ], [ 103.814960600000916, 1.313586100001139 ], [ 103.814947100844165, 1.313575358630149 ], [ 103.814947830234146, 1.313568437962396 ] ], [ [ 103.814926641879978, 1.313769479207291 ], [ 103.815033834102451, 1.313826179166195 ], [ 103.815030971373375, 1.313856726136878 ], [ 103.81497351686204, 1.314015900655754 ], [ 103.814938078584731, 1.314086062079483 ], [ 103.814862331866621, 1.314207329650821 ], [ 103.814833128837691, 1.314248695185581 ], [ 103.814731994428911, 1.314338889154556 ], [ 103.814842772284891, 1.314464717065147 ], [ 103.814838850849085, 1.314469669835058 ], [ 103.814697844539552, 1.314379139261447 ], [ 103.814598844534402, 1.314535339255149 ], [ 103.814734614397551, 1.314622507864738 ], [ 103.814733095850457, 1.314625544958547 ], [ 103.814587976773055, 1.314554937082399 ], [ 103.81453917676798, 1.314656537079462 ], [ 103.814710099998877, 1.314739699999042 ], [ 103.814530604752761, 1.314677464330804 ], [ 103.814505104747596, 1.314751964328771 ], [ 103.814684600001058, 1.314814200000693 ], [ 103.814494856180048, 1.314807877382059 ], [ 103.81449085786852, 1.314929425775188 ], [ 103.814475216506139, 1.314937617799162 ], [ 103.814461603979581, 1.314926644211002 ], [ 103.814406934162236, 1.314862905340024 ], [ 103.814379371654411, 1.314797275174728 ], [ 103.814372189927298, 1.314713274695552 ], [ 103.814386428430566, 1.314555859999545 ], [ 103.814390885262512, 1.314524395716068 ], [ 103.8144065755274, 1.314515562915314 ], [ 103.81439506918926, 1.31449485809165 ], [ 103.814402153975848, 1.314444841007181 ], [ 103.814442804537819, 1.314489078340875 ], [ 103.814649604539682, 1.314296578330174 ], [ 103.814520700000301, 1.314156299999799 ], [ 103.814651600494827, 1.314294693343591 ], [ 103.814823600496624, 1.314129893335135 ], [ 103.814692700000066, 1.313991500000218 ], [ 103.814845736397046, 1.314104574786985 ], [ 103.814960836393126, 1.313946774779404 ], [ 103.814911776555249, 1.313910525688927 ], [ 103.814912326539272, 1.313905307284665 ], [ 103.814964742037589, 1.313941215210308 ], [ 103.815028042034058, 1.313847615205694 ], [ 103.814925789604644, 1.313777565836195 ], [ 103.814926641879978, 1.313769479207291 ] ], [ [ 103.814885823875485, 1.313887151286438 ], [ 103.814885413339908, 1.313891046565544 ], [ 103.814866641734184, 1.313877176693524 ], [ 103.814867344870081, 1.31387449200003 ], [ 103.814885823875485, 1.313887151286438 ] ], [ [ 103.814313900000428, 1.3143488 ], [ 103.814345199425475, 1.314382861111105 ], [ 103.81433176835364, 1.314380952813368 ], [ 103.814313900000428, 1.3143488 ] ], [ [ 103.81438695508605, 1.314428301053854 ], [ 103.814355579396945, 1.314423799065961 ], [ 103.814355461181705, 1.314423586346735 ], [ 103.814386701397794, 1.314428024981947 ], [ 103.81438695508605, 1.314428301053854 ] ], [ [ 103.815033252533667, 1.314875358298379 ], [ 103.815084837356565, 1.314772188637064 ], [ 103.815096969447495, 1.314756865815547 ], [ 103.815173626315342, 1.314839815176498 ], [ 103.815138243388674, 1.314870256352266 ], [ 103.815158824834981, 1.314894489544461 ], [ 103.815148523845281, 1.314903371519973 ], [ 103.815134844445637, 1.314885101453158 ], [ 103.815118983649754, 1.314897131139249 ], [ 103.81510894554431, 1.314903778890894 ], [ 103.815140216450047, 1.314951611030915 ], [ 103.815129256462043, 1.314961035639287 ], [ 103.815092367790967, 1.314916105527815 ], [ 103.815082267791297, 1.314924505527002 ], [ 103.815119293666143, 1.314969602751744 ], [ 103.815085381329865, 1.3149987643212 ], [ 103.815071949874579, 1.314990229647259 ], [ 103.815045421654688, 1.315032520514504 ], [ 103.815018906370852, 1.315025919438185 ], [ 103.815016006370044, 1.315037719438274 ], [ 103.81503862782381, 1.31504335113181 ], [ 103.81494510961889, 1.31519243635498 ], [ 103.814872012619361, 1.315197301806537 ], [ 103.814899377718604, 1.315155634775508 ], [ 103.814959211710317, 1.315131095427688 ], [ 103.814942539296823, 1.315089915484086 ], [ 103.81506818716305, 1.314898599731603 ], [ 103.815033252533667, 1.314875358298379 ] ], [ [ 103.815156266106698, 1.31468197417526 ], [ 103.815166132194264, 1.314669513313573 ], [ 103.815228609427137, 1.314697591980196 ], [ 103.815189347915208, 1.314717771552373 ], [ 103.815156266106698, 1.31468197417526 ] ], [ [ 103.815370065146311, 1.314429879180976 ], [ 103.815325274951704, 1.314429227288762 ], [ 103.8153249939744, 1.314428695718363 ], [ 103.815370138642322, 1.314414413418185 ], [ 103.81537891511158, 1.314419718993009 ], [ 103.815370065146311, 1.314429879180976 ] ], [ [ 103.815337099998288, 1.314293199998606 ], [ 103.815323569983164, 1.314285020796685 ], [ 103.815324382935842, 1.314282846095891 ], [ 103.815337099998288, 1.314293199998606 ] ], [ [ 103.815180069703175, 1.314103825953581 ], [ 103.815176383539821, 1.314106622566698 ], [ 103.81517494558662, 1.314105886831115 ], [ 103.815177253146388, 1.314102796108531 ], [ 103.815180069703175, 1.314103825953581 ] ], [ [ 103.815205887885739, 1.314121718598138 ], [ 103.815213405772013, 1.314116014939097 ], [ 103.815225147996799, 1.314120308361236 ], [ 103.81521260232789, 1.314125154072553 ], [ 103.815205887885739, 1.314121718598138 ] ], [ [ 103.81497529999865, 1.314377199999375 ], [ 103.814993161608285, 1.314389973572222 ], [ 103.815005505279444, 1.314411508901856 ], [ 103.81497529999865, 1.314377199999375 ] ], [ [ 103.81532504085105, 1.314387150779203 ], [ 103.815330405104433, 1.31439039359213 ], [ 103.815313000000671, 1.314395899999297 ], [ 103.81532504085105, 1.314387150779203 ] ], [ [ 103.815464820965005, 1.31446606556585 ], [ 103.815490513207507, 1.3144664394993 ], [ 103.815479443882538, 1.314494508137519 ], [ 103.815483262301782, 1.314496033545094 ], [ 103.815459308309684, 1.314511315979543 ], [ 103.815433272367372, 1.314502284886932 ], [ 103.815464820965005, 1.31446606556585 ] ], [ [ 103.815408575616559, 1.314530637954067 ], [ 103.815421821168869, 1.314535232441005 ], [ 103.815383000000452, 1.314559999998855 ], [ 103.815408575616559, 1.314530637954067 ] ], [ [ 103.815592032002371, 1.314539485589352 ], [ 103.815655900000365, 1.314564999999774 ], [ 103.815572443584244, 1.314579536287888 ], [ 103.815556416560639, 1.314562207925963 ], [ 103.815592032002371, 1.314539485589352 ] ], [ [ 103.815250735153128, 1.314707535775584 ], [ 103.81525130476652, 1.31470779177281 ], [ 103.815273353277192, 1.314742799765144 ], [ 103.815278545413435, 1.314739487229166 ], [ 103.815270684119938, 1.314746852551895 ], [ 103.815250735153128, 1.314707535775584 ] ], [ [ 103.81518366148326, 1.314850674095555 ], [ 103.815214853529312, 1.314887429827275 ], [ 103.815214815453899, 1.31488746256771 ], [ 103.815182540436467, 1.31484946102597 ], [ 103.81518366148326, 1.314850674095555 ] ], [ [ 103.815478422046851, 1.314742687615056 ], [ 103.81547765145713, 1.314741837582705 ], [ 103.81551958126029, 1.31470255313552 ], [ 103.815535429206435, 1.314699792769299 ], [ 103.815478422046851, 1.314742687615056 ] ], [ [ 103.815654860141294, 1.314678990506729 ], [ 103.81567489999874, 1.314675500000829 ], [ 103.815658104045681, 1.31468335762355 ], [ 103.815654860141294, 1.314678990506729 ] ], [ [ 103.815508599999603, 1.314801200000745 ], [ 103.815519729913689, 1.314792825333914 ], [ 103.81552029271198, 1.314794043956662 ], [ 103.815517843015485, 1.314797673466427 ], [ 103.815508599999603, 1.314801200000745 ] ], [ [ 103.815715634421281, 1.314847607620483 ], [ 103.815747500003596, 1.314832699998481 ], [ 103.815720863100026, 1.314848310149983 ], [ 103.815720777872187, 1.314847205596375 ], [ 103.815715634421281, 1.314847607620483 ] ], [ [ 103.814913090579353, 1.315243480589579 ], [ 103.814890982118229, 1.315278725538569 ], [ 103.814883374112654, 1.315276770329726 ], [ 103.814879820832701, 1.315273852320118 ], [ 103.814878475763351, 1.315275511485522 ], [ 103.814878336475715, 1.315275475688829 ], [ 103.814879718585473, 1.315273768412405 ], [ 103.814848062686025, 1.315247808948421 ], [ 103.814913090579353, 1.315243480589579 ] ], [ [ 103.814794057573152, 1.315202490615903 ], [ 103.814791132545693, 1.315200028699138 ], [ 103.814816848392837, 1.315189482018933 ], [ 103.814832550629148, 1.315199928458461 ], [ 103.814794057573152, 1.315202490615903 ] ], [ [ 103.814844573010873, 1.315317182617656 ], [ 103.814844672624886, 1.315317208217344 ], [ 103.814831592085753, 1.315333343278293 ], [ 103.814831523538331, 1.315333302212391 ], [ 103.814844573010873, 1.315317182617656 ] ], [ [ 103.81476448582643, 1.315416111749179 ], [ 103.814764490304796, 1.315416114431558 ], [ 103.814759800000289, 1.315421900000508 ], [ 103.81476448582643, 1.315416111749179 ] ], [ [ 103.815514850661657, 1.315002088415911 ], [ 103.815517056315969, 1.314996899428855 ], [ 103.815523957311171, 1.314997097462824 ], [ 103.815520948448182, 1.315000633458167 ], [ 103.815514850661657, 1.315002088415911 ] ], [ [ 103.815587143400421, 1.314922841594085 ], [ 103.815582648229665, 1.314928124288658 ], [ 103.815546728341886, 1.3149270935169 ], [ 103.815547208898167, 1.314925962967765 ], [ 103.815587143400421, 1.314922841594085 ] ], [ [ 103.815120539219095, 1.315021104500799 ], [ 103.815145116718938, 1.315001055026303 ], [ 103.815147107942764, 1.315003480321703 ], [ 103.815123991481997, 1.315023298153034 ], [ 103.815120539219095, 1.315021104500799 ] ], [ [ 103.815155295768875, 1.31499275130882 ], [ 103.815163002386427, 1.314986464517068 ], [ 103.815164422397373, 1.314988636572603 ], [ 103.815157083252714, 1.314994928449581 ], [ 103.815155295768875, 1.31499275130882 ] ], [ [ 103.815833700000852, 1.314981699999468 ], [ 103.815859108782291, 1.314966809569503 ], [ 103.815856468717911, 1.31498018935372 ], [ 103.815833700000852, 1.314981699999468 ] ], [ [ 103.815545500419205, 1.315044099900008 ], [ 103.815628187364538, 1.315024370441884 ], [ 103.815628117369911, 1.315024408227548 ], [ 103.815545500419205, 1.315044099900008 ] ], [ [ 103.815550700001879, 1.315066199999341 ], [ 103.815506299022331, 1.315090168722555 ], [ 103.8155205871969, 1.315073377357427 ], [ 103.815550700001879, 1.315066199999341 ] ], [ [ 103.815367453269474, 1.315268510974299 ], [ 103.815355734121837, 1.315247533195461 ], [ 103.81541129744177, 1.315208868345307 ], [ 103.815416411923877, 1.31521846570158 ], [ 103.815438671405673, 1.315260653837354 ], [ 103.815367453269474, 1.315268510974299 ] ], [ [ 103.815459056906633, 1.315299290238188 ], [ 103.815483891500051, 1.315346358948766 ], [ 103.815342918935357, 1.315318512399735 ], [ 103.815356987447927, 1.315310551045146 ], [ 103.815459056906633, 1.315299290238188 ] ], [ [ 103.815507677403787, 1.315354872898177 ], [ 103.815537687095315, 1.315338833482278 ], [ 103.81553130266073, 1.315390592138882 ], [ 103.815519426647839, 1.315401390522907 ], [ 103.815528696768638, 1.315411718124462 ], [ 103.815512298504458, 1.315544658945048 ], [ 103.815576109142896, 1.315552632183897 ], [ 103.815528821562907, 1.315582095439049 ], [ 103.815521841533155, 1.315582659736875 ], [ 103.815463146918844, 1.315512326858838 ], [ 103.815445032553612, 1.315471050886378 ], [ 103.81546256365715, 1.315480499113728 ], [ 103.815481663655731, 1.315444599112069 ], [ 103.815419820300662, 1.31541126920326 ], [ 103.815413601584225, 1.315388056243101 ], [ 103.81538909089484, 1.315394707871323 ], [ 103.815388732179599, 1.315394514544505 ], [ 103.815413517369805, 1.315387742950682 ], [ 103.815409601771179, 1.315373225121435 ], [ 103.815500593829753, 1.315391198934127 ], [ 103.815507677403787, 1.315354872898177 ] ], [ [ 103.815559051703133, 1.315327414643611 ], [ 103.815634382956887, 1.315287152001833 ], [ 103.815640585710625, 1.31529122541842 ], [ 103.815595742836919, 1.315331999257322 ], [ 103.815559051703133, 1.315327414643611 ] ], [ [ 103.815645772189043, 1.31509509989206 ], [ 103.815645737764925, 1.315095449283149 ], [ 103.815583899870475, 1.315128500069344 ], [ 103.815645772189043, 1.31509509989206 ] ], [ [ 103.816219063566592, 1.315061440973581 ], [ 103.816228872964629, 1.315011606627508 ], [ 103.816245398428848, 1.315023245964236 ], [ 103.816240623499255, 1.315036583602538 ], [ 103.816239051472408, 1.315038899095311 ], [ 103.816239647736836, 1.315039309165485 ], [ 103.816230325934782, 1.315065347418206 ], [ 103.816219063566592, 1.315061440973581 ] ], [ [ 103.816113396649541, 1.315507773783006 ], [ 103.816132429257451, 1.315512061761132 ], [ 103.816172514720918, 1.315331828523534 ], [ 103.816210104280074, 1.315345460461665 ], [ 103.816210478947198, 1.315346593603315 ], [ 103.816176884133966, 1.315362022565516 ], [ 103.816215784128516, 1.315447822568483 ], [ 103.816251442173723, 1.315431446033944 ], [ 103.816271258484051, 1.315460398001993 ], [ 103.816360827217053, 1.315398296318398 ], [ 103.816258859044851, 1.315508089246443 ], [ 103.816304459044744, 1.315550989248462 ], [ 103.816332492588884, 1.315520804489025 ], [ 103.816344852756103, 1.315531099491939 ], [ 103.816320150618353, 1.315564230296484 ], [ 103.816391250620626, 1.315617930299449 ], [ 103.816423617255523, 1.315574519776394 ], [ 103.81643955059188, 1.315581519777733 ], [ 103.81646896386286, 1.315513700352417 ], [ 103.816505199999966, 1.315465099998818 ], [ 103.816435809238712, 1.3156429554116 ], [ 103.816506909242889, 1.315671055413713 ], [ 103.816533874078544, 1.315601941861408 ], [ 103.816540824266824, 1.315602923222815 ], [ 103.816544900436625, 1.315573680207942 ], [ 103.816576299999952, 1.315493200000734 ], [ 103.816554678661731, 1.315576529649506 ], [ 103.816549746835136, 1.315577874693047 ], [ 103.816552080569892, 1.315586542817028 ], [ 103.816528330631087, 1.315678076186999 ], [ 103.816580409574541, 1.315691764418576 ], [ 103.816637704844226, 1.315904574548778 ], [ 103.816606952443365, 1.315898726780238 ], [ 103.816596252438828, 1.315955726779721 ], [ 103.816617292373721, 1.315959727659975 ], [ 103.816607268703578, 1.315975746794199 ], [ 103.81659597675565, 1.315989120337596 ], [ 103.816592963737591, 1.315989086796973 ], [ 103.816592931840361, 1.315991989401219 ], [ 103.816571297224542, 1.316006173684561 ], [ 103.816567979943557, 1.316006030586212 ], [ 103.816411605158962, 1.315950066669595 ], [ 103.816348000002961, 1.316130099989504 ], [ 103.816404263484799, 1.315947607638423 ], [ 103.816240963494721, 1.315896607642675 ], [ 103.816184700000449, 1.316079099999932 ], [ 103.816226850366093, 1.315892792672976 ], [ 103.816051872165076, 1.315852691465135 ], [ 103.81600462621816, 1.315839722739828 ], [ 103.816028574177579, 1.315806495301964 ], [ 103.815901759187767, 1.315713909507632 ], [ 103.815901110440251, 1.315700490685135 ], [ 103.816059726717924, 1.315737954504875 ], [ 103.816113396649541, 1.315507773783006 ] ], [ [ 103.815628046707985, 1.315559121861807 ], [ 103.815700699997436, 1.315568200000265 ], [ 103.815636807594544, 1.315573365355531 ], [ 103.815628046707985, 1.315559121861807 ] ], [ [ 103.81533277825541, 1.315358050041574 ], [ 103.815325010442464, 1.315360172295679 ], [ 103.81531429999994, 1.31535440000019 ], [ 103.81533277825541, 1.315358050041574 ] ], [ [ 103.815040259886786, 1.315462560423245 ], [ 103.815047040353377, 1.31548770031365 ], [ 103.815051735026273, 1.315505224397428 ], [ 103.815008700000035, 1.315568099999081 ], [ 103.815039396379362, 1.315461014706669 ], [ 103.815040259886786, 1.315462560423245 ] ], [ [ 103.815270448565244, 1.315426904621553 ], [ 103.81527041512436, 1.315426840097605 ], [ 103.815273289708827, 1.315426054728492 ], [ 103.815273350614817, 1.315426117073121 ], [ 103.815270448565244, 1.315426904621553 ] ], [ [ 103.815318279535958, 1.315413924416626 ], [ 103.81531815506608, 1.315413797007926 ], [ 103.815331853957261, 1.315410054316543 ], [ 103.815332083890937, 1.315410178237873 ], [ 103.815318279535958, 1.315413924416626 ] ], [ [ 103.815241900000473, 1.315481100000443 ], [ 103.81521534776769, 1.315492903992651 ], [ 103.815213154408369, 1.315489956486747 ], [ 103.815200470010836, 1.315499518009899 ], [ 103.815103570389141, 1.31554259545309 ], [ 103.815123707327501, 1.315513174715481 ], [ 103.815241900000473, 1.315481100000443 ] ], [ [ 103.815300400000524, 1.315614399999551 ], [ 103.815288871097792, 1.315624146078908 ], [ 103.815287548902489, 1.31562011305063 ], [ 103.815300400000524, 1.315614399999551 ] ], [ [ 103.815109496158072, 1.3156523138744 ], [ 103.815099300000227, 1.315655700000214 ], [ 103.815108078235525, 1.315649082950748 ], [ 103.815109496158072, 1.3156523138744 ] ], [ [ 103.815077841951052, 1.315580185556448 ], [ 103.815081723225134, 1.315589029555886 ], [ 103.815061200000557, 1.315604499999899 ], [ 103.815077841951052, 1.315580185556448 ] ], [ [ 103.815119199998634, 1.315716400000735 ], [ 103.815218913778423, 1.315683285232201 ], [ 103.815181146710742, 1.315715212016822 ], [ 103.815119199998634, 1.315716400000735 ] ], [ [ 103.815310597824762, 1.315796451296516 ], [ 103.815323338542427, 1.315785680797791 ], [ 103.815316417370198, 1.315825396231921 ], [ 103.81531127086437, 1.315832002037422 ], [ 103.815310597824762, 1.315796451296516 ] ], [ [ 103.81532373295191, 1.315785347379499 ], [ 103.815393700000399, 1.315726199999985 ], [ 103.815344731023657, 1.315789054201577 ], [ 103.81532373295191, 1.315785347379499 ] ], [ [ 103.81534670994499, 1.315971668598153 ], [ 103.815345050276306, 1.315965371200281 ], [ 103.81548060000182, 1.31598930000015 ], [ 103.815360436582935, 1.315999296608875 ], [ 103.81534670994499, 1.315971668598153 ] ], [ [ 103.815671816221155, 1.315998078191771 ], [ 103.815677463287301, 1.315965673870094 ], [ 103.815756799999022, 1.315922700000916 ], [ 103.815672099952863, 1.316001533038562 ], [ 103.815671816221155, 1.315998078191771 ] ], [ [ 103.815799800000633, 1.315969500000134 ], [ 103.815759654098073, 1.316066186909014 ], [ 103.815701249008669, 1.316061224554716 ], [ 103.815799800000633, 1.315969500000134 ] ], [ [ 103.815639099999814, 1.316247700002536 ], [ 103.815638605506436, 1.316253595564767 ], [ 103.815637864150432, 1.316253400810878 ], [ 103.815639099999814, 1.316247700002536 ] ], [ [ 103.815156383652493, 1.316427827472517 ], [ 103.815144646679173, 1.316433308170713 ], [ 103.815116371554183, 1.316354398906172 ], [ 103.815156383652493, 1.316427827472517 ] ], [ [ 103.815182186210208, 1.31647517926985 ], [ 103.81517596920348, 1.316477294813541 ], [ 103.815178945018658, 1.316469231166627 ], [ 103.815182186210208, 1.31647517926985 ] ], [ [ 103.814297800000077, 1.316286899999905 ], [ 103.814341550174746, 1.316284198373496 ], [ 103.814331243563245, 1.316296993002069 ], [ 103.814297800000077, 1.316286899999905 ] ], [ [ 103.81562852562864, 1.316475287702216 ], [ 103.815631715886241, 1.316462985937683 ], [ 103.815641299999939, 1.316480599999703 ], [ 103.81562852562864, 1.316475287702216 ] ], [ [ 103.815692578539583, 1.316443999676532 ], [ 103.815698699215233, 1.316444519716202 ], [ 103.815694600000313, 1.31646369999856 ], [ 103.815692578539583, 1.316443999676532 ] ], [ [ 103.815664132973339, 1.316441582815289 ], [ 103.815666700000079, 1.316466600001334 ], [ 103.81565255233869, 1.316440598872583 ], [ 103.815664132973339, 1.316441582815289 ] ], [ [ 103.815625699999813, 1.31651859999991 ], [ 103.815617267158714, 1.316518700836879 ], [ 103.815618111673928, 1.316515444349747 ], [ 103.815625699999813, 1.31651859999991 ] ], [ [ 103.815614545820878, 1.316578041747785 ], [ 103.815626399994642, 1.316577900000121 ], [ 103.8156145924507, 1.316579000006559 ], [ 103.815614545820878, 1.316578041747785 ] ], [ [ 103.815815944268167, 1.316551041788212 ], [ 103.815815931315129, 1.316549944522502 ], [ 103.815819653133886, 1.316550269291686 ], [ 103.815815944268167, 1.316551041788212 ] ], [ [ 103.815910673912072, 1.316531311126985 ], [ 103.815853161809727, 1.316526292582484 ], [ 103.815878283954305, 1.316513654606487 ], [ 103.815930958442024, 1.316527086185554 ], [ 103.815910673912072, 1.316531311126985 ] ], [ [ 103.815618789225553, 1.316665245004601 ], [ 103.815624133387487, 1.316664747134907 ], [ 103.815624696070415, 1.31666748372643 ], [ 103.815619004397277, 1.316669666850917 ], [ 103.815618789225553, 1.316665245004601 ] ], [ [ 103.816060624118677, 1.316571296575836 ], [ 103.816071600000328, 1.31661229999984 ], [ 103.816057288796898, 1.316571005533466 ], [ 103.816060624118677, 1.316571296575836 ] ], [ [ 103.816009802509029, 1.316632258109341 ], [ 103.816013599999664, 1.316622000001023 ], [ 103.816013488402902, 1.316638843745556 ], [ 103.816009802509029, 1.316632258109341 ] ], [ [ 103.816043157006405, 1.316658876136026 ], [ 103.816043399999927, 1.316622200000498 ], [ 103.816054050455747, 1.316652931511237 ], [ 103.816043157006405, 1.316658876136026 ] ], [ [ 103.815625873134564, 1.316804346074803 ], [ 103.815662468206142, 1.316790309504467 ], [ 103.815664504707584, 1.316793948148721 ], [ 103.815628325810309, 1.316818348253356 ], [ 103.815625873134564, 1.316804346074803 ] ], [ [ 103.815670733409391, 1.316899438562347 ], [ 103.815709073935722, 1.31687358059239 ], [ 103.815709901304785, 1.316875058862765 ], [ 103.815675020253408, 1.316902100091916 ], [ 103.815670733409391, 1.316899438562347 ] ], [ [ 103.815679237715642, 1.317084463160967 ], [ 103.815677832363548, 1.317086417380735 ], [ 103.815675108579242, 1.317085428307454 ], [ 103.815674415044313, 1.317081468958862 ], [ 103.815679237715642, 1.317084463160967 ] ], [ [ 103.815231086462077, 1.31656491900168 ], [ 103.815196342017259, 1.316577577760713 ], [ 103.815191927223111, 1.31656525710319 ], [ 103.815216357612357, 1.316537889223841 ], [ 103.815231086462077, 1.31656491900168 ] ], [ [ 103.814737600000512, 1.316666299999915 ], [ 103.814746113055236, 1.316694294110345 ], [ 103.81474438599983, 1.316692977033187 ], [ 103.814736552439371, 1.316666660104623 ], [ 103.814737600000512, 1.316666299999915 ] ], [ [ 103.814702298762953, 1.316647503696873 ], [ 103.814702243450711, 1.316647522710723 ], [ 103.814702123098058, 1.316647017122056 ], [ 103.814702151225475, 1.316647008043351 ], [ 103.814702298762953, 1.316647503696873 ] ], [ [ 103.814588387028849, 1.316684828538968 ], [ 103.814590043759466, 1.316686091985974 ], [ 103.81458721195645, 1.316687065434396 ], [ 103.814588387028849, 1.316684828538968 ] ], [ [ 103.81607286389513, 1.316955691746314 ], [ 103.81607069526126, 1.316952541398686 ], [ 103.816068403285897, 1.316924072568098 ], [ 103.816081032264464, 1.316955988121009 ], [ 103.816076785187292, 1.316951729923079 ], [ 103.81607286389513, 1.316955691746314 ] ], [ [ 103.816552579978861, 1.316533969991683 ], [ 103.816673528504253, 1.316500909382521 ], [ 103.816669486737297, 1.316506171485134 ], [ 103.816717607802303, 1.316543612623071 ], [ 103.816721302639081, 1.316624095944525 ], [ 103.816684674074892, 1.316751245605395 ], [ 103.816666692577257, 1.316757609427938 ], [ 103.81671945330018, 1.316597879244857 ], [ 103.816580559909497, 1.316551405556325 ], [ 103.816552579978861, 1.316533969991683 ] ], [ [ 103.817360537023987, 1.316251458582152 ], [ 103.817365552531598, 1.316236993452925 ], [ 103.817138352545626, 1.31615719345831 ], [ 103.817126942279117, 1.316190101581842 ], [ 103.817085456961166, 1.316124926566131 ], [ 103.817049858881077, 1.316147879689719 ], [ 103.816992304672866, 1.316151915958805 ], [ 103.81705121093556, 1.316084726860641 ], [ 103.816972400857722, 1.316014735184767 ], [ 103.816972451365558, 1.316010138942588 ], [ 103.816973788068978, 1.316003018184022 ], [ 103.817024903278238, 1.31591685467053 ], [ 103.81693997919777, 1.315865820666621 ], [ 103.816939177103805, 1.315862113601882 ], [ 103.816996443909332, 1.315894137379394 ], [ 103.816999260580786, 1.315899512836533 ], [ 103.817002747176844, 1.315897662185771 ], [ 103.817027853188748, 1.315911701545997 ], [ 103.817049220953223, 1.315872994362998 ], [ 103.817095356949778, 1.315848505829226 ], [ 103.817268279044384, 1.315937899746286 ], [ 103.817195670070888, 1.315969757861797 ], [ 103.817225470066575, 1.316038557864147 ], [ 103.8173995, 1.315962200000544 ], [ 103.817278425292074, 1.316109375884369 ], [ 103.817336025292661, 1.316157375887244 ], [ 103.817457100000482, 1.316010200000649 ], [ 103.817442969131207, 1.316071946404212 ], [ 103.817417766947941, 1.316103977563306 ], [ 103.81743288175339, 1.316116024317482 ], [ 103.817421882387478, 1.316164087266972 ], [ 103.81739043559547, 1.31615137258779 ], [ 103.817371835593036, 1.316197972586965 ], [ 103.817547999999348, 1.316269200000151 ], [ 103.817433120914387, 1.316262574944811 ], [ 103.817386951387121, 1.316222487295941 ], [ 103.817372216106733, 1.316239678455016 ], [ 103.817369458161409, 1.316238566883565 ], [ 103.817366511505796, 1.316245972811608 ], [ 103.817360537023987, 1.316251458582152 ] ], [ [ 103.817510215013897, 1.316113552705395 ], [ 103.817516466950508, 1.31608623417179 ], [ 103.817555742679076, 1.316135111654397 ], [ 103.817560075780762, 1.316153292571322 ], [ 103.817510215013897, 1.316113552705395 ] ], [ [ 103.817866624035602, 1.315889815805379 ], [ 103.817869896834907, 1.315889775515551 ], [ 103.817862460778969, 1.315909099643697 ], [ 103.817860958353606, 1.315907229920085 ], [ 103.817866624035602, 1.315889815805379 ] ], [ [ 103.817878755268794, 1.315866755042663 ], [ 103.817878588608266, 1.315853041331963 ], [ 103.817883648916919, 1.315837487900302 ], [ 103.8178886404568, 1.315841066336847 ], [ 103.817878755268794, 1.315866755042663 ] ], [ [ 103.817943442295061, 1.315880353794909 ], [ 103.817960004913189, 1.315892227540893 ], [ 103.817910795242653, 1.315966496106966 ], [ 103.817910444214547, 1.315966106133699 ], [ 103.817943442295061, 1.315880353794909 ] ], [ [ 103.817566599999068, 1.316222599998743 ], [ 103.817492148256989, 1.316192497411048 ], [ 103.817497807014661, 1.316167770840691 ], [ 103.817566599999068, 1.316222599998743 ] ], [ [ 103.817558350568589, 1.316310329555665 ], [ 103.817555839698301, 1.316313686738413 ], [ 103.81754569999984, 1.316309600000106 ], [ 103.817558350568589, 1.316310329555665 ] ], [ [ 103.817600702023952, 1.316398026528964 ], [ 103.817613639581907, 1.316380728248713 ], [ 103.817622585800734, 1.316384333962995 ], [ 103.817601128091368, 1.31639849176488 ], [ 103.817600702023952, 1.316398026528964 ] ], [ [ 103.817638779279406, 1.316347114986361 ], [ 103.817661828291691, 1.316316297091704 ], [ 103.817664925460349, 1.316316475705219 ], [ 103.817702442280932, 1.316331644633384 ], [ 103.81766374486638, 1.316357177199507 ], [ 103.817638779279406, 1.316347114986361 ] ], [ [ 103.818060988041807, 1.315964622374875 ], [ 103.818094262063624, 1.315988476529566 ], [ 103.818012700000452, 1.316037500000517 ], [ 103.818060988041807, 1.315964622374875 ] ], [ [ 103.818779261527055, 1.31587003003905 ], [ 103.81877966663393, 1.315869441245774 ], [ 103.818797316762854, 1.315898699513936 ], [ 103.818797091008861, 1.315898913605571 ], [ 103.818779261527055, 1.31587003003905 ] ], [ [ 103.818291257353138, 1.316134292569212 ], [ 103.818308650848024, 1.316147707893391 ], [ 103.818300691245298, 1.316150191830966 ], [ 103.818291257353138, 1.316134292569212 ] ], [ [ 103.817266278350118, 1.316611828291654 ], [ 103.817274993785801, 1.316616080751217 ], [ 103.81724053125474, 1.316724250923667 ], [ 103.817329785503233, 1.316753056084678 ], [ 103.817281661063561, 1.316786403722233 ], [ 103.817267853163088, 1.31679596597933 ], [ 103.817262489435024, 1.316797753888818 ], [ 103.817201507236547, 1.316815928975372 ], [ 103.817157723865904, 1.316822568796444 ], [ 103.817058157209544, 1.316827094553539 ], [ 103.817094738495697, 1.316700108942958 ], [ 103.816912400000689, 1.31664690000067 ], [ 103.817089696296691, 1.316638654976364 ], [ 103.817099192985197, 1.316647929620007 ], [ 103.817171024912483, 1.316573423100279 ], [ 103.817197989367727, 1.316582893890229 ], [ 103.817151149409938, 1.31668396574296 ], [ 103.817218249413642, 1.316715465745385 ], [ 103.817266278350118, 1.316611828291654 ] ], [ [ 103.817013302874614, 1.316886328108695 ], [ 103.817036343966819, 1.316893051822644 ], [ 103.817039613004482, 1.316965904342484 ], [ 103.817028394248737, 1.316958221933384 ], [ 103.817022475051729, 1.316966978054176 ], [ 103.81701508268047, 1.316947244079845 ], [ 103.817023381244795, 1.316931885540378 ], [ 103.817005705171496, 1.316922210773339 ], [ 103.817005019176577, 1.316920379505476 ], [ 103.817013302874614, 1.316886328108695 ] ], [ [ 103.816438253825751, 1.317263388911118 ], [ 103.816456028282943, 1.317255228214942 ], [ 103.816463132923616, 1.317260427377884 ], [ 103.816438253825751, 1.317263388911118 ] ], [ [ 103.816614521849729, 1.317242406486526 ], [ 103.816614843805354, 1.317241960823232 ], [ 103.816615985018274, 1.31724223231487 ], [ 103.816614521849729, 1.317242406486526 ] ], [ [ 103.816619269796035, 1.317243013754214 ], [ 103.816619613497593, 1.317243095520141 ], [ 103.816619289626843, 1.317243182506076 ], [ 103.816619269796035, 1.317243013754214 ] ], [ [ 103.817723340064617, 1.316767924263347 ], [ 103.817717264760773, 1.316764398757533 ], [ 103.817725863543089, 1.316767108584839 ], [ 103.817723340064617, 1.316767924263347 ] ], [ [ 103.81759669172429, 1.316935391960072 ], [ 103.817621569467519, 1.316927350585344 ], [ 103.817603556031273, 1.316945426533535 ], [ 103.81759669172429, 1.316935391960072 ] ], [ [ 103.817585184572366, 1.317084917969227 ], [ 103.817587817636607, 1.317084402603028 ], [ 103.817588102134749, 1.317086296402282 ], [ 103.817585505908013, 1.317086013994297 ], [ 103.817585184572366, 1.317084917969227 ] ], [ [ 103.817022512868633, 1.317265842590293 ], [ 103.817020402231947, 1.317264646977395 ], [ 103.817020436312148, 1.317264653450158 ], [ 103.817022534010633, 1.317265843965067 ], [ 103.817022512868633, 1.317265842590293 ] ], [ [ 103.817170531620448, 1.317256271921909 ], [ 103.817170091613349, 1.31725921520632 ], [ 103.817168568060737, 1.317258640240224 ], [ 103.817170531620448, 1.317256271921909 ] ], [ [ 103.815820561546531, 1.317464234071618 ], [ 103.815819141109898, 1.317471271134408 ], [ 103.815741417197302, 1.317435705269405 ], [ 103.815742675936363, 1.317434287457076 ], [ 103.815820561546531, 1.317464234071618 ] ], [ [ 103.815591951071966, 1.317852624146124 ], [ 103.815597197006753, 1.317851501180801 ], [ 103.815664725504632, 1.317901872203444 ], [ 103.815672684989011, 1.317891063026499 ], [ 103.815675226139632, 1.317978609959514 ], [ 103.815634079978253, 1.318486470666218 ], [ 103.815742596847329, 1.318495376674324 ], [ 103.815743968071459, 1.318511208096008 ], [ 103.815743106183248, 1.318519309839476 ], [ 103.815637672834015, 1.318542067628673 ], [ 103.815649072830453, 1.318595567629744 ], [ 103.815736416201247, 1.3185767145626 ], [ 103.815731841042322, 1.318609111617483 ], [ 103.815770510107711, 1.318614643404181 ], [ 103.815771945142842, 1.318618276053534 ], [ 103.815731284326233, 1.318613401879511 ], [ 103.815724123642539, 1.318673912355535 ], [ 103.815704681018005, 1.318694732780695 ], [ 103.815719950510172, 1.318709176895708 ], [ 103.815705084309812, 1.318834801877121 ], [ 103.815893599999768, 1.318857399999919 ], [ 103.815703894795405, 1.318864811914519 ], [ 103.815707994787687, 1.318971111914696 ], [ 103.815897700000093, 1.318963699999897 ], [ 103.815718088477681, 1.31902559582396 ], [ 103.815772186352831, 1.319184616659586 ], [ 103.815772364907431, 1.319185288022261 ], [ 103.815727338073643, 1.319256034059075 ], [ 103.815887199999224, 1.319359099999257 ], [ 103.815700480608527, 1.319324553328053 ], [ 103.815694816293941, 1.31935556543904 ], [ 103.815693326205064, 1.319353985337016 ], [ 103.81563993511908, 1.319267812878411 ], [ 103.815597077352834, 1.31916572868889 ], [ 103.815484725948878, 1.31921350915586 ], [ 103.815477350863503, 1.319212421348224 ], [ 103.81559209724351, 1.319154833394558 ], [ 103.815554526507185, 1.31907900044656 ], [ 103.815539887807262, 1.319005060102115 ], [ 103.815372713400876, 1.319038586869887 ], [ 103.815374512017186, 1.31903424597799 ], [ 103.815465209427018, 1.318998711279462 ], [ 103.815524037171429, 1.319001504619593 ], [ 103.815525271161746, 1.318975179450681 ], [ 103.815530616190003, 1.318973085300845 ], [ 103.815527470012981, 1.318964950886502 ], [ 103.815554442386869, 1.318885109772623 ], [ 103.815450976214478, 1.318849702540413 ], [ 103.815454522209393, 1.318841144415314 ], [ 103.815411066005822, 1.318822904942037 ], [ 103.815418135690933, 1.318822769820587 ], [ 103.815455883129516, 1.318837769703554 ], [ 103.815462096933118, 1.318821929595002 ], [ 103.815564513863848, 1.318819972111255 ], [ 103.815563213858894, 1.318751072110921 ], [ 103.815373399999373, 1.318754700000451 ], [ 103.815462889322831, 1.318740274211475 ], [ 103.81548130265405, 1.318740679696033 ], [ 103.815481376253373, 1.318737294095456 ], [ 103.815549591289994, 1.318726297745431 ], [ 103.81555376679205, 1.318726807478062 ], [ 103.815553912162002, 1.318725601214963 ], [ 103.815560858877149, 1.318724481395597 ], [ 103.815556982602047, 1.318700123084363 ], [ 103.815561044207271, 1.31866642037778 ], [ 103.815572174764569, 1.318630945440399 ], [ 103.815600955179278, 1.318559449775675 ], [ 103.815427335851027, 1.318488652496518 ], [ 103.815427596289382, 1.318487973900268 ], [ 103.815613813649009, 1.31850761925703 ], [ 103.815633913634429, 1.318314619255354 ], [ 103.815465106411693, 1.318296810615159 ], [ 103.815465553825035, 1.31829412136085 ], [ 103.815634873093998, 1.318289331309996 ], [ 103.815625432798328, 1.317951303400823 ], [ 103.815660166752352, 1.317907815356805 ], [ 103.815591951071966, 1.317852624146124 ] ], [ [ 103.815624197754559, 1.317735305867075 ], [ 103.815625994567739, 1.317726024498766 ], [ 103.815745040599836, 1.31778901532617 ], [ 103.815759363077063, 1.317761595975838 ], [ 103.815858200000648, 1.31781130000043 ], [ 103.815725368783845, 1.317819517127224 ], [ 103.815729525502988, 1.317813872199582 ], [ 103.815624197754559, 1.317735305867075 ] ], [ [ 103.815700735467587, 1.317519994584557 ], [ 103.815710324082445, 1.317522720048798 ], [ 103.815720481488299, 1.317527368000011 ], [ 103.815720275374872, 1.317530333736651 ], [ 103.815700735467587, 1.317519994584557 ] ], [ [ 103.815793927437213, 1.317560976300144 ], [ 103.815806682170162, 1.317566812767319 ], [ 103.815806183083978, 1.317571612797547 ], [ 103.815807512365538, 1.317571752804411 ], [ 103.815802817729605, 1.317574009373458 ], [ 103.815775770878105, 1.317559698072705 ], [ 103.815793927437213, 1.317560976300144 ] ], [ [ 103.815841459104789, 1.317586751741106 ], [ 103.815845749291555, 1.317584689579489 ], [ 103.81584796073318, 1.317585701518541 ], [ 103.815853649763284, 1.317615689843191 ], [ 103.815839336809631, 1.317608492012502 ], [ 103.815845540590857, 1.317596615319578 ], [ 103.815837312261394, 1.317592261463799 ], [ 103.815841459104789, 1.317586751741106 ] ], [ [ 103.815880964655207, 1.317606151338558 ], [ 103.815884703446926, 1.317609641961887 ], [ 103.815892004976249, 1.317634978266942 ], [ 103.815885845755162, 1.317631880861492 ], [ 103.815880964655207, 1.317606151338558 ] ], [ [ 103.816050818418006, 1.317850798778117 ], [ 103.81609267591584, 1.317766484249141 ], [ 103.816119989439642, 1.317736849073092 ], [ 103.81616256062081, 1.317707289680741 ], [ 103.816229126322355, 1.31769246132892 ], [ 103.816227536583767, 1.317685232222257 ], [ 103.81623043549682, 1.31768724257885 ], [ 103.81623152525043, 1.317691910500613 ], [ 103.816235732029853, 1.317690915654416 ], [ 103.816237754557662, 1.317692318249303 ], [ 103.816239210965492, 1.31769363726071 ], [ 103.816239381502839, 1.317693446514203 ], [ 103.81624176056782, 1.317695096363936 ], [ 103.816241362029345, 1.317695555935779 ], [ 103.816259462029706, 1.317711455936782 ], [ 103.816314223575034, 1.317648308088301 ], [ 103.816321857272797, 1.317677867469783 ], [ 103.816356282405195, 1.317668861786231 ], [ 103.816350779319606, 1.317688770794208 ], [ 103.81632804192239, 1.317697431409039 ], [ 103.816333951528264, 1.317713147769556 ], [ 103.816321356095557, 1.317719114027033 ], [ 103.816334577042767, 1.317747387233245 ], [ 103.816333416636866, 1.317751585337457 ], [ 103.816337010713895, 1.317752591679413 ], [ 103.816402200000397, 1.317892000000504 ], [ 103.816274335835644, 1.31775076027075 ], [ 103.816252635835554, 1.317770660269671 ], [ 103.816380500000975, 1.317911900001426 ], [ 103.81623251431796, 1.317792208345478 ], [ 103.816160814316362, 1.317882008341469 ], [ 103.816308799999348, 1.318001699999833 ], [ 103.816121984445957, 1.317967684592597 ], [ 103.816114884442655, 1.318007184592076 ], [ 103.816301699998888, 1.318041199999875 ], [ 103.816113662021706, 1.318067522452395 ], [ 103.816119162018779, 1.318107322453029 ], [ 103.816307199999784, 1.318081000000138 ], [ 103.816137045514736, 1.318165745255983 ], [ 103.816154745512961, 1.318201745257158 ], [ 103.816324899999884, 1.318117000000145 ], [ 103.81619904921358, 1.318260059851198 ], [ 103.816240593401332, 1.318297080982016 ], [ 103.816138199493594, 1.318478291571764 ], [ 103.816124843996846, 1.318473676926738 ], [ 103.816124188707732, 1.318475598054012 ], [ 103.816121410786877, 1.318468566025433 ], [ 103.816104789407333, 1.318276664806321 ], [ 103.816105645652655, 1.318104556758575 ], [ 103.816046002772367, 1.318104256179519 ], [ 103.816050383623747, 1.318050183893443 ], [ 103.816092411594028, 1.318033503031746 ], [ 103.816065611590076, 1.317965103032945 ], [ 103.816054816486627, 1.317969387599382 ], [ 103.816054491824545, 1.317958202515739 ], [ 103.816061326044832, 1.317955022794788 ], [ 103.816053932268645, 1.317938924955972 ], [ 103.816051967052658, 1.317871220270121 ], [ 103.816040513083507, 1.317871557052385 ], [ 103.81604347742487, 1.317865585910652 ], [ 103.816051690422952, 1.317865077841696 ], [ 103.816050818418006, 1.317850798778117 ] ], [ [ 103.816225473780719, 1.317675851918256 ], [ 103.816215421737368, 1.317630141692428 ], [ 103.816217619344158, 1.317632345052782 ], [ 103.816227190767549, 1.317673343900899 ], [ 103.816225473780719, 1.317675851918256 ] ], [ [ 103.815935000001176, 1.317656600000653 ], [ 103.815932830551077, 1.317655509007843 ], [ 103.81593246212968, 1.317654230584556 ], [ 103.815935000001176, 1.317656600000653 ] ], [ [ 103.816362289226007, 1.317592881554811 ], [ 103.816364324029109, 1.317590535137737 ], [ 103.816365989819673, 1.317591913471399 ], [ 103.816362289226007, 1.317592881554811 ] ], [ [ 103.816407487395281, 1.31758105762219 ], [ 103.816408226339618, 1.317578384278351 ], [ 103.816408751580013, 1.317580726908302 ], [ 103.816407487395281, 1.31758105762219 ] ], [ [ 103.816385316759423, 1.317661266341457 ], [ 103.816421354883602, 1.317651838695114 ], [ 103.816421821952801, 1.317654835197478 ], [ 103.816415331379048, 1.317664183084722 ], [ 103.816380883731938, 1.317677304102826 ], [ 103.816385316759423, 1.317661266341457 ] ], [ [ 103.816363665595532, 1.317740109047463 ], [ 103.816395086732697, 1.317728140818789 ], [ 103.816399751752485, 1.317731421957045 ], [ 103.816404526509942, 1.317724545232672 ], [ 103.816407123960616, 1.317723555870097 ], [ 103.81642880000048, 1.317879399999968 ], [ 103.816363665595532, 1.317740109047463 ] ], [ [ 103.816601374379232, 1.317696994549816 ], [ 103.817035543617649, 1.31759838590324 ], [ 103.817037622963383, 1.317609690856551 ], [ 103.816961704963859, 1.31763194847957 ], [ 103.817012232198522, 1.3178065278521 ], [ 103.817011115684991, 1.31780676212311 ], [ 103.816939909370205, 1.317639818893266 ], [ 103.816784609378544, 1.317706918888122 ], [ 103.816859500000319, 1.317882500000184 ], [ 103.816747954297938, 1.317727883774843 ], [ 103.816673886407102, 1.317782012663503 ], [ 103.816648859778951, 1.317758950935376 ], [ 103.816601374379232, 1.317696994549816 ] ], [ [ 103.817063451090931, 1.317566083761825 ], [ 103.817049641460216, 1.317504491326738 ], [ 103.817050129041206, 1.317504606475459 ], [ 103.817050710148038, 1.317505532097393 ], [ 103.817051614139203, 1.317504957202354 ], [ 103.817201517991862, 1.317540359135893 ], [ 103.817063451090931, 1.317566083761825 ] ], [ [ 103.817219, 1.317353299999937 ], [ 103.817195123453033, 1.317370261962044 ], [ 103.817197416885691, 1.317366160762927 ], [ 103.817219, 1.317353299999937 ] ], [ [ 103.817547300000427, 1.317397000000405 ], [ 103.817559099104628, 1.317400197233416 ], [ 103.817558891231371, 1.317401013526993 ], [ 103.817547300000427, 1.317397000000405 ] ], [ [ 103.817874060472548, 1.317352563267396 ], [ 103.817773800002996, 1.317326700000074 ], [ 103.817876950877391, 1.317334431812535 ], [ 103.817874060472548, 1.317352563267396 ] ], [ [ 103.818080269789832, 1.317426864558943 ], [ 103.818089587460051, 1.317432343188609 ], [ 103.817986985128613, 1.317492274112432 ], [ 103.817986839780374, 1.317492193267662 ], [ 103.818080269789832, 1.317426864558943 ] ], [ [ 103.818132565918546, 1.317390297733581 ], [ 103.818141314466345, 1.317384180519211 ], [ 103.818138490950432, 1.317380090041605 ], [ 103.818199200000393, 1.317275500000039 ], [ 103.818159069772889, 1.31741371400759 ], [ 103.81814959919231, 1.317397289804922 ], [ 103.818117688100898, 1.317415929355679 ], [ 103.818132565918546, 1.317390297733581 ] ], [ [ 103.817198307943187, 1.317589878217591 ], [ 103.817191371087446, 1.317616921198263 ], [ 103.817103445691757, 1.317698497649095 ], [ 103.81707847099409, 1.317612206238211 ], [ 103.817198307943187, 1.317589878217591 ] ], [ [ 103.817127699999972, 1.317782300000216 ], [ 103.817117916419036, 1.317748496230257 ], [ 103.817134588662839, 1.317766699314878 ], [ 103.817127700000853, 1.317782299999312 ], [ 103.817127699999972, 1.317782300000216 ] ], [ [ 103.816608220107909, 1.317788755380459 ], [ 103.816513299999912, 1.317893100000533 ], [ 103.816581494680847, 1.317753885485888 ], [ 103.816608220107909, 1.317788755380459 ] ], [ [ 103.816561473697732, 1.317727763186599 ], [ 103.816486899999816, 1.317880000000691 ], [ 103.816511057948262, 1.317729005338419 ], [ 103.816517268011495, 1.317750430108913 ], [ 103.816540768012516, 1.31774353010826 ], [ 103.816531855996871, 1.317712783577387 ], [ 103.816533879625482, 1.317712323970404 ], [ 103.816547303800718, 1.317709275069353 ], [ 103.816561473697732, 1.317727763186599 ] ], [ [ 103.816474551028094, 1.317771225930028 ], [ 103.816457900000444, 1.31787530000011 ], [ 103.81644224038925, 1.317762712171218 ], [ 103.816453883264145, 1.317760873822032 ], [ 103.816474551028094, 1.317771225930028 ] ], [ [ 103.816793021994215, 1.318046712878999 ], [ 103.816793085680274, 1.318046801154457 ], [ 103.816792200000023, 1.318047300000591 ], [ 103.816793021994215, 1.318046712878999 ] ], [ [ 103.816809320424753, 1.31806930452921 ], [ 103.816810240502434, 1.318070579870361 ], [ 103.816807509141981, 1.318071062592017 ], [ 103.816807142239995, 1.318070531357642 ], [ 103.816809320424753, 1.31806930452921 ] ], [ [ 103.816463261885019, 1.31828194653735 ], [ 103.816463479324469, 1.318281699364223 ], [ 103.816466500000502, 1.318283800000474 ], [ 103.816463261885019, 1.31828194653735 ] ], [ [ 103.815974618543166, 1.317869845623693 ], [ 103.81598147366806, 1.317873292992167 ], [ 103.815862199999813, 1.317876799999967 ], [ 103.815974618543166, 1.317869845623693 ] ], [ [ 103.815992670421437, 1.317994053313042 ], [ 103.815979721332113, 1.317992990579369 ], [ 103.81600898501523, 1.317979375223971 ], [ 103.816031305921811, 1.317978718920817 ], [ 103.815992670421437, 1.317994053313042 ] ], [ [ 103.81608167158285, 1.318600246453864 ], [ 103.816079898641874, 1.31860544422293 ], [ 103.816077524800292, 1.318605104633734 ], [ 103.81607901959336, 1.318599960665189 ], [ 103.81608167158285, 1.318600246453864 ] ], [ [ 103.814655699999847, 1.319624900000384 ], [ 103.814702159718863, 1.319649736605244 ], [ 103.814702152593284, 1.319649744956093 ], [ 103.814655699999847, 1.319624900000384 ] ], [ [ 103.81482822515315, 1.319705321465355 ], [ 103.814830077148642, 1.319701812128515 ], [ 103.814858172548881, 1.319729486007057 ], [ 103.814858285890523, 1.319731301745956 ], [ 103.81482822515315, 1.319705321465355 ] ], [ [ 103.814854686367795, 1.319655180244454 ], [ 103.814854876898522, 1.319654819209055 ], [ 103.814854885824218, 1.319655376708305 ], [ 103.814854686367795, 1.319655180244454 ] ], [ [ 103.814987942391269, 1.31959640587808 ], [ 103.814940421983678, 1.319545388664798 ], [ 103.814946758952772, 1.319548460439709 ], [ 103.814989170813476, 1.319596385956809 ], [ 103.814987942391269, 1.31959640587808 ] ], [ [ 103.815233689579998, 1.319596548807607 ], [ 103.815233941048504, 1.319596709262723 ], [ 103.815240277022113, 1.319586650515479 ], [ 103.815254304983185, 1.319601718879976 ], [ 103.815247309850022, 1.319606776212991 ], [ 103.815262906946685, 1.319628629610673 ], [ 103.815256699999949, 1.319675 ], [ 103.815233852420235, 1.319606720008617 ], [ 103.815233689579998, 1.319596548807607 ] ], [ [ 103.81542198574364, 1.319683292008322 ], [ 103.81543891012204, 1.319681910733848 ], [ 103.815388387965953, 1.319713874481059 ], [ 103.815379909636107, 1.319704767345726 ], [ 103.815380413477456, 1.319704156767615 ], [ 103.81542198574364, 1.319683292008322 ] ], [ [ 103.814995745709439, 1.319679820779377 ], [ 103.81499119100846, 1.319680108782999 ], [ 103.814989411224488, 1.31967760314081 ], [ 103.814993616546175, 1.319677534940418 ], [ 103.814995745709439, 1.319679820779377 ] ], [ [ 103.814887677930372, 1.319679253011934 ], [ 103.814892709056721, 1.3196863360078 ], [ 103.81488670229416, 1.31968671582777 ], [ 103.814879264332546, 1.319679389460259 ], [ 103.814887677930372, 1.319679253011934 ] ], [ [ 103.815318659407652, 1.319811546156206 ], [ 103.815358343192898, 1.319804205495084 ], [ 103.815359505280028, 1.319808756096255 ], [ 103.81535891516441, 1.31982385160774 ], [ 103.815339749936797, 1.319843312370139 ], [ 103.815326507065905, 1.319827345545502 ], [ 103.815330992661927, 1.31982196877061 ], [ 103.815318659407652, 1.319811546156206 ] ], [ [ 103.815419771766031, 1.319862553909108 ], [ 103.81541090340761, 1.319904374655309 ], [ 103.81538179476577, 1.3198843606824 ], [ 103.815403889746335, 1.319861924988321 ], [ 103.815419771766031, 1.319862553909108 ] ], [ [ 103.815137312157958, 1.319872623797761 ], [ 103.815129334227706, 1.31987932657028 ], [ 103.815129098096065, 1.319879113971412 ], [ 103.815136508901105, 1.319872106334312 ], [ 103.815137312157958, 1.319872623797761 ] ], [ [ 103.81559893627859, 1.319979251987433 ], [ 103.815611900000036, 1.319983500000401 ], [ 103.815597728108514, 1.319981450859025 ], [ 103.81559893627859, 1.319979251987433 ] ], [ [ 103.814841600000136, 1.319779600000095 ], [ 103.814799670044849, 1.319759408424797 ], [ 103.814805487837276, 1.319748389717111 ], [ 103.814841600000136, 1.319779600000095 ] ], [ [ 103.814644398188221, 1.319751711321684 ], [ 103.814643655562875, 1.319753273478419 ], [ 103.814601000000295, 1.319728500000622 ], [ 103.814644398188221, 1.319751711321684 ] ], [ [ 103.814437947466104, 1.320397997539199 ], [ 103.81444074848072, 1.32039181131332 ], [ 103.814466699998292, 1.320403699999353 ], [ 103.814437947466104, 1.320397997539199 ] ], [ [ 103.814468186525218, 1.320342452809478 ], [ 103.814470027730522, 1.320339241432055 ], [ 103.814489900002272, 1.320352400001 ], [ 103.814468186525218, 1.320342452809478 ] ], [ [ 103.814509743854032, 1.32026996969506 ], [ 103.814512390290261, 1.320265353855451 ], [ 103.814533500000024, 1.320285700000511 ], [ 103.814509743854032, 1.32026996969506 ] ], [ [ 103.814572210008649, 1.320161017989919 ], [ 103.814574747683366, 1.32015659184893 ], [ 103.814613900000154, 1.320201200000685 ], [ 103.814572210008649, 1.320161017989919 ] ], [ [ 103.814707632662788, 1.31992481757851 ], [ 103.814715513186115, 1.319911072587244 ], [ 103.814768529514694, 1.319932578131698 ], [ 103.814767747959948, 1.319933971813189 ], [ 103.814707632662788, 1.31992481757851 ] ], [ [ 103.814764393808659, 1.31982581635615 ], [ 103.814765434940213, 1.319824000443242 ], [ 103.814753360769473, 1.319816988013308 ], [ 103.814810699994055, 1.319844599997569 ], [ 103.814764393808659, 1.31982581635615 ] ], [ [ 103.814726599999346, 1.320100999999848 ], [ 103.814758333162359, 1.320122749508373 ], [ 103.814746517172324, 1.320123692608502 ], [ 103.814726599999346, 1.320100999999848 ] ], [ [ 103.814841734473688, 1.32011609278407 ], [ 103.814800290827776, 1.320087687834508 ], [ 103.814909299998959, 1.320110700000087 ], [ 103.814841734473688, 1.32011609278407 ] ], [ [ 103.814392205342585, 1.320522103608478 ], [ 103.814441599996442, 1.320531899999917 ], [ 103.814392001522123, 1.320527927048451 ], [ 103.814392205342585, 1.320522103608478 ] ], [ [ 103.816111500000133, 1.319352400000264 ], [ 103.816089860455094, 1.319304100761002 ], [ 103.816118095315034, 1.319312539672667 ], [ 103.816111500000133, 1.319352400000264 ] ], [ [ 103.816127806030195, 1.319253850696052 ], [ 103.816057999134529, 1.319232986620585 ], [ 103.816043995234139, 1.319201730057125 ], [ 103.816137152438898, 1.319197363483847 ], [ 103.816127806030195, 1.319253850696052 ] ], [ [ 103.81599803038273, 1.319203884573936 ], [ 103.81600381300089, 1.319216791319287 ], [ 103.815965700000021, 1.319205399999771 ], [ 103.81599803038273, 1.319203884573936 ] ], [ [ 103.815846462267643, 1.31939684289228 ], [ 103.815842645029775, 1.319412653292229 ], [ 103.815767547447706, 1.319432690199634 ], [ 103.815709918181071, 1.319371579614885 ], [ 103.815846462267643, 1.31939684289228 ] ], [ [ 103.815336028544195, 1.319531131019927 ], [ 103.815350651571009, 1.319523128174143 ], [ 103.81535447454884, 1.319529298407705 ], [ 103.815334323758577, 1.319543867001674 ], [ 103.815336028544195, 1.319531131019927 ] ], [ [ 103.81513749228364, 1.319555330072471 ], [ 103.815147614380876, 1.319585579964946 ], [ 103.815067200000811, 1.319546600000086 ], [ 103.81513749228364, 1.319555330072471 ] ], [ [ 103.816054558972041, 1.31933005580994 ], [ 103.815949000000202, 1.31926199999987 ], [ 103.816035674320602, 1.319287905460389 ], [ 103.816054558972041, 1.31933005580994 ] ], [ [ 103.814800891930901, 1.318069847628943 ], [ 103.814800708167596, 1.318069439041055 ], [ 103.81479470002256, 1.318029700147306 ], [ 103.814800891930901, 1.318069847628943 ] ], [ [ 103.814566000000497, 1.317900499999939 ], [ 103.814668369299298, 1.317874157317096 ], [ 103.814654549635407, 1.317880453432827 ], [ 103.814566000000497, 1.317900499999939 ] ], [ [ 103.814015499989949, 1.317889099998997 ], [ 103.814019052551174, 1.317889427356069 ], [ 103.814018844056562, 1.317889565232064 ], [ 103.814015499989949, 1.317889099998997 ] ], [ [ 103.81403245572686, 1.317890662413921 ], [ 103.814092146429772, 1.317896162714228 ], [ 103.814093162485605, 1.317899904547933 ], [ 103.814033027635475, 1.317891538477294 ], [ 103.81403245572686, 1.317890662413921 ] ], [ [ 103.814135024778508, 1.317900113810157 ], [ 103.814178269606685, 1.317904098675347 ], [ 103.814177840425771, 1.317911685095636 ], [ 103.814136609245537, 1.317905948940347 ], [ 103.814135024778508, 1.317900113810157 ] ], [ [ 103.814217263235562, 1.31809420320758 ], [ 103.814251699887663, 1.318074700063483 ], [ 103.814217157014482, 1.318094402355988 ], [ 103.814217263235562, 1.31809420320758 ] ], [ [ 103.8143895794733, 1.318025387034193 ], [ 103.814402228456203, 1.31803840468016 ], [ 103.814404309635776, 1.318047716997381 ], [ 103.814395665450292, 1.318041865798858 ], [ 103.814377953116363, 1.318068372539695 ], [ 103.814359604403165, 1.318056602249083 ], [ 103.814340084841604, 1.31808742630306 ], [ 103.814264200001006, 1.318096899999733 ], [ 103.8143895794733, 1.318025387034193 ] ], [ [ 103.814275600000315, 1.318189400000432 ], [ 103.814236236239338, 1.318202818466575 ], [ 103.814231102936859, 1.318194955148408 ], [ 103.814275600000315, 1.318189400000432 ] ], [ [ 103.814359589280414, 1.318275647685846 ], [ 103.81435978847388, 1.318275544355577 ], [ 103.814347199965923, 1.318313800103353 ], [ 103.814359589280414, 1.318275647685846 ] ], [ [ 103.818560887714028, 1.316588028710759 ], [ 103.818573799997949, 1.316585300000316 ], [ 103.818561807658298, 1.316589896813471 ], [ 103.818560887714028, 1.316588028710759 ] ], [ [ 103.818341944097142, 1.316813677113555 ], [ 103.818342362626481, 1.316813448184316 ], [ 103.818340061957173, 1.316835947664982 ], [ 103.818330196417278, 1.316843782378477 ], [ 103.818333438653823, 1.316831230922811 ], [ 103.818341944097142, 1.316813677113555 ] ], [ [ 103.818435412490203, 1.316250341308043 ], [ 103.818435653381115, 1.316255602950078 ], [ 103.818430573594128, 1.316266663534393 ], [ 103.818427650990174, 1.316265634976565 ], [ 103.818433976980188, 1.316248929678433 ], [ 103.818435412490203, 1.316250341308043 ] ], [ [ 103.817364449811208, 1.316705333503276 ], [ 103.817374339650641, 1.316718504551939 ], [ 103.817395747168277, 1.316702221456878 ], [ 103.817390876920655, 1.316710723028397 ], [ 103.817354758997439, 1.316735750800612 ], [ 103.817364449811208, 1.316705333503276 ] ], [ [ 103.8175053283084, 1.31662134774737 ], [ 103.817505279658263, 1.316618908289441 ], [ 103.81751211707838, 1.316613707575297 ], [ 103.817512801937355, 1.316614759031089 ], [ 103.8175053283084, 1.31662134774737 ] ], [ [ 103.817747382366747, 1.316595896893893 ], [ 103.817760500000176, 1.316577800000363 ], [ 103.817757396249178, 1.316587776630509 ], [ 103.817747382366747, 1.316595896893893 ] ], [ [ 103.817389300000485, 1.316943799999569 ], [ 103.817389300000485, 1.316943800000473 ], [ 103.817389299496398, 1.316943799263413 ], [ 103.817389300000485, 1.316943799999569 ] ], [ [ 103.816898120749556, 1.3171051749313 ], [ 103.816900061597281, 1.317098194484508 ], [ 103.816897743380665, 1.317110235825679 ], [ 103.816897613184381, 1.317110346725242 ], [ 103.816898120749556, 1.3171051749313 ] ], [ [ 103.816883327148233, 1.31684839935972 ], [ 103.816877837843819, 1.316852224257553 ], [ 103.816856600001202, 1.316840600000187 ], [ 103.816883327148233, 1.31684839935972 ] ], [ [ 103.816567700001158, 1.316743109798807 ], [ 103.816567700000903, 1.316770854592768 ], [ 103.816481000000508, 1.316714099999953 ], [ 103.816567700001158, 1.316743109798807 ] ], [ [ 103.816493610857506, 1.316822108964462 ], [ 103.816487261721733, 1.316824629736442 ], [ 103.816463931036523, 1.316813268613523 ], [ 103.816437032995907, 1.316785572543406 ], [ 103.816437252253721, 1.316785216119422 ], [ 103.816493610857506, 1.316822108964462 ] ], [ [ 103.817582099999598, 1.315221000000754 ], [ 103.81750607564868, 1.315317666533207 ], [ 103.817480697620951, 1.315294784706308 ], [ 103.817582099999598, 1.315221000000754 ] ], [ [ 103.817336966552034, 1.315205871217363 ], [ 103.817230600001167, 1.315280499999192 ], [ 103.817316137475473, 1.3151768741432 ], [ 103.817336966552034, 1.315205871217363 ] ], [ [ 103.817311357370158, 1.315099611966947 ], [ 103.817287179964254, 1.315079395730816 ], [ 103.817431899998937, 1.315011900000643 ], [ 103.817311357370158, 1.315099611966947 ] ], [ [ 103.816654815020129, 1.315527360466642 ], [ 103.816658099999927, 1.315514699998576 ], [ 103.816660865695667, 1.315551587774363 ], [ 103.816659170014873, 1.315551736066102 ], [ 103.816654815020129, 1.315527360466642 ] ], [ [ 103.816993795332323, 1.315331597420988 ], [ 103.816995185381529, 1.315332186242077 ], [ 103.816919700031306, 1.31544349995273 ], [ 103.816993795332323, 1.315331597420988 ] ], [ [ 103.817296060620379, 1.315421579416875 ], [ 103.81729605926985, 1.315421580935295 ], [ 103.817291081245102, 1.315417420554371 ], [ 103.817291094530219, 1.31541741123317 ], [ 103.817296060620379, 1.315421579416875 ] ], [ [ 103.817457744620626, 1.315521681137187 ], [ 103.81745566312415, 1.315519934077644 ], [ 103.817514454570571, 1.315457033561931 ], [ 103.817506571669924, 1.315490117229992 ], [ 103.817492580675065, 1.315520239628175 ], [ 103.81747642091014, 1.315546578577541 ], [ 103.817469150840566, 1.315518671162661 ], [ 103.817457744620626, 1.315521681137187 ] ], [ [ 103.816653393403172, 1.315592241451941 ], [ 103.816666399999505, 1.315742899997502 ], [ 103.816629360116906, 1.315625464866512 ], [ 103.816637221080057, 1.31559516834461 ], [ 103.816653393403172, 1.315592241451941 ] ], [ [ 103.816638233956169, 1.315963709837129 ], [ 103.816782800000055, 1.31599120000018 ], [ 103.816679794806916, 1.315990053377165 ], [ 103.816638233956169, 1.315963709837129 ] ], [ [ 103.815882299998847, 1.316004200001973 ], [ 103.815863120888622, 1.316074977902914 ], [ 103.815853259805621, 1.316074140061635 ], [ 103.815882299998847, 1.316004200001973 ] ], [ [ 103.81586960599374, 1.316198770638579 ], [ 103.815873349035357, 1.316199798081065 ], [ 103.81586389999994, 1.316266800000647 ], [ 103.81586960599374, 1.316198770638579 ] ], [ [ 103.815991196097983, 1.316091993725868 ], [ 103.816005799999758, 1.316038100000398 ], [ 103.815993531539448, 1.316092327360517 ], [ 103.815991196097983, 1.316091993725868 ] ], [ [ 103.815780434548174, 1.316451464310323 ], [ 103.815747400001129, 1.316484799998577 ], [ 103.815768571779429, 1.316450456397782 ], [ 103.815780434548174, 1.316451464310323 ] ], [ [ 103.815737381705276, 1.316447806351917 ], [ 103.8157237, 1.316470000000583 ], [ 103.815728602647951, 1.316447060443762 ], [ 103.815737381705276, 1.316447806351917 ] ], [ [ 103.815828454720091, 1.31645554431489 ], [ 103.815842558210946, 1.316456742609006 ], [ 103.815872773925662, 1.316461059142018 ], [ 103.815845956540002, 1.316474549928194 ], [ 103.815816950335616, 1.316467153573341 ], [ 103.815828454720091, 1.31645554431489 ] ], [ [ 103.815792536725212, 1.31649178973682 ], [ 103.815805245100279, 1.316495030272881 ], [ 103.815773500000589, 1.316511 ], [ 103.815792536725212, 1.31649178973682 ] ], [ [ 103.815918995393744, 1.3164931742606 ], [ 103.815936993764979, 1.316484119977771 ], [ 103.815974000001006, 1.316507200000086 ], [ 103.815918995393744, 1.3164931742606 ] ], [ [ 103.815985941971363, 1.316477226009241 ], [ 103.815989699999918, 1.316481699999781 ], [ 103.815981511670842, 1.316476593109269 ], [ 103.815985941971363, 1.316477226009241 ] ], [ [ 103.816895758866465, 1.315837833985807 ], [ 103.816913081060861, 1.315847520612012 ], [ 103.816913612292197, 1.315849975821763 ], [ 103.816895858846635, 1.315839307122328 ], [ 103.816895758866465, 1.315837833985807 ] ], [ [ 103.816862341272767, 1.31581914676056 ], [ 103.816862342575547, 1.315819165960231 ], [ 103.816861899993484, 1.315818899996308 ], [ 103.816862341272767, 1.31581914676056 ] ], [ [ 103.816655839223955, 1.315793526174591 ], [ 103.816654475845965, 1.315795824382989 ], [ 103.816642300001561, 1.315750600006582 ], [ 103.816655839223955, 1.315793526174591 ] ], [ [ 103.816672087475311, 1.315861238732147 ], [ 103.816676864191791, 1.315864109237541 ], [ 103.816678754084037, 1.315886000316319 ], [ 103.816672087475311, 1.315861238732147 ] ], [ [ 103.816766693440741, 1.315929102561225 ], [ 103.816784842181292, 1.315928997198262 ], [ 103.816793499998738, 1.315934199999856 ], [ 103.816766693440741, 1.315929102561225 ] ], [ [ 103.817451102334743, 1.315685696379081 ], [ 103.817459700000597, 1.315718700001308 ], [ 103.817444337419047, 1.315697329917151 ], [ 103.817451102334743, 1.315685696379081 ] ], [ [ 103.817373810898246, 1.315818613453335 ], [ 103.817374000000356, 1.315818700000441 ], [ 103.817373768424204, 1.315818686496786 ], [ 103.817373810898246, 1.315818613453335 ] ], [ [ 103.81732361588098, 1.315913619999762 ], [ 103.817334968401326, 1.315891374768178 ], [ 103.817369699998594, 1.315893400000196 ], [ 103.81732361588098, 1.315913619999762 ] ], [ [ 103.817688500001367, 1.315834399999366 ], [ 103.817710784977152, 1.315825656137404 ], [ 103.817708018337228, 1.315834159717924 ], [ 103.817688500001367, 1.315834399999366 ] ], [ [ 103.817519433808158, 1.315684079150772 ], [ 103.817512687083948, 1.315668750754461 ], [ 103.817520579065686, 1.315673655593956 ], [ 103.817519433808158, 1.315684079150772 ] ], [ [ 103.817576767396176, 1.315708576445459 ], [ 103.817577239232236, 1.315708869690506 ], [ 103.817576600000137, 1.315710099999494 ], [ 103.817576767396176, 1.315708576445459 ] ], [ [ 103.817570697282846, 1.315763823574255 ], [ 103.817570760122976, 1.315763251635455 ], [ 103.81759369999989, 1.315719100000594 ], [ 103.817570697282846, 1.315763823574255 ] ], [ [ 103.817667700000314, 1.31578069999983 ], [ 103.81767794392465, 1.31577145730041 ], [ 103.81768309584065, 1.315774659198015 ], [ 103.817667700000314, 1.31578069999983 ] ], [ [ 103.817072867532744, 1.316295242338841 ], [ 103.817095560007814, 1.316280610562174 ], [ 103.817075800000552, 1.316337600000094 ], [ 103.817072867532744, 1.316295242338841 ] ], [ [ 103.81698805067991, 1.316187732715685 ], [ 103.816929526027778, 1.316225468554634 ], [ 103.816928511460418, 1.316224679158765 ], [ 103.816986063858394, 1.316159034297508 ], [ 103.81698805067991, 1.316187732715685 ] ], [ [ 103.816710232178607, 1.31644201518221 ], [ 103.816782932862779, 1.316358079317905 ], [ 103.816783069693571, 1.316358294284486 ], [ 103.816712450420624, 1.316450235725212 ], [ 103.816710232178607, 1.31644201518221 ] ], [ [ 103.817002656865967, 1.316418756623815 ], [ 103.816992653621028, 1.316429855814328 ], [ 103.816966300000175, 1.316396300000485 ], [ 103.817002656865967, 1.316418756623815 ] ], [ [ 103.817539790444172, 1.315430984725812 ], [ 103.817542308124146, 1.315432990487905 ], [ 103.817537917506826, 1.315431930745333 ], [ 103.817538988862935, 1.315430784509746 ], [ 103.817539790444172, 1.315430984725812 ] ], [ [ 103.816011599999953, 1.316862399999869 ], [ 103.816011991526153, 1.316867263180045 ], [ 103.816010902305493, 1.316865680883395 ], [ 103.816011599999953, 1.316862399999869 ] ], [ [ 103.815875518463216, 1.316793508525567 ], [ 103.815795482307479, 1.316872179860111 ], [ 103.815752599998618, 1.316888800000192 ], [ 103.815875518463216, 1.316793508525567 ] ], [ [ 103.813201600000227, 1.321529899999771 ], [ 103.813217566135933, 1.321549197930033 ], [ 103.813217415788714, 1.32154925876451 ], [ 103.813201600000227, 1.321529899999771 ] ] ] } }
]
}
