{
"type": "FeatureCollection",
"name": "Multi-Mode_Travel_Analysis_bike_Singapore_Botanic_Gardens_15min",
"crs": { "type": "name", "properties": { "name": "urn:ogc:def:crs:OGC:1.3:CRS84" } },
"features": [
{ "type": "Feature", "properties": { "name": "Multi-Mode Travel Analysis_bike_Singapore Botanic Gardens_15min" }, "geometry": { "type": "Polygon", "coordinates": [ [ [ 103.800477213703473, 1.322412266586635 ], [ 103.800550386303001, 1.322949933412183 ], [ 103.800677694029204, 1.322932382902517 ], [ 103.800680438572456, 1.322998010821273 ], [ 103.80094980000132, 1.32298659999978 ], [ 103.800680786791162, 1.323004491671828 ], [ 103.800689218564187, 1.323132914283687 ], [ 103.800688483831948, 1.323213660465324 ], [ 103.800676105203976, 1.323296856298501 ], [ 103.800667871063197, 1.323329265163328 ], [ 103.800651406963865, 1.323325972343015 ], [ 103.800609566730913, 1.323317584325527 ], [ 103.800504233257172, 1.323849815672899 ], [ 103.800546133262145, 1.32385821567417 ], [ 103.800598799811553, 1.323592100953235 ], [ 103.800546253872838, 1.32385823982502 ], [ 103.800810905120542, 1.323911170074483 ], [ 103.801098065064494, 1.323973958415575 ], [ 103.80115530085213, 1.323708796048921 ], [ 103.801098100116079, 1.32397396607781 ], [ 103.80146632429566, 1.324054427660065 ], [ 103.801876747929555, 1.324144688874403 ], [ 103.801918666503838, 1.323951608987606 ], [ 103.801918713200635, 1.323951620250252 ], [ 103.801876920604087, 1.324144726790281 ], [ 103.801928870968894, 1.324156115908931 ], [ 103.801971352717771, 1.324165446294748 ], [ 103.801831526666703, 1.324876734887855 ], [ 103.802360473345544, 1.324982065084453 ], [ 103.802498553696822, 1.324279656028943 ], [ 103.802513326481389, 1.324282858885029 ], [ 103.802570099457, 1.324017602537878 ], [ 103.802513381023431, 1.324282870703947 ], [ 103.802730366743049, 1.324329867611591 ], [ 103.803440050676045, 1.324483664132493 ], [ 103.803496800000502, 1.324218400000694 ], [ 103.803440062454257, 1.324483666684753 ], [ 103.804049762515632, 1.324615766699387 ], [ 103.80410649999979, 1.324350500001074 ], [ 103.804136116873408, 1.324620201304807 ], [ 103.804223316882513, 1.324610501304077 ], [ 103.80419369999953, 1.324340799999355 ], [ 103.804283552160541, 1.324596630346215 ], [ 103.80508265223331, 1.324312330319896 ], [ 103.80499280000025, 1.324056500000023 ], [ 103.805082696978758, 1.324312314395454 ], [ 103.805321197000978, 1.32422741438719 ], [ 103.80523130014447, 1.323971600410409 ], [ 103.805321285038914, 1.32422738303116 ], [ 103.805422479347143, 1.324191320695719 ], [ 103.805576273675953, 1.324136658253839 ], [ 103.805486500008996, 1.323880800025672 ], [ 103.805577711725832, 1.324136142520903 ], [ 103.806084930456805, 1.32395260614499 ], [ 103.806181244608027, 1.323918856718434 ], [ 103.806092599145401, 1.323662597529767 ], [ 103.806181271697724, 1.323918847224714 ], [ 103.806954671768253, 1.32364774719954 ], [ 103.806865999996845, 1.323391499991214 ], [ 103.806958838596159, 1.323646247895463 ], [ 103.807070395499295, 1.323605065291739 ], [ 103.807144528401054, 1.32371260702308 ], [ 103.807226643455678, 1.323844374502705 ], [ 103.807179750980154, 1.323874850398416 ], [ 103.807325999994475, 1.324102799991069 ], [ 103.807174322878822, 1.323878472419333 ], [ 103.807092122883475, 1.323934772414774 ], [ 103.807243802686983, 1.324159103973335 ], [ 103.807092105547554, 1.323934784288895 ], [ 103.80662920557171, 1.324251884261327 ], [ 103.806932594455617, 1.324700515729259 ], [ 103.807395484775753, 1.32438342234884 ], [ 103.80747498483133, 1.324328971577981 ], [ 103.807528496675531, 1.32429419368503 ], [ 103.807844170978541, 1.324755971942386 ], [ 103.808002634993002, 1.324987926546855 ], [ 103.808161681983265, 1.325222124639585 ], [ 103.807899502920677, 1.325387303567831 ], [ 103.807729613626407, 1.32540141997029 ], [ 103.807479476927114, 1.325476970915146 ], [ 103.807151428771974, 1.325690177242458 ], [ 103.806720476386829, 1.326197870420918 ], [ 103.806511695659452, 1.326338114177358 ], [ 103.806220709834534, 1.326519331680895 ], [ 103.80597418165199, 1.326683017124498 ], [ 103.805725957540048, 1.326878365681209 ], [ 103.805652200843298, 1.326928167209207 ], [ 103.805560966338788, 1.326989790508727 ], [ 103.805463415753408, 1.327055724680431 ], [ 103.804944490791712, 1.327406330766097 ], [ 103.803563016463201, 1.328319031519686 ], [ 103.803398223035927, 1.328435954599181 ], [ 103.80309207749491, 1.328594003844295 ], [ 103.803088087059479, 1.32859568810071 ], [ 103.803065703186718, 1.328442821284589 ], [ 103.803043979329672, 1.328189562274178 ], [ 103.803043600019237, 1.327980005690649 ], [ 103.802504399981402, 1.32798099427995 ], [ 103.802504820668332, 1.328213437695961 ], [ 103.802529896806334, 1.328505778685849 ], [ 103.802572255129064, 1.32879505800287 ], [ 103.802243612587844, 1.32890998820884 ], [ 103.802218488019562, 1.328918776508823 ], [ 103.802131807181297, 1.328765475846728 ], [ 103.80214355210677, 1.328743560425326 ], [ 103.802162117792236, 1.328659513022837 ], [ 103.802174217748984, 1.328553940802051 ], [ 103.802129076446349, 1.328406791931112 ], [ 103.801869388336371, 1.328043849494447 ], [ 103.801722315252078, 1.327975656440267 ], [ 103.801558539406244, 1.327975656439778 ], [ 103.801399644915108, 1.328078430017094 ], [ 103.80154539999991, 1.328306700000238 ], [ 103.801326847169975, 1.328465578427551 ], [ 103.801340345630251, 1.328484387759868 ], [ 103.801459444099791, 1.328673593867881 ], [ 103.8015892850445, 1.328903207365295 ], [ 103.801589288156123, 1.328903212869297 ], [ 103.801589289724063, 1.328903215641194 ], [ 103.80169858476323, 1.329096511063038 ], [ 103.801455284049311, 1.329170435337065 ], [ 103.801509146940049, 1.329350009300089 ], [ 103.801506031296654, 1.329360161996834 ], [ 103.801435150011059, 1.329177437625459 ], [ 103.801273553060355, 1.329240936427206 ], [ 103.800858456129191, 1.329404035220071 ], [ 103.801054543889819, 1.32990956477579 ], [ 103.801469643926808, 1.329746464760259 ], [ 103.801542157096506, 1.329717971034923 ], [ 103.801607117545331, 1.329806239562404 ], [ 103.801671018129412, 1.329861833075072 ], [ 103.801740330095356, 1.329909749708612 ], [ 103.801819793554571, 1.329940775284213 ], [ 103.80195804638619, 1.3295820856518 ], [ 103.80218126176122, 1.329506313161537 ], [ 103.802095100000088, 1.329249200000141 ], [ 103.802183604855273, 1.329505505694212 ], [ 103.802420596154619, 1.329422608737288 ], [ 103.803010787484723, 1.329216211768808 ], [ 103.802922300000503, 1.328959900000676 ], [ 103.803026563270166, 1.329210130860576 ], [ 103.803319722527164, 1.329086396150995 ], [ 103.803677976989718, 1.328901445392937 ], [ 103.803866383564483, 1.328767768471143 ], [ 103.805242709234591, 1.327858469224377 ], [ 103.805763964506824, 1.327506288665381 ], [ 103.805861468869608, 1.327440385719331 ], [ 103.805952616439768, 1.3273788211303 ], [ 103.806042642488379, 1.327318034309529 ], [ 103.806289218375326, 1.327123982865459 ], [ 103.806511090192103, 1.326976668310373 ], [ 103.806803304366667, 1.32679468581406 ], [ 103.807050863053931, 1.326628393822306 ], [ 103.806901200000283, 1.326402700000339 ], [ 103.807054605611356, 1.326625833892147 ], [ 103.807996881374322, 1.325969609665532 ], [ 103.808132084278924, 1.325881015166109 ], [ 103.808684948130121, 1.325532697976808 ], [ 103.808548217922791, 1.325312858185128 ], [ 103.808548666852772, 1.325312512831824 ], [ 103.808695620122549, 1.325525614485682 ], [ 103.808907920133066, 1.325377314472287 ], [ 103.808777563121922, 1.32518827961162 ], [ 103.808777563184819, 1.325188279565498 ], [ 103.808907920553594, 1.325377314179278 ], [ 103.80912130732942, 1.325228254376544 ], [ 103.809300962106448, 1.325117237182752 ], [ 103.809201971384638, 1.324954965857878 ], [ 103.809238488780423, 1.325009124835794 ], [ 103.809242289325312, 1.325006529019376 ], [ 103.809312709351246, 1.325109547895396 ], [ 103.809736904180639, 1.324815821036573 ], [ 103.80985519876694, 1.324738112874788 ], [ 103.810009550463008, 1.324633660632444 ], [ 103.810064386527287, 1.324598718102133 ], [ 103.810217326408051, 1.324491979880672 ], [ 103.81026397718243, 1.324459374575602 ], [ 103.810306465965752, 1.324429670029751 ], [ 103.810515233605713, 1.32429129609741 ], [ 103.810960377306458, 1.323973151894472 ], [ 103.81122251907469, 1.323810058273685 ], [ 103.811458767964936, 1.323684125065485 ], [ 103.811655233033818, 1.323614111436766 ], [ 103.81181734436845, 1.323577150740479 ], [ 103.81192679858566, 1.323561738333346 ], [ 103.812248285769954, 1.323528903059238 ], [ 103.812917142327706, 1.323442958913303 ], [ 103.812936499883961, 1.32344047099208 ], [ 103.812940869582519, 1.323465050557679 ], [ 103.813018091267423, 1.323797144490577 ], [ 103.813056839900568, 1.323979844880708 ], [ 103.813237391758463, 1.323941055023512 ], [ 103.813237510221867, 1.323941625568191 ], [ 103.813057229540917, 1.3239816518604 ], [ 103.8130684046005, 1.32403263809517 ], [ 103.813137347562531, 1.324348479509202 ], [ 103.81317285529903, 1.324552187030272 ], [ 103.81336012733621, 1.324519120549833 ], [ 103.813360610457195, 1.324521128864394 ], [ 103.813174146480364, 1.324559071139902 ], [ 103.81320558102172, 1.324715557952706 ], [ 103.812966765157171, 1.32474186745597 ], [ 103.8130032129515, 1.325077003258943 ], [ 103.812982819659553, 1.325079206952726 ], [ 103.813040380346521, 1.325618793046451 ], [ 103.813113378725674, 1.32561090485993 ], [ 103.813054350900444, 1.325706037065977 ], [ 103.813069864555104, 1.325921566383618 ], [ 103.813208655878455, 1.326086243406287 ], [ 103.813371324593703, 1.326126159478274 ], [ 103.81337795013637, 1.326197113708887 ], [ 103.813439545418547, 1.326820830635218 ], [ 103.81340921082375, 1.326784227986941 ], [ 103.813393010824498, 1.326797827986386 ], [ 103.813443261739039, 1.32685846227366 ], [ 103.81345022154882, 1.326928937634539 ], [ 103.813455448600408, 1.326981660061019 ], [ 103.813302460061266, 1.326947607609094 ], [ 103.813297560059212, 1.326969907608221 ], [ 103.813457819945768, 1.327005578528469 ], [ 103.813458189839238, 1.327009309445818 ], [ 103.813460554335109, 1.327036025000622 ], [ 103.813291946348741, 1.327048681650641 ], [ 103.813319246308964, 1.327417081653596 ], [ 103.813493125055018, 1.327404029351727 ], [ 103.813501507573648, 1.327498740271016 ], [ 103.813508806062117, 1.327565677900213 ], [ 103.813547783758935, 1.327923573464156 ], [ 103.813551119967045, 1.327954614729666 ], [ 103.813614005759021, 1.32830120962705 ], [ 103.813502239369015, 1.328365681340117 ], [ 103.813636300001335, 1.328601100002035 ], [ 103.813476130954484, 1.328382833137921 ], [ 103.813276260098945, 1.32853140541373 ], [ 103.81319580684999, 1.328583882873407 ], [ 103.813138240063495, 1.328620974872329 ], [ 103.813283599997916, 1.328849499996721 ], [ 103.813117479706094, 1.328635786619017 ], [ 103.813006479709657, 1.32872318661145 ], [ 103.813027229815759, 1.328749881579525 ], [ 103.813010441615745, 1.328776622062008 ], [ 103.812980245470811, 1.328746776078322 ], [ 103.812875645470953, 1.32885397607041 ], [ 103.812932109180267, 1.32890978501506 ], [ 103.812917211653115, 1.328937012448643 ], [ 103.812847718030085, 1.328887659146921 ], [ 103.81272551802185, 1.329061959136651 ], [ 103.812877563553954, 1.329169939533374 ], [ 103.812877658339474, 1.329172716411688 ], [ 103.812881296503207, 1.329172590615964 ], [ 103.812945799997777, 1.329218399998985 ], [ 103.81269157938813, 1.329128062419217 ], [ 103.812667479382384, 1.32919676241636 ], [ 103.812902791312112, 1.329280380777305 ], [ 103.812902904382938, 1.329280682783547 ], [ 103.81266638945776, 1.329199931630593 ], [ 103.812608971424353, 1.32937028681569 ], [ 103.812403399403053, 1.329780374592731 ], [ 103.81264409999973, 1.329902600000043 ], [ 103.812398531709022, 1.329790611878942 ], [ 103.812318531695453, 1.329968311870263 ], [ 103.812564100000756, 1.330080300000337 ], [ 103.812295359250086, 1.330058644544348 ], [ 103.812275166958727, 1.330312477766774 ], [ 103.812198730721278, 1.330512731259195 ], [ 103.812124926281527, 1.330643850951527 ], [ 103.812359500002799, 1.330777600001733 ], [ 103.812117832098039, 1.33065732347786 ], [ 103.811999607152643, 1.330897950243789 ], [ 103.81186224920225, 1.331076453081776 ], [ 103.812288550826793, 1.331408746899516 ], [ 103.812442450820356, 1.331208746886434 ], [ 103.812229300000652, 1.331042599999944 ], [ 103.812470967944591, 1.331162876511327 ], [ 103.812597808956781, 1.330904713110348 ], [ 103.812677773735061, 1.330762649018965 ], [ 103.81244320000026, 1.330628900000756 ], [ 103.812694868684076, 1.330726207220347 ], [ 103.812792468661684, 1.33047050720947 ], [ 103.812540799999638, 1.330373200000043 ], [ 103.812809540786859, 1.330394855429651 ], [ 103.812829085926211, 1.330149156755772 ], [ 103.812887340847553, 1.330019757981222 ], [ 103.813098900590276, 1.329597725363441 ], [ 103.812858199999852, 1.329475500000561 ], [ 103.813113510577182, 1.329562668349937 ], [ 103.813176475331858, 1.329375856328682 ], [ 103.813187596803061, 1.329344153205956 ], [ 103.813208799999359, 1.329313910020037 ], [ 103.813208799996815, 1.329512543580681 ], [ 103.813258400002141, 1.329512543580951 ], [ 103.813258399999668, 1.329243163036964 ], [ 103.813258669537959, 1.329242778581144 ], [ 103.813304061838309, 1.329508623428073 ], [ 103.813399491707955, 1.329492117665109 ], [ 103.813418891601231, 1.329489539606875 ], [ 103.813509247134292, 1.329501756877249 ], [ 103.813577797664081, 1.329517617823563 ], [ 103.813645932441219, 1.329553217841873 ], [ 103.813744469989786, 1.329638987862153 ], [ 103.81355604222324, 1.329939785249428 ], [ 103.813784100000092, 1.330084500000123 ], [ 103.813525302289491, 1.330008458356083 ], [ 103.813489102277572, 1.330133258351797 ], [ 103.813747899998148, 1.330209299999758 ], [ 103.813479057251556, 1.330188967175208 ], [ 103.813469657238358, 1.330314867174078 ], [ 103.813738500021827, 1.33033520000165 ], [ 103.813469317549675, 1.330320090657845 ], [ 103.81345861752861, 1.33051319065583 ], [ 103.813727800006319, 1.330528300000195 ], [ 103.813458213505157, 1.330531091823952 ], [ 103.813460823756998, 1.330786415787316 ], [ 103.813447348266692, 1.331035584728175 ], [ 103.813427728379168, 1.331095360684407 ], [ 103.813373080125373, 1.331209371920459 ], [ 103.813288160330075, 1.331312764518741 ], [ 103.813239011679755, 1.331352559817671 ], [ 103.813169839237474, 1.331394612716785 ], [ 103.813092777185474, 1.331429830794897 ], [ 103.813030756738584, 1.331449124401303 ], [ 103.81291934951102, 1.331478535910186 ], [ 103.812739314836094, 1.331514427989829 ], [ 103.812791700000133, 1.331780600000403 ], [ 103.812734780151018, 1.331515372839889 ], [ 103.812667031338918, 1.331530100842944 ], [ 103.812544575749413, 1.331548839265136 ], [ 103.812585100000334, 1.331817100000602 ], [ 103.812505861219975, 1.331557740948905 ], [ 103.812342361235466, 1.331608340943645 ], [ 103.812421599999269, 1.33186769999666 ], [ 103.812321446642017, 1.331615774325003 ], [ 103.812203246652032, 1.331663374319983 ], [ 103.812303399998143, 1.33191529999531 ], [ 103.812191831730416, 1.331668280937057 ], [ 103.812084731738651, 1.331717280932134 ], [ 103.812196300000465, 1.331964300000458 ], [ 103.812037935917701, 1.331744702898811 ], [ 103.811681335933613, 1.332005202876458 ], [ 103.81199806409478, 1.332444397113372 ], [ 103.81233264123729, 1.332199985032239 ], [ 103.812409316964036, 1.332164904633349 ], [ 103.812511448123061, 1.332123775672598 ], [ 103.812645308113218, 1.332082348667526 ], [ 103.81275632427284, 1.332065360731208 ], [ 103.812715799999751, 1.331797100001475 ], [ 103.812772719852831, 1.332062327160082 ], [ 103.812846356538884, 1.332046319185113 ], [ 103.81303218519453, 1.332009272004291 ], [ 103.81297980000015, 1.331743099999784 ], [ 103.813048203462031, 1.332005564506598 ], [ 103.813173203474193, 1.331972564503568 ], [ 103.81310479999992, 1.331710099999984 ], [ 103.813184413849584, 1.33196934267606 ], [ 103.813268313857549, 1.33194324267338 ], [ 103.813188699998975, 1.331683999997142 ], [ 103.813300165770698, 1.331931065934538 ], [ 103.81340716577887, 1.331882165929776 ], [ 103.813295700000353, 1.331635100001543 ], [ 103.813435093170611, 1.331867360359487 ], [ 103.813533293176178, 1.331807660353826 ], [ 103.813393899999923, 1.331575400000363 ], [ 103.813562893134176, 1.331786819630198 ], [ 103.813647493136614, 1.331718319624532 ], [ 103.813478500000542, 1.331506900001282 ], [ 103.813686295278629, 1.331679782731958 ], [ 103.813696874528631, 1.331666902151001 ], [ 103.813662113850327, 1.332208278761239 ], [ 103.813833524619511, 1.332219427428806 ], [ 103.814317435954351, 1.332253771456752 ], [ 103.814336400000187, 1.331983099993456 ], [ 103.814336399998652, 1.332254443576641 ], [ 103.814363000001094, 1.332254443576681 ], [ 103.814362999999716, 1.331983099999784 ], [ 103.814590018780862, 1.332129460516934 ], [ 103.814720618769641, 1.331924260504966 ], [ 103.814493599996538, 1.331777899998027 ], [ 103.814739448885817, 1.331889263194285 ], [ 103.814994248841501, 1.331319463169072 ], [ 103.814748399994727, 1.3312080999976 ], [ 103.815001347624531, 1.331301988136671 ], [ 103.815140346481982, 1.330922648829135 ], [ 103.815284817307685, 1.331165672916475 ], [ 103.815368635270147, 1.331339374650533 ], [ 103.815450196451309, 1.331526254556175 ], [ 103.815514941324395, 1.331705815210586 ], [ 103.815666473374066, 1.331946878791579 ], [ 103.815798317128554, 1.332153394263758 ], [ 103.816021999409813, 1.332517547051947 ], [ 103.8161858085641, 1.332757556019224 ], [ 103.816243001165972, 1.332842947762864 ], [ 103.816461326343884, 1.333166567408709 ], [ 103.816563103881066, 1.333314175208224 ], [ 103.816680601992829, 1.333482724858453 ], [ 103.816741159978989, 1.333623065617933 ], [ 103.816823522167851, 1.333753336214392 ], [ 103.816890782434527, 1.33384381021193 ], [ 103.81698264951973, 1.333953607739013 ], [ 103.81708866078057, 1.334080991392131 ], [ 103.817161925800988, 1.334156616181759 ], [ 103.817269939752578, 1.334265869490418 ], [ 103.817386569179277, 1.334400464089368 ], [ 103.817489160470956, 1.334516052933778 ], [ 103.817574305036928, 1.334616117701921 ], [ 103.817659156187091, 1.334712724057741 ], [ 103.817718764466093, 1.334774687996039 ], [ 103.817811094110354, 1.334876681275061 ], [ 103.817900479899919, 1.334960962702203 ], [ 103.817942798222589, 1.334996026458322 ], [ 103.817975375533365, 1.335033372822804 ], [ 103.817997262768358, 1.335059348883869 ], [ 103.818064493327569, 1.335168652778007 ], [ 103.818103518034306, 1.335279246292928 ], [ 103.818121812879951, 1.335373756039137 ], [ 103.818143655179924, 1.335490478984718 ], [ 103.818201055823195, 1.335804236075496 ], [ 103.818298054637424, 1.335786260420496 ], [ 103.818301915912443, 1.335806584397932 ], [ 103.818208788546144, 1.335835769241965 ], [ 103.818228588540137, 1.335899769243132 ], [ 103.818314504394976, 1.335872844388986 ], [ 103.818316659992405, 1.335884190465332 ], [ 103.818234141113095, 1.335915908849575 ], [ 103.818431760667551, 1.336436704136001 ], [ 103.818531928514503, 1.336673407227462 ], [ 103.818625083276146, 1.336864101799843 ], [ 103.818759825253792, 1.337109749866004 ], [ 103.819064529794929, 1.337786642678727 ], [ 103.819195097758552, 1.338106786310242 ], [ 103.819372351801164, 1.338534126102066 ], [ 103.819445194764469, 1.338688836853201 ], [ 103.819497662162689, 1.338789574277344 ], [ 103.819564680672144, 1.338918522676893 ], [ 103.819658186222526, 1.339067075871321 ], [ 103.819664400807994, 1.339076730675423 ], [ 103.819757620847213, 1.339222119748945 ], [ 103.819828719466116, 1.339314862147542 ], [ 103.819890935522835, 1.33939004867854 ], [ 103.819935701811005, 1.339352524842046 ], [ 103.819938088672714, 1.339355286469611 ], [ 103.820065824271779, 1.339243454050845 ], [ 103.82006963661901, 1.33924025847797 ], [ 103.819938286548577, 1.339355515155539 ], [ 103.819943137374267, 1.33936111497006 ], [ 103.819900469022969, 1.339400961664888 ], [ 103.819995914455319, 1.339504490749693 ], [ 103.820111123590493, 1.339636658002578 ], [ 103.820284165148479, 1.339798793119526 ], [ 103.820487288181255, 1.339956409532405 ], [ 103.820616630908575, 1.34003979729921 ], [ 103.820693683867574, 1.340089906580664 ], [ 103.820733614632303, 1.340027709177873 ], [ 103.820743523612151, 1.3400333976664 ], [ 103.82082567161649, 1.339888446210378 ], [ 103.820710929931451, 1.340100227416058 ], [ 103.820925722177165, 1.340218108961386 ], [ 103.821082713937372, 1.340284536917242 ], [ 103.821187199999954, 1.340034400000314 ], [ 103.821434056956846, 1.340143482774008 ], [ 103.821463796312571, 1.34007530948485 ], [ 103.821496030226044, 1.340002733725794 ], [ 103.821250774712439, 1.33989239353159 ], [ 103.82125077488945, 1.339892393145427 ], [ 103.821496078722717, 1.340002624469755 ], [ 103.821543678713766, 1.339895324464688 ], [ 103.821299700612329, 1.339785688881902 ], [ 103.821299701784056, 1.33978568632527 ], [ 103.821543806094923, 1.339895036874683 ], [ 103.821564957012143, 1.339847209419365 ], [ 103.82176341920524, 1.3399715549428 ], [ 103.822048380767399, 1.33951084504825 ], [ 103.821587280793665, 1.339221945074668 ], [ 103.821493678119907, 1.33937327661278 ], [ 103.821493656821417, 1.339373265511603 ], [ 103.821587221615644, 1.339221908007196 ], [ 103.821186221637376, 1.338970808030502 ], [ 103.820901378335293, 1.339431591960301 ], [ 103.82110278266498, 1.339557708256496 ], [ 103.821084136068365, 1.339599872805238 ], [ 103.821005746704458, 1.339559172337566 ], [ 103.820910885889134, 1.339504715204808 ], [ 103.820797350359314, 1.339428124706738 ], [ 103.820797172684053, 1.339428391502393 ], [ 103.820795500419223, 1.339427244317372 ], [ 103.820644873587284, 1.339307219293264 ], [ 103.820535158486251, 1.339208687956237 ], [ 103.820796485851005, 1.338999467015638 ], [ 103.820862908709401, 1.339038984863704 ], [ 103.821137291264378, 1.338571815127609 ], [ 103.820971975748748, 1.338473461737744 ], [ 103.8209686133779, 1.338470548347527 ], [ 103.820971731270717, 1.338468068679987 ], [ 103.820958301830117, 1.338450963817078 ], [ 103.820981738680089, 1.338400149394847 ], [ 103.820881716943674, 1.338353418866353 ], [ 103.820876731266779, 1.338347068688171 ], [ 103.820873546449988, 1.338349601580718 ], [ 103.820492661342954, 1.338171650580155 ], [ 103.820424861331418, 1.338318650573979 ], [ 103.820669399993136, 1.338432899997146 ], [ 103.820416727089651, 1.338338263537156 ], [ 103.820403527086427, 1.338373963536149 ], [ 103.820656200000229, 1.33846859999932 ], [ 103.820629327598525, 1.338473845972948 ], [ 103.820612924746797, 1.338453039839861 ], [ 103.820584624747553, 1.338475639837706 ], [ 103.820589361443169, 1.338481648081285 ], [ 103.820589004206383, 1.33848171782039 ], [ 103.820584364724226, 1.338475847751552 ], [ 103.820573172322128, 1.338484808487331 ], [ 103.820391531113586, 1.33852026808838 ], [ 103.82040053110893, 1.338566968089958 ], [ 103.820493129886131, 1.338548891159878 ], [ 103.8203180625611, 1.338689051567531 ], [ 103.820256669299994, 1.338566911312238 ], [ 103.820126606827415, 1.338633134153554 ], [ 103.820124962043138, 1.338629636186664 ], [ 103.820113500997081, 1.338601750654798 ], [ 103.820082584417491, 1.338531693400049 ], [ 103.820335287293602, 1.338428706912056 ], [ 103.820132912726663, 1.337925693083866 ], [ 103.819947219548595, 1.33800137045226 ], [ 103.819883710743554, 1.337855682292944 ], [ 103.819787141650181, 1.337636077070567 ], [ 103.819716344356237, 1.337489084023728 ], [ 103.819625400635033, 1.337406260283752 ], [ 103.819796254938922, 1.337345189121343 ], [ 103.819737254924348, 1.337177989127377 ], [ 103.81953929603597, 1.337248748709038 ], [ 103.819462010141194, 1.337064065563344 ], [ 103.819428548857019, 1.336990303441286 ], [ 103.81932039049984, 1.337040004287393 ], [ 103.819254422266027, 1.336893457690549 ], [ 103.819176996530359, 1.33662701928426 ], [ 103.819066024451189, 1.336348444042436 ], [ 103.818845765904257, 1.335779626740288 ], [ 103.818825563153766, 1.335673288858924 ], [ 103.818819348027858, 1.335591262259704 ], [ 103.818835344759506, 1.335477285463139 ], [ 103.818853447335243, 1.335409479618275 ], [ 103.818879498719681, 1.335354165024156 ], [ 103.818881587669608, 1.335355058794644 ], [ 103.819136567841184, 1.335469661082828 ], [ 103.819356432136956, 1.334974138911884 ], [ 103.819290614337902, 1.334944556733062 ], [ 103.820025739885779, 1.334367774233326 ], [ 103.820250707258083, 1.334177206921962 ], [ 103.820392125274424, 1.333987354253974 ], [ 103.820502590614055, 1.333712896639732 ], [ 103.820623288539892, 1.333343199734395 ], [ 103.820821635774209, 1.33342871999341 ], [ 103.820927800000177, 1.333179300000211 ], [ 103.820850451403345, 1.333439236429693 ], [ 103.821215051437591, 1.333549136440925 ], [ 103.821292399998924, 1.333289200004346 ], [ 103.821239132639661, 1.333555194608751 ], [ 103.82142890730951, 1.333593691203568 ], [ 103.821683252508848, 1.333658375081505 ], [ 103.8217493, 1.333395300000116 ], [ 103.821690913604826, 1.333660204059608 ], [ 103.822032213639417, 1.333736404068519 ], [ 103.822090600000038, 1.333471500000744 ], [ 103.822075607159945, 1.333742423679224 ], [ 103.822396707194216, 1.333760423680763 ], [ 103.822411700000245, 1.333489499990113 ], [ 103.822409132035474, 1.333760831273702 ], [ 103.822544732050602, 1.333762131274731 ], [ 103.822547300000522, 1.333490799999923 ], [ 103.822552755778304, 1.333762088018182 ], [ 103.822719655796476, 1.333758688018253 ], [ 103.822714199999524, 1.333487399999306 ], [ 103.822733817856928, 1.33375802425801 ], [ 103.822958517881872, 1.333741524256616 ], [ 103.82293890000004, 1.333470900000388 ], [ 103.822974256530173, 1.333739900083706 ], [ 103.82325215655986, 1.33370290008038 ], [ 103.823216800000012, 1.333433899998958 ], [ 103.823278213616476, 1.333698109760517 ], [ 103.823603113649284, 1.333621609752784 ], [ 103.823541699999964, 1.333357399999875 ], [ 103.823657185079952, 1.33360258887206 ], [ 103.823770785088882, 1.333548388866896 ], [ 103.823655300000098, 1.333303199999901 ], [ 103.82378591629076, 1.333540572027536 ], [ 103.823961016302746, 1.333442972018784 ], [ 103.823830399998528, 1.333205599997512 ], [ 103.823973463436587, 1.333435588630795 ], [ 103.824142163445785, 1.333329288620953 ], [ 103.823999099999867, 1.333099299999981 ], [ 103.824147850354407, 1.333325604498085 ], [ 103.824227150358851, 1.333272804493185 ], [ 103.824078400000175, 1.333046500000681 ], [ 103.824303193076929, 1.333196300172629 ], [ 103.824352993073077, 1.333120600168543 ], [ 103.824128199998327, 1.332970799999295 ], [ 103.824384342100672, 1.333055462353147 ], [ 103.824409560495141, 1.332978175768117 ], [ 103.824625123041784, 1.332659652498444 ], [ 103.824402300000031, 1.332506900000496 ], [ 103.824643087495545, 1.332628952460497 ], [ 103.824768487477684, 1.332378352448518 ], [ 103.824527699999251, 1.332256299999818 ], [ 103.824794794200216, 1.332293216366387 ], [ 103.824816282016599, 1.332135733169838 ], [ 103.824875190628916, 1.331854798313204 ], [ 103.82499382413306, 1.331514156027727 ], [ 103.824484975886293, 1.331334643946103 ], [ 103.824360575854229, 1.331691843933494 ], [ 103.824614999998033, 1.33178159999991 ], [ 103.824351209613042, 1.33172556894236 ], [ 103.824286709582523, 1.332033168934772 ], [ 103.824550500005856, 1.332089200001149 ], [ 103.82428340582527, 1.332052283607138 ], [ 103.824266714865985, 1.332174610671865 ], [ 103.824169491301632, 1.332368902699772 ], [ 103.823942476969037, 1.332704347460124 ], [ 103.824165299999834, 1.332857100000516 ], [ 103.823909157927375, 1.332772437623797 ], [ 103.823883561716883, 1.332850882052043 ], [ 103.823853170178282, 1.332871117527242 ], [ 103.823693461845323, 1.332971751760771 ], [ 103.823532126783675, 1.333061679241467 ], [ 103.823452241146043, 1.333099793691462 ], [ 103.823168297866985, 1.333166650141026 ], [ 103.822911389115276, 1.33320085533606 ], [ 103.822701654497408, 1.33321625640944 ], [ 103.822545855749539, 1.333219430260475 ], [ 103.82242048505212, 1.333218228328562 ], [ 103.822127533340137, 1.333201806247575 ], [ 103.821811530210596, 1.333131254127159 ], [ 103.821554647502595, 1.333065924923112 ], [ 103.821488599998133, 1.33332900000889 ], [ 103.821541867328278, 1.33306300538471 ], [ 103.821357846644133, 1.333025676011642 ], [ 103.821019853865209, 1.332923796126673 ], [ 103.820762707869235, 1.332812923934536 ], [ 103.82072918551799, 1.3327912142218 ], [ 103.82070866141666, 1.332823316848797 ], [ 103.820675345960098, 1.332825922939569 ], [ 103.820695745799696, 1.332783043258617 ], [ 103.820732005883556, 1.332773543188305 ], [ 103.820693105868074, 1.332623143192314 ], [ 103.820432199999729, 1.332691500000296 ], [ 103.820677747873262, 1.332579465900369 ], [ 103.820516965376328, 1.332222504837674 ], [ 103.820453081956117, 1.332080552290739 ], [ 103.820364669170942, 1.331849632116876 ], [ 103.820113099999944, 1.331947200000365 ], [ 103.820360857465843, 1.331840207186494 ], [ 103.820320375014688, 1.331745248373161 ], [ 103.82029220909989, 1.331679119719278 ], [ 103.820239715013059, 1.331524568646565 ], [ 103.820094080649966, 1.33095893365945 ], [ 103.819833099969046, 1.331027000007922 ], [ 103.820093134406818, 1.330955359033161 ], [ 103.820046329274703, 1.330783267506675 ], [ 103.819970220926436, 1.330388183546263 ], [ 103.82002166790005, 1.330198578429147 ], [ 103.820117245735645, 1.33000331376405 ], [ 103.81987539999507, 1.329883399998145 ], [ 103.820125494351259, 1.329984735338795 ], [ 103.820192094337401, 1.329818235332032 ], [ 103.819942000000509, 1.329716899999986 ], [ 103.820192112845206, 1.329818189049465 ], [ 103.820342712813485, 1.329441489034015 ], [ 103.820092600000265, 1.329340199999897 ], [ 103.820354971426212, 1.329402614979898 ], [ 103.820406871404344, 1.329181614973876 ], [ 103.82014450000031, 1.329119200000436 ], [ 103.820413826706456, 1.329106971559895 ], [ 103.820402226677913, 1.328848171561104 ], [ 103.820132899997972, 1.328860400000675 ], [ 103.820393084850735, 1.328789315334671 ], [ 103.820323746184286, 1.328532228994301 ], [ 103.820322273850749, 1.328461734047546 ], [ 103.820327447317624, 1.328407852882912 ], [ 103.82032952699727, 1.328401182419308 ], [ 103.820415817833066, 1.328323731456682 ], [ 103.820454695973822, 1.328288851067166 ], [ 103.820310910510997, 1.328126506853809 ], [ 103.820310925745233, 1.328126480687006 ], [ 103.820454803789247, 1.328288754285348 ], [ 103.820577232904185, 1.328178795712706 ], [ 103.820780847732735, 1.328000520932813 ], [ 103.820603899999838, 1.327795800000328 ], [ 103.820836788651732, 1.32793249898233 ], [ 103.820891358063278, 1.327838325164851 ], [ 103.821051803534516, 1.328013636199355 ], [ 103.821448396436438, 1.327645963783936 ], [ 103.821431292089059, 1.327627274692326 ], [ 103.82144393947118, 1.327620217000112 ], [ 103.821533973430419, 1.327571065615156 ], [ 103.821531759890178, 1.327575762485293 ], [ 103.821907759918602, 1.327755262503424 ], [ 103.822023299999827, 1.327510100000477 ], [ 103.821941421733612, 1.327768627222991 ], [ 103.821970721736179, 1.327778027223772 ], [ 103.822052600000589, 1.327519499998468 ], [ 103.82201577990476, 1.327788301115613 ], [ 103.822036679906233, 1.32779120111653 ], [ 103.82207349999986, 1.327522399999963 ], [ 103.822048579317283, 1.327792581883618 ], [ 103.822268008528013, 1.327813083863718 ], [ 103.822297083470261, 1.32781745304854 ], [ 103.822319012958388, 1.327820766028867 ], [ 103.822311579385044, 1.327870668159499 ], [ 103.822844820623118, 1.327951131812092 ], [ 103.822852236198258, 1.327901350432284 ], [ 103.82288384672286, 1.327906129300863 ], [ 103.822876229568976, 1.327986109321592 ], [ 103.823412970436451, 1.328037890649273 ], [ 103.823418023636094, 1.32798483199917 ], [ 103.823440881873807, 1.327988117770866 ], [ 103.823479, 1.327719500000325 ], [ 103.823465908739834, 1.327990523510267 ], [ 103.823498608743151, 1.327992123511197 ], [ 103.823511699999855, 1.327721100000153 ], [ 103.823554929319727, 1.327988932653049 ], [ 103.823581229322627, 1.327984632653217 ], [ 103.823538, 1.327716800000755 ], [ 103.823615559941402, 1.327976672592986 ], [ 103.823882159966132, 1.327896072584323 ], [ 103.823870515900609, 1.327857057958165 ], [ 103.82392292113235, 1.327832604472004 ], [ 103.82394438000054, 1.327868224628299 ], [ 103.824047780006595, 1.327805124622666 ], [ 103.824033304834629, 1.327781096894028 ], [ 103.824047466110997, 1.327774488915616 ], [ 103.824062159911051, 1.327795706745332 ], [ 103.824406563112277, 1.327554105994967 ], [ 103.824773960147112, 1.327301296135862 ], [ 103.824621800000074, 1.327077300000044 ], [ 103.824821472029186, 1.327259621674593 ], [ 103.825212767227356, 1.326825529826034 ], [ 103.82530163546673, 1.326873084947483 ], [ 103.825554764508666, 1.326393915045364 ], [ 103.825518209745823, 1.326374353883054 ], [ 103.825522162212081, 1.326366234239801 ], [ 103.825530936234571, 1.326370600310247 ], [ 103.825624161594604, 1.326417063111659 ], [ 103.825743800000438, 1.326173900000104 ], [ 103.825624263604624, 1.326417113925512 ], [ 103.825671063607842, 1.326440413927861 ], [ 103.82591013636825, 1.325953986066123 ], [ 103.825863387710712, 1.325930711627579 ], [ 103.825770138388222, 1.325884236886593 ], [ 103.825650499999924, 1.326127400000096 ], [ 103.82576998814119, 1.325884162063525 ], [ 103.825753824813702, 1.32587611897661 ], [ 103.825780078851821, 1.32581881752918 ], [ 103.826318429380052, 1.326055633152418 ], [ 103.826400098296872, 1.325867567178904 ], [ 103.82649701595453, 1.32635896664467 ], [ 103.826670781723237, 1.326971587854614 ], [ 103.826762514064228, 1.327191474063264 ], [ 103.826863205544811, 1.327385363738153 ], [ 103.826881338510034, 1.327410265001997 ], [ 103.826856628052681, 1.327426140922758 ], [ 103.826769486027615, 1.3274784069214 ], [ 103.826849498653544, 1.327613540994347 ], [ 103.826839044538261, 1.327626250706005 ], [ 103.826738036225052, 1.327500462519871 ], [ 103.826676936227159, 1.327550162515507 ], [ 103.82678793322917, 1.327688389870533 ], [ 103.826757479201731, 1.327725414704555 ], [ 103.826882779205079, 1.327829814713767 ], [ 103.826892250950252, 1.327818299330388 ], [ 103.827015863801165, 1.327972237472599 ], [ 103.827062019806192, 1.327934693224837 ], [ 103.827077386328241, 1.327925476700853 ], [ 103.827125828017472, 1.327943651722334 ], [ 103.827141683674952, 1.327900843577448 ], [ 103.827135482609663, 1.32799785819838 ], [ 103.827119410854792, 1.328237636429161 ], [ 103.827388400000373, 1.328255900000014 ], [ 103.827118934507467, 1.328247312802616 ], [ 103.827108134470734, 1.328590612800722 ], [ 103.827377599999892, 1.328599200000358 ], [ 103.827111848748402, 1.328644888875885 ], [ 103.827165548715257, 1.328961288882052 ], [ 103.827431300000526, 1.328915600000077 ], [ 103.8271779905117, 1.329008494009917 ], [ 103.82726379049079, 1.329245494018278 ], [ 103.827517100001558, 1.329152599999856 ], [ 103.827281350445375, 1.329284237966533 ], [ 103.827431450428136, 1.329556537980218 ], [ 103.827667200000533, 1.329424900000396 ], [ 103.827440261205695, 1.329571385776824 ], [ 103.827602561192293, 1.329826085791565 ], [ 103.827829500000064, 1.329679600000487 ], [ 103.827642660070197, 1.32987521536599 ], [ 103.827808960071536, 1.330036115378953 ], [ 103.827995800000494, 1.329840500000131 ], [ 103.827850843248925, 1.330069284466475 ], [ 103.828049343260275, 1.330196684477814 ], [ 103.828194300000192, 1.32996789999993 ], [ 103.828058970656826, 1.330202582261498 ], [ 103.828226570666843, 1.3303004822705 ], [ 103.828361900007849, 1.330065799985359 ], [ 103.828235159320627, 1.330305290693548 ], [ 103.828441852371242, 1.330416093356306 ], [ 103.828487062236817, 1.330452428952745 ], [ 103.828487068429652, 1.33045243393038 ], [ 103.828513121219459, 1.330473374065132 ], [ 103.828541284033093, 1.330507696540378 ], [ 103.828503946030608, 1.330518825401254 ], [ 103.828525240115923, 1.330591195005426 ], [ 103.828487497553027, 1.330617738545124 ], [ 103.828445158510689, 1.330544324816199 ], [ 103.828223658524067, 1.330673724804758 ], [ 103.82830059097877, 1.330807121752157 ], [ 103.828287159614291, 1.330826833844466 ], [ 103.828180161360876, 1.330705350126781 ], [ 103.828079061362729, 1.330795550119819 ], [ 103.828218872764452, 1.330954289246224 ], [ 103.828218857282337, 1.330954282558416 ], [ 103.82807903675932, 1.330795572073216 ], [ 103.827988277942623, 1.33087656569751 ], [ 103.827886588216288, 1.330936447618481 ], [ 103.827812256627595, 1.330941369910347 ], [ 103.827545157925485, 1.330935748751489 ], [ 103.827456366558792, 1.330929679940993 ], [ 103.827456059851983, 1.330934225500883 ], [ 103.827455831079774, 1.330934153722727 ], [ 103.82745613008764, 1.330929663883432 ], [ 103.827437519534186, 1.330928408409783 ], [ 103.82741849483763, 1.330922439343429 ], [ 103.827046602232059, 1.330736968608054 ], [ 103.826926900000501, 1.330980100000377 ], [ 103.82690248389882, 1.330709871453941 ], [ 103.826813983908195, 1.33071797145268 ], [ 103.826838399999417, 1.330988199999028 ], [ 103.826725054895888, 1.330742001704216 ], [ 103.826576454907482, 1.330811301697292 ], [ 103.826689800233012, 1.331057500506128 ], [ 103.826576358482413, 1.33081134668826 ], [ 103.826457258491843, 1.330866946683692 ], [ 103.826684141530407, 1.331359253310713 ], [ 103.826803191312095, 1.331303676752802 ], [ 103.826888618404041, 1.331263837605299 ], [ 103.827198197773583, 1.331418231403533 ], [ 103.827317899999954, 1.331175099998799 ], [ 103.827237663386157, 1.331434148124921 ], [ 103.82730746339314, 1.331456048127726 ], [ 103.827387700000386, 1.33119700000024 ], [ 103.827369669902993, 1.331467736115797 ], [ 103.827419951800721, 1.331471128148334 ], [ 103.827514933447674, 1.331477620059273 ], [ 103.827533200000502, 1.33120690000015 ], [ 103.827527563839936, 1.331478184291543 ], [ 103.827812663870674, 1.331484184291701 ], [ 103.827815165965319, 1.331363750769352 ], [ 103.827828952310625, 1.331375847086168 ], [ 103.827836000225616, 1.33148365816407 ], [ 103.827943697918172, 1.331476526344712 ], [ 103.828107494527146, 1.331620243556372 ], [ 103.828140774859264, 1.331895390395444 ], [ 103.828408399997357, 1.33186260000034 ], [ 103.828151102896314, 1.331943636662611 ], [ 103.828234802870981, 1.332212836670934 ], [ 103.828492099999082, 1.332131800000142 ], [ 103.828265932708533, 1.332279489884405 ], [ 103.828404532696467, 1.332494489897267 ], [ 103.828630700000275, 1.332346800000503 ], [ 103.82844491080435, 1.332543426697514 ], [ 103.828670604489915, 1.332759446472385 ], [ 103.828723410858473, 1.332827748388458 ], [ 103.828723926758059, 1.332828975002596 ], [ 103.828724252046655, 1.33282883641567 ], [ 103.828724392900469, 1.332829018601081 ], [ 103.828724013359675, 1.332829180672443 ], [ 103.828742491130583, 1.332873013291341 ], [ 103.828765836898313, 1.332966083033854 ], [ 103.828768735960125, 1.332980048414051 ], [ 103.828770764383478, 1.333110102464256 ], [ 103.828768743241099, 1.333142066396511 ], [ 103.828769965450832, 1.333142144681492 ], [ 103.828727185810436, 1.333220407786576 ], [ 103.828820754526717, 1.333272216954454 ], [ 103.828787713956473, 1.33328522084984 ], [ 103.828793813955755, 1.333300920850549 ], [ 103.828839862802141, 1.333282797240115 ], [ 103.828982464332583, 1.333361755953088 ], [ 103.828946160172293, 1.333454590304542 ], [ 103.828966860173878, 1.333462790305448 ], [ 103.829002115859325, 1.333372637036427 ], [ 103.829046639557561, 1.333397289881957 ], [ 103.829038228408365, 1.333480241517834 ], [ 103.82907838718333, 1.333484366353155 ], [ 103.829371186994891, 1.333540114819896 ], [ 103.829421299996568, 1.333273500016503 ], [ 103.829378128344118, 1.333541342081867 ], [ 103.829614119464537, 1.333579873168065 ], [ 103.829753348517372, 1.333618618094293 ], [ 103.829876630095541, 1.333665507579733 ], [ 103.830008401864674, 1.333743978409574 ], [ 103.830129963685252, 1.333828743141342 ], [ 103.830214598874662, 1.33370579309154 ], [ 103.830214598873766, 1.333708661043169 ], [ 103.830132892738064, 1.33383075698869 ], [ 103.830214598854297, 1.333886143458948 ], [ 103.830214598848585, 1.333938499985318 ], [ 103.830334099664427, 1.33393849999553 ], [ 103.830344198405626, 1.333941422854447 ], [ 103.830214656831686, 1.333944127325098 ], [ 103.830217156818264, 1.334065427324895 ], [ 103.830756243180019, 1.33405417264455 ], [ 103.830753801150721, 1.333935686014903 ], [ 103.830753801124089, 1.333690299985096 ], [ 103.830555036156355, 1.333690299998909 ], [ 103.830554199999227, 1.333682600000278 ], [ 103.830823525429182, 1.333670331935118 ], [ 103.830819325419313, 1.333576931935755 ], [ 103.830550000000386, 1.333589200000482 ], [ 103.830819298810937, 1.333576353865902 ], [ 103.830814198798464, 1.33346805386708 ], [ 103.83053236198387, 1.333481498090118 ], [ 103.830524908739804, 1.333412862649285 ], [ 103.83048767900452, 1.333416957919876 ], [ 103.830435578333791, 1.333381640221488 ], [ 103.830307536293873, 1.333292356856284 ], [ 103.830153999997165, 1.333515400004828 ], [ 103.83029128677174, 1.333281872134453 ], [ 103.830131086781662, 1.333186472143223 ], [ 103.829993800000025, 1.333420000000244 ], [ 103.830089104607367, 1.333166176077107 ], [ 103.829932404620536, 1.333106576082915 ], [ 103.829837100001271, 1.333360399995514 ], [ 103.829908947520295, 1.333098869249858 ], [ 103.829743647536404, 1.333052869254789 ], [ 103.829671799999502, 1.333314400001072 ], [ 103.829714971619779, 1.33304655791184 ], [ 103.829467950295424, 1.333006225887162 ], [ 103.829307937594137, 1.332975759810975 ], [ 103.829307467831725, 1.332945641042794 ], [ 103.829144311970168, 1.332948218779508 ], [ 103.82914457158013, 1.332945658480472 ], [ 103.829092971585467, 1.332940358481572 ], [ 103.829092090906755, 1.332949043829073 ], [ 103.829037899999179, 1.332949900000487 ], [ 103.829301802598835, 1.332894406166578 ], [ 103.82929250259474, 1.332849606167373 ], [ 103.829028600000555, 1.332905100000313 ], [ 103.829289999224414, 1.332838679788872 ], [ 103.829262773372491, 1.332730141877386 ], [ 103.829403010869399, 1.332402436151857 ], [ 103.828907789152183, 1.332187763822856 ], [ 103.828892671618419, 1.332223090327423 ], [ 103.828839547636974, 1.332172243402663 ], [ 103.828738367960554, 1.332015290823997 ], [ 103.828673049910662, 1.33180521181267 ], [ 103.828633511401421, 1.331478325740474 ], [ 103.82864527076481, 1.331303918515522 ], [ 103.828694407344884, 1.331188697319008 ], [ 103.828743169532643, 1.331117133114053 ], [ 103.828796860344724, 1.33106221927195 ], [ 103.828809286150033, 1.331053480467973 ], [ 103.828863575065284, 1.331141734758883 ], [ 103.829092800000026, 1.330998899999956 ], [ 103.828898664336819, 1.331187181335527 ], [ 103.829197764334509, 1.331499581359276 ], [ 103.829391900000516, 1.331311300000491 ], [ 103.829254349680397, 1.331544670657003 ], [ 103.829335738046069, 1.331593263711269 ], [ 103.829335744598325, 1.33159326762356 ], [ 103.829335749685953, 1.33159327066133 ], [ 103.829620438063174, 1.331763263727229 ], [ 103.829757999985688, 1.33152990002499 ], [ 103.829622284353178, 1.331764356226845 ], [ 103.829892084369888, 1.331922556242167 ], [ 103.83002779929015, 1.331688101226616 ], [ 103.829892121718359, 1.33192257813779 ], [ 103.83000004419084, 1.331985836252658 ], [ 103.830056282716129, 1.332019967220101 ], [ 103.830195500000528, 1.331787599999869 ], [ 103.830056491686946, 1.332020093913718 ], [ 103.830385391706187, 1.33221929393279 ], [ 103.830524400000186, 1.331986800000604 ], [ 103.830385428656598, 1.332219316307718 ], [ 103.830488327437365, 1.332281614915664 ], [ 103.830771272829082, 1.332465943861226 ], [ 103.830890817285962, 1.332566393788689 ], [ 103.831063599749811, 1.332358100301244 ], [ 103.830890970038681, 1.332566522045824 ], [ 103.830976070040961, 1.332637922051673 ], [ 103.83114869999973, 1.33242950000096 ], [ 103.83104472192538, 1.332679851134942 ], [ 103.831341121949549, 1.332804551148096 ], [ 103.831445099997453, 1.332554200006261 ], [ 103.831362604013634, 1.332812528271383 ], [ 103.831640204039715, 1.332902328280012 ], [ 103.831721523354986, 1.332647684551649 ], [ 103.831721952705095, 1.332647761476277 ], [ 103.831669838379085, 1.332910076593851 ], [ 103.831846227713598, 1.332945574447183 ], [ 103.831846238397432, 1.332945576597768 ], [ 103.831985827727436, 1.332973674449936 ], [ 103.832017944513495, 1.332812049925358 ], [ 103.832017981174616, 1.332812064910698 ], [ 103.831985924815584, 1.332973693974316 ], [ 103.832089909554227, 1.332994585026199 ], [ 103.832405166264508, 1.333074354675742 ], [ 103.832470900000587, 1.332811199998871 ], [ 103.8326812341287, 1.332641455626525 ], [ 103.832647534127304, 1.332599155629711 ], [ 103.832492642702732, 1.332724156496161 ], [ 103.832499049971645, 1.332698505997166 ], [ 103.832615795369989, 1.332565633230876 ], [ 103.832517595371485, 1.332478233237995 ], [ 103.832470875919554, 1.332531406578335 ], [ 103.832428755299276, 1.3325207487669 ], [ 103.832471078136535, 1.332444948797731 ], [ 103.832272878150022, 1.332332848807802 ], [ 103.832216757973271, 1.332433359722446 ], [ 103.832233395765499, 1.332339933188099 ], [ 103.832242246748919, 1.332317999063034 ], [ 103.832237637416881, 1.332316114956671 ], [ 103.832313972042044, 1.33188747149259 ], [ 103.832048599999922, 1.331839600000369 ], [ 103.83228947524141, 1.331717723193707 ], [ 103.832239875233626, 1.331618423198657 ], [ 103.831867361623296, 1.33180690568775 ], [ 103.831783227968074, 1.331791728478482 ], [ 103.831771925785233, 1.33185519380062 ], [ 103.83175812474235, 1.3318621767777 ], [ 103.831767381819674, 1.331880709600304 ], [ 103.831684413942554, 1.332346600310399 ], [ 103.831538505434779, 1.332299400797018 ], [ 103.831290141172872, 1.332194910167393 ], [ 103.831236306045483, 1.332149741800838 ], [ 103.831104282687946, 1.332038806208219 ], [ 103.83093149999911, 1.332247100002084 ], [ 103.831077996461147, 1.332019311074778 ], [ 103.830777596477589, 1.331823611092645 ], [ 103.830631100000488, 1.332051400000504 ], [ 103.830770071310738, 1.331818883678159 ], [ 103.830663390837003, 1.331754295502461 ], [ 103.830334613067677, 1.331555169538828 ], [ 103.830276717261171, 1.331520032774779 ], [ 103.830137499992261, 1.331752400012849 ], [ 103.830273178248618, 1.331517921847795 ], [ 103.830163492728147, 1.331453630336833 ], [ 103.829894640922262, 1.331295986324809 ], [ 103.829610861928487, 1.331126536280235 ], [ 103.829473302330186, 1.331359896047352 ], [ 103.829610850288603, 1.33112652933108 ], [ 103.829560768436494, 1.3310966278823 ], [ 103.82930688832063, 1.330831458567571 ], [ 103.829143986968603, 1.330566639488143 ], [ 103.829143875534754, 1.330566296977956 ], [ 103.829189025926823, 1.330552226235238 ], [ 103.829473739806886, 1.330515298469152 ], [ 103.829626892194284, 1.330557805360907 ], [ 103.829840670553011, 1.330743819251891 ], [ 103.830115323726034, 1.331003991088197 ], [ 103.830300100000173, 1.330806399999385 ], [ 103.830233554674351, 1.33106934795922 ], [ 103.830615054711913, 1.331167147969941 ], [ 103.8306816, 1.330904199999873 ], [ 103.83070258757671, 1.331174720155416 ], [ 103.830951987603697, 1.331155120153206 ], [ 103.830931, 1.33088460000061 ], [ 103.83102723227465, 1.331138069095811 ], [ 103.831281532296359, 1.331040269085715 ], [ 103.831185299997657, 1.330786799993929 ], [ 103.831298114269273, 1.33103324515129 ], [ 103.831635614295735, 1.330876745136337 ], [ 103.831522800013857, 1.330630300028523 ], [ 103.831638767535722, 1.330875258045721 ], [ 103.831883367554411, 1.330757958034519 ], [ 103.831767399998583, 1.330512999997887 ], [ 103.831905147562452, 1.330746252753465 ], [ 103.832139847576528, 1.330605852740602 ], [ 103.832002099999272, 1.330372599999738 ], [ 103.832177267812781, 1.330578865834862 ], [ 103.832273867814649, 1.330495765828518 ], [ 103.832098699999861, 1.330289500000154 ], [ 103.832308738192495, 1.330459614918278 ], [ 103.832416038188725, 1.330325414909596 ], [ 103.832205999994684, 1.330155299995959 ], [ 103.832424370714165, 1.330314432182603 ], [ 103.832607905315697, 1.330059308148829 ], [ 103.832710897419858, 1.329921952506266 ], [ 103.832280502608512, 1.32959504747435 ], [ 103.832175902603296, 1.329734547465347 ], [ 103.83239110000045, 1.329897999999839 ], [ 103.832172729325066, 1.329738867813341 ], [ 103.831991656598873, 1.329990569633132 ], [ 103.831904422397187, 1.330099673349068 ], [ 103.831844493515817, 1.330151227073197 ], [ 103.831640275902828, 1.330273392185682 ], [ 103.831408404321479, 1.330384588161763 ], [ 103.83108066025035, 1.330536564299212 ], [ 103.830871165809768, 1.330617132748015 ], [ 103.830705000082787, 1.330630191481545 ], [ 103.830434150078233, 1.330560757327666 ], [ 103.830206076246299, 1.330344708918055 ], [ 103.830021300000027, 1.330542300000587 ], [ 103.83019762149496, 1.330337032304376 ], [ 103.829933521500024, 1.330107232322647 ], [ 103.829757200000586, 1.330312499998427 ], [ 103.829828870879979, 1.330050920177336 ], [ 103.829564770905421, 1.329977620184417 ], [ 103.829493100000377, 1.330239200000588 ], [ 103.829458641950765, 1.329970081831867 ], [ 103.829285963857771, 1.329992478416809 ], [ 103.829290724810619, 1.329989031010387 ], [ 103.829816228192314, 1.329746276188664 ], [ 103.829888117134459, 1.329735084210097 ], [ 103.830149835843443, 1.32975198668742 ], [ 103.83016709999977, 1.329481200001521 ], [ 103.830256987795693, 1.329737017758008 ], [ 103.830433987812285, 1.329674017751613 ], [ 103.830344100000389, 1.329418200000538 ], [ 103.830597327090061, 1.329511321443289 ], [ 103.830689827067204, 1.329256521433337 ], [ 103.830436599999985, 1.329163399999987 ], [ 103.830704329590802, 1.329195312530561 ], [ 103.830733829564011, 1.328944612527016 ], [ 103.830466099998901, 1.328912699999651 ], [ 103.830711773674111, 1.328800946431396 ], [ 103.830632873660704, 1.328625246439761 ], [ 103.830387199167276, 1.328737000379236 ], [ 103.830632823910506, 1.328625135717444 ], [ 103.83052132389048, 1.328377135728409 ], [ 103.830030076086928, 1.328600864246737 ], [ 103.830141551301097, 1.328848809170853 ], [ 103.830189554677105, 1.328955706448767 ], [ 103.83017257191409, 1.329100031016469 ], [ 103.830134463313371, 1.329205004733204 ], [ 103.830129265271935, 1.329206854883638 ], [ 103.829893264184406, 1.329191613313179 ], [ 103.82987600000034, 1.329462400000432 ], [ 103.829834787153644, 1.329194245535582 ], [ 103.829696687168521, 1.329215745533055 ], [ 103.829737900000666, 1.329483900001946 ], [ 103.829625438669623, 1.329237291529306 ], [ 103.829042038715585, 1.329506791502949 ], [ 103.829154499999873, 1.329753399998939 ], [ 103.828997050481703, 1.329533137812478 ], [ 103.828724850493302, 1.32973023779495 ], [ 103.8288823000006, 1.329950500001203 ], [ 103.828645961588492, 1.329819935891791 ], [ 103.828607682680513, 1.329890124572818 ], [ 103.828492978526242, 1.3298286347174 ], [ 103.828334504273968, 1.329736065332945 ], [ 103.828163335005371, 1.329626206573266 ], [ 103.828039268664526, 1.329506168853437 ], [ 103.827898779338909, 1.329285696724557 ], [ 103.827763144533847, 1.329039638423986 ], [ 103.827692949380975, 1.328845742778181 ], [ 103.827647925198164, 1.328580460799708 ], [ 103.827657713153982, 1.328269329638359 ], [ 103.827673489123711, 1.32803396353941 ], [ 103.827404499999901, 1.328015699999845 ], [ 103.82767354434904, 1.328033120058576 ], [ 103.827684244330555, 1.327865720057805 ], [ 103.827415199997631, 1.327848300000303 ], [ 103.827681198204758, 1.327804091325941 ], [ 103.8276599321497, 1.327674476150329 ], [ 103.82760752013418, 1.327553525374159 ], [ 103.82736040000033, 1.327662000000298 ], [ 103.82758714501422, 1.327515210836062 ], [ 103.827510095509169, 1.327394648541212 ], [ 103.827474181644433, 1.327345341943525 ], [ 103.827434025634844, 1.327233874426708 ], [ 103.827372914488151, 1.327167288011874 ], [ 103.827322194429044, 1.32709763624004 ], [ 103.827250885912832, 1.326960325912411 ], [ 103.827180418259161, 1.32679141211871 ], [ 103.827021584032025, 1.326231433326486 ], [ 103.826921472665191, 1.32572384140097 ], [ 103.826901774260193, 1.325478280168133 ], [ 103.826912586918525, 1.325046618200257 ], [ 103.826988183088901, 1.324423836840912 ], [ 103.827097429188029, 1.324650519861257 ], [ 103.827251274287747, 1.324575414723279 ], [ 103.8272512876447, 1.324575441958252 ], [ 103.827097465203678, 1.324650594564579 ], [ 103.827175165192145, 1.324811694572506 ], [ 103.827417124167027, 1.324693481332798 ], [ 103.827456859944917, 1.324776627931404 ], [ 103.827460356475328, 1.32477493525677 ], [ 103.827543068094457, 1.324933421267806 ], [ 103.827707422368803, 1.324846534125464 ], [ 103.8277890663189, 1.324770261481131 ], [ 103.827831000143419, 1.324654044850489 ], [ 103.827831000130203, 1.324533342561264 ], [ 103.827736321607262, 1.324338358305982 ], [ 103.8275826891945, 1.32441392558184 ], [ 103.82758255226635, 1.324413641680665 ], [ 103.827582519256339, 1.324413573184916 ], [ 103.827735852488019, 1.324337396999689 ], [ 103.82758508194631, 1.324029976622923 ], [ 103.82776140602212, 1.323858660841484 ], [ 103.827911782361483, 1.323903204199639 ], [ 103.828000228580336, 1.323600739184819 ], [ 103.828026414978538, 1.323592143648959 ], [ 103.828137436807069, 1.323532686459279 ], [ 103.828196102325634, 1.323460120269497 ], [ 103.828205496692391, 1.323448670882733 ], [ 103.82827981432176, 1.323341855021354 ], [ 103.82829496961368, 1.323216155137018 ], [ 103.828295140783169, 1.323123718207929 ], [ 103.828294929835153, 1.323122419482007 ], [ 103.82829954116329, 1.323110158232415 ], [ 103.828292502745356, 1.323107476806745 ], [ 103.828283268107782, 1.323050622631017 ], [ 103.828223017338402, 1.32306053596024 ], [ 103.82827040858578, 1.323003014390532 ], [ 103.828313332510575, 1.322954716974627 ], [ 103.828334841773938, 1.322939569980587 ], [ 103.828347120626148, 1.322935644206509 ], [ 103.828370825912515, 1.322931889975378 ], [ 103.828393019359154, 1.32292842342752 ], [ 103.828410532459472, 1.322930509572203 ], [ 103.828448053368874, 1.322949056029342 ], [ 103.828454545103824, 1.322935752319339 ], [ 103.828454603674217, 1.322935759295723 ], [ 103.82844810619207, 1.322949082132124 ], [ 103.828461442990047, 1.32295567082927 ], [ 103.828537701864335, 1.323003091303025 ], [ 103.828644130854698, 1.323135402842513 ], [ 103.828700807018393, 1.323251031047623 ], [ 103.828741283630052, 1.323367124245507 ], [ 103.82880331679732, 1.323601067035045 ], [ 103.829063800001251, 1.323531099999308 ], [ 103.828826533886541, 1.323659947341094 ], [ 103.828877033880673, 1.323754147345826 ], [ 103.829114299999958, 1.323625300000202 ], [ 103.828902544831962, 1.323793244165341 ], [ 103.828983344829112, 1.323896444172195 ], [ 103.829195099999581, 1.323728500001167 ], [ 103.829037149149613, 1.323948398037456 ], [ 103.829144349154362, 1.324026398044113 ], [ 103.82920990273729, 1.323935134817915 ], [ 103.829253650812177, 1.323926037744976 ], [ 103.829206334297908, 1.324042300915934 ], [ 103.829205748001797, 1.324042703811201 ], [ 103.829206011968353, 1.324043092921759 ], [ 103.829200109709717, 1.324057595581549 ], [ 103.829221961714978, 1.32406660425913 ], [ 103.829257847998392, 1.324119503816205 ], [ 103.82929250645671, 1.3240956869371 ], [ 103.829319209719827, 1.324106695586156 ], [ 103.829335797094686, 1.324065938125085 ], [ 103.829425624332032, 1.324004209912056 ], [ 103.829426160955506, 1.324023088069588 ], [ 103.829293142063179, 1.32416161243066 ], [ 103.829370538629789, 1.324236897354544 ], [ 103.829434597351351, 1.324308758726532 ], [ 103.829267231195715, 1.324316935974994 ], [ 103.82896814002136, 1.32432057622979 ], [ 103.828974659979778, 1.324863223769509 ], [ 103.829278660012861, 1.324859523769058 ], [ 103.829278023981189, 1.324806588245512 ], [ 103.829286034934995, 1.324808692858959 ], [ 103.829288472203771, 1.32485922445136 ], [ 103.829448598123875, 1.324851400949592 ], [ 103.829600479898801, 1.324891302842254 ], [ 103.829727609782495, 1.32498488396407 ], [ 103.82981070998332, 1.32487052759417 ], [ 103.829840463013838, 1.324835195867105 ], [ 103.829888440050013, 1.324857239371051 ], [ 103.829973063609003, 1.324670668854967 ], [ 103.829979274378161, 1.324666484341196 ], [ 103.829976710210886, 1.324662629151599 ], [ 103.8300004000005, 1.324610399999765 ], [ 103.829965527503063, 1.324879464087225 ], [ 103.830047027512109, 1.324890164087885 ], [ 103.830107783139908, 1.324421394580832 ], [ 103.830134508456652, 1.324396266617608 ], [ 103.830113915385354, 1.324374080274673 ], [ 103.830116772480309, 1.324352035910465 ], [ 103.830092508933205, 1.324348850389924 ], [ 103.830060164828623, 1.324300305615031 ], [ 103.829964240918713, 1.324122828181168 ], [ 103.830057633193633, 1.324123339593279 ], [ 103.8300590999999, 1.323851999951541 ], [ 103.830060130248981, 1.324123341627801 ], [ 103.830138130257453, 1.324123041627653 ], [ 103.83013795929341, 1.324078014244175 ], [ 103.830138937398871, 1.324084869569875 ], [ 103.830146139646089, 1.324083828632004 ], [ 103.830146150977384, 1.324084119600485 ], [ 103.830138979594565, 1.324085164159472 ], [ 103.830145579590081, 1.324131064160041 ], [ 103.830208695692775, 1.324121870884312 ], [ 103.830316538057701, 1.324125400270037 ], [ 103.830317162516522, 1.32410607197386 ], [ 103.830349556079, 1.324101353635566 ], [ 103.830350880043866, 1.324114843973764 ], [ 103.830159200671957, 1.324185396393961 ], [ 103.830195100663516, 1.324284196396933 ], [ 103.830246420588153, 1.324265306807936 ], [ 103.830291771027404, 1.324300918665969 ], [ 103.830227197748471, 1.324346263675476 ], [ 103.830308097743639, 1.324462963682757 ], [ 103.830414280926618, 1.324388399129397 ], [ 103.830428044987642, 1.324396926961326 ], [ 103.830326447346252, 1.324486544347183 ], [ 103.830433960483418, 1.324610011630901 ], [ 103.830483909359259, 1.324689353762605 ], [ 103.830495592973293, 1.324721029348668 ], [ 103.830485658153222, 1.324854062608417 ], [ 103.831023341851449, 1.324894737362021 ], [ 103.831036141833209, 1.32472333736063 ], [ 103.830767299999792, 1.324702999999455 ], [ 103.831032479008002, 1.324654061147831 ], [ 103.831023479003093, 1.324604661148832 ], [ 103.830758299999971, 1.32465360000042 ], [ 103.831011045714376, 1.324559164447568 ], [ 103.830979545707379, 1.324473764450474 ], [ 103.830726799998629, 1.324568200001077 ], [ 103.830954534927415, 1.324422971910527 ], [ 103.830878234920291, 1.324301771917308 ], [ 103.830650499999962, 1.324447 ], [ 103.830853252627364, 1.324268155625456 ], [ 103.830741774965105, 1.324140135536191 ], [ 103.830732259149144, 1.324126408767852 ], [ 103.830811331098062, 1.323997129260082 ], [ 103.830740549752235, 1.323953275105152 ], [ 103.830805076378809, 1.323915665155126 ], [ 103.830979899731318, 1.323929690877871 ], [ 103.831152571418059, 1.323969870077919 ], [ 103.831213300005189, 1.323705499976278 ], [ 103.831157448539429, 1.323970957135749 ], [ 103.83128686107483, 1.323998538495763 ], [ 103.831378913324698, 1.324018222098287 ], [ 103.831439520677151, 1.324040062585751 ], [ 103.83153040000029, 1.323784599999922 ], [ 103.831439621607146, 1.324040098934052 ], [ 103.831550131844452, 1.324079872551412 ], [ 103.831801581128346, 1.324221426619492 ], [ 103.831967013270997, 1.324353211552213 ], [ 103.832128107239441, 1.324498515482838 ], [ 103.832245778442186, 1.324639908668071 ], [ 103.832306113299367, 1.324727407669696 ], [ 103.83252760002253, 1.324572699984255 ], [ 103.832308230113057, 1.324730433266738 ], [ 103.832421730106432, 1.324890333276903 ], [ 103.832641099994945, 1.324732600003508 ], [ 103.832428346607529, 1.324899261421923 ], [ 103.83251124660417, 1.325006461429209 ], [ 103.832723999994315, 1.324839800004682 ], [ 103.832526915564685, 1.325024951529912 ], [ 103.832561415564257, 1.325062151532397 ], [ 103.832758500001447, 1.324876999998132 ], [ 103.832588795613503, 1.325087841393419 ], [ 103.832773995619633, 1.3252388414052 ], [ 103.832943700000399, 1.325027999998306 ], [ 103.832814846440641, 1.325266345725086 ], [ 103.833019546454622, 1.325378445735222 ], [ 103.833148400000596, 1.325140100000653 ], [ 103.833046616651643, 1.325391362977331 ], [ 103.833224516666291, 1.325464362984363 ], [ 103.833326300000294, 1.325213100000476 ], [ 103.833254828657218, 1.325474735093579 ], [ 103.833396128670969, 1.325513835097506 ], [ 103.833467600000333, 1.325252200000383 ], [ 103.833396176937697, 1.32551384844864 ], [ 103.833554576952764, 1.325557648453008 ], [ 103.833626, 1.325295999998441 ], [ 103.83364171747256, 1.325566882093191 ], [ 103.833765917485508, 1.325559582093043 ], [ 103.833750200000424, 1.325288699999978 ], [ 103.833829878982044, 1.325547922372937 ], [ 103.833978578996266, 1.325501622368112 ], [ 103.833898900000676, 1.325242400001683 ], [ 103.834016373510877, 1.325486629958641 ], [ 103.834106473517309, 1.32544272995451 ], [ 103.833989000000358, 1.32519849999996 ], [ 103.834137832938026, 1.325424749193484 ], [ 103.834247532943806, 1.325351649187633 ], [ 103.834098700000553, 1.325125400000612 ], [ 103.834312524915603, 1.325290666526067 ], [ 103.834418124910286, 1.325152266516808 ], [ 103.834204300001915, 1.324987000002145 ], [ 103.834436200916741, 1.325125389081663 ], [ 103.834522800908573, 1.324978389073265 ], [ 103.834290900000823, 1.32484 ], [ 103.83454714232721, 1.324924352009141 ], [ 103.834662442294302, 1.324569551997857 ], [ 103.834406199995996, 1.324485199998558 ], [ 103.834669407097635, 1.324543940546192 ], [ 103.834728087061208, 1.32427759305913 ], [ 103.834779163148752, 1.324057221955654 ], [ 103.834807696045274, 1.323935696119515 ], [ 103.834842701287386, 1.323843941180302 ], [ 103.834894435929556, 1.32371616281475 ], [ 103.834924115759975, 1.323682283449998 ], [ 103.834968754534884, 1.32363466433809 ], [ 103.835340477762927, 1.323377100468226 ], [ 103.83518760000041, 1.32315360000017 ], [ 103.835347185367269, 1.323372299297636 ], [ 103.835453359487616, 1.323293818423153 ], [ 103.835647562356812, 1.323150340861767 ], [ 103.835874188209402, 1.323034728562017 ], [ 103.835752300000607, 1.322792700001752 ], [ 103.835916253136233, 1.32300810170738 ], [ 103.836001853139621, 1.322942101701925 ], [ 103.835837900000058, 1.32272670000007 ], [ 103.836052078504267, 1.322891501806313 ], [ 103.836143332489627, 1.32277136795233 ], [ 103.836169022504677, 1.322752371813367 ], [ 103.83616350428278, 1.322744812231187 ], [ 103.83616356858046, 1.322744727584392 ], [ 103.836169107321737, 1.32275230907026 ], [ 103.836243500599565, 1.322697254923564 ], [ 103.836323406070264, 1.322659276786572 ], [ 103.836347710490173, 1.322651858125447 ], [ 103.836406323034481, 1.322634283421166 ], [ 103.836538960687875, 1.322600573345351 ], [ 103.836671514167151, 1.322567260432336 ], [ 103.836606200000645, 1.322304000000708 ], [ 103.836709081135183, 1.322554809626971 ], [ 103.836788981142107, 1.32252160962305 ], [ 103.836686100000946, 1.322270800000973 ], [ 103.836823179385604, 1.322504450900032 ], [ 103.836868779388098, 1.322477350897574 ], [ 103.836731700000669, 1.3222437000001 ], [ 103.836880055983102, 1.322470266175629 ], [ 103.836998855988881, 1.322391466168846 ], [ 103.837031604139369, 1.322369734222326 ], [ 103.836883199998496, 1.322143199998881 ], [ 103.83706964899433, 1.322339192316927 ], [ 103.837176948995349, 1.322235792309284 ], [ 103.836804051034335, 1.321843807676413 ], [ 103.836714398442851, 1.321930201687345 ], [ 103.836702119962141, 1.321938349791716 ], [ 103.836588895542576, 1.322013451509048 ], [ 103.836565514143146, 1.322027347032869 ], [ 103.836521647430132, 1.322045574503223 ], [ 103.836407985859935, 1.322074139561767 ], [ 103.836426924022987, 1.322150473254078 ], [ 103.836426137007948, 1.322149421486222 ], [ 103.836407293034554, 1.322074314662999 ], [ 103.836375905380834, 1.322082291887168 ], [ 103.836245757146557, 1.321908361627433 ], [ 103.835815042825388, 1.322234838353402 ], [ 103.835837628296488, 1.322265021612599 ], [ 103.835610723031721, 1.322412507007108 ], [ 103.835668638535864, 1.322502765937121 ], [ 103.835645492053501, 1.322533237762146 ], [ 103.835608155060228, 1.322562025628806 ], [ 103.835475478546741, 1.322629710036747 ], [ 103.835375783936783, 1.322604544406329 ], [ 103.835163242400768, 1.322542291394305 ], [ 103.834865533437409, 1.322431184235308 ], [ 103.83477180001384, 1.322685599962951 ], [ 103.834862783005562, 1.322430174816857 ], [ 103.834699754877647, 1.322371350235092 ], [ 103.834627959188495, 1.322344235164603 ], [ 103.83460255196708, 1.322327097275237 ], [ 103.83456000659109, 1.322274643227852 ], [ 103.834477444514022, 1.322170980260685 ], [ 103.834607860643132, 1.321967476459196 ], [ 103.834154739383621, 1.321673323520148 ], [ 103.834086356098283, 1.321780030069967 ], [ 103.834079261541845, 1.321774902159991 ], [ 103.833922000000456, 1.321995299999216 ], [ 103.83396231651669, 1.321811773279309 ], [ 103.833978596768887, 1.321803303598152 ], [ 103.833972700740219, 1.321791823287403 ], [ 103.833976680991171, 1.321788241544767 ], [ 103.833969308901729, 1.321779942909493 ], [ 103.833980202218541, 1.321730354918293 ], [ 103.833943802222549, 1.321722254918698 ], [ 103.833942151418526, 1.32172976962408 ], [ 103.83390346088018, 1.321613774812794 ], [ 103.833827768706286, 1.321329079067468 ], [ 103.83376510066509, 1.321092499809317 ], [ 103.833504599998378, 1.321162400000862 ], [ 103.833645775528439, 1.321088097027481 ], [ 103.833672056132059, 1.321086852540483 ], [ 103.833789765692671, 1.32103640558452 ], [ 103.833881660515985, 1.320930132650176 ], [ 103.833918535636528, 1.320814066661409 ], [ 103.833908850194263, 1.32041761971835 ], [ 103.833867316826684, 1.320310954506249 ], [ 103.833762820331955, 1.32020263497616 ], [ 103.833648277068804, 1.320179726325203 ], [ 103.833612150372986, 1.320178265739927 ], [ 103.833584638166741, 1.320162717761003 ], [ 103.833546929548859, 1.320112726465974 ], [ 103.833525352289584, 1.320129213520181 ], [ 103.833441100000215, 1.320081600000345 ], [ 103.833707599135238, 1.320122633617885 ], [ 103.833715199130481, 1.320072633617238 ], [ 103.833448700000659, 1.3200316000005 ], [ 103.833718133955159, 1.320041111696346 ], [ 103.833729934309289, 1.319702508736014 ], [ 103.833746816080009, 1.319761173126923 ], [ 103.833965541777175, 1.320466505695698 ], [ 103.834087053581243, 1.320820830987493 ], [ 103.834341899999913, 1.320732300000033 ], [ 103.834091344550032, 1.320832472582945 ], [ 103.83416899349902, 1.321029211782709 ], [ 103.834273417044457, 1.321232333936464 ], [ 103.834366601557718, 1.321371990642446 ], [ 103.834543640857234, 1.321590244255502 ], [ 103.834753809739965, 1.321778464729622 ], [ 103.834992211478337, 1.321890550225356 ], [ 103.835189853818932, 1.321912653748552 ], [ 103.83539785234241, 1.321863411977524 ], [ 103.835569938246124, 1.3217736037736 ], [ 103.8357492941185, 1.321640247922149 ], [ 103.835589099999922, 1.321422000000184 ], [ 103.835771696674058, 1.321621632415758 ], [ 103.835883805224199, 1.321517759902181 ], [ 103.836127085384717, 1.321172362100942 ], [ 103.836304557389226, 1.320760323882559 ], [ 103.836057200000269, 1.320652399999694 ], [ 103.836122785595279, 1.32038920794132 ], [ 103.836071300234764, 1.320376211637643 ], [ 103.83587330957765, 1.320326213996763 ], [ 103.835818010659267, 1.320548039864668 ], [ 103.835817360166402, 1.320547756049468 ], [ 103.835868995298341, 1.320325162453001 ], [ 103.835468306354258, 1.320231008058288 ], [ 103.835556536152325, 1.319946151818637 ], [ 103.835422036164502, 1.319903951822977 ], [ 103.835341799999668, 1.320163000000119 ], [ 103.835300229827055, 1.319894901416734 ], [ 103.835281129829468, 1.319897901416531 ], [ 103.835322700000077, 1.32016599999933 ], [ 103.835148987616236, 1.319958491679271 ], [ 103.835136487616396, 1.319969091678749 ], [ 103.835310199999938, 1.320176599999669 ], [ 103.835057061606676, 1.320083237192315 ], [ 103.835007752540051, 1.320218666095778 ], [ 103.834942832058175, 1.320234361156006 ], [ 103.834967069513951, 1.320335917319837 ], [ 103.834958714574739, 1.320365069757848 ], [ 103.834915388686269, 1.320242569290444 ], [ 103.83452394944338, 1.320382810116755 ], [ 103.834509017083946, 1.320387952719358 ], [ 103.834477858205645, 1.320297094277453 ], [ 103.834263183903545, 1.319604826845602 ], [ 103.834191011064618, 1.319354025369015 ], [ 103.834384126414236, 1.319298199096279 ], [ 103.834235273601792, 1.318776600900203 ], [ 103.834041438639943, 1.31883263519997 ], [ 103.833982428315437, 1.31862520908434 ], [ 103.834490988445197, 1.318470276343296 ], [ 103.834796658868385, 1.318368276874988 ], [ 103.835048306478768, 1.31823082710766 ], [ 103.835232674473559, 1.318106781771704 ], [ 103.835288897226718, 1.318064448036913 ], [ 103.835357193566352, 1.318013125932607 ], [ 103.835286116408099, 1.317917312957851 ], [ 103.835336220003583, 1.317939491755097 ], [ 103.835384813045323, 1.317989287064216 ], [ 103.835417869312238, 1.31795661016871 ], [ 103.835392701350543, 1.318151786855969 ], [ 103.835776451493274, 1.318201913620057 ], [ 103.835848322127362, 1.318244173080187 ], [ 103.83590577459384, 1.318279697856264 ], [ 103.835992108832869, 1.318138261309242 ], [ 103.836025101021747, 1.318160858150663 ], [ 103.835995231556794, 1.31831481387368 ], [ 103.836029831560523, 1.318321613873539 ], [ 103.836056807124308, 1.318182574131014 ], [ 103.836057323478201, 1.318182927789485 ], [ 103.836095290962646, 1.318126774331501 ], [ 103.83610281206299, 1.318165753884657 ], [ 103.836085389590565, 1.318199742043705 ], [ 103.836112040222616, 1.31821358060391 ], [ 103.836132895551046, 1.318321667358056 ], [ 103.836154895553491, 1.31831736735761 ], [ 103.836137411919808, 1.31822675506588 ], [ 103.8361554895951, 1.318236142046733 ], [ 103.836188061476534, 1.3181726000698 ], [ 103.836228660479264, 1.31823098175145 ], [ 103.836222399309108, 1.318260274687502 ], [ 103.836253751635709, 1.318267063027145 ], [ 103.836258091113976, 1.318273303230483 ], [ 103.836263846714473, 1.318269248792267 ], [ 103.836389577513842, 1.318296471754897 ], [ 103.836440659504206, 1.318312547837703 ], [ 103.836472540394439, 1.318336747064908 ], [ 103.836505964730748, 1.31836793584479 ], [ 103.836578112868679, 1.318464814244496 ], [ 103.836593680420677, 1.318493972522645 ], [ 103.836694848026141, 1.318683710643712 ], [ 103.836854190969078, 1.319011578757693 ], [ 103.836871914503618, 1.319072999991527 ], [ 103.836806800457438, 1.319072999985267 ], [ 103.836806800455662, 1.319093099985492 ], [ 103.836877715767599, 1.319093099992486 ], [ 103.836891261913379, 1.319139985292085 ], [ 103.836814949811469, 1.319159310944624 ], [ 103.836821649808897, 1.319186110945409 ], [ 103.836898933878331, 1.319166539146716 ], [ 103.836916623515137, 1.319227765703041 ], [ 103.836918734937697, 1.31922714775032 ], [ 103.836918737654059, 1.319227171989098 ], [ 103.836916630239031, 1.319227788974143 ], [ 103.836917012251263, 1.319229110736004 ], [ 103.836857399192468, 1.319268309202944 ], [ 103.836872199191731, 1.319291109204295 ], [ 103.836922216928187, 1.319258220125169 ], [ 103.836939085589975, 1.319408751625571 ], [ 103.836935242507053, 1.319550144451572 ], [ 103.836906062534084, 1.319748602255627 ], [ 103.83689282005227, 1.319794709665389 ], [ 103.836831763134668, 1.319921157526059 ], [ 103.836774800680175, 1.320003666267316 ], [ 103.836996199999462, 1.320158499999702 ], [ 103.836750659879215, 1.320046451404723 ], [ 103.836686059868299, 1.320189851399246 ], [ 103.836931600000653, 1.320301900000484 ], [ 103.836662431399489, 1.320286561719347 ], [ 103.836653031381857, 1.320453661718102 ], [ 103.836922200001837, 1.320469000000196 ], [ 103.836656556124979, 1.32051531207268 ], [ 103.836689235453434, 1.320705192079007 ], [ 103.836695582968105, 1.320742270871846 ], [ 103.836708477648344, 1.32088509186572 ], [ 103.836703147308995, 1.320964844408215 ], [ 103.836677724588682, 1.321095831878738 ], [ 103.83666950544638, 1.32112238100269 ], [ 103.837184294570392, 1.321283818969918 ], [ 103.837201275425087, 1.321228968093481 ], [ 103.837238852698476, 1.321035355562407 ], [ 103.837249322351127, 1.320878708104133 ], [ 103.837231593477696, 1.320682344241502 ], [ 103.836963099994804, 1.320706900000368 ], [ 103.837228784944145, 1.320660827074916 ], [ 103.837220584939558, 1.320612927075855 ], [ 103.836954900487541, 1.320658999915418 ], [ 103.837220543884314, 1.320612687895887 ], [ 103.837193114077934, 1.320453309915912 ], [ 103.837197923578259, 1.320367813227544 ], [ 103.837231604806703, 1.320293047139372 ], [ 103.837286499342838, 1.320213533706533 ], [ 103.837216347928774, 1.320164473929014 ], [ 103.837241694415297, 1.320164729953573 ], [ 103.83724188942989, 1.320145172926528 ], [ 103.837241966871673, 1.320145210805719 ], [ 103.837241778259212, 1.320164730787265 ], [ 103.837282693216736, 1.320165131259887 ], [ 103.83730758121078, 1.32017730470981 ], [ 103.837313313078837, 1.320165434101471 ], [ 103.837431796295462, 1.320166629972545 ], [ 103.837431796517407, 1.320166629974353 ], [ 103.837996496357277, 1.320172329973082 ], [ 103.838001903642024, 1.31962967002636 ], [ 103.837469411178219, 1.319624295127305 ], [ 103.837470995174613, 1.319613522090475 ], [ 103.837204300004004, 1.319573800000545 ], [ 103.837473798776855, 1.319581220057642 ], [ 103.837478598757713, 1.319404620057188 ], [ 103.837386387240159, 1.319402081218954 ], [ 103.837455491237023, 1.319371843361194 ], [ 103.837454415459618, 1.319369352924491 ], [ 103.837458513139495, 1.319368887774877 ], [ 103.837459114564055, 1.319370225922469 ], [ 103.837463229741815, 1.319368352366845 ], [ 103.837477001024865, 1.319366789114218 ], [ 103.837476499209473, 1.319362311053964 ], [ 103.837929814601523, 1.319155925901735 ], [ 103.837818700000355, 1.31890870000049 ], [ 103.837936660247763, 1.319152692060941 ], [ 103.838170396634055, 1.31903822321238 ], [ 103.838193233253108, 1.319027054210678 ], [ 103.837957566769958, 1.318538945783316 ], [ 103.837934666771403, 1.318550145782803 ], [ 103.838052499498843, 1.318794198961987 ], [ 103.837934539758564, 1.318550207943641 ], [ 103.837704140079452, 1.318663042685921 ], [ 103.837239688766914, 1.318874497782774 ], [ 103.837172672412322, 1.318894086851385 ], [ 103.837173765834706, 1.318885841273211 ], [ 103.837165059419206, 1.318884671754191 ], [ 103.837165061138052, 1.318884619252203 ], [ 103.83734877986312, 1.318794173474211 ], [ 103.837176979837523, 1.318440673490736 ], [ 103.836934800000421, 1.318559900000476 ], [ 103.837172354385601, 1.318431592744258 ], [ 103.837087960296856, 1.3182733131274 ], [ 103.837210239685376, 1.318200097227537 ], [ 103.837072399999698, 1.317966899999782 ], [ 103.837098370721009, 1.317973823117952 ], [ 103.837211481153332, 1.318148706419299 ], [ 103.837246281155444, 1.318125906416892 ], [ 103.837171486254505, 1.318010263869078 ], [ 103.837274662021358, 1.318091178770353 ], [ 103.837277062020448, 1.318088078769941 ], [ 103.837164946973573, 1.318000153298339 ], [ 103.837158239416979, 1.317989782552074 ], [ 103.837333013213708, 1.318036372681023 ], [ 103.837334513213122, 1.318030672680609 ], [ 103.837153472243656, 1.317982411886083 ], [ 103.837138273050911, 1.317958911975441 ], [ 103.837343331465931, 1.317951623530566 ], [ 103.837343131465317, 1.317945923530184 ], [ 103.837134664775405, 1.317953333116309 ], [ 103.837123002975162, 1.317935302470282 ], [ 103.8372018576177, 1.317902998758769 ], [ 103.83732800520275, 1.31788006295783 ], [ 103.83732730520255, 1.31787616295776 ], [ 103.83721953315721, 1.317895757769842 ], [ 103.837323407031803, 1.317853204635892 ], [ 103.837312407029742, 1.317826004637178 ], [ 103.837106791486107, 1.317910237416841 ], [ 103.836952118871324, 1.317671093573741 ], [ 103.836917318872835, 1.317693893571182 ], [ 103.837064400000173, 1.317921300000761 ], [ 103.837029068236646, 1.317893591296957 ], [ 103.836934560339714, 1.317733702763838 ], [ 103.836872542144349, 1.317770836723306 ], [ 103.836851738007283, 1.3177545212121 ], [ 103.83684933800707, 1.317757621211205 ], [ 103.836868939704132, 1.317772993716877 ], [ 103.836732749259298, 1.317854538977041 ], [ 103.836728033809621, 1.31785095970891 ], [ 103.83671933187199, 1.317862572758017 ], [ 103.836681127341208, 1.317885448063216 ], [ 103.836637138170758, 1.31783765748853 ], [ 103.83664615891955, 1.317808621836687 ], [ 103.836595834095561, 1.317792784043563 ], [ 103.836576627337678, 1.317771917497214 ], [ 103.836611212103662, 1.317613368424359 ], [ 103.836408012123641, 1.317568468428688 ], [ 103.836371166371933, 1.317737382616811 ], [ 103.836370849778064, 1.317737314068167 ], [ 103.836347150358861, 1.317725007950322 ], [ 103.836286911688489, 1.317683749592485 ], [ 103.836206443652955, 1.317619165569237 ], [ 103.836199358816515, 1.317608602387339 ], [ 103.836196068136488, 1.317610838131649 ], [ 103.836049685908833, 1.317493351052667 ], [ 103.836021266215354, 1.317470319803946 ], [ 103.835979667069665, 1.317401852390578 ], [ 103.835959340792428, 1.317386065235503 ], [ 103.836019495464583, 1.317317495604555 ], [ 103.835817399999755, 1.317137900000372 ], [ 103.836019508451315, 1.317317480800091 ], [ 103.836234927144076, 1.317071891400162 ], [ 103.836518708126249, 1.316739316821808 ], [ 103.836636196088293, 1.316607261510024 ], [ 103.836670997579702, 1.31662930488945 ], [ 103.836828569200136, 1.316640241737562 ], [ 103.836943518760009, 1.316603684008761 ], [ 103.837034196436122, 1.316543636582429 ], [ 103.837101953184387, 1.31646716824752 ], [ 103.837117739912273, 1.316448428604345 ], [ 103.837164237937131, 1.316393608780153 ], [ 103.837244978869023, 1.316293674018824 ], [ 103.83730079868576, 1.316143787430494 ], [ 103.837240846265999, 1.31597798156766 ], [ 103.837218237038783, 1.315954318300712 ], [ 103.837598147396903, 1.315592570958851 ], [ 103.837946527280465, 1.315271103826673 ], [ 103.838026598782989, 1.31535268831239 ], [ 103.838217038259998, 1.315163353839547 ], [ 103.838217049888158, 1.31516336531953 ], [ 103.838028217969494, 1.315354324114226 ], [ 103.838145491687015, 1.315471797285658 ], [ 103.838190117660744, 1.315516805497426 ], [ 103.838296919582987, 1.315628553660113 ], [ 103.838371393300704, 1.31572132716342 ], [ 103.838484367443584, 1.31562946000285 ], [ 103.838487608375061, 1.315632844931846 ], [ 103.838377896356192, 1.315729124294927 ], [ 103.838443996355025, 1.315805424300186 ], [ 103.838557487334626, 1.315705828653531 ], [ 103.838563669396834, 1.315712285387438 ], [ 103.838649051282985, 1.315629474330372 ], [ 103.838813638067748, 1.315840562142801 ], [ 103.838843077512692, 1.315817309969814 ], [ 103.839027649834236, 1.31567170042569 ], [ 103.839029804030929, 1.315488592056002 ], [ 103.838995087923919, 1.315380789442063 ], [ 103.838792130573694, 1.315168814609839 ], [ 103.8386096246074, 1.31534582540545 ], [ 103.83860796587966, 1.315343695530658 ], [ 103.838693598732974, 1.315260790392087 ], [ 103.838576998732449, 1.315138790400531 ], [ 103.83848723086011, 1.315225698838852 ], [ 103.838485330844449, 1.315223819582019 ], [ 103.838573533424992, 1.315135230622241 ], [ 103.838526833424609, 1.315088130626051 ], [ 103.838498053110527, 1.315117037015006 ], [ 103.838498220119646, 1.315115752699231 ], [ 103.838526182001203, 1.315087475862857 ], [ 103.838504695898521, 1.315065953221884 ], [ 103.838519286361958, 1.314953750884486 ], [ 103.838374210240872, 1.314934640668886 ], [ 103.838342384936425, 1.314902214017466 ], [ 103.838361081152684, 1.314852371308767 ], [ 103.838592006732753, 1.314571167100054 ], [ 103.838464650335538, 1.314465223804692 ], [ 103.838659542857755, 1.314291730847832 ], [ 103.838624742857633, 1.314252130850577 ], [ 103.838423665251014, 1.314431129755212 ], [ 103.838423546654781, 1.314431031099215 ], [ 103.838599159283859, 1.314226666155675 ], [ 103.838560559284971, 1.31419306615866 ], [ 103.838384200000306, 1.314398300000175 ], [ 103.838176393295512, 1.31422543288164 ], [ 103.837925011749959, 1.31453154679675 ], [ 103.837649876181445, 1.314808591019429 ], [ 103.837230652632158, 1.315195429026782 ], [ 103.836827518724675, 1.315579289573227 ], [ 103.836920159359067, 1.31567784478856 ], [ 103.836992930595756, 1.315643568155419 ], [ 103.837008599999734, 1.315776900000859 ], [ 103.83680595920076, 1.315597928077717 ], [ 103.836645359197462, 1.315782128064399 ], [ 103.836848, 1.315961100000395 ], [ 103.836645232328593, 1.315782273681753 ], [ 103.836589001977728, 1.315846859936159 ], [ 103.836399883643409, 1.31605935689727 ], [ 103.836600700000091, 1.316240399999674 ], [ 103.83639985410629, 1.316059390092013 ], [ 103.836329903943735, 1.316138013390515 ], [ 103.836289824718506, 1.316045182851833 ], [ 103.836244094828174, 1.315998869408263 ], [ 103.836228072061502, 1.315891967582147 ], [ 103.836054035576311, 1.315650869063331 ], [ 103.835763772985146, 1.315587249862007 ], [ 103.835501836334387, 1.315881476259128 ], [ 103.835479784204679, 1.315691167518818 ], [ 103.835310632797132, 1.315711022496065 ], [ 103.835299307583171, 1.315684761687139 ], [ 103.835212947523218, 1.315722488779513 ], [ 103.835211999999899, 1.315722599999905 ], [ 103.835406059099711, 1.31553423995795 ], [ 103.835321259099061, 1.315445739965049 ], [ 103.835205259415375, 1.315558333013402 ], [ 103.835157506141982, 1.315511848137798 ], [ 103.835192465101116, 1.315370827271721 ], [ 103.835058265114583, 1.315337127275677 ], [ 103.835042316218235, 1.315401463480655 ], [ 103.834846931780689, 1.315224590088268 ], [ 103.834761838995064, 1.315142396559341 ], [ 103.834768761294882, 1.315132369572787 ], [ 103.834849229479985, 1.315041125178458 ], [ 103.834622133342862, 1.314838249423625 ], [ 103.834681642763897, 1.314723959987961 ], [ 103.83463064276765, 1.314697059990226 ], [ 103.834577765028754, 1.314798613097818 ], [ 103.8345211276702, 1.314748016246879 ], [ 103.834527758091241, 1.314745773933833 ], [ 103.834506258086208, 1.314681373936018 ], [ 103.834505499997462, 1.314681630311107 ], [ 103.834505499997391, 1.314666056370567 ], [ 103.834464600002008, 1.314666056370559 ], [ 103.834464600001766, 1.314695462102479 ], [ 103.834462931121067, 1.314696026493733 ], [ 103.834445970549112, 1.314680874805117 ], [ 103.834419721155626, 1.314710639482874 ], [ 103.834392960046387, 1.314719689705289 ], [ 103.834379839071119, 1.31467981570255 ], [ 103.834331539075052, 1.314695915701187 ], [ 103.834344729447466, 1.314736000599281 ], [ 103.834252015450772, 1.314767355133896 ], [ 103.834237257379385, 1.314750633296817 ], [ 103.834200457379936, 1.314783533294512 ], [ 103.834201312457793, 1.314784502152773 ], [ 103.833995141896807, 1.314854226038451 ], [ 103.834007976636897, 1.314892670572759 ], [ 103.834013511116055, 1.314937722313355 ], [ 103.834014382619927, 1.315006973912982 ], [ 103.834002093405175, 1.315103364744559 ], [ 103.834013913985046, 1.315104891359591 ], [ 103.833581756874139, 1.315668574477245 ], [ 103.833491860302516, 1.315597214200582 ], [ 103.8338348025475, 1.315189797985357 ], [ 103.833423397481525, 1.314839001997354 ], [ 103.833283228377439, 1.315005523221412 ], [ 103.833275448456533, 1.314954551358646 ], [ 103.833227919055801, 1.314860038890582 ], [ 103.833153153882662, 1.314784723978648 ], [ 103.833057940334868, 1.314736563638693 ], [ 103.832948225706232, 1.314720585780714 ], [ 103.832836993221505, 1.314742832277858 ], [ 103.832739391656489, 1.314801175110989 ], [ 103.832666854001189, 1.31488898384185 ], [ 103.832651694603484, 1.31493025108038 ], [ 103.832359283127445, 1.314698069549366 ], [ 103.832327581696347, 1.314738512980964 ], [ 103.832327547426559, 1.314738483173994 ], [ 103.832359239275519, 1.314698034737639 ], [ 103.832334175710713, 1.31467814215631 ], [ 103.832475777450398, 1.314498183262415 ], [ 103.832330626463587, 1.314382487405305 ], [ 103.832142870801789, 1.314217239048906 ], [ 103.831983924062612, 1.314400179635089 ], [ 103.831890252084378, 1.314325844920828 ], [ 103.83148240634236, 1.314002023202614 ], [ 103.831070660278712, 1.313669806598052 ], [ 103.83075878194883, 1.313407551141927 ], [ 103.830663037692887, 1.313180397575009 ], [ 103.830652127427612, 1.313133448637043 ], [ 103.830647960095433, 1.313104662550176 ], [ 103.830660877550145, 1.31310135428858 ], [ 103.830989417950732, 1.313023400611756 ], [ 103.831128662351745, 1.312989394392422 ], [ 103.831235139753119, 1.312963399909286 ], [ 103.831416018653414, 1.312919256247801 ], [ 103.832350999408007, 1.31268965082051 ], [ 103.832642018758179, 1.312596973703835 ], [ 103.832818883572628, 1.312511820831929 ], [ 103.832820859226715, 1.312604881714767 ], [ 103.832858059230617, 1.312604081714805 ], [ 103.832855618333738, 1.312489106187515 ], [ 103.83289868941786, 1.312455464177195 ], [ 103.832853664459094, 1.312397071223189 ], [ 103.832853662496674, 1.312396978794401 ], [ 103.832898748882968, 1.312455417716373 ], [ 103.832925977240066, 1.312434137896298 ], [ 103.833011506946434, 1.312551778017923 ], [ 103.833144706951714, 1.312453678009959 ], [ 103.833051128867552, 1.312324967916166 ], [ 103.833058402752371, 1.312317635640792 ], [ 103.833164140653295, 1.312437925196239 ], [ 103.833292840654877, 1.312323325186814 ], [ 103.833180049799367, 1.312195012056487 ], [ 103.83319525782963, 1.312179681940485 ], [ 103.833331917433043, 1.312280134215183 ], [ 103.833412317427999, 1.312169334208329 ], [ 103.833275122299227, 1.312068488295119 ], [ 103.833286067464741, 1.312052729322365 ], [ 103.83343842849979, 1.312125071280999 ], [ 103.833534328484177, 1.31192047127181 ], [ 103.833395611012307, 1.311854607362683 ], [ 103.833462409120713, 1.311670810806185 ], [ 103.833503038243094, 1.311526929278153 ], [ 103.833778848653196, 1.311663554488073 ], [ 103.833897899999968, 1.31142009999964 ], [ 103.833783798496754, 1.311665943740992 ], [ 103.833929524831404, 1.311734456870186 ], [ 103.834317119021748, 1.311923238473899 ], [ 103.834291000000547, 1.31215069999985 ], [ 103.834216610144992, 1.311889890383758 ], [ 103.834163310150259, 1.311905290382126 ], [ 103.834237700000756, 1.312166100002497 ], [ 103.834115086927852, 1.311924442860086 ], [ 103.834032786934188, 1.311966742855762 ], [ 103.83415539999946, 1.312208399998536 ], [ 103.833986628490578, 1.31199680212919 ], [ 103.833901228492593, 1.312065802123941 ], [ 103.834238771535411, 1.312488997864876 ], [ 103.834293555178121, 1.312444734732675 ], [ 103.834338678438044, 1.312419227363138 ], [ 103.834365389870612, 1.312411509613158 ], [ 103.834363576737246, 1.312405152799977 ], [ 103.834505899995534, 1.312324700002548 ], [ 103.834281706789241, 1.312475405278887 ], [ 103.834296106787406, 1.312497105280343 ], [ 103.834520300000165, 1.312346399999113 ], [ 103.834397564590105, 1.312587994231663 ], [ 103.834431764592537, 1.312605594233881 ], [ 103.834554500000181, 1.312364000000583 ], [ 103.834483812252614, 1.312625850577197 ], [ 103.834657512269388, 1.312673350582229 ], [ 103.834728199999304, 1.312411500001695 ], [ 103.834725860648376, 1.312682833419309 ], [ 103.834817460658456, 1.312683633419766 ], [ 103.834819800000417, 1.31241230000027 ], [ 103.834865976404103, 1.312679633909732 ], [ 103.834956276413422, 1.312663833908156 ], [ 103.834925158277329, 1.312483678454667 ], [ 103.835157953402586, 1.312678458347667 ], [ 103.835187487119214, 1.312642702167029 ], [ 103.835220770643545, 1.312780396639526 ], [ 103.835218213776386, 1.312880692926966 ], [ 103.835159525596126, 1.312978913580042 ], [ 103.835149085885291, 1.312971315973656 ], [ 103.835177355400489, 1.312900536854551 ], [ 103.835107655406887, 1.312872336857529 ], [ 103.835086356334273, 1.31292566389531 ], [ 103.835081775840564, 1.312922330393941 ], [ 103.835101208458312, 1.312869824630111 ], [ 103.83496170847107, 1.312817524635119 ], [ 103.834934940685969, 1.312889849567889 ], [ 103.834890463556363, 1.312951758227789 ], [ 103.834918356835217, 1.312805308614983 ], [ 103.834765456851088, 1.312775808618559 ], [ 103.83466394313875, 1.313308791380049 ], [ 103.834794658863956, 1.313334011222952 ], [ 103.834813838333559, 1.313341201805424 ], [ 103.834619540476268, 1.313485714358999 ], [ 103.834471466342606, 1.313548058098214 ], [ 103.834285896379726, 1.313532734567413 ], [ 103.834043830087253, 1.313468201811192 ], [ 103.834006745623327, 1.313609114107536 ], [ 103.834006718558982, 1.313609006264766 ], [ 103.83404371821149, 1.313468172011502 ], [ 103.833981718217174, 1.313451672012884 ], [ 103.833974310128795, 1.313479869914596 ], [ 103.833970289516017, 1.313463849167224 ], [ 103.833953910828612, 1.313468012982233 ], [ 103.833957520337336, 1.31344641545259 ], [ 103.833828818818901, 1.313424626785534 ], [ 103.833911739556783, 1.31335155650407 ], [ 103.833824139554665, 1.313250856511262 ], [ 103.833659492168167, 1.313395944825401 ], [ 103.833646272491563, 1.313393705235735 ], [ 103.83377593688671, 1.313207329221777 ], [ 103.833708536889915, 1.313159829225653 ], [ 103.833553900000553, 1.313382099999132 ], [ 103.833631805216797, 1.313122332150015 ], [ 103.833552805224102, 1.313098332152046 ], [ 103.833474900000439, 1.313358100000546 ], [ 103.833468732588301, 1.31308682737647 ], [ 103.833386232596951, 1.313088727375691 ], [ 103.833392399999312, 1.313359999999064 ], [ 103.833225812926273, 1.313146655757128 ], [ 103.833126758545802, 1.313225005396342 ], [ 103.833028339818313, 1.313289349129091 ], [ 103.833139918188863, 1.313462232995139 ], [ 103.833139672759245, 1.313470265184409 ], [ 103.833011156546462, 1.313301568422621 ], [ 103.832899456550066, 1.313387768415055 ], [ 103.833063499999881, 1.313603099999733 ], [ 103.832924209124315, 1.3138354219608 ], [ 103.832995009128396, 1.313878421964567 ], [ 103.83311754613085, 1.313674043626774 ], [ 103.833132833021665, 1.31369410995517 ], [ 103.833126012817388, 1.313917315407495 ], [ 103.83356965816472, 1.313931047289393 ], [ 103.833703249547611, 1.31395367944741 ], [ 103.833723510375052, 1.313832532497825 ], [ 103.833723521101035, 1.313832569634655 ], [ 103.833703279636453, 1.3139536845435 ], [ 103.833801812831581, 1.313970365832227 ], [ 103.833774441964053, 1.313985508631948 ], [ 103.833845441955361, 1.314115508639404 ], [ 103.834014735900098, 1.314021847573757 ], [ 103.834044314172544, 1.314029732883174 ], [ 103.833908608732798, 1.314192833084417 ], [ 103.833994508735657, 1.314265233090533 ], [ 103.834163922815293, 1.314061619497375 ], [ 103.83417096992352, 1.314063498194202 ], [ 103.834174953300277, 1.314048362293035 ], [ 103.834224728689406, 1.313988538767715 ], [ 103.83421795492859, 1.314071634965974 ], [ 103.834492854957503, 1.314094334968388 ], [ 103.834514900000485, 1.313823900000328 ], [ 103.83461894292607, 1.314074223552733 ], [ 103.834857642945465, 1.313973723543399 ], [ 103.834753600000269, 1.313723399999911 ], [ 103.834913826954335, 1.313941623151916 ], [ 103.835359126971738, 1.313610423123237 ], [ 103.835198900000222, 1.313392200000313 ], [ 103.835370799269711, 1.31360123185805 ], [ 103.835427099270333, 1.313554331854683 ], [ 103.835267188012139, 1.313359877588139 ], [ 103.835273976067, 1.313356664633693 ], [ 103.835486238353582, 1.313485141104311 ], [ 103.835716938331018, 1.313099041083762 ], [ 103.835485900000421, 1.3129592000003 ], [ 103.835755410187559, 1.312966159832501 ], [ 103.835760710165559, 1.31275825983134 ], [ 103.835491200000646, 1.312751299999663 ], [ 103.835753157987753, 1.312687157198427 ], [ 103.835704257967706, 1.312484857203816 ], [ 103.835442300001276, 1.312549 ], [ 103.835690190553123, 1.312442324400364 ], [ 103.835591590534449, 1.312210224409728 ], [ 103.835492669203873, 1.312252793571426 ], [ 103.8354707427265, 1.312234447672211 ], [ 103.835570276208045, 1.312169849181196 ], [ 103.835451876198761, 1.311985049191516 ], [ 103.835313746669627, 1.31207469700086 ], [ 103.835318233656125, 1.312013886437635 ], [ 103.83539258510551, 1.311919309821592 ], [ 103.835216785110518, 1.311779309833458 ], [ 103.835049500001062, 1.311992099998777 ], [ 103.835171490556803, 1.31175012393065 ], [ 103.834596190597608, 1.311456323958037 ], [ 103.834474200009765, 1.311698299980472 ], [ 103.834591637834279, 1.311454052948599 ], [ 103.83416273786618, 1.311245152968557 ], [ 103.834045299981042, 1.311489400039396 ], [ 103.834159401469634, 1.311243556245924 ], [ 103.83401448849142, 1.311175425518613 ], [ 103.833607084396348, 1.310973614165313 ], [ 103.833617940183402, 1.310884822524043 ], [ 103.833725143518308, 1.310135994213991 ], [ 103.833758002685627, 1.309897628483232 ], [ 103.833762104127388, 1.309891986344504 ], [ 103.834103264678916, 1.310201953317068 ], [ 103.834279030375441, 1.31033319171045 ], [ 103.834676791280927, 1.310587374169675 ], [ 103.834894877357272, 1.310714341386604 ], [ 103.835141347129124, 1.310851746497271 ], [ 103.835386820731102, 1.310979487910808 ], [ 103.835535182189517, 1.311065863395421 ], [ 103.835567788331616, 1.311084856198478 ], [ 103.836020120078672, 1.311333279986596 ], [ 103.836300808931725, 1.311523219827232 ], [ 103.836272776655306, 1.311570104206646 ], [ 103.836393170220006, 1.311788114220157 ], [ 103.836886689252992, 1.312139608091361 ], [ 103.837046455494786, 1.312178105979096 ], [ 103.836885132368508, 1.312220209303813 ], [ 103.836891032366651, 1.312243109303911 ], [ 103.837033625872067, 1.312205894177621 ], [ 103.836982004547593, 1.312270628177221 ], [ 103.836774494850076, 1.312521824101895 ], [ 103.836809071193628, 1.312550758080376 ], [ 103.836607436918584, 1.31284614864069 ], [ 103.836744536925451, 1.312940948648645 ], [ 103.836897200000507, 1.312717299999703 ], [ 103.836903678739617, 1.31298856527256 ], [ 103.836940878743178, 1.31298766527284 ], [ 103.836934400000061, 1.312716400000088 ], [ 103.837043449755512, 1.312964555393925 ], [ 103.83709084975915, 1.312943455391648 ], [ 103.836981799999947, 1.312695299999861 ], [ 103.837189105178382, 1.312868775880211 ], [ 103.837398105171772, 1.312615775863555 ], [ 103.83725183208432, 1.312493372505486 ], [ 103.837252187759333, 1.312491888584421 ], [ 103.837401054564751, 1.312612142087865 ], [ 103.837531700132132, 1.312448310330459 ], [ 103.837573646961218, 1.312395776914209 ], [ 103.837402083167845, 1.312257007914648 ], [ 103.837406605191276, 1.312252045245678 ], [ 103.837417161967508, 1.312241593437449 ], [ 103.837622262338527, 1.312301957217224 ], [ 103.837626562337533, 1.312287157216184 ], [ 103.837429670468794, 1.312229209308767 ], [ 103.837472061376843, 1.312187239897898 ], [ 103.837466574096624, 1.312181625536735 ], [ 103.837626348371927, 1.312134110199896 ], [ 103.837619948370545, 1.312112310201101 ], [ 103.837508372547248, 1.312145491781898 ], [ 103.837559469985024, 1.312083880763358 ], [ 103.837494645247958, 1.312029419853323 ], [ 103.83753472217488, 1.311981361869458 ], [ 103.83738837959595, 1.311857737802809 ], [ 103.83750575824341, 1.311686764114842 ], [ 103.837400446224407, 1.311613525303933 ], [ 103.837383988470776, 1.311602060352908 ], [ 103.837459244416934, 1.311549276665974 ], [ 103.837776701334477, 1.311055842885148 ], [ 103.837980404076816, 1.31075824981161 ], [ 103.837985579725952, 1.31060815550717 ], [ 103.837968242157686, 1.310566367534328 ], [ 103.838066574689677, 1.310592307529315 ], [ 103.838155388228301, 1.310616565145555 ], [ 103.838155596837495, 1.310615791453895 ], [ 103.838223089604156, 1.310633595953855 ], [ 103.838248089595197, 1.310537595951461 ], [ 103.838267483285975, 1.310462959746941 ], [ 103.838268044829988, 1.310460907952987 ], [ 103.838315673359205, 1.310420837859183 ], [ 103.83842218324331, 1.310008717032179 ], [ 103.83776694513179, 1.309829840402328 ], [ 103.837672225980526, 1.31019022144476 ], [ 103.837594177513381, 1.310157996718416 ], [ 103.837395289156603, 1.31001447817593 ], [ 103.837310787044814, 1.310133102281809 ], [ 103.837310785507398, 1.310133101312332 ], [ 103.837395285971255, 1.31001447587704 ], [ 103.837273885976643, 1.309926875884193 ], [ 103.837183975463944, 1.310053096171582 ], [ 103.837183032283548, 1.310052501113711 ], [ 103.837271766027825, 1.309925361688881 ], [ 103.8368625666577, 1.309636062146808 ], [ 103.836862566045781, 1.309636061713618 ], [ 103.836638032446885, 1.309477317887194 ], [ 103.836650632807007, 1.309441844516497 ], [ 103.837351930991986, 1.309685492332867 ], [ 103.83752786899035, 1.309172507662989 ], [ 103.836853623001502, 1.308938258437393 ], [ 103.836908892737753, 1.308915906794324 ], [ 103.83692959380312, 1.308922099131667 ], [ 103.836931828781758, 1.308914530525282 ], [ 103.837045276217523, 1.308917970051379 ], [ 103.83704647815803, 1.30887781096746 ], [ 103.837070632996813, 1.308719811741142 ], [ 103.837081601837312, 1.308680819268471 ], [ 103.837007110977353, 1.308659592321961 ], [ 103.837083206181504, 1.308401900865748 ], [ 103.837022626613745, 1.308383779618321 ], [ 103.837035749053044, 1.308347344573002 ], [ 103.837189394895816, 1.308401429979208 ], [ 103.837367405086852, 1.307889170016905 ], [ 103.837215856292673, 1.307835822801301 ], [ 103.837317598462448, 1.307543922742084 ], [ 103.837063199923051, 1.307454099972864 ], [ 103.837317759450912, 1.307543459522587 ], [ 103.837324487945693, 1.307524043001498 ], [ 103.837352944287971, 1.307443513465955 ], [ 103.837499949233717, 1.307046191936031 ], [ 103.837247300000286, 1.306951500000054 ], [ 103.837503045428775, 1.3070373605025 ], [ 103.837552931063243, 1.30688684014906 ], [ 103.837667751813882, 1.30659022757404 ], [ 103.837722249412096, 1.306487638679034 ], [ 103.837637485895613, 1.306442025395988 ], [ 103.837644373471448, 1.306428644966628 ], [ 103.837732308664698, 1.306466566755477 ], [ 103.837829566598103, 1.306238109803383 ], [ 103.837850077253762, 1.306191732194492 ], [ 103.838053284135199, 1.306266748176937 ], [ 103.83811355876685, 1.306287103217491 ], [ 103.838335635040792, 1.306370527019764 ], [ 103.838517399356874, 1.30641348621489 ], [ 103.83852771298325, 1.30644019506358 ], [ 103.838566382895237, 1.30642506869193 ], [ 103.838577121316916, 1.306427611242067 ], [ 103.838530598510999, 1.306447363336575 ], [ 103.838635798490699, 1.306698363346409 ], [ 103.838884200000393, 1.30659289999993 ], [ 103.838648483965528, 1.306724594935412 ], [ 103.838709483958539, 1.306835194941072 ], [ 103.839180916016915, 1.306571805036471 ], [ 103.839126960305691, 1.306473977157588 ], [ 103.839028894990349, 1.306240000078389 ], [ 103.839002713677544, 1.306172199250392 ], [ 103.838999918147891, 1.306161694839456 ], [ 103.83899877626672, 1.306162002675148 ], [ 103.838998714030282, 1.306161841502115 ], [ 103.838999873709867, 1.306161528071983 ], [ 103.838997210932774, 1.306151547905614 ], [ 103.838998227984149, 1.306106690388665 ], [ 103.838883116342714, 1.30610404656402 ], [ 103.838902700632389, 1.305931509918704 ], [ 103.838845439637709, 1.305924925902223 ], [ 103.838773264721738, 1.305916550656151 ], [ 103.83877245835707, 1.305916359732037 ], [ 103.838791412249989, 1.305836599530407 ], [ 103.838686170412686, 1.305811265386671 ], [ 103.838596033153223, 1.305789671005492 ], [ 103.838528857581593, 1.305771655738914 ], [ 103.838329243621715, 1.305688282094341 ], [ 103.838116447352931, 1.305601795899556 ], [ 103.838017408490742, 1.305561639496482 ], [ 103.837856676282044, 1.305496367027331 ], [ 103.837814859234271, 1.305600678452261 ], [ 103.837813596733596, 1.305600212287048 ], [ 103.837813201842536, 1.305600035229415 ], [ 103.837853856238937, 1.305495240352206 ], [ 103.837825112768286, 1.305483944672947 ], [ 103.837644143028868, 1.305413233437264 ], [ 103.837623778561877, 1.305401706380282 ], [ 103.837564356348537, 1.305368055681082 ], [ 103.837522142794128, 1.305337552248659 ], [ 103.837460798408898, 1.305273816148028 ], [ 103.837431029864035, 1.305229193899089 ], [ 103.837343862080488, 1.305075278218132 ], [ 103.837331190333032, 1.304991011158456 ], [ 103.837327237234817, 1.304891271707701 ], [ 103.837332024676101, 1.304832353458793 ], [ 103.837353206331727, 1.304768869516108 ], [ 103.837389568370696, 1.30468118544474 ], [ 103.837446605197243, 1.304597507804109 ], [ 103.837476742946393, 1.304561660502097 ], [ 103.837530012907024, 1.304502229418744 ], [ 103.837579041167274, 1.304447609335918 ], [ 103.837731182617475, 1.304278143274511 ], [ 103.837748365687389, 1.304255610756352 ], [ 103.837656051716124, 1.304184298429258 ], [ 103.83765624640111, 1.30418406967347 ], [ 103.837748685378727, 1.304255190690109 ], [ 103.8378406680566, 1.304134083642917 ], [ 103.83791923413979, 1.304018894614452 ], [ 103.83798972675703, 1.303874044624335 ], [ 103.838010146643057, 1.303763445484531 ], [ 103.838013433272877, 1.303762358691481 ], [ 103.83835805375881, 1.303649050592133 ], [ 103.838462488067222, 1.303614772153618 ], [ 103.838378900000336, 1.30335679999997 ], [ 103.83846382527932, 1.303614329350369 ], [ 103.838697919644204, 1.303536129180001 ], [ 103.838701778706508, 1.303561259766759 ], [ 103.838711611687387, 1.303559730191695 ], [ 103.838827665804388, 1.303552909466439 ], [ 103.839105713272474, 1.303505284803455 ], [ 103.839177795793674, 1.303476006251673 ], [ 103.83921471509484, 1.303461079003301 ], [ 103.839311827896637, 1.303417464949989 ], [ 103.83943156755798, 1.303385227347901 ], [ 103.839361900000199, 1.303123100000467 ], [ 103.839616577745318, 1.303034083865326 ], [ 103.839599877741534, 1.302985683867134 ], [ 103.8393487102786, 1.303073473071215 ], [ 103.83934866749216, 1.303073312083535 ], [ 103.839595714356264, 1.30297442782165 ], [ 103.839574709223257, 1.302921267923458 ], [ 103.839560084870939, 1.302884050269958 ], [ 103.839478648730065, 1.302649849914673 ], [ 103.839424238389384, 1.302464718551064 ], [ 103.839399280865265, 1.302382848569826 ], [ 103.839390741008614, 1.302303228929254 ], [ 103.839392907643557, 1.302231804430074 ], [ 103.839396139155298, 1.302185755313396 ], [ 103.839412450308259, 1.301949293276832 ], [ 103.839143500000091, 1.301930500000191 ], [ 103.839412651238817, 1.301946109640997 ], [ 103.839414151236085, 1.301919909640622 ], [ 103.839145000001025, 1.301904299999961 ], [ 103.839414384549002, 1.301915087984845 ], [ 103.839424884521364, 1.301649487984072 ], [ 103.839155499998839, 1.301638700000164 ], [ 103.839412624040008, 1.301557118697871 ], [ 103.839370458368819, 1.301422496062353 ], [ 103.839628603952846, 1.301335510322007 ], [ 103.839891677602296, 1.301252328232684 ], [ 103.839960012583688, 1.301462904652929 ], [ 103.839928656460657, 1.301474528043354 ], [ 103.839894687758402, 1.301487079529215 ], [ 103.840080512260883, 1.301996520466574 ], [ 103.840114612263477, 1.301983920465923 ], [ 103.840021699860642, 1.301729199617077 ], [ 103.840114875396935, 1.301983823081402 ], [ 103.84014967539963, 1.301970923079781 ], [ 103.840056500021163, 1.30171630005626 ], [ 103.840150332445234, 1.301970678544086 ], [ 103.840271832456423, 1.30192527853959 ], [ 103.840178000001231, 1.30167090000292 ], [ 103.84030967301986, 1.301907679017441 ], [ 103.840362573023526, 1.301877879014514 ], [ 103.840230900000648, 1.301641100000022 ], [ 103.840414618244807, 1.301839685992215 ], [ 103.840468718245106, 1.301788985987817 ], [ 103.840285000000435, 1.301590400000417 ], [ 103.840541274570228, 1.301506154587568 ], [ 103.840407548217058, 1.301094072866928 ], [ 103.840678070309195, 1.301007782560496 ], [ 103.8407845714286, 1.300976435795165 ], [ 103.84063322858708, 1.300455564201269 ], [ 103.840520929706912, 1.300488617436302 ], [ 103.839990513537572, 1.300657807923157 ], [ 103.839820439970211, 1.300706015394809 ], [ 103.83946219606463, 1.300819289674561 ], [ 103.838860992792448, 1.301021873415628 ], [ 103.838802994313696, 1.30104244646086 ], [ 103.838677070231185, 1.301090496438651 ], [ 103.838027256478512, 1.301393150798143 ], [ 103.837861664012962, 1.301465725876128 ], [ 103.83767356619272, 1.301546530636706 ], [ 103.837521949176519, 1.301621345153744 ], [ 103.83750967541377, 1.301605887160813 ], [ 103.837266996871989, 1.301337077147688 ], [ 103.8369512830443, 1.300966011575854 ], [ 103.836811575214526, 1.30080403591853 ], [ 103.836735926081545, 1.300719685606722 ], [ 103.836535800000618, 1.3009015 ], [ 103.836730790176262, 1.300714117706423 ], [ 103.836575590175215, 1.300550517717834 ], [ 103.836380599960208, 1.300737900038479 ], [ 103.836574541158214, 1.300549418125546 ], [ 103.836325023219018, 1.30028933653216 ], [ 103.836242867681108, 1.300192803781373 ], [ 103.836097179362895, 1.300060820862964 ], [ 103.835855383034669, 1.299936879497867 ], [ 103.835795237632922, 1.299925943971171 ], [ 103.83559014652711, 1.29989072224063 ], [ 103.835560472996463, 1.300065752397913 ], [ 103.83551526238395, 1.300068854057108 ], [ 103.835459682508201, 1.299900734970702 ], [ 103.835375473636105, 1.29992893606805 ], [ 103.835163189942421, 1.299997825485419 ], [ 103.83503636186586, 1.300040945542872 ], [ 103.835018982723412, 1.300040510646479 ], [ 103.835017292186052, 1.300039964326263 ], [ 103.834927430575803, 1.299905251310003 ], [ 103.834850925761813, 1.299956947794185 ], [ 103.834838110379465, 1.29993836739099 ], [ 103.834677522168761, 1.299792171527983 ], [ 103.834508980334903, 1.299716105334257 ], [ 103.834411021331093, 1.299689720961009 ], [ 103.834271975390763, 1.299660528995479 ], [ 103.833952878899808, 1.299650500555222 ], [ 103.833724926590847, 1.299637254410532 ], [ 103.832782320880142, 1.299588934314641 ], [ 103.832736666059816, 1.299508458031831 ], [ 103.83265226604577, 1.299448222341138 ], [ 103.832508542029458, 1.299367174965318 ], [ 103.832414851499905, 1.299337974186921 ], [ 103.832199718172788, 1.299238917403697 ], [ 103.832069939624645, 1.29916857628467 ], [ 103.831970584212314, 1.299089530166911 ], [ 103.831803399999956, 1.299302399999982 ], [ 103.831966400702299, 1.299086268442724 ], [ 103.831906680858154, 1.299040643968162 ], [ 103.83185923499552, 1.298967972239599 ], [ 103.831798630611971, 1.29885035191331 ], [ 103.831794725935424, 1.298808332316469 ], [ 103.831777800745442, 1.298809925532765 ], [ 103.831774429138775, 1.298803381955675 ], [ 103.831758392050816, 1.298811752528408 ], [ 103.831257874059787, 1.298858867654943 ], [ 103.831266674049317, 1.298953567656248 ], [ 103.831535099999684, 1.298928300000455 ], [ 103.831295770837116, 1.299053218021364 ], [ 103.831386970825534, 1.299230218029903 ], [ 103.831626299998504, 1.299105300001398 ], [ 103.831400992348122, 1.299254310406934 ], [ 103.831481492342419, 1.299377610414161 ], [ 103.831706800000831, 1.299228599998843 ], [ 103.831543799266399, 1.299444731539868 ], [ 103.83163829161002, 1.299516921345903 ], [ 103.831654166583391, 1.299529551309392 ], [ 103.83111945196994, 1.299481019646928 ], [ 103.830939386566882, 1.299460669168168 ], [ 103.830820531881329, 1.299433266333545 ], [ 103.830709114918392, 1.299396985250488 ], [ 103.830573672793335, 1.299338913899367 ], [ 103.830473070013909, 1.299285863800567 ], [ 103.830418601868942, 1.299257344527719 ], [ 103.83045265106216, 1.299172520340959 ], [ 103.830557545303876, 1.298837312479691 ], [ 103.830300400000425, 1.298755800000377 ], [ 103.830565542391469, 1.298804924522214 ], [ 103.830607104603814, 1.298577682997471 ], [ 103.830668554155807, 1.298056219011691 ], [ 103.830692411374443, 1.297894551153993 ], [ 103.830707607154508, 1.297819483965819 ], [ 103.831049614961486, 1.297876141176637 ], [ 103.831085407091166, 1.297657275850332 ], [ 103.831086591007207, 1.297657717069281 ], [ 103.831056293310837, 1.297877161199495 ], [ 103.831199293325781, 1.297897161201891 ], [ 103.831225219346209, 1.297709380745217 ], [ 103.83128694208304, 1.297732383423004 ], [ 103.831532618729057, 1.297636426614046 ], [ 103.831643587808301, 1.297327678610567 ], [ 103.831516065381877, 1.297100815550104 ], [ 103.831239807573951, 1.296997123214192 ], [ 103.831006629455089, 1.297118617313157 ], [ 103.830942165881552, 1.297308351842895 ], [ 103.830844637016398, 1.297292195152251 ], [ 103.830878540954942, 1.297190028722684 ], [ 103.830971802762193, 1.296981108231302 ], [ 103.831119260953074, 1.296746201812509 ], [ 103.831295614908399, 1.296530144617599 ], [ 103.831087300000192, 1.296357900000559 ], [ 103.831295619889033, 1.296530138515853 ], [ 103.831390239864959, 1.296414209484218 ], [ 103.831529828681809, 1.296251802217507 ], [ 103.831559345050351, 1.296206710786253 ], [ 103.831638312510421, 1.29610856679628 ], [ 103.83121928751801, 1.29576703318655 ], [ 103.831131987514866, 1.29587553317913 ], [ 103.831341500001869, 1.29604630000129 ], [ 103.831116370739977, 1.29589701714151 ], [ 103.831098971346051, 1.29592359776326 ], [ 103.830977960162954, 1.296064390498298 ], [ 103.830878985120137, 1.296185655365184 ], [ 103.830878980139502, 1.29618566146693 ], [ 103.830681339074729, 1.296427798168269 ], [ 103.830495597262072, 1.296723691746536 ], [ 103.830375659064742, 1.296992371252239 ], [ 103.830279575039086, 1.297281911519824 ], [ 103.830237039716025, 1.297437699703119 ], [ 103.83049699999971, 1.297509599999219 ], [ 103.830233515334385, 1.297452146934911 ], [ 103.830202962520659, 1.297594085931689 ], [ 103.830161188635458, 1.297800448817484 ], [ 103.830134045852191, 1.297984380960238 ], [ 103.830073695405559, 1.298496516974803 ], [ 103.830038264833291, 1.298690233517122 ], [ 103.829981776446743, 1.298870751908746 ], [ 103.829703016038934, 1.298729231690164 ], [ 103.82958777304988, 1.2989591825649 ], [ 103.82961855109248, 1.298869536305842 ], [ 103.829601953444552, 1.298863763813809 ], [ 103.829631959772286, 1.298704932342217 ], [ 103.829401463791527, 1.298660821251082 ], [ 103.829327677135197, 1.298651241083206 ], [ 103.829066027442437, 1.297931551472743 ], [ 103.828958060737506, 1.297820153071603 ], [ 103.828912303362642, 1.297794042644458 ], [ 103.828872371616939, 1.297704666764802 ], [ 103.828840030118172, 1.297623016218344 ], [ 103.828589599999773, 1.297723500000675 ], [ 103.828482651493573, 1.297474420224759 ], [ 103.828179581013416, 1.297606242338006 ], [ 103.828053713838173, 1.297662172107361 ], [ 103.828162600000141, 1.29791040000059 ], [ 103.828119962401189, 1.297959191813162 ], [ 103.82785173715088, 1.297366641434808 ], [ 103.827833337950949, 1.2973226986735 ], [ 103.82783646069521, 1.297259853303781 ], [ 103.827297939308167, 1.297232746667222 ], [ 103.82729393929975, 1.297313246666959 ], [ 103.82756320000027, 1.297326800000108 ], [ 103.827294228233328, 1.29734527238092 ], [ 103.827298228227534, 1.297404272381545 ], [ 103.827567200000672, 1.297385800000341 ], [ 103.827318762356086, 1.29749117494496 ], [ 103.827356362348624, 1.297580974949166 ], [ 103.827604800000444, 1.297475600000034 ], [ 103.8273594647452, 1.297588097422723 ], [ 103.827654464694831, 1.298239797451065 ], [ 103.827899800002783, 1.298127299998575 ], [ 103.827670899259104, 1.2982706556373 ], [ 103.827729080515113, 1.298364763038434 ], [ 103.827737808268083, 1.298389091275259 ], [ 103.827740961490321, 1.298414960596972 ], [ 103.827647774685701, 1.298408833495285 ], [ 103.827630495267158, 1.298675050934186 ], [ 103.827629876662186, 1.298675136454945 ], [ 103.827610595951441, 1.298408974668132 ], [ 103.827541095959234, 1.298414074667869 ], [ 103.827560700000134, 1.298684699999971 ], [ 103.827516120479871, 1.29841709166522 ], [ 103.827361657608733, 1.298443157275221 ], [ 103.827330678490952, 1.298406407895139 ], [ 103.827291264932413, 1.298285654309037 ], [ 103.827234077521723, 1.298038383310418 ], [ 103.826971500000269, 1.298099900000154 ], [ 103.827227012255065, 1.298013341806028 ], [ 103.827206024352876, 1.297950582108072 ], [ 103.827221561404798, 1.297933308822302 ], [ 103.827190907137251, 1.297905377406873 ], [ 103.827134412230905, 1.297736441815264 ], [ 103.827077999999801, 1.297755552215347 ], [ 103.82707799999983, 1.297727377773217 ], [ 103.82712221506857, 1.297706142494477 ], [ 103.827092915064014, 1.297644342496786 ], [ 103.827077999999318, 1.297651505791423 ], [ 103.827077999996831, 1.297479856334868 ], [ 103.827032854564223, 1.297479856334277 ], [ 103.827034382635176, 1.297469826329996 ], [ 103.826976907949756, 1.297460956250291 ], [ 103.826884762625383, 1.297380222074401 ], [ 103.826752519428851, 1.297080047754476 ], [ 103.826728319430799, 1.297090847754053 ], [ 103.82683759999928, 1.297338899998895 ], [ 103.826634256854305, 1.29716073854656 ], [ 103.826591356852816, 1.297210338543659 ], [ 103.826794699997819, 1.297388499998494 ], [ 103.826570828782849, 1.297237312605316 ], [ 103.82654402878137, 1.297277512602759 ], [ 103.826767900000064, 1.297428700000093 ], [ 103.826501417372796, 1.297387573641072 ], [ 103.826492017366675, 1.297449273640025 ], [ 103.82675850000922, 1.29749040000096 ], [ 103.826490509017049, 1.297460824233976 ], [ 103.82648100900748, 1.297548024232831 ], [ 103.826749000000618, 1.297577599999949 ], [ 103.82649928826541, 1.297679878792215 ], [ 103.826532888258754, 1.297762978795507 ], [ 103.826782599998978, 1.297660700000911 ], [ 103.826558728722901, 1.297811887359284 ], [ 103.82661476168272, 1.297895936810396 ], [ 103.826628577930791, 1.297925078256113 ], [ 103.826711857679314, 1.298174108163187 ], [ 103.826768822440187, 1.298420416667996 ], [ 103.82703139999505, 1.298358900001593 ], [ 103.82677526935872, 1.298443586679429 ], [ 103.82683486934269, 1.298626186685823 ], [ 103.827091, 1.298541500000307 ], [ 103.826885425370463, 1.298717048270449 ], [ 103.826942568726082, 1.29878483533195 ], [ 103.826893498421967, 1.298795943554788 ], [ 103.82658220490994, 1.298865018159988 ], [ 103.826281669249369, 1.298945951793664 ], [ 103.826030492060696, 1.299031496236615 ], [ 103.825675140329082, 1.299107608670276 ], [ 103.825670593205672, 1.299081744542965 ], [ 103.825695756132347, 1.299039061024698 ], [ 103.825659257059499, 1.29901726432536 ], [ 103.825583825318617, 1.298588207030008 ], [ 103.825456925331963, 1.298610807027387 ], [ 103.825503900000015, 1.298878 ], [ 103.82537192980989, 1.298641388718943 ], [ 103.825331929812677, 1.298663988716215 ], [ 103.82546390000023, 1.29890060000023 ], [ 103.825232043893422, 1.298762138954358 ], [ 103.825094743879632, 1.298995038941993 ], [ 103.825326600000025, 1.299133500000372 ], [ 103.825077802903351, 1.299028987304833 ], [ 103.825056902898751, 1.299079387302757 ], [ 103.825305700000371, 1.299183900000351 ], [ 103.825036295536577, 1.299173635831187 ], [ 103.825034595532088, 1.299218835830812 ], [ 103.825185566497339, 1.299224587748982 ], [ 103.82511927875241, 1.299247209398174 ], [ 103.824990556288128, 1.299291081673482 ], [ 103.824952027854195, 1.29911039756689 ], [ 103.824848327864544, 1.299132797565064 ], [ 103.824889429396933, 1.299325548586955 ], [ 103.824879493851824, 1.299328934902285 ], [ 103.824863478718839, 1.299332532361729 ], [ 103.824760246913371, 1.299169122000458 ], [ 103.824658464650227, 1.299234256921101 ], [ 103.824640560814913, 1.299238186356779 ], [ 103.824641993221789, 1.299244797708836 ], [ 103.824618046920605, 1.299260121992363 ], [ 103.824659545767105, 1.299325812429415 ], [ 103.824670380963866, 1.299375822864294 ], [ 103.824667817225858, 1.299376395233352 ], [ 103.824695722336813, 1.299503011302684 ], [ 103.824695560524049, 1.299503044911036 ], [ 103.824667508317603, 1.299376464389966 ], [ 103.82452448787204, 1.299408571856711 ], [ 103.824615961387465, 1.29937441379584 ], [ 103.824373661331535, 1.298717113819943 ], [ 103.824120899995734, 1.298811500001902 ], [ 103.824358276652546, 1.298682863422521 ], [ 103.824186876631117, 1.298362463438391 ], [ 103.823949500001149, 1.298491099999342 ], [ 103.824140552305892, 1.298299652896346 ], [ 103.823553949942024, 1.297706651642819 ], [ 103.823546347518629, 1.297698950485681 ], [ 103.823356324193853, 1.297888975793879 ], [ 103.823356323450767, 1.297888975142733 ], [ 103.823546239313657, 1.297698840938646 ], [ 103.823529339313325, 1.297681740939552 ], [ 103.823338200002169, 1.297873099997457 ], [ 103.823510424727999, 1.297664340567599 ], [ 103.823468452178005, 1.297629263509993 ], [ 103.823390121593846, 1.297563767337688 ], [ 103.823482459193585, 1.297469525854156 ], [ 103.823098540834934, 1.297088474131008 ], [ 103.822973853487696, 1.297215732351783 ], [ 103.82248151457307, 1.296804136150041 ], [ 103.822347079319712, 1.296656925385181 ], [ 103.822229173447894, 1.296478519995687 ], [ 103.821780226525902, 1.296779079983712 ], [ 103.821909826516276, 1.296975179995394 ], [ 103.822134300002091, 1.296824899999 ], [ 103.821935809248288, 1.297008521055665 ], [ 103.822096809245792, 1.297184821067389 ], [ 103.82229530000015, 1.297001200000101 ], [ 103.822123040241379, 1.297209930113622 ], [ 103.822500275355736, 1.297525299395821 ], [ 103.82250480000036, 1.297763100000656 ], [ 103.822432346210945, 1.297501738948438 ], [ 103.822034574583896, 1.297613441307529 ], [ 103.822007435642504, 1.297614314813557 ], [ 103.821735788867954, 1.297478712565848 ], [ 103.821496211108951, 1.297964887427927 ], [ 103.821803311131191, 1.298118187442319 ], [ 103.821923100000362, 1.297875099999931 ], [ 103.821875025021896, 1.298142094642934 ], [ 103.82193752502846, 1.298153494643493 ], [ 103.821985599999707, 1.297886500001974 ], [ 103.821994217124058, 1.29815770501925 ], [ 103.822084317133672, 1.298154805018693 ], [ 103.822075699999729, 1.297883599998922 ], [ 103.822148153762981, 1.298144961061312 ], [ 103.822544235287523, 1.298033733323148 ], [ 103.822562746846287, 1.298033376523926 ], [ 103.82258595263788, 1.298039144897112 ], [ 103.822723121183714, 1.298109477069622 ], [ 103.822845499999914, 1.297867699999937 ], [ 103.822746531572704, 1.298120099141854 ], [ 103.82300433159385, 1.298222499152252 ], [ 103.823085767838762, 1.298014812279906 ], [ 103.823093911496258, 1.298021621604887 ], [ 103.823054665706891, 1.298236992011696 ], [ 103.823123465714446, 1.298249692013081 ], [ 103.823155625133907, 1.298073209685327 ], [ 103.823156106672982, 1.29807361211424 ], [ 103.823163907409665, 1.298081505168697 ], [ 103.823171552452621, 1.298089249499707 ], [ 103.823175344416441, 1.298085457497144 ], [ 103.823175356221839, 1.298085831035126 ], [ 103.823171747665981, 1.298089447045422 ], [ 103.823175593369839, 1.298093334701877 ], [ 103.823180671287147, 1.298254006490941 ], [ 103.823233771292649, 1.298252306490978 ], [ 103.823230501358466, 1.29814884167403 ], [ 103.8237307403556, 1.2986545375421 ], [ 103.823874649646484, 1.29892354888758 ], [ 103.824080123996367, 1.299480950167485 ], [ 103.82403268976762, 1.299486399528936 ], [ 103.823656581569935, 1.299529420057196 ], [ 103.82331771867932, 1.299557576303027 ], [ 103.823339899999212, 1.299827999991713 ], [ 103.823305438171928, 1.299558882314114 ], [ 103.822953138208874, 1.2996045823091 ], [ 103.822987600000289, 1.29987370000019 ], [ 103.822946783215215, 1.29960548419225 ], [ 103.822822883228625, 1.299624584190941 ], [ 103.8228637, 1.299892799999848 ], [ 103.822782807919793, 1.299633958711626 ], [ 103.822595807937148, 1.299693158705754 ], [ 103.822603470916491, 1.299717678980009 ], [ 103.822590070200235, 1.299714928475336 ], [ 103.822589318720688, 1.299718637337232 ], [ 103.82258162467005, 1.29969808940917 ], [ 103.822535185675605, 1.299715704200159 ], [ 103.822535161777481, 1.299709458354768 ], [ 103.822483561782946, 1.299709658354977 ], [ 103.8224836596969, 1.299735248536382 ], [ 103.822483119878115, 1.299735453295801 ], [ 103.822379403605396, 1.299774703543169 ], [ 103.822282566225184, 1.299549233970789 ], [ 103.822035100000363, 1.299656900000389 ], [ 103.82227633423112, 1.299535750783173 ], [ 103.822258592345207, 1.299499963738606 ], [ 103.822258224511188, 1.299499006063506 ], [ 103.822196297162719, 1.298998907573567 ], [ 103.822232363763405, 1.29899830646362 ], [ 103.822223436237962, 1.298455693535946 ], [ 103.822169436243712, 1.29845659353564 ], [ 103.822173900001218, 1.298727900064927 ], [ 103.82216755555767, 1.298456631486185 ], [ 103.822066255568515, 1.29845903148576 ], [ 103.822072600000382, 1.298730300000449 ], [ 103.822066255557743, 1.298459031486665 ], [ 103.821964955568447, 1.298461431485771 ], [ 103.821971300000286, 1.298732700000615 ], [ 103.821915973774992, 1.298467131540057 ], [ 103.821885173778597, 1.298473631539039 ], [ 103.821940499999911, 1.298739200000234 ], [ 103.821747828779493, 1.298549403502602 ], [ 103.821723128780079, 1.298574803501173 ], [ 103.821915800000554, 1.298764600000662 ], [ 103.821663991205597, 1.298667669017566 ], [ 103.821650691202166, 1.29870266901636 ], [ 103.821902500000078, 1.298799599999884 ], [ 103.821633067105978, 1.298809076882907 ], [ 103.821634067103062, 1.29883787688268 ], [ 103.821903500000218, 1.29882839999958 ], [ 103.821635972394773, 1.298861958525242 ], [ 103.821727272318057, 1.299599258534435 ], [ 103.821994799998222, 1.29956570000083 ], [ 103.821743338173235, 1.299663539402595 ], [ 103.821760238168892, 1.299707539403977 ], [ 103.822011700000303, 1.299609700000586 ], [ 103.821770465749211, 1.299730849191219 ], [ 103.821790566140351, 1.299771393577729 ], [ 103.821864740269064, 1.299944095657807 ], [ 103.821591624812058, 1.299962566881943 ], [ 103.821609700005069, 1.300233300077727 ], [ 103.821591519532191, 1.299962574023219 ], [ 103.82154741953623, 1.299965574022224 ], [ 103.821565599999914, 1.300236300000131 ], [ 103.821530458534852, 1.299967271361042 ], [ 103.821484491550066, 1.299973353760858 ], [ 103.820869317420986, 1.30005412531475 ], [ 103.820846019619395, 1.300054749920535 ], [ 103.820834872834638, 1.300055040543249 ], [ 103.820793964138389, 1.300023985769324 ], [ 103.820806245842775, 1.300006208620031 ], [ 103.820363554184638, 1.299696391360615 ], [ 103.820328267463779, 1.299747467098106 ], [ 103.820278546049565, 1.299711055498676 ], [ 103.820180655678556, 1.299636949739399 ], [ 103.820018600000338, 1.299853799999604 ], [ 103.82018049975558, 1.299636831790422 ], [ 103.820145689959517, 1.299610519461726 ], [ 103.820078930623794, 1.299547374725037 ], [ 103.820219017312553, 1.299425830126403 ], [ 103.820359888689495, 1.299303634883031 ], [ 103.820437802040459, 1.299406105183729 ], [ 103.820865997931477, 1.299076294796949 ], [ 103.820729459008234, 1.298896721183885 ], [ 103.820778326899713, 1.298933016454477 ], [ 103.820813226897954, 1.298885416451585 ], [ 103.82059630000029, 1.29872429999992 ], [ 103.820838298082109, 1.298843895900253 ], [ 103.820880498075894, 1.298757395896698 ], [ 103.820638499999362, 1.298637799999506 ], [ 103.820897349346254, 1.298713652292087 ], [ 103.820908949342311, 1.298673552291044 ], [ 103.820650099991937, 1.298597699997862 ], [ 103.820912542654867, 1.298659797175376 ], [ 103.820918942652114, 1.298632397174963 ], [ 103.820656499999927, 1.29857029999994 ], [ 103.82092393904486, 1.298604565904965 ], [ 103.820927139042411, 1.298579265905145 ], [ 103.820659700000107, 1.298545000000481 ], [ 103.820927992641032, 1.298571662870244 ], [ 103.820936792631102, 1.298481962869582 ], [ 103.82066850002289, 1.298455300001735 ], [ 103.820937263666025, 1.298476622493805 ], [ 103.82096966362235, 1.298062922489635 ], [ 103.820432136382593, 1.298020277481718 ], [ 103.820419602844765, 1.298180311991588 ], [ 103.820381000000211, 1.298356899998425 ], [ 103.820374829674222, 1.298085627418862 ], [ 103.820331429678632, 1.298086627418526 ], [ 103.8203376, 1.298357899999955 ], [ 103.820306050254743, 1.298088420766366 ], [ 103.820276936885463, 1.298091873565057 ], [ 103.820261813398901, 1.298092752107578 ], [ 103.820237261765243, 1.298094003759891 ], [ 103.820250900000119, 1.298365000000121 ], [ 103.820181371372669, 1.298102835320014 ], [ 103.820141171376534, 1.298113635318515 ], [ 103.820210700001027, 1.298375800001482 ], [ 103.820123543996246, 1.298119026786536 ], [ 103.820088643999583, 1.298131026785655 ], [ 103.820175799999433, 1.298387799999946 ], [ 103.819976260434842, 1.298205333980423 ], [ 103.819959560434356, 1.298223833979291 ], [ 103.820159100000055, 1.298406300000116 ], [ 103.819894240914977, 1.298355651238902 ], [ 103.819886840911622, 1.298394851237476 ], [ 103.820198417345722, 1.298454433712422 ], [ 103.820223817161036, 1.298529264944401 ], [ 103.820001639324076, 1.298705502613805 ], [ 103.820001302755315, 1.298696591992586 ], [ 103.819980322737337, 1.298697394740022 ], [ 103.819973522615811, 1.298684624276317 ], [ 103.819947520923336, 1.298698649819226 ], [ 103.819462497242313, 1.298717207978798 ], [ 103.819466497231588, 1.298823107979515 ], [ 103.81973589999933, 1.298812800000568 ], [ 103.819498277359997, 1.298940975701049 ], [ 103.819513984136066, 1.298970472656941 ], [ 103.819510807887426, 1.298967225902964 ], [ 103.819510805656364, 1.298967223622143 ], [ 103.819474807886834, 1.298930425905024 ], [ 103.819282700001665, 1.299120799998185 ], [ 103.819442452817029, 1.298902225682492 ], [ 103.819390452818908, 1.298863725685633 ], [ 103.819230699998883, 1.29908230000168 ], [ 103.819313801321684, 1.298824168642605 ], [ 103.819175201334659, 1.298778968647411 ], [ 103.819092100000262, 1.299037100000045 ], [ 103.819119140535761, 1.298767124656508 ], [ 103.818995940548362, 1.298754624658223 ], [ 103.818968899999945, 1.299024600000316 ], [ 103.818925239738988, 1.298756838190173 ], [ 103.818779939753313, 1.298780838188107 ], [ 103.818823599999334, 1.299048599998749 ], [ 103.81870995252072, 1.298802543566421 ], [ 103.818405422225922, 1.298945026714959 ], [ 103.818227501458011, 1.299003594939445 ], [ 103.818132929198327, 1.299010328957117 ], [ 103.817982919456767, 1.299020947407808 ], [ 103.817731463545229, 1.299028683007104 ], [ 103.817739700000217, 1.299299900000505 ], [ 103.817701409726027, 1.299031307038976 ], [ 103.817600413515095, 1.299045892051252 ], [ 103.817467518248137, 1.299064977010679 ], [ 103.817487289352883, 1.299204439438073 ], [ 103.817462591994598, 1.299135184261251 ], [ 103.817448135942399, 1.299068491824827 ], [ 103.817439485874814, 1.299070391155876 ], [ 103.817350253267989, 1.298820169204443 ], [ 103.817296540681937, 1.29867052752848 ], [ 103.817233329882711, 1.298467310420619 ], [ 103.817219707301561, 1.298405382509926 ], [ 103.817197324522667, 1.298277088956295 ], [ 103.817192734968231, 1.29819831564985 ], [ 103.817180425933401, 1.297989861605099 ], [ 103.817169481067111, 1.297803121215235 ], [ 103.817168431608948, 1.297730919012284 ], [ 103.817160967622442, 1.297641675809756 ], [ 103.817149347103367, 1.297460538729861 ], [ 103.817137105439599, 1.297348323583528 ], [ 103.817098773264206, 1.297193241187047 ], [ 103.817042710906733, 1.297037048894668 ], [ 103.816996611347719, 1.296957575188594 ], [ 103.816961696549015, 1.296886555327722 ], [ 103.816942743770014, 1.296838311903553 ], [ 103.8169267603093, 1.296797546015477 ], [ 103.816890281236198, 1.296678620059422 ], [ 103.816898665545338, 1.296658758195156 ], [ 103.816928359368205, 1.29658100179347 ], [ 103.816942480756808, 1.296520985866782 ], [ 103.816950256832428, 1.296447341778741 ], [ 103.81694614009136, 1.296391453982058 ], [ 103.816954490832359, 1.296046133860113 ], [ 103.817157877722266, 1.296052608053445 ], [ 103.817174922275527, 1.295510191945713 ], [ 103.816958124471967, 1.295503290857557 ], [ 103.816973697800577, 1.295415712384769 ], [ 103.81700833215119, 1.295314553912748 ], [ 103.817219918407048, 1.29532563410514 ], [ 103.817257172673933, 1.295350006290914 ], [ 103.817271179021887, 1.295328318479726 ], [ 103.817290715213716, 1.295329341535806 ], [ 103.817273863872458, 1.295360082493597 ], [ 103.817446563884005, 1.295455982503067 ], [ 103.817576799999216, 1.295218400001982 ], [ 103.817503969070287, 1.295479654826685 ], [ 103.817689169088112, 1.295531954831757 ], [ 103.81776050490231, 1.295276063127947 ], [ 103.817759851539876, 1.295284034142828 ], [ 103.817718843609882, 1.295538544539854 ], [ 103.817984743636259, 1.295581944544433 ], [ 103.818025260982296, 1.295330478730105 ], [ 103.818026317473453, 1.295331514606826 ], [ 103.818003344538312, 1.295584315791032 ], [ 103.818182804180694, 1.295600835911661 ], [ 103.818403070939794, 1.295626186810783 ], [ 103.81842912521077, 1.295396865779079 ], [ 103.8184291817375, 1.295396820355883 ], [ 103.818403410863937, 1.295626225713147 ], [ 103.81853989615098, 1.295641757466795 ], [ 103.818656297695441, 1.295658662255542 ], [ 103.818694799999662, 1.295390099998306 ], [ 103.818710103197105, 1.295661006166726 ], [ 103.818816703208512, 1.295654906165668 ], [ 103.818801400000666, 1.295384000001372 ], [ 103.81891701327946, 1.29562912689993 ], [ 103.818962013282871, 1.295607626898645 ], [ 103.81884639999798, 1.295362499996648 ], [ 103.819001284482255, 1.295584595327567 ], [ 103.819043184483789, 1.295554995325787 ], [ 103.818888300000296, 1.295332900000086 ], [ 103.819078094582792, 1.295525609971794 ], [ 103.819121094582428, 1.295482709969144 ], [ 103.818931299997999, 1.295289999998803 ], [ 103.819167818322285, 1.295420227729375 ], [ 103.819243376735898, 1.295281215355448 ], [ 103.819301954465999, 1.295188759537869 ], [ 103.819328363559805, 1.295161604098424 ], [ 103.818943036469463, 1.294781995886952 ], [ 103.818897036469011, 1.294829295883964 ], [ 103.819089699999026, 1.295019099999143 ], [ 103.818862387096445, 1.294873207881836 ], [ 103.81878388709012, 1.294997107874821 ], [ 103.819011199999977, 1.295143 ], [ 103.8187746817121, 1.295012772255762 ], [ 103.818718036287123, 1.295116988478341 ], [ 103.818706516439377, 1.295117647681656 ], [ 103.818612802307825, 1.295104037744891 ], [ 103.81857430000143, 1.295372599985154 ], [ 103.818597474757254, 1.29516630442662 ], [ 103.818598865766617, 1.295163095342362 ], [ 103.818598459298613, 1.29515754029272 ], [ 103.818604589114628, 1.295102974284142 ], [ 103.818594381664553, 1.295101812697159 ], [ 103.818586954840498, 1.295000312909056 ], [ 103.818500958670867, 1.294862266447323 ], [ 103.818361990875161, 1.294780686164129 ], [ 103.818322091191646, 1.294778739839446 ], [ 103.8183230428386, 1.294730935606041 ], [ 103.817783957162931, 1.294720064364915 ], [ 103.817778512954732, 1.294993541125921 ], [ 103.817679695584403, 1.294965635356471 ], [ 103.817542862513477, 1.294889652199759 ], [ 103.81740382730753, 1.294798693708248 ], [ 103.817269835965888, 1.295006169595375 ], [ 103.817269833245092, 1.295006169453373 ], [ 103.817403804845839, 1.294798679015795 ], [ 103.81736952774861, 1.294776259403588 ], [ 103.817354550827517, 1.294766440098135 ], [ 103.817207400000441, 1.294993800000065 ], [ 103.81729947370475, 1.294738771358148 ], [ 103.817203773713771, 1.294703771361783 ], [ 103.817111699999458, 1.294958800001977 ], [ 103.81712775844025, 1.294687938121372 ], [ 103.817022858451395, 1.294681638122168 ], [ 103.817006800000442, 1.294952500000167 ], [ 103.816879838516982, 1.294713128707591 ], [ 103.816814138520741, 1.294748428704436 ], [ 103.816941099994338, 1.294987799990251 ], [ 103.816883595430838, 1.294887939219884 ], [ 103.816810858560785, 1.294750357028343 ], [ 103.816744758565662, 1.294785757025379 ], [ 103.816871400000153, 1.295025299999797 ], [ 103.816644415882578, 1.29487889024104 ], [ 103.816538015874485, 1.295045990231629 ], [ 103.816765000002363, 1.295192400000798 ], [ 103.816529000617578, 1.295110548787154 ], [ 103.816519567307182, 1.295072767550788 ], [ 103.816472137397653, 1.295084763914037 ], [ 103.816472777403902, 1.295084364633124 ], [ 103.816519499278471, 1.295072495683806 ], [ 103.81651048589039, 1.295036553425376 ], [ 103.816599293598941, 1.294885235408286 ], [ 103.816488946525112, 1.294457445604313 ], [ 103.816362888373405, 1.294401182368389 ], [ 103.816353064106096, 1.294355087718993 ], [ 103.816349316085336, 1.29433730641844 ], [ 103.816382485552026, 1.294341259646542 ], [ 103.816621794216928, 1.294369800147467 ], [ 103.81671383449445, 1.29438407733658 ], [ 103.816742448135543, 1.294197216619018 ], [ 103.816754616312608, 1.294180197182867 ], [ 103.817049570500657, 1.29407745577626 ], [ 103.81703977049807, 1.294048955777402 ], [ 103.816785000000209, 1.294137700000591 ], [ 103.816942467628024, 1.293917452488907 ], [ 103.816912367629257, 1.293895652490672 ], [ 103.816754900000234, 1.294115899999594 ], [ 103.816795965497036, 1.293847722662162 ], [ 103.816699265506983, 1.293832722663572 ], [ 103.81665820000029, 1.294100900000236 ], [ 103.816689923798933, 1.29383144146788 ], [ 103.816445923824375, 1.293802341471717 ], [ 103.816414200000438, 1.294071800000731 ], [ 103.816445902939563, 1.293802338981861 ], [ 103.816357802948417, 1.293791838982495 ], [ 103.81632610000284, 1.294061299973931 ], [ 103.816352687654089, 1.293791279093779 ], [ 103.816224595247974, 1.293778502476906 ], [ 103.816133458421604, 1.293376021590074 ], [ 103.816065924690321, 1.293106896246646 ], [ 103.816046158316482, 1.293026738170328 ], [ 103.815958954572494, 1.293048521530077 ], [ 103.81595470846986, 1.293033651291606 ], [ 103.815836650603003, 1.293067800254844 ], [ 103.81582152115115, 1.293054865748903 ], [ 103.815777994997262, 1.293029523855683 ], [ 103.815772442829129, 1.293026292827249 ], [ 103.815735608841379, 1.292825255549692 ], [ 103.815647104222819, 1.292841682165982 ], [ 103.81560749969951, 1.292848909992148 ], [ 103.815625108195377, 1.292946649357134 ], [ 103.815622957777876, 1.292945549074629 ], [ 103.815604546590066, 1.292849466057182 ], [ 103.815339746617639, 1.292900866052725 ], [ 103.8153908, 1.293167300000311 ], [ 103.815341343426383, 1.293434038880472 ], [ 103.815414817915368, 1.293447839042844 ], [ 103.815454547024586, 1.293468166832024 ], [ 103.815508029514476, 1.293499290422576 ], [ 103.815509478821085, 1.293500134240454 ], [ 103.815519049969637, 1.293508316829014 ], [ 103.81552280609651, 1.293524925449176 ], [ 103.815573130457196, 1.293726222974181 ], [ 103.815609940549621, 1.293905965965817 ], [ 103.815647853831663, 1.294078648406688 ], [ 103.815735144018973, 1.294059234256931 ], [ 103.815735282889037, 1.294059847537517 ], [ 103.81564805715837, 1.294079566932556 ], [ 103.815696339415609, 1.294295912634555 ], [ 103.815751468137634, 1.294500896935899 ], [ 103.815769204055627, 1.294566794444457 ], [ 103.815723400000067, 1.294651099999743 ], [ 103.815712630268379, 1.294379972931267 ], [ 103.815578430282798, 1.294385372930999 ], [ 103.815582607503288, 1.294490534241968 ], [ 103.815567653474432, 1.29445032119587 ], [ 103.815535504667992, 1.294289405788388 ], [ 103.815508076347754, 1.294115143995154 ], [ 103.81524198566548, 1.294157570396541 ], [ 103.815508076248008, 1.294115143363002 ], [ 103.815471276224372, 1.293881343366919 ], [ 103.815206059576852, 1.293923631055123 ], [ 103.815200831701418, 1.293889407605207 ], [ 103.814823431740805, 1.293947807599931 ], [ 103.814905368268015, 1.2944841923994 ], [ 103.815020863302792, 1.294466320360396 ], [ 103.815043293578796, 1.294578591423082 ], [ 103.815289433271431, 1.29452877665812 ], [ 103.815291392112243, 1.294531205581657 ], [ 103.815055108765179, 1.294620214532252 ], [ 103.815124908749667, 1.294807914539081 ], [ 103.815128901119635, 1.29480641059662 ], [ 103.815043400000377, 1.295057399999594 ], [ 103.815064626126329, 1.29478689865897 ], [ 103.814962726137423, 1.294778798659312 ], [ 103.814941499999861, 1.295049299997132 ], [ 103.814917297844772, 1.294779051925097 ], [ 103.814725497864529, 1.294796451923246 ], [ 103.81474970000032, 1.295066700000413 ], [ 103.814705580059496, 1.294799014537868 ], [ 103.814618119999807, 1.294813617106567 ], [ 103.814543233879192, 1.294811800461638 ], [ 103.81436501434294, 1.294792856977632 ], [ 103.814336700000325, 1.295062700004149 ], [ 103.814334249302135, 1.294791367553629 ], [ 103.814039149334221, 1.294794067553755 ], [ 103.814044050666126, 1.295336732445703 ], [ 103.814323725834839, 1.295334173575967 ], [ 103.814497485671012, 1.295352643023489 ], [ 103.814525799999402, 1.295082800005527 ], [ 103.814519303890975, 1.295354064875168 ], [ 103.814630603903524, 1.295356764875925 ], [ 103.814637100000141, 1.295085500000403 ], [ 103.814681219938279, 1.295353185462604 ], [ 103.814783908486689, 1.295336040305787 ], [ 103.814942998649087, 1.295321607726483 ], [ 103.814988199569811, 1.295325200733926 ], [ 103.815103461720483, 1.295364975944106 ], [ 103.815190900000488, 1.295108300000153 ], [ 103.815181965035265, 1.29537949459751 ], [ 103.815402115816397, 1.295386842116554 ], [ 103.815397354363284, 1.295605867934875 ], [ 103.815396202013574, 1.295605884706249 ], [ 103.815396660398562, 1.295637790136779 ], [ 103.81539166745479, 1.295867464414272 ], [ 103.81539996275329, 1.295867647091766 ], [ 103.815403997987204, 1.296148515293555 ], [ 103.815665064120552, 1.296144715787238 ], [ 103.815752526128591, 1.296143466330668 ], [ 103.815749496508161, 1.296259150304447 ], [ 103.816018999981509, 1.296266299999363 ], [ 103.815749403218931, 1.296265884727625 ], [ 103.815749122692395, 1.29645036464597 ], [ 103.815690291055375, 1.296450256793776 ], [ 103.815397184528095, 1.2964497153917 ], [ 103.815387725246353, 1.296431501640884 ], [ 103.815353259097819, 1.296449634252393 ], [ 103.815336592707922, 1.296449603467133 ], [ 103.815383093813281, 1.296422960481153 ], [ 103.815299893804138, 1.29627586048836 ], [ 103.815152903531839, 1.296360079119205 ], [ 103.815153730662303, 1.296320346336837 ], [ 103.815255106785926, 1.29621710327495 ], [ 103.815236306786389, 1.296198403276262 ], [ 103.815150459245402, 1.296285831781995 ], [ 103.815075870273446, 1.296284258853625 ], [ 103.815117822190913, 1.296129641217333 ], [ 103.815083622194436, 1.296120241218138 ], [ 103.815039328882435, 1.296283488269306 ], [ 103.815015231700102, 1.296282980108689 ], [ 103.81501980905395, 1.296110753371126 ], [ 103.814447809114611, 1.296095353373452 ], [ 103.814443143066001, 1.296270915843791 ], [ 103.81437894614173, 1.296269562043376 ], [ 103.814295357414821, 1.296138000447274 ], [ 103.81425775741711, 1.296162200444966 ], [ 103.81435217745198, 1.296310809608096 ], [ 103.814350948403018, 1.296369848396407 ], [ 103.814152678920919, 1.29629004173668 ], [ 103.814140678918889, 1.296320241735801 ], [ 103.814350225216486, 1.296404587495646 ], [ 103.81435019800783, 1.296405894459905 ], [ 103.814137977167576, 1.296327326945673 ], [ 103.814094377157403, 1.296446626940473 ], [ 103.814096193514388, 1.296447299384843 ], [ 103.814027455158111, 1.296447156921916 ], [ 103.814026900000357, 1.296718499999965 ], [ 103.814027406915287, 1.296447156825683 ], [ 103.813763208812844, 1.296446656829607 ], [ 103.813763206942966, 1.296446656825975 ], [ 103.812973609386219, 1.296445156832114 ], [ 103.812973608897408, 1.296445156831206 ], [ 103.812658109420255, 1.296444556833274 ], [ 103.812657090579094, 1.29698724316617 ], [ 103.812972590613128, 1.296987843167117 ], [ 103.81297309999951, 1.296716500000813 ], [ 103.812973100000406, 1.296716500000813 ], [ 103.812972591102849, 1.296987843168026 ], [ 103.813547480086385, 1.296988935307508 ], [ 103.813263567268791, 1.297220565986444 ], [ 103.813302467266723, 1.2972688659897 ], [ 103.813511900000393, 1.297098000000513 ], [ 103.813354000318952, 1.29731793407481 ], [ 103.813427700321895, 1.297371534079185 ], [ 103.813585600000451, 1.297151600000307 ], [ 103.813526255719225, 1.297416288227969 ], [ 103.813585255725584, 1.297429688229842 ], [ 103.813644600000146, 1.297164999999822 ], [ 103.813709415161867, 1.297428385207499 ], [ 103.813779215168779, 1.297410985206161 ], [ 103.813714400000237, 1.297147600000144 ], [ 103.813898189777532, 1.297346118613971 ], [ 103.814026889779342, 1.297225418604793 ], [ 103.813843100000454, 1.297026900000162 ], [ 103.814063930277229, 1.297182551856761 ], [ 103.814183330270225, 1.297010951846697 ], [ 103.814153739754488, 1.296990095023343 ], [ 103.814301449821883, 1.296990343274877 ], [ 103.814301899981132, 1.296719011399392 ], [ 103.814301460515452, 1.296990343293045 ], [ 103.814423314200852, 1.29699054321676 ], [ 103.815233270933746, 1.29699214313276 ], [ 103.815233799999206, 1.296720800000518 ], [ 103.815233800000101, 1.296720800000518 ], [ 103.815233799998182, 1.296992143654768 ], [ 103.81525645240059, 1.296992143654901 ], [ 103.815689305242543, 1.296992943198358 ], [ 103.815689799999774, 1.2967216 ], [ 103.815689308943661, 1.296992943205619 ], [ 103.816016597434228, 1.296993543185042 ], [ 103.816177904629043, 1.296993845826544 ], [ 103.81622072086958, 1.297011166941245 ], [ 103.816311931960726, 1.297012176658582 ], [ 103.816325612402522, 1.297010947250028 ], [ 103.816338240647866, 1.297014795078363 ], [ 103.816343549225863, 1.297016369436064 ], [ 103.8163659192669, 1.297073254541684 ], [ 103.816449918164466, 1.29723826763613 ], [ 103.816486864561739, 1.297313061577241 ], [ 103.816554148314509, 1.297444986829451 ], [ 103.816561855162149, 1.297463530384235 ], [ 103.816564146374986, 1.297498870672682 ], [ 103.816577506394097, 1.297681981784795 ], [ 103.816580072249309, 1.297745155077692 ], [ 103.816580917807443, 1.297812588912909 ], [ 103.816595106733587, 1.298023426170209 ], [ 103.816622651443325, 1.298336810685083 ], [ 103.816891200000271, 1.29831289999952 ], [ 103.816891200000271, 1.298312900000425 ], [ 103.81672524413456, 1.298344628004456 ], [ 103.816663565313803, 1.298355528667905 ], [ 103.816663715795471, 1.298356391197764 ], [ 103.816626338717938, 1.298363537071737 ], [ 103.816655715741689, 1.298519193118997 ], [ 103.816678977531126, 1.29861073581785 ], [ 103.816726252138693, 1.29877474662654 ], [ 103.816701065537728, 1.298759257540961 ], [ 103.816560499999767, 1.298990800000023 ], [ 103.816612052828418, 1.298724463478656 ], [ 103.816566152833417, 1.29871546347977 ], [ 103.816514600000161, 1.298981800000154 ], [ 103.816480379628729, 1.29871265111083 ], [ 103.816276179650231, 1.298738951108964 ], [ 103.816310400000361, 1.299008100002542 ], [ 103.816233506765244, 1.298748027001939 ], [ 103.815690606816432, 1.298910626985991 ], [ 103.815844393199114, 1.299430773011206 ], [ 103.816366322710024, 1.299274453730926 ], [ 103.816399320807392, 1.299270203731415 ], [ 103.81654427068375, 1.29978438829124 ], [ 103.816449809158939, 1.299809870731203 ], [ 103.816363610923716, 1.299779601847944 ], [ 103.816274799999334, 1.300035800000277 ], [ 103.816204085281385, 1.299773956882343 ], [ 103.815915235748321, 1.29985297885687 ], [ 103.815757930149161, 1.299790304957473 ], [ 103.815716854841924, 1.299894739921652 ], [ 103.815588653230179, 1.299483133030079 ], [ 103.815074146753872, 1.299645466943081 ], [ 103.815082142607821, 1.299671138625765 ], [ 103.814929499999437, 1.299721500000054 ], [ 103.815164948987729, 1.299589323228728 ], [ 103.815111248981069, 1.299492423233865 ], [ 103.8148758, 1.299624600000344 ], [ 103.815069334186248, 1.299435694949441 ], [ 103.814979434185048, 1.299342394956092 ], [ 103.814785900001226, 1.299531299998401 ], [ 103.81494081561469, 1.299309226513445 ], [ 103.814841615618903, 1.299239126519612 ], [ 103.814686699999413, 1.29946120000122 ], [ 103.814779144005414, 1.299206307048619 ], [ 103.814503144029132, 1.299104907058969 ], [ 103.814410700000352, 1.299359800000358 ], [ 103.814465386135524, 1.299094097279768 ], [ 103.814292391533485, 1.299058029304977 ], [ 103.814448122844311, 1.298722566554168 ], [ 103.81425134617443, 1.298630030005047 ], [ 103.81432601771742, 1.298579551609778 ], [ 103.814035029620413, 1.29814350491677 ], [ 103.814101900890009, 1.298115411436606 ], [ 103.814146116803855, 1.298098226679926 ], [ 103.814049000000111, 1.297845099999354 ], [ 103.814221609361439, 1.298053537376661 ], [ 103.814260709362401, 1.298020737373817 ], [ 103.814088100000902, 1.297812300000936 ], [ 103.814318599361357, 1.297953036868887 ], [ 103.814344999359008, 1.297909236865924 ], [ 103.814114500000102, 1.297768500000383 ], [ 103.814377919790672, 1.297826253712948 ], [ 103.814388719786223, 1.297776353711977 ], [ 103.814125300000541, 1.297718600000595 ], [ 103.814393073990161, 1.297687096027747 ], [ 103.814387173984542, 1.297636296028041 ], [ 103.814119400001104, 1.297667799999448 ], [ 103.814325571591326, 1.297492962470414 ], [ 103.814215571587809, 1.297361562478809 ], [ 103.813937084552578, 1.297597724898196 ], [ 103.813916903291727, 1.297605568454487 ], [ 103.813915490665792, 1.297603862613568 ], [ 103.813910482291718, 1.297608064012121 ], [ 103.813904283219273, 1.297610473314952 ], [ 103.813905093293698, 1.297612584705461 ], [ 103.813899310242007, 1.297617435960961 ], [ 103.813897551411088, 1.297613194978525 ], [ 103.81357835143703, 1.29774729496612 ], [ 103.813682200000457, 1.297997700000451 ], [ 103.813519915335178, 1.297781023377896 ], [ 103.813479715337053, 1.297811523375509 ], [ 103.813641999998978, 1.298028199998777 ], [ 103.813418543485156, 1.297876392342986 ], [ 103.813390443483485, 1.297918292340763 ], [ 103.813613900000135, 1.298070099999937 ], [ 103.813353500089178, 1.297999829548067 ], [ 103.813340500084351, 1.298048629546912 ], [ 103.813600899998988, 1.298118900000174 ], [ 103.813331958825401, 1.298137819198695 ], [ 103.813335458820177, 1.298188219198827 ], [ 103.813604399999974, 1.298169300000022 ], [ 103.813335960270621, 1.298194417894332 ], [ 103.813351169797627, 1.298359077754639 ], [ 103.812866963858454, 1.298342218871736 ], [ 103.812844778195512, 1.298987695596278 ], [ 103.812708746572127, 1.299050396177259 ], [ 103.812820999893944, 1.299297099768102 ], [ 103.812708352567824, 1.299050578170194 ], [ 103.812649251639598, 1.299077935147327 ], [ 103.81258731467733, 1.299052568274989 ], [ 103.812568807442872, 1.299098343705025 ], [ 103.812483991330453, 1.298999109538917 ], [ 103.812434581037124, 1.298933229156855 ], [ 103.812399966376915, 1.298787731400965 ], [ 103.812397913657307, 1.298744928482084 ], [ 103.812410049715567, 1.298701900622118 ], [ 103.811891350300044, 1.298553699351867 ], [ 103.811876698831654, 1.298605645448695 ], [ 103.811595149935201, 1.298518746083035 ], [ 103.811509349909315, 1.298800346073904 ], [ 103.811767099999017, 1.298879900000159 ], [ 103.81149760232168, 1.29888727837024 ], [ 103.811499202315517, 1.298946478370732 ], [ 103.811768700000016, 1.29893910000059 ], [ 103.811512919919153, 1.299024853381242 ], [ 103.811531519914581, 1.299081053383399 ], [ 103.811787300000532, 1.298995300000071 ], [ 103.811566649814878, 1.299151210597982 ], [ 103.811600549812511, 1.299199810601027 ], [ 103.811821199999486, 1.299043900001138 ], [ 103.811654337898673, 1.299257025673481 ], [ 103.811700737900424, 1.299293825677145 ], [ 103.811867599998976, 1.299080700000852 ], [ 103.811768577173964, 1.299333077528303 ], [ 103.811823677178381, 1.299354977530589 ], [ 103.811921292250219, 1.299106187903219 ], [ 103.811922094457771, 1.299109559870188 ], [ 103.811899181784284, 1.299372909227777 ], [ 103.811958181790473, 1.299378109228516 ], [ 103.811972161832827, 1.299217428019109 ], [ 103.81203412768842, 1.299300049169856 ], [ 103.812053058199979, 1.299369466205865 ], [ 103.812063040744079, 1.299366708516091 ], [ 103.81192663622943, 1.299721865655612 ], [ 103.81217809999977, 1.29981969999961 ], [ 103.811908515767072, 1.29982238861277 ], [ 103.811909215759712, 1.299893488612513 ], [ 103.81217880000176, 1.299890799999405 ], [ 103.811915049274276, 1.299947003914925 ], [ 103.811928449267683, 1.300010703915604 ], [ 103.812192200000609, 1.299954499999712 ], [ 103.811954727524551, 1.300082957483235 ], [ 103.811986927520408, 1.300143257486394 ], [ 103.812224399999678, 1.300014799999952 ], [ 103.812038197530498, 1.300211028019442 ], [ 103.812089797530419, 1.300260628022653 ], [ 103.812276000005667, 1.300064399993979 ], [ 103.81209783198328, 1.300268044295729 ], [ 103.812152526788068, 1.300316518550739 ], [ 103.812109128101241, 1.300357170692948 ], [ 103.812476471928193, 1.300754429294128 ], [ 103.812543964755918, 1.300691207831052 ], [ 103.812754841714707, 1.300895755808744 ], [ 103.812567194104929, 1.301032761762514 ], [ 103.812061082804448, 1.301402409826153 ], [ 103.811965199376374, 1.301496381248419 ], [ 103.811916145484702, 1.301494136409894 ], [ 103.811915594116897, 1.30150634138056 ], [ 103.811909242925381, 1.30150290885969 ], [ 103.811909426165286, 1.30149391337049 ], [ 103.811893084756406, 1.301493576166782 ], [ 103.811846235762403, 1.301466180799875 ], [ 103.811710799998835, 1.3017008000008 ], [ 103.811807500204196, 1.301447511764086 ], [ 103.811771300207852, 1.301433511765753 ], [ 103.811674600000359, 1.301686800000143 ], [ 103.811656693477133, 1.301416055544074 ], [ 103.811616393481259, 1.301418755544194 ], [ 103.811634299999284, 1.301689499999569 ], [ 103.811499981946994, 1.301454230806744 ], [ 103.81143168195085, 1.301493730803734 ], [ 103.811565999998777, 1.301728999998265 ], [ 103.81139603857207, 1.301518369720841 ], [ 103.811255838576713, 1.30163296971147 ], [ 103.811496560012586, 1.301931291661114 ], [ 103.811480624777587, 1.301940576920565 ], [ 103.811206042015272, 1.302207418123882 ], [ 103.811178434170117, 1.302251959348928 ], [ 103.81115418934958, 1.302222208080013 ], [ 103.811121356980507, 1.30217021355348 ], [ 103.811078425009711, 1.30206235007986 ], [ 103.811045308719898, 1.301978850183406 ], [ 103.811101158412654, 1.301881854659445 ], [ 103.810904608916175, 1.301767211530922 ], [ 103.810904850713399, 1.301766859303828 ], [ 103.810887450714574, 1.301754759305157 ], [ 103.810886252560522, 1.301756504658647 ], [ 103.810634641612609, 1.301609745319448 ], [ 103.810558662710775, 1.301741699688607 ], [ 103.810556643617318, 1.30174195384015 ], [ 103.810556976030014, 1.301744628987471 ], [ 103.810556896092351, 1.301744767816676 ], [ 103.810538808364996, 1.301751555984705 ], [ 103.810544359655225, 1.301766540144015 ], [ 103.810500941599287, 1.301841945307231 ], [ 103.810574392037566, 1.301884787398879 ], [ 103.810579139538149, 1.301922993746622 ], [ 103.810411202110856, 1.302221027722095 ], [ 103.810457102113503, 1.302247227724932 ], [ 103.810521921934992, 1.302132193760101 ], [ 103.810532437437018, 1.302149535116172 ], [ 103.810577713292872, 1.302263694379369 ], [ 103.810619394036166, 1.302246948890375 ], [ 103.810619429525275, 1.302247234499926 ], [ 103.810577836513048, 1.302264004513376 ], [ 103.810630136501487, 1.302395404518083 ], [ 103.810880399998823, 1.302294500000126 ], [ 103.810652866682673, 1.302440044662806 ], [ 103.810707866677319, 1.302527144667865 ], [ 103.810935400000105, 1.302381600000371 ], [ 103.810726948615326, 1.30255367784459 ], [ 103.81078594861269, 1.302626077848929 ], [ 103.810994400002286, 1.302453999998123 ], [ 103.810805597771548, 1.302647695407318 ], [ 103.810908797771916, 1.302749595414298 ], [ 103.811071310709906, 1.302582870631921 ], [ 103.811070522239774, 1.302590416164785 ], [ 103.810930532029346, 1.302768862410849 ], [ 103.811025261686424, 1.302844142979643 ], [ 103.811098867771165, 1.302906329088745 ], [ 103.811100845282269, 1.302903958011248 ], [ 103.811100864685983, 1.302904003027079 ], [ 103.811098901564321, 1.302906357634413 ], [ 103.811103584295722, 1.302910312526193 ], [ 103.811253773783264, 1.303258752209044 ], [ 103.811263263723617, 1.303299052837203 ], [ 103.811316855933825, 1.303526819833448 ], [ 103.811383936177876, 1.303812029778309 ], [ 103.811352160612586, 1.303819837965099 ], [ 103.811162029423059, 1.303861166909376 ], [ 103.811106883560782, 1.303865814350913 ], [ 103.811069410424594, 1.303862014627837 ], [ 103.810993046473712, 1.30384026143736 ], [ 103.810916157729224, 1.303793506385739 ], [ 103.810625859215548, 1.303536247698193 ], [ 103.810462308224444, 1.303723201462534 ], [ 103.810456383355699, 1.303724029150772 ], [ 103.810577745533465, 1.303502211561452 ], [ 103.810510445537503, 1.303464911564885 ], [ 103.810450479771291, 1.303574512941056 ], [ 103.810504896604158, 1.303362744676482 ], [ 103.81049961257412, 1.303196437355016 ], [ 103.81040237715878, 1.303025693851789 ], [ 103.810166675941431, 1.302916717293595 ], [ 103.810004582975807, 1.302865000263347 ], [ 103.809803165935691, 1.302958392353105 ], [ 103.809677768057071, 1.30312107497475 ], [ 103.809508748325982, 1.303378835190787 ], [ 103.809376721190333, 1.303577491049969 ], [ 103.80912596764459, 1.303887679563795 ], [ 103.80901497375892, 1.304026671893099 ], [ 103.809003214075318, 1.304041216762903 ], [ 103.808929743218627, 1.304143034627817 ], [ 103.808939456138248, 1.304317120371889 ], [ 103.809001249213296, 1.304445292046774 ], [ 103.808676463531384, 1.304644899908788 ], [ 103.80850668404473, 1.304699910834619 ], [ 103.80853545906011, 1.304789872577312 ], [ 103.808531241724552, 1.304796548258934 ], [ 103.808497649346634, 1.304703016944562 ], [ 103.808387386120884, 1.304743133194634 ], [ 103.808282843487873, 1.304516065146591 ], [ 103.808210164930188, 1.304411263480807 ], [ 103.808105670269825, 1.304328511503007 ], [ 103.808041688479648, 1.304309587312462 ], [ 103.807771071272583, 1.304229372714313 ], [ 103.807619808294717, 1.304280043936789 ], [ 103.807489729885347, 1.304362232778293 ], [ 103.807448517754267, 1.304442604973783 ], [ 103.807414872142488, 1.304297357338259 ], [ 103.807412529819189, 1.304287221866606 ], [ 103.807415548607679, 1.304216385451649 ], [ 103.807426730903018, 1.304160473947387 ], [ 103.807431592368062, 1.304145952277647 ], [ 103.807563784563484, 1.303867322979543 ], [ 103.807320500000174, 1.303750400000361 ], [ 103.807575178007951, 1.303839415503367 ], [ 103.807655526767292, 1.303606546666316 ], [ 103.807718568697595, 1.303467481058299 ], [ 103.807739141333414, 1.303432565154501 ], [ 103.808618310161179, 1.302381891880176 ], [ 103.808412100000197, 1.302207100000147 ], [ 103.808656991631807, 1.302320573278968 ], [ 103.808690267121946, 1.302247826847255 ], [ 103.808987541865008, 1.301598681864656 ], [ 103.808497858156613, 1.301371518111452 ], [ 103.808288853542933, 1.301827911582282 ], [ 103.808197099999035, 1.301934100001068 ], [ 103.808330704962202, 1.30169841985828 ], [ 103.808239804967187, 1.301646219863677 ], [ 103.808106199999415, 1.3018819000007 ], [ 103.808135516946976, 1.301612165473506 ], [ 103.80795630238795, 1.301592433857621 ], [ 103.80750065756115, 1.301435561718142 ], [ 103.807326142420564, 1.301949038277828 ], [ 103.807810042462762, 1.30211563829546 ], [ 103.8078973, 1.3018589000002 ], [ 103.807867983023812, 1.302128634522618 ], [ 103.808021225607618, 1.302145506613896 ], [ 103.808040319024443, 1.302156471149815 ], [ 103.808075919806114, 1.302187632208641 ], [ 103.807312389845137, 1.303100108030339 ], [ 103.80751859999998, 1.303274900000533 ], [ 103.807286710850249, 1.303136494397118 ], [ 103.807247410846301, 1.303203194393283 ], [ 103.807479300001631, 1.303341600000345 ], [ 103.807234025914482, 1.303228966386372 ], [ 103.807159725902494, 1.303392866378716 ], [ 103.807404999995626, 1.303505499998269 ], [ 103.807150322031973, 1.303416484479407 ], [ 103.807070746749872, 1.303647111474667 ], [ 103.806938015437822, 1.303926876983531 ], [ 103.807181299998618, 1.30404379999973 ], [ 103.806925814832113, 1.303957159154209 ], [ 103.806910314827888, 1.304003459152046 ], [ 103.807055621215383, 1.30405273586578 ], [ 103.807049537988988, 1.304053880943693 ], [ 103.807051983390153, 1.304067040925146 ], [ 103.807051726718228, 1.304066988924194 ], [ 103.807049287059527, 1.304053928300826 ], [ 103.807017215348637, 1.304059996970481 ], [ 103.806901503531407, 1.304036553922569 ], [ 103.806892079218585, 1.304083675463189 ], [ 103.806564439067031, 1.304145672112052 ], [ 103.806505212924364, 1.304151166409007 ], [ 103.806502045862089, 1.30410949147743 ], [ 103.80650632968586, 1.304078904145701 ], [ 103.806520909042732, 1.304024547235391 ], [ 103.806662573216684, 1.303727382692651 ], [ 103.806667127029712, 1.303719993485797 ], [ 103.806685404500186, 1.303700461677967 ], [ 103.806844577086039, 1.303544310727075 ], [ 103.806656400000023, 1.303349999999757 ], [ 103.80687968275808, 1.303502067110034 ], [ 103.806903482756582, 1.303466667108497 ], [ 103.806680199996535, 1.303314599998527 ], [ 103.806917611363588, 1.303443172422152 ], [ 103.807015905786656, 1.303259311651109 ], [ 103.807029018384981, 1.303240469671816 ], [ 103.806957663654401, 1.303190166946286 ], [ 103.807007590964602, 1.302809591210263 ], [ 103.806901490975577, 1.302795491211586 ], [ 103.80686620000067, 1.303064499999838 ], [ 103.806848080843508, 1.302793769887177 ], [ 103.806818580846183, 1.302795769886749 ], [ 103.806836700000204, 1.303066500000458 ], [ 103.806736847326022, 1.302814453861684 ], [ 103.806721647327294, 1.302820553860637 ], [ 103.806821499999273, 1.303072599999074 ], [ 103.806639898079013, 1.302872051764207 ], [ 103.806626598078907, 1.30288425176331 ], [ 103.806808199999836, 1.303084800000023 ], [ 103.806587381642004, 1.302929130309117 ], [ 103.806565181641218, 1.30296103030699 ], [ 103.806786000000386, 1.303116699999844 ], [ 103.80654858867409, 1.302988127565979 ], [ 103.806449261553013, 1.303173919946344 ], [ 103.806448529394473, 1.303175008955437 ], [ 103.806304922944292, 1.303315889247123 ], [ 103.806493100000367, 1.303510200000309 ], [ 103.806296843809875, 1.303324161222591 ], [ 103.806256043809526, 1.303367761220012 ], [ 103.806452300000259, 1.303553799999969 ], [ 103.806223195754043, 1.303410773342843 ], [ 103.806196695751666, 1.303453773340499 ], [ 103.806425799998394, 1.303596799999148 ], [ 103.806182732994671, 1.303479419620136 ], [ 103.8060240329702, 1.303812319604815 ], [ 103.806267099996958, 1.30392969999945 ], [ 103.806006819230205, 1.303858981644993 ], [ 103.805981419221524, 1.303953681641736 ], [ 103.806241700003483, 1.304024400000781 ], [ 103.805974741226578, 1.303986526016218 ], [ 103.805964041218928, 1.304062926014241 ], [ 103.806231000001887, 1.30410080000009 ], [ 103.805962187240979, 1.304121493639328 ], [ 103.805972887226261, 1.304262293639646 ], [ 103.806241700000271, 1.304241600000499 ], [ 103.805986842605975, 1.30433009402502 ], [ 103.806023142596885, 1.304435994028479 ], [ 103.806277999999807, 1.304347500000532 ], [ 103.80609133548532, 1.30454328311149 ], [ 103.806149835486082, 1.304599783115918 ], [ 103.806336499999489, 1.304404000000674 ], [ 103.806226019600857, 1.304651513357831 ], [ 103.806290819605849, 1.304680813360374 ], [ 103.80640129999955, 1.304433300000306 ], [ 103.806426044288145, 1.304703498310087 ], [ 103.806626544310021, 1.304684898308045 ], [ 103.806601800000152, 1.304414699999767 ], [ 103.80665161289896, 1.304681371706322 ], [ 103.806937633396657, 1.304627250407685 ], [ 103.806946843325449, 1.304667009572845 ], [ 103.807209400007707, 1.304605399997697 ], [ 103.806951369106585, 1.304684028335752 ], [ 103.807153352008541, 1.305355477584792 ], [ 103.807160400000427, 1.30538120000008 ], [ 103.807009113253955, 1.305156606284237 ], [ 103.806983613255227, 1.305174006282968 ], [ 103.807134900000406, 1.305398600000299 ], [ 103.806946350609991, 1.305204655081578 ], [ 103.806906850609465, 1.305243555078414 ], [ 103.807095399999639, 1.305437500000053 ], [ 103.806853617757284, 1.305317461466444 ], [ 103.806821417752417, 1.305383161463619 ], [ 103.8070632000003, 1.305503200000378 ], [ 103.80679956041017, 1.305559932350118 ], [ 103.806818360401309, 1.305648432352731 ], [ 103.807180862649616, 1.305570425833889 ], [ 103.807172477299062, 1.305927182751962 ], [ 103.80744200000187, 1.305933599999988 ], [ 103.807179635844307, 1.305996035429704 ], [ 103.807194435838412, 1.306059035430479 ], [ 103.807456800001304, 1.305996599999364 ], [ 103.807227861473365, 1.306139895589953 ], [ 103.807273461468768, 1.306213695593358 ], [ 103.807502400000061, 1.306070400000565 ], [ 103.807292920812102, 1.306241209182134 ], [ 103.807421965949061, 1.306401525147637 ], [ 103.807316003832128, 1.306428842378162 ], [ 103.80738290000015, 1.3066917000005 ], [ 103.807315911312969, 1.306428866247904 ], [ 103.807300042271351, 1.306432963345488 ], [ 103.807000192459881, 1.306482313024758 ], [ 103.807043700017132, 1.306750100103066 ], [ 103.806999052338057, 1.306482503194291 ], [ 103.806622752377152, 1.306546103188601 ], [ 103.80666740000018, 1.306813700000077 ], [ 103.806619420049245, 1.306546688055311 ], [ 103.806278143422105, 1.306608809389193 ], [ 103.806250634924439, 1.306612083240962 ], [ 103.806178742580684, 1.30641542655916 ], [ 103.806222219860715, 1.306399183267779 ], [ 103.806034580157245, 1.305890416728724 ], [ 103.8059925391929, 1.305906123406311 ], [ 103.805949768203547, 1.305789146267018 ], [ 103.805938221791052, 1.305733412650779 ], [ 103.805674299999865, 1.305788800000487 ], [ 103.805938174107652, 1.305733182984138 ], [ 103.805918584753726, 1.305639034195848 ], [ 103.80587259499606, 1.305417583630625 ], [ 103.80576468446921, 1.305440285090063 ], [ 103.80576469410552, 1.305440257537796 ], [ 103.805872586401023, 1.305417542258561 ], [ 103.805861293554571, 1.305363207035696 ], [ 103.805951125618165, 1.305343027977989 ], [ 103.805892400001582, 1.305078200008128 ], [ 103.805965458436859, 1.305339390509027 ], [ 103.806086158448508, 1.305305190505531 ], [ 103.805940041565677, 1.304782809492426 ], [ 103.805826458429792, 1.304814992949467 ], [ 103.805750476620133, 1.304832060811481 ], [ 103.805746325275123, 1.304812623463079 ], [ 103.805667177749115, 1.304309746241757 ], [ 103.805403480198905, 1.304351788628409 ], [ 103.805403477352456, 1.30435177643302 ], [ 103.805666974248552, 1.304308472857882 ], [ 103.8056610753532, 1.304272112472998 ], [ 103.805653366736394, 1.304221664984046 ], [ 103.805612148711162, 1.303951771803868 ], [ 103.805609545280305, 1.30385360753743 ], [ 103.805614760957255, 1.303777328128828 ], [ 103.80562302035753, 1.30369547002757 ], [ 103.805635716227954, 1.303633630529546 ], [ 103.805727825522169, 1.303469069382523 ], [ 103.805799848405798, 1.303349290069359 ], [ 103.805569199999866, 1.303208800000546 ], [ 103.805800552184138, 1.303348112917154 ], [ 103.805969880042895, 1.30306326226982 ], [ 103.806186123980126, 1.302720859470905 ], [ 103.805958600000466, 1.302575299999609 ], [ 103.80619857149091, 1.302698964029815 ], [ 103.806248171483929, 1.302601464025588 ], [ 103.806010180034463, 1.302478820367621 ], [ 103.806010284087264, 1.302478625739528 ], [ 103.806259059733719, 1.302577193440652 ], [ 103.806307559723251, 1.302453193435279 ], [ 103.806073466922257, 1.302360443243752 ], [ 103.806073936580901, 1.302359564753533 ], [ 103.806312542309556, 1.302439366131951 ], [ 103.806354142297849, 1.302313366127162 ], [ 103.806098300000073, 1.302227800000306 ], [ 103.806358057473602, 1.302300440676337 ], [ 103.806425057450582, 1.30205774066889 ], [ 103.80634653535472, 1.302035782120069 ], [ 103.806354220341532, 1.302016419083845 ], [ 103.806431313333533, 1.302029199502016 ], [ 103.806457671126509, 1.301868140183353 ], [ 103.80669442539336, 1.301706996539263 ], [ 103.806660225391582, 1.301656096541898 ], [ 103.806443014671046, 1.301803938131356 ], [ 103.806438827313258, 1.301803243953959 ], [ 103.806450923919172, 1.301772765427359 ], [ 103.806470929706435, 1.301773476504204 ], [ 103.80647289724115, 1.301717401592539 ], [ 103.806536909446834, 1.301556116852321 ], [ 103.806468509452301, 1.301528616855075 ], [ 103.806444187412453, 1.301589898508976 ], [ 103.806387346876676, 1.301587878192564 ], [ 103.806394567118062, 1.301514046436919 ], [ 103.806461639182857, 1.301489809438909 ], [ 103.806396104892571, 1.301306096999832 ], [ 103.806342800879406, 1.301144908851995 ], [ 103.80583119910446, 1.301316291120774 ], [ 103.805885499088845, 1.301480491126034 ], [ 103.80614130002256, 1.301394799991653 ], [ 103.805887560816458, 1.301486490529408 ], [ 103.805936640411957, 1.301624075563481 ], [ 103.805932679829269, 1.30173695183065 ], [ 103.805901649888042, 1.301926560084644 ], [ 103.805840340195346, 1.302148647501846 ], [ 103.805823827664327, 1.302198661403305 ], [ 103.80569384771492, 1.302130933817991 ], [ 103.80549877535752, 1.302510173066622 ], [ 103.80523674137288, 1.302914223786675 ], [ 103.80526370463545, 1.302931937142911 ], [ 103.805250368093553, 1.302958186501724 ], [ 103.804893276705087, 1.30302674038285 ], [ 103.804902676700138, 1.303076340383451 ], [ 103.805167500000437, 1.303025499999859 ], [ 103.804932558461473, 1.303158588842092 ], [ 103.804958058459022, 1.303204188844715 ], [ 103.805193, 1.303071099999296 ], [ 103.805124849946793, 1.303205234839775 ], [ 103.805043395520599, 1.303187795086415 ], [ 103.805005137809246, 1.303368803923923 ], [ 103.804718206951733, 1.303367084033594 ], [ 103.804717707580124, 1.303451476321443 ], [ 103.804716908289706, 1.30357066867292 ], [ 103.804962119958944, 1.303572334388261 ], [ 103.804961817640546, 1.303573764746075 ], [ 103.804717250861913, 1.303586296548598 ], [ 103.804723750848609, 1.303714796548976 ], [ 103.804934289567171, 1.303704008374009 ], [ 103.804934281266867, 1.30370404764595 ], [ 103.804723759893164, 1.3037149742079 ], [ 103.804726659887322, 1.303771574208229 ], [ 103.805075922821302, 1.303753446618003 ], [ 103.80507073827421, 1.303829270497919 ], [ 103.805339700000502, 1.303847900000112 ], [ 103.805070198112148, 1.303855140325975 ], [ 103.805073598097977, 1.303983340325454 ], [ 103.805343099999973, 1.303976100000435 ], [ 103.805076631559132, 1.304017323681529 ], [ 103.805090623195568, 1.304108940221374 ], [ 103.805000164464801, 1.304132201036474 ], [ 103.8050669, 1.304395100000817 ], [ 103.804960941152174, 1.304145592055692 ], [ 103.804934441155041, 1.304156992054686 ], [ 103.80495572966862, 1.30420712145918 ], [ 103.804703202057524, 1.304267896125981 ], [ 103.804765899999637, 1.304531799998427 ], [ 103.804614601270458, 1.304307214501564 ], [ 103.804599801271408, 1.304317314500344 ], [ 103.804751100001639, 1.304541900001686 ], [ 103.804532954213386, 1.304382458753183 ], [ 103.804521554213508, 1.304398258752358 ], [ 103.804739699998748, 1.304557699999137 ], [ 103.804481497716381, 1.304479643748906 ], [ 103.80447579771382, 1.304498743748889 ], [ 103.80473399999974, 1.304576800000641 ], [ 103.804464751278687, 1.304590606883968 ], [ 103.804470451266923, 1.304703206884122 ], [ 103.804802576394437, 1.304686175739022 ], [ 103.804828597954256, 1.304795703871748 ], [ 103.80509909798181, 1.304730603865724 ], [ 103.805042409990108, 1.304491996822686 ], [ 103.805074430324836, 1.304486633331937 ], [ 103.805113472501603, 1.304578568375862 ], [ 103.805133635548501, 1.304657998962227 ], [ 103.805145868538261, 1.304654853336435 ], [ 103.805146358865855, 1.304656007940706 ], [ 103.805153759728739, 1.304652824173981 ], [ 103.805174419340844, 1.304647511702081 ], [ 103.805214922189322, 1.304904853737463 ], [ 103.805224314098496, 1.304903356348157 ], [ 103.805226047475855, 1.304917602310425 ], [ 103.805217622812535, 1.304919424987974 ], [ 103.80523771701678, 1.305013509783598 ], [ 103.805255970913976, 1.305163531531805 ], [ 103.805269404357858, 1.305161875782857 ], [ 103.805279292601426, 1.305208174365855 ], [ 103.805289627768246, 1.30526241031913 ], [ 103.805551693512669, 1.305211822446911 ], [ 103.80555169992779, 1.30521186763718 ], [ 103.805290497540071, 1.305266780309344 ], [ 103.805320774329005, 1.305412668546234 ], [ 103.805332550862857, 1.305469655023873 ], [ 103.805580911938947, 1.305417663199993 ], [ 103.805580914510386, 1.305417681314446 ], [ 103.805332613594246, 1.305469957711809 ], [ 103.805344809833684, 1.305528639650812 ], [ 103.805355358796419, 1.305579435231157 ], [ 103.805168629695032, 1.305619246961334 ], [ 103.805280370316027, 1.306150153037148 ], [ 103.80549081203597, 1.306105285638421 ], [ 103.805579884931191, 1.306348896945701 ], [ 103.805579886882782, 1.306348902284188 ], [ 103.805579890114757, 1.306348911123484 ], [ 103.805718598864061, 1.306728339862226 ], [ 103.805654591067622, 1.306747317292499 ], [ 103.805652368264944, 1.306745816271235 ], [ 103.805628038161615, 1.30672061412413 ], [ 103.805606337756387, 1.306691629405 ], [ 103.805606982426838, 1.306689450790488 ], [ 103.805604048152176, 1.306688571234336 ], [ 103.805597865499763, 1.306680313211283 ], [ 103.805608727084135, 1.306683289915232 ], [ 103.805625264067132, 1.306622164878138 ], [ 103.805628805882478, 1.30661380225573 ], [ 103.805627659574299, 1.306613310454035 ], [ 103.805630127076881, 1.306604189913289 ], [ 103.805564443594676, 1.306586188830779 ], [ 103.805507471460501, 1.306561746009961 ], [ 103.805485831991589, 1.306537946410029 ], [ 103.805379376189236, 1.306207808582985 ], [ 103.805309576195469, 1.306230608580724 ], [ 103.805366281696095, 1.306406462157307 ], [ 103.805337688246794, 1.306375014400237 ], [ 103.805288130243497, 1.306420659698081 ], [ 103.805194893367258, 1.30636005130296 ], [ 103.8052126738949, 1.306297241936025 ], [ 103.80510387390575, 1.306266041939546 ], [ 103.805029999999689, 1.306527000002985 ], [ 103.8050557367674, 1.306256895628492 ], [ 103.804914836782302, 1.30624329563049 ], [ 103.804889099999741, 1.306513399997805 ], [ 103.804862784757802, 1.306243352098478 ], [ 103.804819733392975, 1.306247601803683 ], [ 103.804579890055706, 1.30626484608679 ], [ 103.80459909999945, 1.306535499993718 ], [ 103.804561447397703, 1.306266815759623 ], [ 103.804157359472356, 1.306324179017869 ], [ 103.803830470671912, 1.306348858931679 ], [ 103.803600204675988, 1.306358048960205 ], [ 103.803605881300527, 1.306326095847406 ], [ 103.80369118555636, 1.305948572688078 ], [ 103.80344333341057, 1.305891841045238 ], [ 103.803443347705567, 1.305891840524495 ], [ 103.80369119978559, 1.305948509677545 ], [ 103.803750899759791, 1.305684009670825 ], [ 103.803487999996506, 1.305623899999362 ], [ 103.803757170087891, 1.305639183229525 ], [ 103.803772134333386, 1.305372206991416 ], [ 103.803866474829391, 1.305314290729965 ], [ 103.803969122084553, 1.305257410324038 ], [ 103.804200134498757, 1.305152552943445 ], [ 103.803978465522775, 1.304657847051801 ], [ 103.803807765181588, 1.30473532856309 ], [ 103.803835905275506, 1.304232227181432 ], [ 103.803870173861057, 1.303792098751831 ], [ 103.80333910829745, 1.303750212481135 ], [ 103.803325699891516, 1.303741263002696 ], [ 103.803027700081984, 1.304193536987509 ], [ 103.803197300090247, 1.30430673699757 ], [ 103.803301577321491, 1.304148475565479 ], [ 103.803300946787402, 1.304156573802385 ], [ 103.803207453020093, 1.304313190629832 ], [ 103.80328858302174, 1.304362251117018 ], [ 103.803282796053026, 1.304465712793005 ], [ 103.802978856615894, 1.304395443753203 ], [ 103.802858143371083, 1.304924356244425 ], [ 103.802970120727963, 1.304950244767238 ], [ 103.802912202462878, 1.305244524542295 ], [ 103.802630446760347, 1.305611125946442 ], [ 103.802955601612624, 1.305864273946498 ], [ 103.802856783582143, 1.305902634249062 ], [ 103.802953800000239, 1.306155800000154 ], [ 103.802760654995225, 1.305966491417589 ], [ 103.802742754994711, 1.305984991415779 ], [ 103.802935899999724, 1.306174299999702 ], [ 103.802893354875806, 1.306168700676724 ], [ 103.802893156039829, 1.306167065153476 ], [ 103.802886838943536, 1.306167843121257 ], [ 103.802668577640958, 1.306139117948674 ], [ 103.802665277638212, 1.306164517948264 ], [ 103.802785433194742, 1.306180331514758 ], [ 103.802751056055129, 1.30618456515195 ], [ 103.802753772844, 1.306206912063226 ], [ 103.802663218051279, 1.306210564115556 ], [ 103.802671718028904, 1.306424064115989 ], [ 103.80277964358919, 1.306419711504811 ], [ 103.802816543951337, 1.306723234847263 ], [ 103.802958643966008, 1.306705734845841 ], [ 103.802925899999764, 1.306436399999629 ], [ 103.803031749883772, 1.306586043570518 ], [ 103.803034294266993, 1.306611142425685 ], [ 103.803048473518771, 1.306609686339164 ], [ 103.803082257425658, 1.306657447787624 ], [ 103.803094957426026, 1.306648347786886 ], [ 103.803066314439462, 1.306607854230492 ], [ 103.803302500000115, 1.306583600000311 ], [ 103.803146038299843, 1.30680457304097 ], [ 103.803194138301791, 1.306839073043674 ], [ 103.80335060000013, 1.306618100000013 ], [ 103.803339931068578, 1.306815403094534 ], [ 103.803300403866714, 1.306830220120928 ], [ 103.803384519236843, 1.307057528572308 ], [ 103.803379240747333, 1.307059635690297 ], [ 103.803252823564435, 1.306853644196201 ], [ 103.803200223567046, 1.306886344192919 ], [ 103.803320872058649, 1.307082935855032 ], [ 103.803317627202603, 1.307084231167306 ], [ 103.803181391312123, 1.306899187036576 ], [ 103.803133791313527, 1.306934687033156 ], [ 103.80325971007511, 1.307105717797348 ], [ 103.803241951826422, 1.307112224957038 ], [ 103.80308050516291, 1.30698739612247 ], [ 103.803046005161335, 1.307032596119314 ], [ 103.803257004532725, 1.307195738575021 ], [ 103.803257073901889, 1.307195930344568 ], [ 103.803040790864614, 1.307039661921958 ], [ 103.803011190862875, 1.307081161919101 ], [ 103.803230200000286, 1.307239400000105 ], [ 103.802961366592356, 1.307218975572493 ], [ 103.802958066588403, 1.307262975571655 ], [ 103.80322690000007, 1.307283400000629 ], [ 103.802961052523344, 1.307328504549976 ], [ 103.802967852519686, 1.307369104550454 ], [ 103.803233700000604, 1.307324000000494 ], [ 103.803009977429696, 1.307475411380455 ], [ 103.803025477428065, 1.307498611381846 ], [ 103.803249200000153, 1.307347199999647 ], [ 103.803112006868801, 1.30758078276323 ], [ 103.803147806871266, 1.30760208276511 ], [ 103.803285000000542, 1.307368500000452 ], [ 103.803258197382661, 1.307638499336555 ], [ 103.803293997386447, 1.307642099337169 ], [ 103.803320800000577, 1.307372099999697 ], [ 103.803413031087857, 1.307627071141095 ], [ 103.803497631095468, 1.307596071138247 ], [ 103.803417586875582, 1.307374790392454 ], [ 103.80341911008388, 1.307375890937456 ], [ 103.803504796019595, 1.307593328969721 ], [ 103.803555612393382, 1.307573043609314 ], [ 103.80357460000387, 1.307573043608892 ], [ 103.803574600004168, 1.307565463954423 ], [ 103.803603496028117, 1.307553928965363 ], [ 103.803574600002477, 1.307480601950173 ], [ 103.803574600000545, 1.307306540776055 ], [ 103.80363556709132, 1.3072836868653 ], [ 103.803841458954295, 1.307254102735361 ], [ 103.803943638095106, 1.307244222821318 ], [ 103.803947007078051, 1.307247732597934 ], [ 103.803951387227443, 1.307243473541572 ], [ 103.804013918678351, 1.307237427242981 ], [ 103.803983793930016, 1.307279709447897 ], [ 103.804039493932436, 1.307319909452141 ], [ 103.804117490439936, 1.307210435855842 ], [ 103.804120920830869, 1.307222250690105 ], [ 103.804136220832277, 1.307217750689262 ], [ 103.804129288882777, 1.307193875909087 ], [ 103.804129739725497, 1.307193243119577 ], [ 103.804136865496446, 1.307217560204152 ], [ 103.804148773468214, 1.307214025417236 ], [ 103.804092214809202, 1.307349579027429 ], [ 103.804147814813419, 1.307373079029944 ], [ 103.804251871509734, 1.307123687289877 ], [ 103.804252046504729, 1.307123906974747 ], [ 103.804211316964725, 1.30739110555784 ], [ 103.804306516974492, 1.307405805559703 ], [ 103.804347400000736, 1.307137599997378 ], [ 103.804344395297591, 1.307408926758055 ], [ 103.804406795304317, 1.30740962675873 ], [ 103.804409799999874, 1.307138300002351 ], [ 103.804463628707765, 1.30740418002456 ], [ 103.804522628713443, 1.307392080022869 ], [ 103.804468800000421, 1.307126199999965 ], [ 103.804602698939973, 1.307361711221426 ], [ 103.804637598942136, 1.307341611220085 ], [ 103.804503700000325, 1.307106100000411 ], [ 103.804700197942296, 1.307291880397919 ], [ 103.804747797941758, 1.307240880394252 ], [ 103.804551300000981, 1.307055100000427 ], [ 103.804707475112508, 1.307115383980625 ], [ 103.804706654578439, 1.307119539942732 ], [ 103.804719654579486, 1.307122139943006 ], [ 103.804720031515672, 1.307120230782028 ], [ 103.804803020628626, 1.307152264779863 ], [ 103.804821120625149, 1.30710476477783 ], [ 103.804753293633354, 1.307078583396314 ], [ 103.804791851078633, 1.307054668549565 ], [ 103.804816638189948, 1.307059913266974 ], [ 103.804829960009684, 1.307121043015446 ], [ 103.804890660015985, 1.307107643013653 ], [ 103.8048471659841, 1.306908062232744 ], [ 103.804853021353324, 1.306907921486371 ], [ 103.804852321349728, 1.30687842148635 ], [ 103.804840766991958, 1.306878699220517 ], [ 103.804822987259442, 1.306797113467047 ], [ 103.804832272548637, 1.306790770408325 ], [ 103.804861709973409, 1.306788653911515 ], [ 103.804860491949441, 1.306771492887613 ], [ 103.804864787313548, 1.306768558596199 ], [ 103.804863363211069, 1.306783504368674 ], [ 103.804868420053694, 1.306783992467627 ], [ 103.804868815242159, 1.306788047900931 ], [ 103.804889391948052, 1.306786016724498 ], [ 103.804979780125805, 1.306794741204435 ], [ 103.80499147348641, 1.306798094447303 ], [ 103.805101527893683, 1.306919134916822 ], [ 103.805207586934557, 1.307060795514228 ], [ 103.805422899997993, 1.306897500001843 ], [ 103.80522954395569, 1.307086590304945 ], [ 103.805285343955433, 1.307144390309518 ], [ 103.805478699999966, 1.306955300000377 ], [ 103.805328492277297, 1.307180626234505 ], [ 103.805390392280103, 1.307222426238951 ], [ 103.805540600000796, 1.306997099998393 ], [ 103.805453409319881, 1.307253861348384 ], [ 103.805531609326223, 1.307280761350731 ], [ 103.805618799999309, 1.307023999999721 ], [ 103.805626094903374, 1.307295244263141 ], [ 103.805688494910328, 1.307293544263182 ], [ 103.805681199999583, 1.307022299999797 ], [ 103.805757381366632, 1.307282585166863 ], [ 103.806125451352457, 1.307173457468813 ], [ 103.806147206376082, 1.307170860585882 ], [ 103.806349658578597, 1.307146766274725 ], [ 103.806318000001198, 1.306877300007334 ], [ 103.806365979923939, 1.307144311949422 ], [ 103.806713715653572, 1.307081014891585 ], [ 103.807080226055973, 1.307019069472247 ], [ 103.807081553254775, 1.307041803933095 ], [ 103.807075925638912, 1.30708444794124 ], [ 103.807037193858861, 1.30715165375772 ], [ 103.807503606166392, 1.307423946221476 ], [ 103.807569306159479, 1.30730994621544 ], [ 103.807336100000214, 1.307173800000437 ], [ 103.807603351184554, 1.30720952651463 ], [ 103.807619451172357, 1.307087526512461 ], [ 103.807505430913352, 1.30707228412807 ], [ 103.80752787383679, 1.307052609163679 ], [ 103.807518654680095, 1.307041956411406 ], [ 103.80762133405922, 1.307035884281042 ], [ 103.807615934049068, 1.306943384281331 ], [ 103.807456583876728, 1.306952807739209 ], [ 103.80774459621081, 1.306878557612033 ], [ 103.807707095413946, 1.306731204430796 ], [ 103.807721950866423, 1.306743994419425 ], [ 103.807746750158188, 1.306714816101205 ], [ 103.807763161838849, 1.306738373783234 ], [ 103.807746100875292, 1.306761061937397 ], [ 103.807816131262271, 1.306814407239705 ], [ 103.807832477652227, 1.306837871199499 ], [ 103.807839981926492, 1.306832575363712 ], [ 103.807954700882149, 1.306919961951303 ], [ 103.808117399999858, 1.306703600000036 ], [ 103.80796365948305, 1.306926499473867 ], [ 103.80807453029162, 1.30700396379811 ], [ 103.80841527933373, 1.307259090917442 ], [ 103.808398224569032, 1.307280561643878 ], [ 103.808608799997728, 1.30744999999896 ], [ 103.808377291018843, 1.307310950553509 ], [ 103.808330391014039, 1.307390050549065 ], [ 103.808561900000129, 1.307529100000679 ], [ 103.808292394829706, 1.307521969233547 ], [ 103.808290994824162, 1.307575569233575 ], [ 103.808560500000283, 1.307582700000061 ], [ 103.808401099802353, 1.307801535313911 ], [ 103.808431999803474, 1.307824335315871 ], [ 103.808607109294783, 1.307583933220032 ], [ 103.808655317716173, 1.30758520875028 ], [ 103.808793409011045, 1.30766814943024 ], [ 103.80883087330551, 1.307604963372305 ], [ 103.808843372279753, 1.307589228056315 ], [ 103.809406456130262, 1.30803894713302 ], [ 103.809513788937593, 1.308158898905296 ], [ 103.809124421928146, 1.308406855905967 ], [ 103.809110466645251, 1.308378368678803 ], [ 103.809024199217433, 1.30828791664459 ], [ 103.808900488391529, 1.308222937222488 ], [ 103.808678981797698, 1.308198484166226 ], [ 103.808567171224908, 1.308212692139076 ], [ 103.808459067447998, 1.308265532455079 ], [ 103.808406211804353, 1.308259602930615 ], [ 103.808305713576928, 1.308284309619371 ], [ 103.808311182855789, 1.308255878785442 ], [ 103.808046499999705, 1.308204299999956 ], [ 103.808270298353548, 1.308053001994479 ], [ 103.808238998350419, 1.30800610199689 ], [ 103.808015199999858, 1.308157400000563 ], [ 103.808081426331128, 1.307894370606052 ], [ 103.807913226347281, 1.307851470610419 ], [ 103.807834778023292, 1.308163041686978 ], [ 103.807781817154975, 1.308152721186565 ], [ 103.807774281494389, 1.308191893611842 ], [ 103.807730468577446, 1.308312870548262 ], [ 103.807618849477208, 1.308305034386673 ], [ 103.807616121694764, 1.308244810205881 ], [ 103.807604024703224, 1.307974778 ], [ 103.807334699999586, 1.307987000000362 ], [ 103.807547104750554, 1.307819890582146 ], [ 103.807446604745863, 1.307690490590156 ], [ 103.807021795226021, 1.308024709391105 ], [ 103.807069254554648, 1.308085816236226 ], [ 103.807073886700309, 1.308189216703152 ], [ 103.807051087196058, 1.308137553805825 ], [ 103.806558312782556, 1.308357846169098 ], [ 103.806682012760859, 1.308638146180616 ], [ 103.806928400000146, 1.308527999999896 ], [ 103.806774364179333, 1.308750692925984 ], [ 103.806818464181035, 1.308781592928959 ], [ 103.806972499999958, 1.30855890000016 ], [ 103.806932635854579, 1.308827260887301 ], [ 103.806985135859875, 1.308835160888065 ], [ 103.80702499999984, 1.3085668 ], [ 103.807031305644699, 1.308838069385575 ], [ 103.807243487810368, 1.308833073148995 ], [ 103.807037760444899, 1.308893684238261 ], [ 103.807171827597486, 1.309354648087583 ], [ 103.806396213803538, 1.309560924187659 ], [ 103.806085028456451, 1.309641403156984 ], [ 103.805765157047716, 1.309736538195425 ], [ 103.805437745416839, 1.309827962210299 ], [ 103.805096078994438, 1.309926740786934 ], [ 103.805521213418317, 1.309636575675005 ], [ 103.805369900005999, 1.309412000008189 ], [ 103.805535110700504, 1.309626425457725 ], [ 103.805567910701527, 1.309600825454982 ], [ 103.805402700000428, 1.309386400000319 ], [ 103.80560073066269, 1.30957052460628 ], [ 103.805626430662883, 1.309542524604925 ], [ 103.805428400000849, 1.309358400000068 ], [ 103.805677488936951, 1.309462208509901 ], [ 103.805717056544268, 1.309366032739578 ], [ 103.80593502069641, 1.30924404545985 ], [ 103.805803999999654, 1.30900689999977 ], [ 103.805975286321981, 1.309216440656648 ], [ 103.805997386322574, 1.309198140654914 ], [ 103.805826100000473, 1.308988600000417 ], [ 103.80601412710503, 1.309183058146329 ], [ 103.806033627105265, 1.309163958144638 ], [ 103.805845600001476, 1.308969500001069 ], [ 103.806075996689614, 1.309110408705991 ], [ 103.806124296684658, 1.309030408701477 ], [ 103.805663503341421, 1.308748591277858 ], [ 103.805639369201785, 1.308788565001897 ], [ 103.805621225817958, 1.308798719250507 ], [ 103.805618060570765, 1.308793429554016 ], [ 103.805386543375235, 1.308406374136438 ], [ 103.805392220063837, 1.308404343230424 ], [ 103.805456641082031, 1.308424176110024 ], [ 103.805535500000573, 1.3081647000001 ], [ 103.805457816166665, 1.308424534932545 ], [ 103.805492816169675, 1.308435134932961 ], [ 103.80556994529293, 1.308177155371412 ], [ 103.805789220439209, 1.308256444951411 ], [ 103.805803320435828, 1.308216944949445 ], [ 103.805581978222932, 1.308136907921096 ], [ 103.805581981546794, 1.308136896803778 ], [ 103.805803350943364, 1.3082168594412 ], [ 103.805904050919025, 1.307934459430446 ], [ 103.805396549100024, 1.307751140543823 ], [ 103.805360045230159, 1.307853510860169 ], [ 103.805359867019192, 1.307851744286756 ], [ 103.805346167020474, 1.307853144286675 ], [ 103.80534925623958, 1.30788376716788 ], [ 103.805318919819953, 1.307968841667585 ], [ 103.805283103216865, 1.307867428455385 ], [ 103.805052503237249, 1.307949928447719 ], [ 103.805142799998535, 1.308205599996545 ], [ 103.805016204959955, 1.307966031882342 ], [ 103.804999204960268, 1.307975131881903 ], [ 103.805125800000368, 1.308214700000544 ], [ 103.804902188865952, 1.30806312185268 ], [ 103.804893288865713, 1.308076421852065 ], [ 103.805116900000726, 1.308228000000725 ], [ 103.804869058052759, 1.308121211137469 ], [ 103.804814358042805, 1.308249811131366 ], [ 103.805062200001743, 1.308356600000175 ], [ 103.804798285670358, 1.308301175363112 ], [ 103.804794885669338, 1.3083175753627 ], [ 103.805058799998761, 1.308373000000151 ], [ 103.804797429413853, 1.308439523980868 ], [ 103.804802429411282, 1.308459423982163 ], [ 103.805063799999033, 1.308392900000071 ], [ 103.804832827575908, 1.308532850566806 ], [ 103.805156127543029, 1.309073350596166 ], [ 103.805374759821191, 1.308940877150018 ], [ 103.805374761009034, 1.308940879298801 ], [ 103.805156151125871, 1.309073390014069 ], [ 103.805214050785338, 1.30917015077843 ], [ 103.805202398788154, 1.309198472918799 ], [ 103.804684726400353, 1.30955179750737 ], [ 103.804363921693465, 1.30881881477518 ], [ 103.804117200727489, 1.308928199676904 ], [ 103.804363896936422, 1.308818758225877 ], [ 103.804266301846312, 1.308595907979718 ], [ 103.804260154233248, 1.308580422223872 ], [ 103.80375944574763, 1.308781777750179 ], [ 103.803767345745442, 1.308801677750658 ], [ 103.804017700004195, 1.308700999997796 ], [ 103.803771003061229, 1.308810441739238 ], [ 103.803870490067268, 1.309037612120588 ], [ 103.804152420335058, 1.309681773862029 ], [ 103.803722737441305, 1.30930610322144 ], [ 103.803607203846099, 1.309188229495905 ], [ 103.80355138238771, 1.309117027865018 ], [ 103.803512003040467, 1.309057958853635 ], [ 103.803472537577065, 1.308991693596137 ], [ 103.803396746185413, 1.309037418800501 ], [ 103.803389441032309, 1.309018879431687 ], [ 103.803456634703807, 1.30896793316605 ], [ 103.803412117565188, 1.308908456346077 ], [ 103.803401209318395, 1.308896419661069 ], [ 103.803472756883565, 1.308862581758434 ], [ 103.803372347929255, 1.308647517416101 ], [ 103.803377672136307, 1.308639606433044 ], [ 103.803453141110694, 1.308726775464764 ], [ 103.803450417187591, 1.308738015879401 ], [ 103.80346623448051, 1.308741898717004 ], [ 103.803535214896968, 1.30882157325323 ], [ 103.803565981589188, 1.308794590167081 ], [ 103.803591161154202, 1.308772565780714 ], [ 103.803660617207626, 1.308789615884785 ], [ 103.803684542828677, 1.308690885489508 ], [ 103.803739991566161, 1.308642384866839 ], [ 103.803767129808534, 1.308568602751518 ], [ 103.803718561285621, 1.308550506436735 ], [ 103.803718635765378, 1.308550199090208 ], [ 103.803767263744064, 1.308568237811234 ], [ 103.803791603772524, 1.308501770792868 ], [ 103.803780863623857, 1.308293412330645 ], [ 103.803788382778095, 1.308262384112709 ], [ 103.803730354134487, 1.308248139214981 ], [ 103.803430091968067, 1.308043433614557 ], [ 103.803358893183244, 1.307884417598676 ], [ 103.802933038275242, 1.308077569100021 ], [ 103.802665995268313, 1.30734556999744 ], [ 103.802722365526094, 1.307231630094083 ], [ 103.80273828759087, 1.307085235412528 ], [ 103.802686258913312, 1.306948298863847 ], [ 103.802634908704633, 1.30681277048686 ], [ 103.802536085177366, 1.306699499084602 ], [ 103.802376665601528, 1.306648921810001 ], [ 103.802286878922445, 1.306654816896399 ], [ 103.802208907605021, 1.306659802274589 ], [ 103.802226000000147, 1.306930600000467 ], [ 103.801973276097371, 1.307025089758263 ], [ 103.802094898234373, 1.307354607950709 ], [ 103.802514622080352, 1.308505125409914 ], [ 103.802767699999421, 1.308411600000321 ], [ 103.802517675641411, 1.308513104728964 ], [ 103.802734527162272, 1.309054186799021 ], [ 103.802779098453087, 1.30916965802624 ], [ 103.803072150810465, 1.309928916717615 ], [ 103.803236514499403, 1.310427417394424 ], [ 103.802869660769602, 1.310525290868098 ], [ 103.802704452774236, 1.310568222878821 ], [ 103.802352908001566, 1.310663487296694 ], [ 103.802110396992092, 1.31072923605659 ], [ 103.801966025759867, 1.310768114165324 ], [ 103.801903192275105, 1.310670629872403 ], [ 103.80171535651634, 1.310601427226014 ], [ 103.801338640361053, 1.310709854284864 ], [ 103.800980982786783, 1.31081530564874 ], [ 103.800763017613761, 1.310891014324132 ], [ 103.800582567572945, 1.310961668022793 ], [ 103.80044175765299, 1.311058778306536 ], [ 103.800363008814529, 1.311278150005723 ], [ 103.800463786265084, 1.311526570589444 ], [ 103.800475768350978, 1.311555972017054 ], [ 103.800725200000073, 1.311453000000524 ], [ 103.800831130906602, 1.311702520068244 ], [ 103.800850315359028, 1.311694269759314 ], [ 103.800957833629298, 1.311648150570412 ], [ 103.801107810161554, 1.311594709564936 ], [ 103.801264610921919, 1.311538928366087 ], [ 103.80185838966193, 1.311362682736101 ], [ 103.801961294778636, 1.311332199710133 ], [ 103.802004085241506, 1.311319641639587 ], [ 103.802250203021401, 1.311253363941461 ], [ 103.802493107535284, 1.311187508495367 ], [ 103.802841947238946, 1.31109297711986 ], [ 103.80300529877826, 1.311050527539644 ], [ 103.802937900000387, 1.310787800000779 ], [ 103.803006978357303, 1.311050085262524 ], [ 103.803179323687246, 1.311004104993542 ], [ 103.80319167404771, 1.311050800554949 ], [ 103.803390433427879, 1.310997548607123 ], [ 103.803391222754257, 1.31100059142457 ], [ 103.803195369994413, 1.311063517090082 ], [ 103.803209868418278, 1.311109228694362 ], [ 103.803218939694915, 1.311141016289166 ], [ 103.803283577884045, 1.311415164723733 ], [ 103.803305674692538, 1.311506377159783 ], [ 103.803510050557179, 1.31145622278774 ], [ 103.803513437598085, 1.311468586213167 ], [ 103.803325108619546, 1.3115606818475 ], [ 103.803443661695141, 1.311806262707526 ], [ 103.803546720548113, 1.312166358168468 ], [ 103.803624856470307, 1.312445386293103 ], [ 103.803717167136639, 1.312745113686181 ], [ 103.803727798028333, 1.312775838140137 ], [ 103.803918244456653, 1.313325229992611 ], [ 103.803966188550234, 1.313468760781218 ], [ 103.804004939452895, 1.313578538176499 ], [ 103.804130527369736, 1.313942434009474 ], [ 103.804280061427733, 1.313890156638545 ], [ 103.80430176173202, 1.313949188851186 ], [ 103.804350537555649, 1.314092017677061 ], [ 103.804472893584489, 1.314395265927873 ], [ 103.804617403148328, 1.31472541812051 ], [ 103.804836246799482, 1.315046900378068 ], [ 103.80494982714319, 1.315181616928148 ], [ 103.804969026286457, 1.315205370289847 ], [ 103.805001717040852, 1.315246340801824 ], [ 103.805034737945221, 1.315278698638137 ], [ 103.805249927411069, 1.315506322183102 ], [ 103.805632694181853, 1.31587667328841 ], [ 103.805704101321041, 1.31594685979745 ], [ 103.806005805425428, 1.316231550911407 ], [ 103.806190199313377, 1.316033600737726 ], [ 103.806005869637005, 1.316231611482837 ], [ 103.806179317501176, 1.316395171592978 ], [ 103.806507001091617, 1.316673833049252 ], [ 103.806434722431561, 1.316760935929506 ], [ 103.806413738534701, 1.316780916112231 ], [ 103.80641930781124, 1.316762424276549 ], [ 103.806389807814028, 1.316753424277558 ], [ 103.806368577056148, 1.316823917398101 ], [ 103.806346533148457, 1.316844906886584 ], [ 103.806311599998324, 1.316813833019016 ], [ 103.806311599998097, 1.316741756405474 ], [ 103.806284900001103, 1.316741756405301 ], [ 103.806284900000847, 1.31679004719488 ], [ 103.806135369000231, 1.316656734700693 ], [ 103.806082596085474, 1.31660920937687 ], [ 103.80602302068263, 1.316555531542235 ], [ 103.80566337928822, 1.316959868443582 ], [ 103.8057229792893, 1.317013568447555 ], [ 103.805902799087761, 1.316811401025159 ], [ 103.805723028473693, 1.317013612752924 ], [ 103.805776328474636, 1.317061612756751 ], [ 103.805956099960497, 1.316859400044857 ], [ 103.805777335745745, 1.317062515311142 ], [ 103.805945135747891, 1.31721211532361 ], [ 103.806123900023124, 1.317008999973952 ], [ 103.805945362323428, 1.317212317095279 ], [ 103.805952233820619, 1.317218429455799 ], [ 103.805834958003203, 1.317340899833987 ], [ 103.805825524030254, 1.317350630939798 ], [ 103.805697573881289, 1.317266191295739 ], [ 103.805762475653282, 1.317128510140359 ], [ 103.805275324369433, 1.31689588983574 ], [ 103.805226952380281, 1.316998505043658 ], [ 103.804729456835403, 1.316752106998978 ], [ 103.804371629585404, 1.316496783330813 ], [ 103.804186260679828, 1.316345228569753 ], [ 103.804096877458491, 1.316263671099956 ], [ 103.803915800002414, 1.316464699997883 ], [ 103.804074391053092, 1.316245269599413 ], [ 103.803986291056532, 1.316180769604234 ], [ 103.803834862996951, 1.316390289106812 ], [ 103.803834897125739, 1.316381568858732 ], [ 103.803834727237657, 1.316381568184767 ], [ 103.803923379123063, 1.316146519094633 ], [ 103.803863179127688, 1.31612351909721 ], [ 103.803767500000191, 1.3163772 ], [ 103.803774194580953, 1.316105940078944 ], [ 103.803694194589511, 1.316103940079049 ], [ 103.803687500000123, 1.316375199999688 ], [ 103.803675893007323, 1.316104107999583 ], [ 103.803553693020845, 1.31610940799991 ], [ 103.803565300000443, 1.316380500000275 ], [ 103.803553641661466, 1.316109410232169 ], [ 103.803248482306188, 1.316122704106298 ], [ 103.803100423133628, 1.316128998119946 ], [ 103.803108754247049, 1.316327522085781 ], [ 103.803105472999917, 1.316327942545434 ], [ 103.803088099825544, 1.316129806913744 ], [ 103.802626499874947, 1.316170806910114 ], [ 103.80267390012952, 1.316711393089169 ], [ 103.802857798531591, 1.31669505896939 ], [ 103.802884149542663, 1.316903370800842 ], [ 103.803112578631911, 1.31687409986213 ], [ 103.803119432804806, 1.316983739276522 ], [ 103.803588800181188, 1.316954015528285 ], [ 103.803217336686927, 1.317328786301452 ], [ 103.80321519449619, 1.317327896040637 ], [ 103.803213058447525, 1.317333102631296 ], [ 103.80311547507047, 1.317431554801581 ], [ 103.803118153618172, 1.317307420380517 ], [ 103.803081553621951, 1.317306620380433 ], [ 103.80307804291462, 1.317469320215569 ], [ 103.803066949141822, 1.317480512755198 ], [ 103.80305141717146, 1.317307659308727 ], [ 103.802383112453526, 1.317368490162047 ], [ 103.802325931805697, 1.317333491662033 ], [ 103.802208389798665, 1.317308838657806 ], [ 103.802089286619164, 1.317325160204436 ], [ 103.8019828029622, 1.31738060210696 ], [ 103.80190033535763, 1.317468833570003 ], [ 103.801852088922345, 1.317580961833332 ], [ 103.801844498009785, 1.317702416234702 ], [ 103.801877792092412, 1.317818723606017 ], [ 103.801948136434532, 1.317917561871556 ], [ 103.802045963369295, 1.317985254620263 ], [ 103.802152203445132, 1.318015608927327 ], [ 103.802260153103646, 1.318012549626015 ], [ 103.802363239208191, 1.317976270395666 ], [ 103.802449757954875, 1.317910057065857 ], [ 103.802451809154206, 1.317907139161972 ], [ 103.802684058262486, 1.317885999257408 ], [ 103.802613966695418, 1.317960396658343 ], [ 103.802665401328383, 1.31800948348775 ], [ 103.802406156652353, 1.318003039140572 ], [ 103.802392843345459, 1.318545560858433 ], [ 103.802762943385261, 1.318554760859916 ], [ 103.802769599999792, 1.318283499999839 ], [ 103.802912694679861, 1.318291100483675 ], [ 103.803011432588718, 1.318343546286505 ], [ 103.803030734442046, 1.318306735642116 ], [ 103.803435880536597, 1.317876700624345 ], [ 103.804238449368142, 1.317066986051895 ], [ 103.804245491418271, 1.317072010829335 ], [ 103.803919345467023, 1.317719387295572 ], [ 103.804159799999894, 1.317842099999776 ], [ 103.803893612198223, 1.317885130295654 ], [ 103.803915012184774, 1.31801923029756 ], [ 103.804181200001324, 1.317976199999739 ], [ 103.803935751834999, 1.31808845196338 ], [ 103.803988499765225, 1.318205286863477 ], [ 103.803992603783144, 1.318275720799446 ], [ 103.803936579028004, 1.318393995254603 ], [ 103.803932648040586, 1.318399669226351 ], [ 103.803658364813131, 1.318404394798127 ], [ 103.803592342924034, 1.318405493498349 ], [ 103.8035968, 1.318676800000057 ], [ 103.803540634531046, 1.318411410035806 ], [ 103.803390434546586, 1.318443610033177 ], [ 103.8034466000002, 1.318709000000422 ], [ 103.803224347139405, 1.318555410229803 ], [ 103.803071745837741, 1.31877909906813 ], [ 103.803003212721094, 1.318859080990937 ], [ 103.802949828575436, 1.31887574604773 ], [ 103.802481475367358, 1.31885618963679 ], [ 103.802459124629976, 1.319398410362109 ], [ 103.802974024685184, 1.31941991036614 ], [ 103.802985199999895, 1.319148800000695 ], [ 103.803065067054362, 1.319407963649454 ], [ 103.803236767070274, 1.319354363644387 ], [ 103.803156899999507, 1.319095199999786 ], [ 103.803361063867229, 1.319272410072582 ], [ 103.803489763864093, 1.319122210061955 ], [ 103.803285599995419, 1.318944999996025 ], [ 103.803507852898605, 1.319098589765157 ], [ 103.803607968496607, 1.318951836454355 ], [ 103.803627396296349, 1.318947671505747 ], [ 103.803667357082702, 1.318947006500614 ], [ 103.803666038050324, 1.318866715848421 ], [ 103.803666146098536, 1.31886655746745 ], [ 103.803667514328367, 1.318947003837337 ], [ 103.80395594260365, 1.318942034563935 ], [ 103.804117476107962, 1.319124571407111 ], [ 103.80430394114083, 1.318957419827704 ], [ 103.804304187627125, 1.318957645517483 ], [ 103.804120495291528, 1.319127926391068 ], [ 103.804272465239094, 1.319293993565838 ], [ 103.804443003817113, 1.319480474603325 ], [ 103.804598710863871, 1.319729163144428 ], [ 103.80482680000047, 1.31958450000053 ], [ 103.8046049372022, 1.319738660116203 ], [ 103.804880494429057, 1.320140381477949 ], [ 103.804860951938053, 1.320155274709801 ], [ 103.805186448089898, 1.320587925279993 ], [ 103.805201924552918, 1.320576130746577 ], [ 103.805218001422318, 1.320596464292143 ], [ 103.805387181724811, 1.320825974769917 ], [ 103.805389904588395, 1.320823941601125 ], [ 103.805393412626287, 1.320828790857968 ], [ 103.805390830486019, 1.32083081065823 ], [ 103.805454837267149, 1.320913699822293 ], [ 103.805547188398378, 1.321041359307143 ], [ 103.805556835178251, 1.321034290083052 ], [ 103.805583410176084, 1.321064618328207 ], [ 103.805681431886512, 1.321204528957388 ], [ 103.805708657855476, 1.321256186973643 ], [ 103.805734526761199, 1.321334575470753 ], [ 103.805705634750439, 1.321333924403038 ], [ 103.805704826716664, 1.321370247343923 ], [ 103.805521328733647, 1.321110649886251 ], [ 103.805272707470536, 1.320719480563218 ], [ 103.805045600000057, 1.320865700000574 ], [ 103.805259983725421, 1.32070116899457 ], [ 103.804991783711543, 1.32034716901737 ], [ 103.804563016260175, 1.320676230963062 ], [ 103.804824479490051, 1.32102133907062 ], [ 103.80507069248128, 1.321408719437609 ], [ 103.805297800000318, 1.321262500000523 ], [ 103.805078121097864, 1.321419796549381 ], [ 103.80521851503994, 1.32161841410509 ], [ 103.805145510777621, 1.321699508936297 ], [ 103.805345299999843, 1.32188170000025 ], [ 103.805145367733431, 1.321699667959028 ], [ 103.80498314790853, 1.32188015203096 ], [ 103.804933732475931, 1.321841103355395 ], [ 103.804920277106973, 1.321761318748803 ], [ 103.804781677748778, 1.321611727041181 ], [ 103.804662639312753, 1.321581895724441 ], [ 103.804647788248914, 1.321641926275634 ], [ 103.80449700033266, 1.321527986338915 ], [ 103.804426499515927, 1.321622497852375 ], [ 103.804380621001371, 1.32164918679402 ], [ 103.804303770353286, 1.321736187520686 ], [ 103.804257416765964, 1.321855513556096 ], [ 103.804257886852028, 1.321986671420977 ], [ 103.804306311509691, 1.322108908451681 ], [ 103.804395703306753, 1.322203916496006 ], [ 103.804513202237544, 1.322259868369726 ], [ 103.804597404835306, 1.322265300796204 ], [ 103.80462049722064, 1.32228354868227 ], [ 103.804554181583327, 1.322357320905846 ], [ 103.804460324260845, 1.322431467526009 ], [ 103.804416038938143, 1.322449506443276 ], [ 103.803940369953139, 1.322553884317466 ], [ 103.803997800000289, 1.322818999999861 ], [ 103.803940314152868, 1.322553896568228 ], [ 103.803536071566512, 1.322642691283953 ], [ 103.803495947313763, 1.322635991967403 ], [ 103.802857598294636, 1.322422594916148 ], [ 103.802320317197385, 1.322242901241064 ], [ 103.802235300000078, 1.3225004000007 ], [ 103.802243053294987, 1.322294075496824 ], [ 103.802262728872691, 1.32225608950797 ], [ 103.802244833578754, 1.322246700002897 ], [ 103.802245489306287, 1.322229250289847 ], [ 103.802208923675934, 1.322227858388946 ], [ 103.802138812201918, 1.322191071504909 ], [ 103.802071949943297, 1.322122264952833 ], [ 103.801973356871201, 1.321936546986892 ], [ 103.801876604144795, 1.321733457582021 ], [ 103.801870799173344, 1.321716521103995 ], [ 103.801951042070058, 1.321586853807806 ], [ 103.801722199999872, 1.321443400000542 ], [ 103.801962011155894, 1.321567382178984 ], [ 103.802064212691747, 1.321367134407368 ], [ 103.802183476275715, 1.321143366563388 ], [ 103.801708323748656, 1.320886833413566 ], [ 103.801587923733493, 1.32111273340194 ], [ 103.801825500019135, 1.321241000010174 ], [ 103.801585688882241, 1.321117017809117 ], [ 103.801487474088475, 1.321309454116615 ], [ 103.801395457947422, 1.321458146162515 ], [ 103.801624299997684, 1.321601599998729 ], [ 103.80137443505771, 1.321499695186682 ], [ 103.801343635051424, 1.321576195183762 ], [ 103.801593500000337, 1.321678099999924 ], [ 103.801324376867527, 1.321661971951168 ], [ 103.801321276862254, 1.321714371950599 ], [ 103.801590399999753, 1.321730499999824 ], [ 103.801335538544478, 1.321818987293931 ], [ 103.801371938534814, 1.321925187297317 ], [ 103.801626800001614, 1.321836699998856 ], [ 103.801383700813162, 1.321954016527116 ], [ 103.801489700795699, 1.322176516537102 ], [ 103.801732799991427, 1.32205920000444 ], [ 103.801495014168623, 1.322187072792181 ], [ 103.801547538055843, 1.322286011115937 ], [ 103.80116726797344, 1.322326019371822 ], [ 103.80114708379854, 1.32211285714967 ], [ 103.800878700000695, 1.322138600000331 ], [ 103.801141607217687, 1.322078515791606 ], [ 103.801137907215704, 1.32206211579221 ], [ 103.80087500000036, 1.322122199999685 ], [ 103.801032329752758, 1.321901851527292 ], [ 103.80101642975302, 1.321890351527759 ], [ 103.800859100000892, 1.322110699999143 ], [ 103.800873321211228, 1.321839734198009 ], [ 103.800754821223393, 1.321833434199871 ], [ 103.800740600084779, 1.322104398374875 ], [ 103.800754746540235, 1.321833430239578 ], [ 103.800733946542437, 1.321832330239581 ], [ 103.800717148102649, 1.322154095728239 ], [ 103.800610316197108, 1.322164342820752 ], [ 103.800631774271309, 1.322390959027637 ], [ 103.800477213703473, 1.322412266586635 ] ], [ [ 103.832967715905824, 1.315056900365769 ], [ 103.832982105901991, 1.314989316887677 ], [ 103.832994322217999, 1.314994211397922 ], [ 103.833013282038777, 1.315010901732131 ], [ 103.833025276130627, 1.315032507106576 ], [ 103.833029431336271, 1.315057308569955 ], [ 103.833024789106517, 1.315083061233984 ], [ 103.833012645871193, 1.315104216476824 ], [ 103.83299808961479, 1.315116721576794 ], [ 103.832975300000399, 1.315115800000664 ], [ 103.832975299999504, 1.31511579999976 ], [ 103.832967715905824, 1.315056900365769 ] ], [ [ 103.832975300000399, 1.315115800000664 ], [ 103.832977443189819, 1.315120167275749 ], [ 103.832975847345466, 1.315120050797869 ], [ 103.832975300000399, 1.315115800000664 ] ], [ [ 103.832975299999504, 1.31511579999976 ], [ 103.832955346691747, 1.315114993119003 ], [ 103.832961264582877, 1.315087199389199 ], [ 103.832975299999504, 1.31511579999976 ] ], [ [ 103.802147065286206, 1.322768578845442 ], [ 103.802186730619866, 1.322770088740142 ], [ 103.802687582832974, 1.322937598774715 ], [ 103.802772599999969, 1.322680100000553 ], [ 103.802687618197183, 1.32293761059972 ], [ 103.803346018256818, 1.323157710622965 ], [ 103.803431000000259, 1.322900200000166 ], [ 103.803386878676548, 1.323167885229427 ], [ 103.803498878688245, 1.323186585231623 ], [ 103.80354300000036, 1.322918900001036 ], [ 103.803600485812055, 1.32318400343948 ], [ 103.80379385980703, 1.32314152750064 ], [ 103.803868730085455, 1.323475006286831 ], [ 103.804044582837619, 1.323435012741891 ], [ 103.804177939138398, 1.32384252455039 ], [ 103.804250326319405, 1.323818528798897 ], [ 103.804250328989923, 1.323818527913556 ], [ 103.804250339144517, 1.323818524547631 ], [ 103.806094673476935, 1.323207245174401 ], [ 103.806674667390283, 1.323018308394586 ], [ 103.806757462529731, 1.323142216335189 ], [ 103.806003948675695, 1.32340634563683 ], [ 103.805906355418784, 1.323440543274726 ], [ 103.805995000013723, 1.323696800039952 ], [ 103.805903788246539, 1.323441457493582 ], [ 103.805396006676091, 1.323625197530277 ], [ 103.805242826355695, 1.323679641737421 ], [ 103.805332599829853, 1.323935499516585 ], [ 103.805242614970183, 1.323679716969096 ], [ 103.805141359943335, 1.323715800942054 ], [ 103.804902928663822, 1.323800676479151 ], [ 103.804133170558998, 1.3240745373645 ], [ 103.804120418220123, 1.324075955916152 ], [ 103.803815915314857, 1.32400998113498 ], [ 103.803844520697567, 1.323873182143464 ], [ 103.803316879314551, 1.323761417827852 ], [ 103.80328878782754, 1.323895759090896 ], [ 103.803111140194503, 1.32385726084446 ], [ 103.803188135850291, 1.323520439452036 ], [ 103.802662664162781, 1.323398760520327 ], [ 103.802583964011376, 1.323743037997386 ], [ 103.802449992832464, 1.323713991988721 ], [ 103.802515986897944, 1.323414931437599 ], [ 103.801989613115694, 1.323297268534666 ], [ 103.801922950555877, 1.323599358167602 ], [ 103.801832148594514, 1.323579388816962 ], [ 103.801884968554646, 1.323263188590714 ], [ 103.801353231455693, 1.32317321138016 ], [ 103.801304693203974, 1.323463779319804 ], [ 103.801212518394379, 1.323443637967424 ], [ 103.801196265030924, 1.323440084124028 ], [ 103.801201895464672, 1.323417923206837 ], [ 103.800940700000382, 1.323350699999926 ], [ 103.801207326929713, 1.323390885918433 ], [ 103.801224526917949, 1.32327528591612 ], [ 103.800957900000597, 1.323235100000638 ], [ 103.801227488643974, 1.323237584853906 ], [ 103.801228488631551, 1.323127684853365 ], [ 103.800958899993745, 1.323125199999592 ], [ 103.801227913221069, 1.323107308297489 ], [ 103.801219025821865, 1.32297194659336 ], [ 103.801214623629292, 1.322866681230193 ], [ 103.802147065286206, 1.322768578845442 ] ], [ [ 103.804320686528996, 1.323025865560101 ], [ 103.804553330109457, 1.322974815670477 ], [ 103.804495899999864, 1.322709699999962 ], [ 103.804597042169178, 1.322961225043003 ], [ 103.804697942178493, 1.322920125038783 ], [ 103.80459680000051, 1.322668600000515 ], [ 103.804763259986174, 1.322882045144298 ], [ 103.804905159991435, 1.32276994513467 ], [ 103.804738700002488, 1.322556500002882 ], [ 103.804938620335122, 1.322738545388752 ], [ 103.805158082033344, 1.3224944071734 ], [ 103.805220250959167, 1.322558321098462 ], [ 103.80542173589879, 1.322359793803853 ], [ 103.805549401499448, 1.322496513696495 ], [ 103.8056578437387, 1.322780671314379 ], [ 103.804362058880244, 1.323210141476251 ], [ 103.804320686528996, 1.323025865560101 ] ], [ [ 103.805712123693709, 1.321878345267453 ], [ 103.805712874256798, 1.321877511524099 ], [ 103.805716385841592, 1.32187698984816 ], [ 103.805899092199908, 1.321881107043226 ], [ 103.806121074949843, 1.322221186816999 ], [ 103.806346400006476, 1.322072199995397 ], [ 103.806126188788781, 1.322228740858566 ], [ 103.806353425310192, 1.322552550401046 ], [ 103.806171063289241, 1.322611956016373 ], [ 103.806033773660801, 1.322252208067584 ], [ 103.805782100000584, 1.32234949999984 ], [ 103.805978556088377, 1.322163673526466 ], [ 103.805712123693709, 1.321878345267453 ] ], [ [ 103.805699600000409, 1.321605200000375 ], [ 103.805695954074523, 1.321580339520051 ], [ 103.805700202844136, 1.321578100792401 ], [ 103.805699600000409, 1.321605200000375 ] ], [ [ 103.806021800000266, 1.321341000000227 ], [ 103.806276630730352, 1.321252423219111 ], [ 103.806249152296346, 1.321172343235022 ], [ 103.806213255927688, 1.321063569382113 ], [ 103.805957399998974, 1.321149100000035 ], [ 103.806195566483453, 1.321021946997764 ], [ 103.806158670014483, 1.320951940391586 ], [ 103.806403947744982, 1.320755541295663 ], [ 103.806068252283836, 1.320330858693696 ], [ 103.805833077897447, 1.320519167810681 ], [ 103.805818420757006, 1.32050018672945 ], [ 103.805805781757442, 1.320483040632625 ], [ 103.806004021707039, 1.32032875122791 ], [ 103.805683327159301, 1.319911356290168 ], [ 103.80571423518586, 1.319883615317325 ], [ 103.805355364842541, 1.319478584669827 ], [ 103.805329720956081, 1.319501600901396 ], [ 103.805245759915479, 1.319395111777961 ], [ 103.805246774638434, 1.319395424892254 ], [ 103.805325800000134, 1.319136000000519 ], [ 103.805427942875383, 1.31938711501956 ], [ 103.805449542876886, 1.319378215019187 ], [ 103.805347399999775, 1.319127100000077 ], [ 103.805523488046049, 1.319332569879736 ], [ 103.805701688050775, 1.319177869867468 ], [ 103.805525600000209, 1.318972400000163 ], [ 103.8057634027235, 1.319100240439786 ], [ 103.805775502721602, 1.319077440438079 ], [ 103.805537699998922, 1.318949599999629 ], [ 103.805803614804077, 1.318904891861065 ], [ 103.805799614801501, 1.318880791862058 ], [ 103.805533700000638, 1.318925500000253 ], [ 103.805723269204677, 1.318732563761166 ], [ 103.805562939818302, 1.318572987549538 ], [ 103.805499533704179, 1.318495198867906 ], [ 103.805291099997021, 1.318667300002755 ], [ 103.805484078351597, 1.318477818351762 ], [ 103.805439878351393, 1.318432218354706 ], [ 103.805246900001606, 1.318621699998707 ], [ 103.805406469216209, 1.318402989021014 ], [ 103.80534476921865, 1.318357389024573 ], [ 103.805185199999954, 1.318576100000122 ], [ 103.80527004812852, 1.318318544787021 ], [ 103.805182248136745, 1.318289244789848 ], [ 103.805097400000278, 1.31854680000073 ], [ 103.805110635578075, 1.318275783600985 ], [ 103.804756485024285, 1.318258263481606 ], [ 103.80452547047129, 1.318151148349638 ], [ 103.804523836995259, 1.318123114421187 ], [ 103.804471652777835, 1.318126194551796 ], [ 103.804378607016787, 1.318083051764847 ], [ 103.804355727242765, 1.31813303695777 ], [ 103.804254700000726, 1.318139 ], [ 103.804500148156663, 1.318026748004552 ], [ 103.804441640631183, 1.317897155857693 ], [ 103.804439884347261, 1.317886150365337 ], [ 103.804711081940539, 1.317347842259463 ], [ 103.805089611302634, 1.317535319077085 ], [ 103.805185000000549, 1.317616900000553 ], [ 103.804955169269846, 1.317475056866501 ], [ 103.804884069263693, 1.317591756860021 ], [ 103.805343730762345, 1.317875443118603 ], [ 103.805403937519785, 1.31777662273225 ], [ 103.805433903281951, 1.317741130350361 ], [ 103.805684984562646, 1.317906829364921 ], [ 103.805846970948537, 1.318092432189233 ], [ 103.80553870964215, 1.31836114496853 ], [ 103.805567537160059, 1.318394644536434 ], [ 103.805570365219864, 1.318397943939699 ], [ 103.80577449985438, 1.318220700127294 ], [ 103.805570675864857, 1.318398305713427 ], [ 103.806083228468495, 1.318994157433836 ], [ 103.805977918257895, 1.319093820251065 ], [ 103.806162599999638, 1.319291500000422 ], [ 103.80596900733731, 1.319102654143769 ], [ 103.805771307337096, 1.319307954128679 ], [ 103.805861735269815, 1.319396164821044 ], [ 103.80566769352302, 1.319564893625089 ], [ 103.805677069117309, 1.319575815709981 ], [ 103.80576024619026, 1.319673436715564 ], [ 103.805964899999765, 1.319496799999614 ], [ 103.805964899999765, 1.319496800000518 ], [ 103.805771564592945, 1.319685912665685 ], [ 103.80580243000945, 1.319717876853308 ], [ 103.805931945290411, 1.319852101790864 ], [ 103.806534141300901, 1.320509676784143 ], [ 103.806588223600386, 1.320568757451928 ], [ 103.80678649995798, 1.320384900038988 ], [ 103.806589268292726, 1.320569892187533 ], [ 103.806596768292366, 1.320577992188154 ], [ 103.806991231678424, 1.320208007794597 ], [ 103.806984255603084, 1.320200473633605 ], [ 103.806930676370214, 1.320141942535777 ], [ 103.806732400000357, 1.320325800000145 ], [ 103.806930638003365, 1.32014190063254 ], [ 103.806340100618215, 1.31949705653031 ], [ 103.80634801372193, 1.3194888392284 ], [ 103.806566578839963, 1.319742625482031 ], [ 103.806770299999769, 1.319564899999806 ], [ 103.806598841501852, 1.319774298546534 ], [ 103.807048473825319, 1.320147242434689 ], [ 103.80710800678294, 1.320196686756059 ], [ 103.80727959999993, 1.319987400000543 ], [ 103.807108193977555, 1.320196842085373 ], [ 103.80712749397803, 1.320212842087297 ], [ 103.80747030599305, 1.319793957900369 ], [ 103.807451099820412, 1.319778035686467 ], [ 103.807391593189408, 1.319728613234739 ], [ 103.807219999999759, 1.319937899999915 ], [ 103.807391458458085, 1.31972850140955 ], [ 103.806959209606077, 1.319369976146845 ], [ 103.806741862225621, 1.319117603909586 ], [ 103.806755407041067, 1.319105406341343 ], [ 103.806929241302697, 1.31927894770069 ], [ 103.807119100000207, 1.319086299999902 ], [ 103.806941169824327, 1.31929015597896 ], [ 103.8075983526371, 1.319871205419803 ], [ 103.806786451385889, 1.320597827781625 ], [ 103.807144748642344, 1.321003372205311 ], [ 103.807978748659366, 1.320256972146372 ], [ 103.807942276524159, 1.320215690606902 ], [ 103.807947251355813, 1.320221133693734 ], [ 103.807978861096231, 1.320256871463714 ], [ 103.807979440346827, 1.320256352471112 ], [ 103.808215227144174, 1.320514332637235 ], [ 103.808186896706431, 1.320553005927897 ], [ 103.808150427070174, 1.320645139723173 ], [ 103.808128735867669, 1.320719207215725 ], [ 103.808104537946406, 1.320818573108123 ], [ 103.808081551833126, 1.321012757698429 ], [ 103.808079980265475, 1.321503641984336 ], [ 103.807617055486517, 1.321523124186454 ], [ 103.807146248104488, 1.32152878846999 ], [ 103.807074677788819, 1.321521310974302 ], [ 103.806837958856832, 1.321496504823475 ], [ 103.806504172089205, 1.321409939511456 ], [ 103.806436900002467, 1.321672699988347 ], [ 103.806494708042408, 1.32140766754626 ], [ 103.806303409108565, 1.32136540050105 ], [ 103.80628494926961, 1.32128199924959 ], [ 103.806021800000266, 1.321341000000227 ] ], [ [ 103.806267994167385, 1.321483550325358 ], [ 103.806265018281337, 1.321497193860022 ], [ 103.806248083862428, 1.32149990027637 ], [ 103.806249187076759, 1.321487767066947 ], [ 103.806267994167385, 1.321483550325358 ] ], [ [ 103.806084901294184, 1.321524601613034 ], [ 103.806084774143628, 1.321526000021481 ], [ 103.806078729455763, 1.321526966067492 ], [ 103.806078751380383, 1.321525980485827 ], [ 103.806084901294184, 1.321524601613034 ] ], [ [ 103.806790099999304, 1.32176430000321 ], [ 103.806762180674056, 1.322034184672573 ], [ 103.80697672852132, 1.322056667483995 ], [ 103.807745800255162, 1.32326798091202 ], [ 103.807686663481604, 1.323308235035581 ], [ 103.807837700003773, 1.323533000004312 ], [ 103.807673273868232, 1.323317963829319 ], [ 103.807592159274066, 1.32338079247206 ], [ 103.807578581979186, 1.323390252412908 ], [ 103.807395635113792, 1.323124858517013 ], [ 103.807328538059593, 1.323024409714061 ], [ 103.807128987156744, 1.323159433985893 ], [ 103.807128985509735, 1.323159429550872 ], [ 103.807328514440584, 1.323024374361297 ], [ 103.807008714415971, 1.322545774388962 ], [ 103.806785, 1.322697199999898 ], [ 103.807005211213166, 1.322540659083031 ], [ 103.806627425237849, 1.322002318466588 ], [ 103.8067228279304, 1.322027060495701 ], [ 103.806790099999304, 1.32176430000321 ] ], [ [ 103.807139116554282, 1.323300826916779 ], [ 103.807139332908122, 1.323301409260205 ], [ 103.807139279167046, 1.323301446787145 ], [ 103.807139065784767, 1.323300861269431 ], [ 103.807139116554282, 1.323300826916779 ] ], [ [ 103.805175164352676, 1.322122110921949 ], [ 103.805175168755639, 1.322122106406507 ], [ 103.805175189358337, 1.322122125164166 ], [ 103.805175184858342, 1.322122129599119 ], [ 103.805175164352676, 1.322122110921949 ] ], [ [ 103.806010999999657, 1.322949300000313 ], [ 103.806011000000538, 1.322949300000313 ], [ 103.806011000025705, 1.322949300079897 ], [ 103.806010999999657, 1.322949300000313 ] ], [ [ 103.804166000000393, 1.323560800000074 ], [ 103.804119277619122, 1.323418025177111 ], [ 103.804119284949536, 1.323418023510454 ], [ 103.804166000000393, 1.323560800000074 ] ], [ [ 103.800902955524435, 1.322672907134009 ], [ 103.800902871996627, 1.32267291652564 ], [ 103.800902867956225, 1.322672886840726 ], [ 103.800902951441799, 1.322672877546766 ], [ 103.800902955524435, 1.322672907134009 ] ], [ [ 103.801922331410722, 1.323934728167621 ], [ 103.801922332614851, 1.32393472261936 ], [ 103.801922368442774, 1.323934730867621 ], [ 103.801922367160458, 1.323934736790288 ], [ 103.801922331410722, 1.323934728167621 ] ], [ [ 103.801986414064643, 1.323890472952273 ], [ 103.801986414264121, 1.323890472997494 ], [ 103.80198629975483, 1.32389100113224 ], [ 103.801986414064643, 1.323890472952273 ] ], [ [ 103.802127899981343, 1.323922100087912 ], [ 103.802127481921758, 1.323924074691045 ], [ 103.802127472327939, 1.323924072482466 ], [ 103.802127899981343, 1.323922100087912 ] ], [ [ 103.807517172179445, 1.323469942367014 ], [ 103.807512494792832, 1.323463318545026 ], [ 103.807515008746549, 1.323461563085838 ], [ 103.807519682301773, 1.323468357806453 ], [ 103.807517172179445, 1.323469942367014 ] ], [ [ 103.807452417746262, 1.32380775220798 ], [ 103.807453663571337, 1.323809694291455 ], [ 103.807453653653937, 1.323809701106642 ], [ 103.807452407442483, 1.323807758712062 ], [ 103.807452417746262, 1.32380775220798 ] ], [ [ 103.807875051001929, 1.32384372587716 ], [ 103.807904653384497, 1.323823100500834 ], [ 103.807751200002969, 1.323600000004074 ], [ 103.807915626156245, 1.323815036165731 ], [ 103.807995579446469, 1.323753107025123 ], [ 103.808044671889647, 1.323719690027848 ], [ 103.808195838432113, 1.323939074308456 ], [ 103.808260865891853, 1.324043650648416 ], [ 103.808489399999857, 1.323899700000341 ], [ 103.80826774624407, 1.324054164989908 ], [ 103.808361486918386, 1.324190426218115 ], [ 103.808396316175759, 1.324244227517726 ], [ 103.808622200000386, 1.324096100000685 ], [ 103.808396406798877, 1.324244367410272 ], [ 103.80845211278735, 1.324330301637301 ], [ 103.808448109164104, 1.324332637083915 ], [ 103.808583300000052, 1.324567400000755 ], [ 103.808443090090435, 1.324335638410203 ], [ 103.808319890098147, 1.324411138402897 ], [ 103.808460100000303, 1.324642900000183 ], [ 103.808415214427427, 1.324634012489936 ], [ 103.808288452841438, 1.324448462942506 ], [ 103.80806629999995, 1.324602200000276 ], [ 103.808288407138974, 1.324448396065188 ], [ 103.807875051001929, 1.32384372587716 ] ], [ [ 103.808304807679519, 1.323159677234324 ], [ 103.808304773959136, 1.323159624831482 ], [ 103.808304865868237, 1.323159565720435 ], [ 103.808304899493379, 1.323159618215521 ], [ 103.808304807679519, 1.323159677234324 ] ], [ [ 103.808495338343562, 1.323421439734827 ], [ 103.808602625066769, 1.323351825755397 ], [ 103.80907420060997, 1.324063011087546 ], [ 103.808970174930479, 1.324136314843175 ], [ 103.808848038636029, 1.323947902700022 ], [ 103.808811183794489, 1.323890972464139 ], [ 103.808585300000431, 1.324039100000221 ], [ 103.808806953735768, 1.323884634980764 ], [ 103.80871461511893, 1.323750411816369 ], [ 103.80864953407557, 1.323645749335807 ], [ 103.808421, 1.323789700000554 ], [ 103.80864253876176, 1.32363506802136 ], [ 103.808495338343562, 1.323421439734827 ] ], [ [ 103.808910503237357, 1.322838511136039 ], [ 103.808904047652831, 1.322828775434827 ], [ 103.808795253087936, 1.322901851495297 ], [ 103.80879479464366, 1.322901189320435 ], [ 103.80890317940181, 1.322827474176764 ], [ 103.808846579397041, 1.322743174181412 ], [ 103.80873699566753, 1.322817704774433 ], [ 103.808731088101197, 1.322809171914755 ], [ 103.808834612542753, 1.322726719280618 ], [ 103.808752991783876, 1.322622909417579 ], [ 103.808722617189687, 1.32258244140721 ], [ 103.808625328043888, 1.322656412608537 ], [ 103.80862473121104, 1.322655550545082 ], [ 103.808721464165359, 1.322580916461618 ], [ 103.808646364162243, 1.322482316467421 ], [ 103.808547372538371, 1.322558693220454 ], [ 103.808546921346846, 1.322558082135886 ], [ 103.808645504953645, 1.322481194477023 ], [ 103.808611704952241, 1.322437294479674 ], [ 103.808514001275356, 1.322513495859996 ], [ 103.808510536682391, 1.322508803485328 ], [ 103.808604978390733, 1.322428907408617 ], [ 103.808561012716169, 1.322376263048463 ], [ 103.80851023301031, 1.322312329808832 ], [ 103.808506148723524, 1.322294242262283 ], [ 103.808668998015719, 1.32218842585759 ], [ 103.808623198012455, 1.322117025861787 ], [ 103.80862319801156, 1.322117025861787 ], [ 103.808572118619551, 1.322037387428163 ], [ 103.808606371166846, 1.322037302033379 ], [ 103.809254116045722, 1.32262525234334 ], [ 103.809840722281635, 1.323166608899205 ], [ 103.810121149822052, 1.323559982527398 ], [ 103.810126725425206, 1.323555956222284 ], [ 103.810126579786441, 1.32355879617794 ], [ 103.810122469240724, 1.323561817146426 ], [ 103.810126163724846, 1.323566909358694 ], [ 103.810123324058225, 1.323622282730909 ], [ 103.810127448523673, 1.323622339231037 ], [ 103.810033307172276, 1.323681035792384 ], [ 103.809811505738779, 1.323828148488654 ], [ 103.809769864149288, 1.32376640556724 ], [ 103.809601875704473, 1.323881173021398 ], [ 103.809601470871527, 1.323880562490938 ], [ 103.809768192164896, 1.32376395546489 ], [ 103.809057992115498, 1.322735355526732 ], [ 103.808910503237357, 1.322838511136039 ] ], [ [ 103.811531573400359, 1.322914940833058 ], [ 103.811602480997649, 1.322849112921004 ], [ 103.811602509904688, 1.322849149335498 ], [ 103.811531588700745, 1.322914959551732 ], [ 103.811531573400359, 1.322914940833058 ] ], [ [ 103.811561581020754, 1.322702925808327 ], [ 103.811421270175231, 1.322549826375671 ], [ 103.811312278695794, 1.322651009908605 ], [ 103.811312276525797, 1.322651007181022 ], [ 103.811421264956479, 1.322549820681745 ], [ 103.811211564952956, 1.322321020698316 ], [ 103.811079707704394, 1.322443438942005 ], [ 103.811079707169753, 1.322443438367728 ], [ 103.811211563368829, 1.322321018970061 ], [ 103.810976572270192, 1.322064628703923 ], [ 103.810629326121074, 1.321685687905273 ], [ 103.810722574645226, 1.321604084029813 ], [ 103.811646214567958, 1.322634866864412 ], [ 103.811561581020754, 1.322702925808327 ] ], [ [ 103.812165475100443, 1.322404150036773 ], [ 103.81205688327519, 1.322282859178172 ], [ 103.811856600590474, 1.322464499464915 ], [ 103.812056807448826, 1.322282774520855 ], [ 103.811128256863782, 1.32124651158068 ], [ 103.811232393649121, 1.321154081750361 ], [ 103.811987566568163, 1.322010426557303 ], [ 103.812302697186198, 1.322385971346362 ], [ 103.812327291897176, 1.322585101298111 ], [ 103.81223848590713, 1.322485685743489 ], [ 103.812038000206229, 1.322667099813364 ], [ 103.812238268447686, 1.322485442600499 ], [ 103.812165475100443, 1.322404150036773 ] ], [ [ 103.81128299958165, 1.320802700374035 ], [ 103.811283205506314, 1.320802516001257 ], [ 103.811283205715668, 1.320802516234585 ], [ 103.81128299958165, 1.320802700374035 ] ], [ [ 103.81253652196915, 1.320521867698346 ], [ 103.812532715144158, 1.320517495515664 ], [ 103.812595596826071, 1.320456158343212 ], [ 103.811839496820625, 1.319670958401017 ], [ 103.811746787871911, 1.319761390191932 ], [ 103.811731788519992, 1.319750521736373 ], [ 103.811813160556824, 1.319646989902787 ], [ 103.811738062895216, 1.31958719992099 ], [ 103.811756664781143, 1.319525443948934 ], [ 103.811761122403851, 1.319528972899886 ], [ 103.811927800000035, 1.319315699998882 ], [ 103.811823055615648, 1.319565727112511 ], [ 103.811894455621555, 1.319596027114764 ], [ 103.811999200000187, 1.319345999999883 ], [ 103.811930929072133, 1.319608499394564 ], [ 103.812027243832134, 1.319633874105298 ], [ 103.812041752695322, 1.319638867553732 ], [ 103.812043847508534, 1.319640536858802 ], [ 103.812044434588287, 1.319639790568627 ], [ 103.81205919913377, 1.319644872015645 ], [ 103.812016907117737, 1.319668935272999 ], [ 103.812051507113694, 1.319730535275925 ], [ 103.812286200000699, 1.31959699999989 ], [ 103.812087133302384, 1.319779990297375 ], [ 103.812810866540985, 1.320577525023209 ], [ 103.813282762621824, 1.32110877824333 ], [ 103.813227409624361, 1.321155168884295 ], [ 103.812601452005552, 1.32046243513302 ], [ 103.81253652196915, 1.320521867698346 ] ], [ [ 103.813526638680528, 1.321190843828633 ], [ 103.813529471169161, 1.321188295160201 ], [ 103.813531546561478, 1.321191220569316 ], [ 103.813528969774794, 1.321193661372619 ], [ 103.813526638680528, 1.321190843828633 ] ], [ [ 103.813611028937487, 1.321114909608696 ], [ 103.813611513205899, 1.321114473865284 ], [ 103.813611932069477, 1.32111507722813 ], [ 103.813611463039535, 1.321115521505249 ], [ 103.813611028937487, 1.321114909608696 ] ], [ [ 103.813808621800717, 1.320852903888675 ], [ 103.81378201470919, 1.320856589170111 ], [ 103.813211888847917, 1.32021475055586 ], [ 103.813010899976476, 1.320395600020928 ], [ 103.813209966680546, 1.320212609628844 ], [ 103.812505862943354, 1.319436706238228 ], [ 103.812499098939995, 1.319424663967872 ], [ 103.812488636059399, 1.319393107483178 ], [ 103.812232900000467, 1.319479000000551 ], [ 103.812480880450394, 1.31937253470029 ], [ 103.812459180445515, 1.319321334702013 ], [ 103.812211199999808, 1.319427800000207 ], [ 103.812378552462562, 1.319215063128554 ], [ 103.812340152463747, 1.319184463131816 ], [ 103.812172799999885, 1.3193972 ], [ 103.812260031346256, 1.31914045251007 ], [ 103.812192331352293, 1.319117152512029 ], [ 103.812105099999869, 1.319373900000422 ], [ 103.812173370902954, 1.319111400600032 ], [ 103.812086151422932, 1.319088422097311 ], [ 103.812065967586506, 1.31907985668757 ], [ 103.812052406932452, 1.319069121170727 ], [ 103.812020228963391, 1.319037862574784 ], [ 103.811841088632832, 1.319224665387902 ], [ 103.811841160511619, 1.319224346620805 ], [ 103.812017473975914, 1.319035223823135 ], [ 103.812008162483195, 1.319026430321863 ], [ 103.812038634157389, 1.319002573090813 ], [ 103.811892262866081, 1.3188131934977 ], [ 103.811892310382504, 1.318812340162282 ], [ 103.812042490757634, 1.318999496365308 ], [ 103.812149890760381, 1.318912196357908 ], [ 103.811980499910291, 1.318701099888091 ], [ 103.81214998956041, 1.318912116010481 ], [ 103.812287889564274, 1.318799916001094 ], [ 103.812213575421751, 1.318707394244548 ], [ 103.812226768452874, 1.318707139716117 ], [ 103.812301196241748, 1.318788347110552 ], [ 103.81234571240158, 1.318747017787436 ], [ 103.812425087091626, 1.31867359923243 ], [ 103.812483203248362, 1.318601879099511 ], [ 103.812484150524838, 1.318600900594033 ], [ 103.812529354853808, 1.318554052465999 ], [ 103.812580086757265, 1.318437241168216 ], [ 103.81258736633464, 1.318313488124336 ], [ 103.812571228193178, 1.318257264943416 ], [ 103.812552180165227, 1.318192078380414 ], [ 103.812465928062181, 1.318080073292158 ], [ 103.812338708293709, 1.318009149381313 ], [ 103.812265780832135, 1.318002687455387 ], [ 103.812188597738867, 1.317995943300265 ], [ 103.812047858829686, 1.318044066926878 ], [ 103.811935104440138, 1.318151988978836 ], [ 103.811953531226735, 1.31797460489328 ], [ 103.811962487666435, 1.317899156556099 ], [ 103.811978467464186, 1.317765098370574 ], [ 103.811985138862354, 1.317724463462242 ], [ 103.811988784548276, 1.317702589330191 ], [ 103.811457015461244, 1.317612810640768 ], [ 103.811454665164035, 1.317626912417137 ], [ 103.811292534494967, 1.317531624443334 ], [ 103.811258992746318, 1.317511012195539 ], [ 103.811128383903167, 1.317726307406666 ], [ 103.811128361720023, 1.317726274629581 ], [ 103.811258557286507, 1.317510745163536 ], [ 103.811141693221927, 1.317439234304537 ], [ 103.810793547479506, 1.317223539659272 ], [ 103.810391165006024, 1.316974150530074 ], [ 103.810249800000491, 1.317205199999323 ], [ 103.810291660410485, 1.316937147190304 ], [ 103.810273960411777, 1.316934347190541 ], [ 103.810232099999936, 1.317202400000138 ], [ 103.810149555942402, 1.316944087442357 ], [ 103.810132255944168, 1.316949687441528 ], [ 103.810214800000068, 1.317208000000751 ], [ 103.810090979057193, 1.317092282571776 ], [ 103.810082276835772, 1.317077069287713 ], [ 103.809917759615502, 1.316772608858327 ], [ 103.809757113576353, 1.316468366533305 ], [ 103.809751508354736, 1.316453229996602 ], [ 103.809756481228476, 1.316462621078141 ], [ 103.809994399998928, 1.316335000001072 ], [ 103.809776315240924, 1.316494527230211 ], [ 103.809852715236104, 1.31660032723656 ], [ 103.810070800004979, 1.316440799995484 ], [ 103.809859196728084, 1.316608937189976 ], [ 103.809910496726275, 1.316674337194498 ], [ 103.810333703245504, 1.316338062787242 ], [ 103.810285729136439, 1.316276902818078 ], [ 103.810242071479337, 1.316216444970882 ], [ 103.810260397586461, 1.316203334197904 ], [ 103.810308174924842, 1.316169218309315 ], [ 103.810332333142313, 1.316156652923631 ], [ 103.810333394211895, 1.316157946533004 ], [ 103.8103393328945, 1.316153012150499 ], [ 103.810353473814288, 1.316145657049891 ], [ 103.810351892202789, 1.316142576765737 ], [ 103.810351948011302, 1.316142530395864 ], [ 103.810353537463428, 1.316145623933554 ], [ 103.810416548114631, 1.316112828915377 ], [ 103.810352229357619, 1.316178630985155 ], [ 103.810372529357792, 1.316198730987019 ], [ 103.810561599999957, 1.316005300000047 ], [ 103.810372982145083, 1.316199178259203 ], [ 103.810524682145115, 1.316348678270454 ], [ 103.81071329999989, 1.316154799999977 ], [ 103.810543202004823, 1.316365319354735 ], [ 103.810634102007029, 1.316439719360935 ], [ 103.810804199999737, 1.316229200000018 ], [ 103.81067156089631, 1.316465432554154 ], [ 103.810827160905831, 1.316553932562078 ], [ 103.811092439068972, 1.316081467430067 ], [ 103.81095664651086, 1.316004233234382 ], [ 103.810893038940478, 1.315952171595196 ], [ 103.810750444530683, 1.315811645142929 ], [ 103.810740320160122, 1.315801620520692 ], [ 103.810714746081715, 1.315770441736694 ], [ 103.810714279036503, 1.315754700648578 ], [ 103.810702134024552, 1.315755065674956 ], [ 103.81070204099953, 1.315754952263166 ], [ 103.81070199112358, 1.315754865056639 ], [ 103.810714272587745, 1.315754486144084 ], [ 103.810712799202875, 1.315706110201243 ], [ 103.810759112262403, 1.315467313438614 ], [ 103.810782396967383, 1.315408922845013 ], [ 103.810826587864398, 1.315445892702709 ], [ 103.810844903212669, 1.315484764987074 ], [ 103.81108849999994, 1.315368500000135 ], [ 103.810885154752683, 1.315546660661508 ], [ 103.810928054751642, 1.315596260664874 ], [ 103.811131399999098, 1.315418100000974 ], [ 103.810986172039065, 1.315646709634107 ], [ 103.811084072043556, 1.315709709640194 ], [ 103.811374527929544, 1.315252490350423 ], [ 103.811313806038669, 1.315213414978517 ], [ 103.811298596759372, 1.315181134991495 ], [ 103.811278528384506, 1.315190713321421 ], [ 103.811276627934305, 1.315189490355751 ], [ 103.811274686006271, 1.315192547230187 ], [ 103.811224572835968, 1.315216465481992 ], [ 103.811194994539733, 1.315183809183102 ], [ 103.811264887509495, 1.315127098396247 ], [ 103.811232687508891, 1.315086898399234 ], [ 103.811160367353537, 1.315145578590215 ], [ 103.811136629491017, 1.315119370495176 ], [ 103.811195133895467, 1.315048530907867 ], [ 103.811086281212525, 1.314957465372995 ], [ 103.811144235682193, 1.314885484689807 ], [ 103.811046042098226, 1.314805398708969 ], [ 103.811082383977919, 1.314724980776497 ], [ 103.811358465525743, 1.314208459270292 ], [ 103.811461101198375, 1.314082791668625 ], [ 103.811472261069909, 1.314148452252336 ], [ 103.811737999999849, 1.314102700000594 ], [ 103.811493294892415, 1.314216582683904 ], [ 103.811526673945437, 1.314289237105275 ], [ 103.81156915182271, 1.314381788922978 ], [ 103.811813899995371, 1.314268000002876 ], [ 103.811573238830931, 1.31439030106393 ], [ 103.811656786234067, 1.314556838299423 ], [ 103.811715973926937, 1.314713618560411 ], [ 103.811737453118909, 1.314866547815871 ], [ 103.811614438280742, 1.314684057076873 ], [ 103.811529938284977, 1.314741757071868 ], [ 103.811681299996167, 1.314966299995843 ], [ 103.811506837265142, 1.314759430660524 ], [ 103.811331137269292, 1.314909530647996 ], [ 103.811680062759166, 1.315323269339623 ], [ 103.811774936462669, 1.315242219009574 ], [ 103.81179864789749, 1.315505447952991 ], [ 103.811809972436947, 1.315759176826693 ], [ 103.812348627560922, 1.315734823143929 ], [ 103.812337027532962, 1.315474923144736 ], [ 103.812067700000355, 1.315487100000439 ], [ 103.812336197918981, 1.315462599884528 ], [ 103.812302455483945, 1.315088014164071 ], [ 103.812389408689327, 1.315127079064861 ], [ 103.812499299437292, 1.314879301269834 ], [ 103.812389481790632, 1.315127111893914 ], [ 103.812471681796822, 1.315164011898122 ], [ 103.812581500414751, 1.314916199062826 ], [ 103.812471780938893, 1.315164056379226 ], [ 103.812591980948497, 1.315217956384476 ], [ 103.812811419030197, 1.314722243610004 ], [ 103.812691268196986, 1.314668365658867 ], [ 103.812609154715631, 1.314631504497945 ], [ 103.812486991298215, 1.314576620934556 ], [ 103.812377100228474, 1.314824399484072 ], [ 103.812486811431611, 1.31457654020584 ], [ 103.812421930039733, 1.314547448551153 ], [ 103.812421924183013, 1.314547445924829 ], [ 103.812369902403873, 1.314524115547042 ], [ 103.812351474542197, 1.314515783800948 ], [ 103.812261165065109, 1.314718120543776 ], [ 103.812261129227679, 1.314717865386938 ], [ 103.812350794593911, 1.314515477513123 ], [ 103.812297094597838, 1.314491377515276 ], [ 103.812245591356202, 1.314607627880561 ], [ 103.812245579712766, 1.314607629537258 ], [ 103.81229707745716, 1.31449136982351 ], [ 103.812190892121691, 1.314443723866579 ], [ 103.812155819823943, 1.314350822100699 ], [ 103.811903800004146, 1.314447199998339 ], [ 103.81214446115851, 1.314324898904206 ], [ 103.812056678330023, 1.314149919150996 ], [ 103.812016148148743, 1.314061611056466 ], [ 103.811771399550494, 1.314175400208802 ], [ 103.812016105091033, 1.314061517288857 ], [ 103.811997710504883, 1.314021478782131 ], [ 103.811953038889769, 1.313758647723914 ], [ 103.811689180407754, 1.313804076249707 ], [ 103.811689202220279, 1.313804050465557 ], [ 103.811952515169281, 1.313755666513926 ], [ 103.811919881739044, 1.313575764379703 ], [ 103.811982660745002, 1.313522397046898 ], [ 103.811908485639449, 1.313434007684096 ], [ 103.811903889192124, 1.313414993742298 ], [ 103.811995311759659, 1.313510934691018 ], [ 103.812044262933298, 1.313463683207107 ], [ 103.812370739674506, 1.313200311386528 ], [ 103.812460685610887, 1.313374136535675 ], [ 103.812699800001241, 1.31324879999913 ], [ 103.812479308273552, 1.313404939283212 ], [ 103.812576408266523, 1.31354383929209 ], [ 103.812796899999725, 1.313387700000564 ], [ 103.812603911822976, 1.313577171136987 ], [ 103.812679411823169, 1.313655071142908 ], [ 103.812872400000401, 1.313465599999837 ], [ 103.812727693955907, 1.31369454458193 ], [ 103.81275458687837, 1.313711763155366 ], [ 103.812661346407452, 1.313878530888389 ], [ 103.812803207244315, 1.31395887567668 ], [ 103.812741438498875, 1.314277934842579 ], [ 103.812803138505132, 1.314290034844631 ], [ 103.812854700000074, 1.314023700000096 ], [ 103.81292954983536, 1.314284376264614 ], [ 103.8129711498392, 1.314272276263412 ], [ 103.812896299999906, 1.314011600000062 ], [ 103.81313125361747, 1.314144669089747 ], [ 103.813210152884281, 1.314003551654932 ], [ 103.81323806591206, 1.314021435679245 ], [ 103.813348421653757, 1.314097984968194 ], [ 103.813420478493242, 1.314165778906965 ], [ 103.813449847067318, 1.314205842733134 ], [ 103.813676861039099, 1.314576957045102 ], [ 103.813706517266823, 1.314625533204533 ], [ 103.813895124972561, 1.315059205988722 ], [ 103.814142100003821, 1.314950399997846 ], [ 103.813901405199871, 1.315072634140893 ], [ 103.813939105194081, 1.315147834144714 ], [ 103.814179799999906, 1.315025599999971 ], [ 103.813999284916079, 1.315227140538489 ], [ 103.814154342127651, 1.315367824746663 ], [ 103.814269362428362, 1.315489898631225 ], [ 103.814493447274586, 1.315727782564126 ], [ 103.814493454044197, 1.315727789750258 ], [ 103.814597247273511, 1.315837982572357 ], [ 103.814792899921684, 1.315651300074876 ], [ 103.814597276265914, 1.315838013346296 ], [ 103.814696816041973, 1.315943657371504 ], [ 103.81471701359618, 1.315979600120323 ], [ 103.814825181167421, 1.316315767021858 ], [ 103.814759643806525, 1.316338677395031 ], [ 103.814777076604926, 1.316389193029011 ], [ 103.814774551922724, 1.316390011809185 ], [ 103.814756531633549, 1.3163397868797 ], [ 103.814707831637762, 1.31635748687808 ], [ 103.81471582931124, 1.316379777453661 ], [ 103.814715752979438, 1.316379766193748 ], [ 103.814707761579371, 1.316357512352601 ], [ 103.814694156327306, 1.316362461454507 ], [ 103.814566156937957, 1.316258204966012 ], [ 103.814557493206806, 1.316116083155746 ], [ 103.814403396419564, 1.316125598829714 ], [ 103.814259855826919, 1.31600861951919 ], [ 103.814153320960131, 1.316141041289104 ], [ 103.814130120405935, 1.31614247394951 ], [ 103.814214885958549, 1.315978919592997 ], [ 103.814118885965016, 1.315928519597991 ], [ 103.813994200001233, 1.316169099998389 ], [ 103.814086982034524, 1.315914331303666 ], [ 103.814000782042086, 1.315882531306592 ], [ 103.813908000000424, 1.316137299998041 ], [ 103.813934721482667, 1.315867292504154 ], [ 103.813541002676871, 1.315827821948015 ], [ 103.813451582806394, 1.31581526350825 ], [ 103.813355637863182, 1.315801771250788 ], [ 103.813033368093755, 1.315756375509798 ], [ 103.81299600000051, 1.316025099999977 ], [ 103.813006057320578, 1.315753945261874 ], [ 103.812971639824596, 1.315752652118754 ], [ 103.812907623122499, 1.31575015925638 ], [ 103.812897200000037, 1.316021300000389 ], [ 103.812822225316509, 1.315760660070495 ], [ 103.81277692532106, 1.315773860069131 ], [ 103.812851900000254, 1.316034500001203 ], [ 103.81270888602198, 1.315804480824644 ], [ 103.812669986024943, 1.315828980822854 ], [ 103.812813, 1.316059000000673 ], [ 103.81264438969491, 1.315847271805425 ], [ 103.812617806525964, 1.315868716219351 ], [ 103.812606524126878, 1.315877761590909 ], [ 103.812774500000458, 1.316090000000602 ], [ 103.812531367473213, 1.315972754614264 ], [ 103.812515467471286, 1.316006154612649 ], [ 103.81275860000008, 1.316123400000556 ], [ 103.812515354291477, 1.316006392658556 ], [ 103.81250685428968, 1.316024292657219 ], [ 103.8127501000005, 1.316141300000057 ], [ 103.812485761275553, 1.316087959245869 ], [ 103.812475761269923, 1.316138159244744 ], [ 103.812740099999914, 1.316191500000059 ], [ 103.812472853624541, 1.316227270254159 ], [ 103.812477253620884, 1.316260570254655 ], [ 103.812744499998843, 1.316224800000145 ], [ 103.812492198774052, 1.316320429682537 ], [ 103.812503498771505, 1.316350629683964 ], [ 103.81275579999982, 1.316255000000486 ], [ 103.812521926636066, 1.316389983363998 ], [ 103.812541381181788, 1.316424128080486 ], [ 103.812601775365749, 1.316530660744192 ], [ 103.812652566056784, 1.316627392781112 ], [ 103.812656909650627, 1.316638429057407 ], [ 103.812668175776778, 1.316667121613083 ], [ 103.812674571074268, 1.316699437690141 ], [ 103.812675579412272, 1.316710748631201 ], [ 103.812676179996942, 1.316710694396036 ], [ 103.812676178077538, 1.316710705941139 ], [ 103.812675580420333, 1.316710759937575 ], [ 103.812675785922423, 1.316713064052344 ], [ 103.812658799570158, 1.316815206589727 ], [ 103.812924700415834, 1.316860000069859 ], [ 103.812658745212303, 1.316815534687331 ], [ 103.812648580233514, 1.316877122464451 ], [ 103.81264830181361, 1.316878792980941 ], [ 103.812626727862138, 1.316974162764417 ], [ 103.812889599999622, 1.317034399999959 ], [ 103.812620001136906, 1.317034892054918 ], [ 103.812620100687653, 1.317090145931398 ], [ 103.812620100685677, 1.317111499985042 ], [ 103.812889700000085, 1.317111500000424 ], [ 103.81262609794976, 1.317168414526827 ], [ 103.812638097943861, 1.317224714527927 ], [ 103.81290169999987, 1.317167800000361 ], [ 103.812655019392068, 1.317277280955892 ], [ 103.812729019378523, 1.31744618096296 ], [ 103.812975699999939, 1.317336700000418 ], [ 103.812758939219719, 1.317498044904676 ], [ 103.812772239219271, 1.317516144906215 ], [ 103.812989000000229, 1.317354799999922 ], [ 103.812772533004505, 1.317516543954116 ], [ 103.812817233001653, 1.317577143958462 ], [ 103.813033699999863, 1.317415400000477 ], [ 103.81291244021331, 1.317657747971275 ], [ 103.812956228165547, 1.317679941865755 ], [ 103.812977928167101, 1.31769094186639 ], [ 103.813164853524668, 1.317317402177563 ], [ 103.813250166970263, 1.317253656022015 ], [ 103.813218343024687, 1.31721051215501 ], [ 103.813220471808961, 1.317206258127032 ], [ 103.813212059819122, 1.317201993984931 ], [ 103.813210259344501, 1.317199553072099 ], [ 103.813159514164369, 1.317083730654923 ], [ 103.813159286716441, 1.317082663542607 ], [ 103.813159254268086, 1.317064656159544 ], [ 103.813175772140184, 1.316991637205228 ], [ 103.812912899998935, 1.3169314 ], [ 103.813178784471503, 1.316976289344533 ], [ 103.813180384469888, 1.31696668934439 ], [ 103.81291449995426, 1.3169217999919 ], [ 103.813180454803771, 1.316966265285677 ], [ 103.813190627677571, 1.316904629594855 ], [ 103.813213300425716, 1.316768293378956 ], [ 103.812947400000141, 1.316723500000384 ], [ 103.813215919578624, 1.316699240033313 ], [ 103.813212620582277, 1.316662251339577 ], [ 103.813212619892255, 1.316662243603636 ], [ 103.813212619574202, 1.316662240033202 ], [ 103.813210320579742, 1.316636451340052 ], [ 103.812941799996267, 1.316660700000257 ], [ 103.813206205495874, 1.316607695257157 ], [ 103.813194966913258, 1.316550905635226 ], [ 103.813192427676853, 1.316537916471437 ], [ 103.812927899999963, 1.316590300000522 ], [ 103.813178630289499, 1.316490572672057 ], [ 103.813158330284523, 1.316438872673404 ], [ 103.812907600482831, 1.316538599808203 ], [ 103.813158250493046, 1.31643866969987 ], [ 103.813148450490772, 1.316413769700838 ], [ 103.812897800000158, 1.316513699999954 ], [ 103.81313616197157, 1.316386919414643 ], [ 103.813097556121264, 1.316313393714634 ], [ 103.813280931931359, 1.316339224493919 ], [ 103.813318300000262, 1.316070499999722 ], [ 103.813280993718337, 1.316339233189885 ], [ 103.813376993728554, 1.316352733191387 ], [ 103.813414300000446, 1.316083999999654 ], [ 103.813377040946449, 1.31635273982709 ], [ 103.813471740955833, 1.316366039828699 ], [ 103.813509, 1.316097299999716 ], [ 103.813482278469166, 1.316367307489593 ], [ 103.813847289069102, 1.316403900033782 ], [ 103.813885009063455, 1.316417815298538 ], [ 103.81394154988007, 1.316447499228082 ], [ 103.81410367820628, 1.316579626740867 ], [ 103.814116113008623, 1.316589773539012 ], [ 103.814285900000229, 1.31637900000039 ], [ 103.814116300540405, 1.316589926425116 ], [ 103.814405800547974, 1.31682572644413 ], [ 103.814495997883284, 1.316713550361267 ], [ 103.814529145623382, 1.316702850912335 ], [ 103.814449387934189, 1.316854679494075 ], [ 103.814488287936811, 1.316875379496644 ], [ 103.814588387028849, 1.316684828538968 ], [ 103.814597019296201, 1.316691411630889 ], [ 103.814534220377723, 1.316894597199782 ], [ 103.81455562038029, 1.316901297200064 ], [ 103.814616013173193, 1.316705896633712 ], [ 103.814625383916862, 1.316713042898868 ], [ 103.814596604827003, 1.316910675475019 ], [ 103.8146488048328, 1.316918375475155 ], [ 103.814673375645171, 1.316749642079985 ], [ 103.814720130794285, 1.316785298226477 ], [ 103.814750714202106, 1.316913775935147 ], [ 103.814764814203045, 1.316910375934639 ], [ 103.814738347055851, 1.316799190207126 ], [ 103.814750123385423, 1.316808171004382 ], [ 103.814779371244256, 1.316906429474239 ], [ 103.814805571246737, 1.316898529472819 ], [ 103.814787059473389, 1.316836338991948 ], [ 103.814803790354858, 1.316849098199981 ], [ 103.814819838432825, 1.316893787646639 ], [ 103.814848648430143, 1.31688330760602 ], [ 103.814849781397712, 1.316884171622741 ], [ 103.814851104466754, 1.316882414188056 ], [ 103.814891004759957, 1.316867899895208 ], [ 103.814938115683631, 1.316850777444148 ], [ 103.815003473680918, 1.316827929772927 ], [ 103.815062244683176, 1.316984985766141 ], [ 103.81509152718381, 1.3171069600909 ], [ 103.815092519706724, 1.317248511269459 ], [ 103.815053030212496, 1.317714747550069 ], [ 103.814826034875153, 1.317750211302724 ], [ 103.814766255792463, 1.317476841311529 ], [ 103.814761613273788, 1.317455406716314 ], [ 103.814316800607003, 1.317552999292808 ], [ 103.814342276471038, 1.317272939203215 ], [ 103.814073799999946, 1.317248199999757 ], [ 103.814343319042109, 1.317241578284081 ], [ 103.81434201903599, 1.317187978283707 ], [ 103.814072500000478, 1.317194600000233 ], [ 103.81430315179486, 1.317054113444645 ], [ 103.814274951791901, 1.317007213446981 ], [ 103.814044300000347, 1.317147699999133 ], [ 103.814137822503355, 1.316893205695874 ], [ 103.813964822517775, 1.316828805702462 ], [ 103.813828193320163, 1.317200602257072 ], [ 103.813802980963075, 1.317201221686502 ], [ 103.813803899911917, 1.317239110843759 ], [ 103.813800563464255, 1.317275788844145 ], [ 103.813777777462533, 1.317337794293201 ], [ 103.81379436150543, 1.317343967775306 ], [ 103.813747589618728, 1.317858136994285 ], [ 103.81372225413152, 1.318042610868568 ], [ 103.813713360071432, 1.318048111141878 ], [ 103.813720004072906, 1.318058994094985 ], [ 103.81371643984842, 1.318084946081004 ], [ 103.813737649029477, 1.318087896744026 ], [ 103.813737787046108, 1.318088122817282 ], [ 103.813716409633798, 1.31808516674754 ], [ 103.813712109631012, 1.318116666746903 ], [ 103.813729111556711, 1.318119017773854 ], [ 103.813729058746844, 1.318119158857934 ], [ 103.813712088446437, 1.318116822271223 ], [ 103.813707888442636, 1.318147722270656 ], [ 103.81371785335638, 1.318149094307868 ], [ 103.81368420000048, 1.318239000000549 ], [ 103.813675187549805, 1.317967808049418 ], [ 103.813393069556838, 1.317977305289168 ], [ 103.813302920211555, 1.317980284637978 ], [ 103.813024490263516, 1.317982061851029 ], [ 103.813026199988258, 1.318253398100891 ], [ 103.813024426083587, 1.317982062268318 ], [ 103.812933826093314, 1.317982662268224 ], [ 103.812937373907218, 1.318525337730933 ], [ 103.813027505733984, 1.318524740832048 ], [ 103.813022651327685, 1.318776331602937 ], [ 103.813292199563108, 1.318781599991788 ], [ 103.813022646186653, 1.318776605118023 ], [ 103.813022348594643, 1.318792873411301 ], [ 103.813020020009589, 1.318913803951511 ], [ 103.812976513417212, 1.318903065437034 ], [ 103.812912300406865, 1.319166598328701 ], [ 103.812976462962737, 1.31890305298804 ], [ 103.812821162977855, 1.318864752992434 ], [ 103.812692837008527, 1.319391847005465 ], [ 103.81284810999189, 1.319430140343155 ], [ 103.813029186586292, 1.319474834566209 ], [ 103.813093399999843, 1.319211299999022 ], [ 103.813104823066183, 1.31948239992758 ], [ 103.813137623069196, 1.319480999927332 ], [ 103.813126199999303, 1.319209899980781 ], [ 103.813137898988515, 1.319480988007348 ], [ 103.813156198990924, 1.319480188007529 ], [ 103.813144500000647, 1.3192091 ], [ 103.813274644857543, 1.319446733788022 ], [ 103.813317544860169, 1.319422933786073 ], [ 103.813187400000373, 1.319185300000227 ], [ 103.813317547729255, 1.319422932194415 ], [ 103.813332147730804, 1.319414832192815 ], [ 103.813202, 1.31917720000027 ], [ 103.813397825538829, 1.319363699216756 ], [ 103.813463825539102, 1.319293499212246 ], [ 103.813268000000733, 1.319107 ], [ 103.813524434824572, 1.319190755465673 ], [ 103.813531334822017, 1.319169355464313 ], [ 103.81327490000011, 1.319085600000261 ], [ 103.813531565768983, 1.319168635779137 ], [ 103.813543765765885, 1.31913043577795 ], [ 103.81328710000048, 1.319047400000368 ], [ 103.813556649679882, 1.319052617472259 ], [ 103.813556949269383, 1.319036938859006 ], [ 103.813561448882595, 1.318803257643225 ], [ 103.813291899991398, 1.318797999999483 ], [ 103.813561453816817, 1.318802994852091 ], [ 103.813561751308242, 1.318786731880881 ], [ 103.813567005069061, 1.31851444060773 ], [ 103.81363947126799, 1.318512001099584 ], [ 103.813666952544366, 1.318522421377444 ], [ 103.813671253538971, 1.318510931177937 ], [ 103.813693212451781, 1.318510191950179 ], [ 103.813691444430333, 1.31845699076767 ], [ 103.813761999999514, 1.318268500001556 ], [ 103.813689379403229, 1.318529814263366 ], [ 103.813736979407693, 1.318543214265 ], [ 103.81380960000034, 1.318281899999943 ], [ 103.813825085589954, 1.318552795618292 ], [ 103.813869985594863, 1.318550195618905 ], [ 103.813854499999493, 1.318279299999854 ], [ 103.8139956399543, 1.318510488849739 ], [ 103.814064039958296, 1.318468188846246 ], [ 103.813922900000335, 1.318237000000126 ], [ 103.814076230942973, 1.31839125011044 ], [ 103.814064158143637, 1.318397512802924 ], [ 103.814076858142172, 1.318422312803461 ], [ 103.814096816798596, 1.318411959369327 ], [ 103.814113580569355, 1.318428823630686 ], [ 103.814127980568855, 1.318414323629582 ], [ 103.814115827481956, 1.318402097690398 ], [ 103.814115945948359, 1.318402036236125 ], [ 103.814128076373166, 1.318414227112012 ], [ 103.814165776373059, 1.318376227109123 ], [ 103.814165750049298, 1.318376200654445 ], [ 103.814165801771921, 1.318376173823252 ], [ 103.814165815524149, 1.318376187638433 ], [ 103.814165858309906, 1.318376144494242 ], [ 103.814316500000601, 1.318298 ], [ 103.814163043131018, 1.318521097871119 ], [ 103.814178543131121, 1.318531897871841 ], [ 103.814332, 1.318308799999773 ], [ 103.814248245835998, 1.31856671769364 ], [ 103.814262942102602, 1.318571551992175 ], [ 103.814275338841838, 1.318575684239074 ], [ 103.814360100000329, 1.318318100000272 ], [ 103.814360099998424, 1.318589443607216 ], [ 103.814386300001416, 1.31858944360725 ], [ 103.814386300000479, 1.318318100000265 ], [ 103.81444571119151, 1.318582773091918 ], [ 103.81448661119623, 1.318573473090838 ], [ 103.814427200000196, 1.318308800000087 ], [ 103.814614889318861, 1.318503589113314 ], [ 103.814669189318707, 1.318450589109249 ], [ 103.814481500000568, 1.318255800000054 ], [ 103.814705211719271, 1.318407229104382 ], [ 103.814744380523322, 1.318348612463389 ], [ 103.814753421170096, 1.318342997904722 ], [ 103.814861169903182, 1.318293908546295 ], [ 103.814982599272753, 1.318274937496115 ], [ 103.814927977646278, 1.318497228039045 ], [ 103.814770993059525, 1.318828151110563 ], [ 103.814757520208417, 1.318853682989725 ], [ 103.814658041841696, 1.319042041995372 ], [ 103.814840740938607, 1.319139783627888 ], [ 103.814840736195052, 1.319139796489727 ], [ 103.81465801457837, 1.319042093630769 ], [ 103.814584114569115, 1.319182093623894 ], [ 103.814803970737572, 1.319299652654521 ], [ 103.814803970429352, 1.319299654769828 ], [ 103.814584102308189, 1.319182116854215 ], [ 103.814417613287162, 1.319497595994533 ], [ 103.814365136712894, 1.319596984879785 ], [ 103.814041489189776, 1.320161481665054 ], [ 103.814230407752106, 1.320271201731134 ], [ 103.814228368089587, 1.320275711846763 ], [ 103.814029673379792, 1.320184578682134 ], [ 103.813975973371171, 1.320303178676457 ], [ 103.814192181250988, 1.320402344418273 ], [ 103.814190988337657, 1.320408437301476 ], [ 103.813959029740786, 1.320352859817661 ], [ 103.813941029733257, 1.320428959815334 ], [ 103.814175949944257, 1.320485246904619 ], [ 103.814174864313202, 1.320490791833223 ], [ 103.81393386743828, 1.320482247452791 ], [ 103.813931767432038, 1.320542247452461 ], [ 103.81416966262158, 1.320550681865512 ], [ 103.814169148960247, 1.320557177651109 ], [ 103.813935270183464, 1.320596418749584 ], [ 103.813973790604194, 1.320828982038544 ], [ 103.813808621800717, 1.320852903888675 ] ], [ [ 103.814678212701125, 1.321069899411966 ], [ 103.814687082129396, 1.321059881598937 ], [ 103.814728120133339, 1.32086716382202 ], [ 103.814695032041129, 1.320772344247461 ], [ 103.814694119595643, 1.320758676996129 ], [ 103.814709117130192, 1.320569016904266 ], [ 103.814725124085101, 1.320487260222595 ], [ 103.814726616933839, 1.320483959223443 ], [ 103.814745217159086, 1.320455504288079 ], [ 103.814800827754539, 1.320397057824364 ], [ 103.814930415849659, 1.320281842845063 ], [ 103.815013484106643, 1.320159070760198 ], [ 103.815036346756287, 1.320006984337238 ], [ 103.815057571446019, 1.31995398123177 ], [ 103.815069390805803, 1.319929118496485 ], [ 103.815071219177213, 1.319926975501384 ], [ 103.815083688501076, 1.319914151935715 ], [ 103.815147040813116, 1.319868568036449 ], [ 103.815194780554606, 1.319823523278226 ], [ 103.815263328196124, 1.319762074415984 ], [ 103.815329339019087, 1.319624128694704 ], [ 103.81534351334227, 1.319508519273934 ], [ 103.815342042648496, 1.319430305561552 ], [ 103.815340438927677, 1.31935798572983 ], [ 103.815343723613765, 1.319335453382668 ], [ 103.815405386202642, 1.319168275471414 ], [ 103.815529118586454, 1.318869652050158 ], [ 103.8155599796399, 1.318790981639717 ], [ 103.81556254830943, 1.318672822236538 ], [ 103.815525970246014, 1.318529970127336 ], [ 103.81548474898112, 1.318491825080636 ], [ 103.81552091461559, 1.318344643708194 ], [ 103.815259200000341, 1.318279500000394 ], [ 103.815525927463455, 1.318319000835291 ], [ 103.815565327435834, 1.318049500831263 ], [ 103.815298600000645, 1.31801 ], [ 103.815567225142914, 1.318033047447996 ], [ 103.815630825063295, 1.317282147439637 ], [ 103.815362199999797, 1.317259099999508 ], [ 103.815631792620479, 1.317257185097949 ], [ 103.81563049260123, 1.317071785097659 ], [ 103.815360900002261, 1.317073699999353 ], [ 103.815622958033813, 1.317009970694468 ], [ 103.815582458016664, 1.316841270698206 ], [ 103.815320400000019, 1.316905 ], [ 103.815572698600675, 1.316809363132654 ], [ 103.815416232167962, 1.316391232089368 ], [ 103.815221584603293, 1.315786300123259 ], [ 103.814965100001857, 1.315869899998927 ], [ 103.815199767269149, 1.315736319755268 ], [ 103.815149867263187, 1.315647519759423 ], [ 103.814915200000769, 1.315781100000343 ], [ 103.815110823706945, 1.315594386627386 ], [ 103.814988536323881, 1.315464600029128 ], [ 103.814884752696003, 1.315354417419836 ], [ 103.814689106146844, 1.315541094134838 ], [ 103.814884745927273, 1.315354410233705 ], [ 103.814660645925073, 1.315116510251156 ], [ 103.814464998029464, 1.315303201879912 ], [ 103.814660623651079, 1.315116486608183 ], [ 103.814538323649543, 1.314986686617667 ], [ 103.814342700002442, 1.315173399997087 ], [ 103.814523215052475, 1.314971859436646 ], [ 103.814397775222247, 1.314858047248445 ], [ 103.8143861174036, 1.314834793461916 ], [ 103.814192974970396, 1.314390694004138 ], [ 103.813946000001096, 1.314499499999608 ], [ 103.814175700924679, 1.314357444460525 ], [ 103.814136200921482, 1.314292744464101 ], [ 103.813906499770738, 1.314434800141641 ], [ 103.814136077237606, 1.314292542072667 ], [ 103.813903077215215, 1.313911642093865 ], [ 103.813673499996113, 1.314053900002776 ], [ 103.813890444140924, 1.313892805329135 ], [ 103.813839644137886, 1.313823505333358 ], [ 103.813622700000423, 1.313984599999978 ], [ 103.813806805601033, 1.313786376942591 ], [ 103.813702005602579, 1.313687776949898 ], [ 103.813517899997564, 1.313886000003272 ], [ 103.813670891610542, 1.313662578863539 ], [ 103.813539991616707, 1.313571778872022 ], [ 103.813386999996055, 1.313795200005568 ], [ 103.813531777009885, 1.313566300865459 ], [ 103.813259577023686, 1.313391900881658 ], [ 103.813114800651562, 1.313620798969594 ], [ 103.81325950600538, 1.313391855395159 ], [ 103.813043524558353, 1.31325357025219 ], [ 103.813004966194299, 1.313213786196206 ], [ 103.812930621999215, 1.313107438023939 ], [ 103.812706034892173, 1.312673411992061 ], [ 103.812602137117466, 1.312416637358647 ], [ 103.812663926509401, 1.312079627521316 ], [ 103.812683053259434, 1.311993178355779 ], [ 103.812623284657789, 1.311979782917597 ], [ 103.812623481802774, 1.311969656685775 ], [ 103.812674403358145, 1.311978525401479 ], [ 103.812674529745635, 1.311979259510591 ], [ 103.812676572690037, 1.311978903221456 ], [ 103.812685550729327, 1.311980466874696 ], [ 103.812686105407735, 1.311977240715747 ], [ 103.812799529758223, 1.311957459508392 ], [ 103.812770625619535, 1.311789572554 ], [ 103.812797971812827, 1.31181499725147 ], [ 103.812844452412833, 1.311945536083283 ], [ 103.812890752417289, 1.31192883608134 ], [ 103.8128760735637, 1.311887611136122 ], [ 103.8129151934655, 1.31192398225137 ], [ 103.813058977913357, 1.311968530078831 ], [ 103.813164119930008, 1.311963138180374 ], [ 103.813290457216112, 1.311923302097872 ], [ 103.813417585248899, 1.311778979358569 ], [ 103.814028871099424, 1.311257460702607 ], [ 103.814052937098751, 1.311239739375177 ], [ 103.814081376196981, 1.311226970031395 ], [ 103.814145725148677, 1.311210394280177 ], [ 103.814252703305186, 1.311190633206531 ], [ 103.814261979953883, 1.311186738764145 ], [ 103.814258746994554, 1.311214403632685 ], [ 103.814341078086485, 1.311224149918764 ], [ 103.814534321071804, 1.311555999539732 ], [ 103.814662821079935, 1.311480199533204 ], [ 103.814526500001165, 1.311246100000292 ], [ 103.814726163522323, 1.311428429717336 ], [ 103.814853457827084, 1.311287223457425 ], [ 103.814941379702404, 1.311223539500159 ], [ 103.814825576306347, 1.311061585414174 ], [ 103.814839151625662, 1.311054550287766 ], [ 103.814860428619355, 1.311046184774139 ], [ 103.815019449902266, 1.31113529641525 ], [ 103.815029849901521, 1.311116496414201 ], [ 103.814886256287309, 1.311036030062823 ], [ 103.814911692041932, 1.311026029440317 ], [ 103.815147735899927, 1.31094461141384 ], [ 103.815195252950531, 1.310928249871915 ], [ 103.815260492416755, 1.310906310935203 ], [ 103.8153480106252, 1.31084942409812 ], [ 103.815418740215293, 1.310771944374372 ], [ 103.815467740044554, 1.310679226118656 ], [ 103.815492217065596, 1.310576599525519 ], [ 103.815489864615699, 1.310471327865644 ], [ 103.815461706918484, 1.310370429488372 ], [ 103.815408771588224, 1.310279263101071 ], [ 103.815334999438988, 1.310204905463943 ], [ 103.815245420500119, 1.310151508248828 ], [ 103.815145388480076, 1.310122429173127 ], [ 103.815041638750216, 1.310119232402763 ], [ 103.814940085469132, 1.310142220108365 ], [ 103.814847547947892, 1.310189943860573 ], [ 103.814816340940212, 1.310217761342752 ], [ 103.814718990926238, 1.310183148003915 ], [ 103.814588266970446, 1.310180053945793 ], [ 103.814482774587006, 1.310221449691907 ], [ 103.814361513513347, 1.31030880363414 ], [ 103.814304807139109, 1.31048735010548 ], [ 103.814284512462152, 1.310480178415235 ], [ 103.814204315570549, 1.310710069462186 ], [ 103.814199008859532, 1.310706953895035 ], [ 103.81423023864069, 1.310467157788701 ], [ 103.814154438648131, 1.310457157790294 ], [ 103.814127383074236, 1.310664902437952 ], [ 103.814120271949932, 1.310660727501112 ], [ 103.814117594067724, 1.310656401907817 ], [ 103.814112381725849, 1.31045494833451 ], [ 103.814062781731209, 1.310456248334271 ], [ 103.814068388036475, 1.310672928485263 ], [ 103.814062016398523, 1.310674105457514 ], [ 103.814030663813611, 1.31045903058039 ], [ 103.813953463821292, 1.310470430578888 ], [ 103.813985681660228, 1.310691441035945 ], [ 103.813975186963788, 1.310694144381603 ], [ 103.813894296793009, 1.310486237496827 ], [ 103.813761596804511, 1.310538537492097 ], [ 103.813840349554937, 1.310740950728666 ], [ 103.813833703685404, 1.310743934768016 ], [ 103.813728562682442, 1.310554231961927 ], [ 103.813628462689877, 1.310610431957233 ], [ 103.813734519141363, 1.31080178649538 ], [ 103.813727499424132, 1.310806955559744 ], [ 103.813590895372187, 1.310635909846118 ], [ 103.813162595385677, 1.310982409817727 ], [ 103.813306372092057, 1.311162436647673 ], [ 103.813303734434129, 1.311164686966082 ], [ 103.813145139036777, 1.310997823691957 ], [ 103.812794497026331, 1.311335419781328 ], [ 103.81283164863143, 1.311110498915672 ], [ 103.812565699974058, 1.3110659999961 ], [ 103.812832355189045, 1.311105986882493 ], [ 103.812924004302531, 1.31048688122814 ], [ 103.812973200223311, 1.310181094620875 ], [ 103.812983674206279, 1.310136394612362 ], [ 103.812995445736988, 1.310086345564131 ], [ 103.813026332565983, 1.309994342216064 ], [ 103.813081658489935, 1.309891549588848 ], [ 103.813123181282577, 1.309826502182885 ], [ 103.813183773394073, 1.309752534321664 ], [ 103.813351360771364, 1.30962405646549 ], [ 103.813188000000125, 1.30940820000007 ], [ 103.813354619848866, 1.309621518104576 ], [ 103.813746919861856, 1.309311118078779 ], [ 103.813580299999643, 1.309097799999785 ], [ 103.813777932602875, 1.30928235734597 ], [ 103.813959632600813, 1.309085257331736 ], [ 103.813762000000196, 1.308900700000608 ], [ 103.81398293115808, 1.30905620824469 ], [ 103.814148931148026, 1.308817308230467 ], [ 103.813928000000402, 1.308661800000059 ], [ 103.814168369902205, 1.308784678886688 ], [ 103.814493256772394, 1.308140895563945 ], [ 103.815043435180328, 1.307073007772023 ], [ 103.815037053989826, 1.307069677462814 ], [ 103.815079997862952, 1.307028254759121 ], [ 103.81514651147404, 1.306963756707173 ], [ 103.815274250085182, 1.306979408089219 ], [ 103.815473741397994, 1.306995770859637 ], [ 103.815424560497803, 1.307089759767494 ], [ 103.815901639525762, 1.307342640209878 ], [ 103.816079339503545, 1.307003040193504 ], [ 103.816010604552446, 1.306966606564736 ], [ 103.816431216791187, 1.30693433451239 ], [ 103.816621296600417, 1.306913687197035 ], [ 103.816662348123188, 1.306908394023219 ], [ 103.816762100000645, 1.307114299999766 ], [ 103.816543779455785, 1.30695510089947 ], [ 103.816467979451431, 1.307060400893214 ], [ 103.816686300000427, 1.307219600000063 ], [ 103.816463079995259, 1.307067439079378 ], [ 103.816362679987819, 1.307216639069803 ], [ 103.816585899999893, 1.307368800000285 ], [ 103.816351557893512, 1.307234644142193 ], [ 103.816320757890523, 1.307289144139534 ], [ 103.816555100322816, 1.307423300184998 ], [ 103.816320678171323, 1.307289285298564 ], [ 103.816111349775639, 1.30766020397036 ], [ 103.816049523297821, 1.307768723859096 ], [ 103.816283399998952, 1.307903699999227 ], [ 103.816022174300784, 1.307836602134292 ], [ 103.815997287781272, 1.30793474893229 ], [ 103.81597980120992, 1.30800359603361 ], [ 103.816241000000218, 1.308070800000278 ], [ 103.815974038828742, 1.30803293995844 ], [ 103.815955841811984, 1.308162918547965 ], [ 103.815951345754655, 1.30819499039726 ], [ 103.816218300003015, 1.308232899999936 ], [ 103.815948710231964, 1.308235067378416 ], [ 103.815949310223758, 1.308310667378106 ], [ 103.816488489776546, 1.308306332592983 ], [ 103.81648804958661, 1.308250869513401 ], [ 103.816489754249901, 1.308238709573666 ], [ 103.816487951045701, 1.308238453505088 ], [ 103.816487950647073, 1.308238403246826 ], [ 103.81648976119331, 1.308238660015432 ], [ 103.816505884695317, 1.308123492051052 ], [ 103.816519698797407, 1.30806910393664 ], [ 103.816258500000401, 1.308001899999971 ], [ 103.816519725722202, 1.308068997840372 ], [ 103.816535544593677, 1.308006611744998 ], [ 103.81657937672091, 1.307929676113655 ], [ 103.816345500000324, 1.307794700000162 ], [ 103.816579921876226, 1.307928714698953 ], [ 103.816789481676992, 1.307557385870114 ], [ 103.816815030792199, 1.307512177200231 ], [ 103.816907125673978, 1.307375319050261 ], [ 103.816940861446753, 1.307328453917055 ], [ 103.81700270702089, 1.307298103406922 ], [ 103.81716101040017, 1.30727028408395 ], [ 103.817173571852862, 1.307269224683982 ], [ 103.817279957370559, 1.307260525494273 ], [ 103.817481852502283, 1.307284219787617 ], [ 103.817745318197083, 1.307349968634794 ], [ 103.817810199999983, 1.30708660000057 ], [ 103.817765072310706, 1.307354115245935 ], [ 103.817990372333881, 1.307392615249479 ], [ 103.818035500000093, 1.307125099999846 ], [ 103.818021894628714, 1.307396097893906 ], [ 103.81820279464749, 1.307405297895156 ], [ 103.818216400000438, 1.307134299999902 ], [ 103.818258414506914, 1.307402328394868 ], [ 103.818343336376913, 1.307388843637526 ], [ 103.818378819727002, 1.307388843637026 ], [ 103.818363848683362, 1.307407602532284 ], [ 103.81832914862953, 1.30747355560429 ], [ 103.818290847090708, 1.307573917898378 ], [ 103.81827933119321, 1.307712389363847 ], [ 103.818303287032876, 1.307794189824076 ], [ 103.818290378340748, 1.30785753553591 ], [ 103.818249454132484, 1.30799015709575 ], [ 103.818225374535402, 1.308050112024804 ], [ 103.818197090269123, 1.30811554575941 ], [ 103.818042779592389, 1.30841306490367 ], [ 103.817953079951863, 1.3085484865524 ], [ 103.818074787169479, 1.308630149221447 ], [ 103.818068064297094, 1.308642589378842 ], [ 103.81795161052456, 1.308836742763474 ], [ 103.817922128857973, 1.308882685795184 ], [ 103.81814407495942, 1.309026958565617 ], [ 103.818144050169991, 1.309027006618884 ], [ 103.817920684533107, 1.308884961337873 ], [ 103.817886784529932, 1.308938961334198 ], [ 103.818114700000436, 1.30908389999991 ], [ 103.817881539667212, 1.308947673981097 ], [ 103.817825499100095, 1.309044837122631 ], [ 103.817762686928759, 1.309149917249748 ], [ 103.817993699999917, 1.309289799999952 ], [ 103.817748218884049, 1.309177622882937 ], [ 103.817693318875087, 1.30929932287792 ], [ 103.81793879999843, 1.309411499999443 ], [ 103.817684045744201, 1.309322704108232 ], [ 103.817655245736248, 1.309406404104761 ], [ 103.817910000002328, 1.309495200000756 ], [ 103.817646293812075, 1.309438780034286 ], [ 103.817627634639308, 1.309527125462086 ], [ 103.817586823455443, 1.309692805161868 ], [ 103.817848499993943, 1.309758099998465 ], [ 103.817583059740883, 1.309710626507216 ], [ 103.817546159719825, 1.309919626503437 ], [ 103.817811598796311, 1.309967099784455 ], [ 103.817546145692091, 1.309919706021423 ], [ 103.817532045683677, 1.309999706020367 ], [ 103.817797499996473, 1.310047099999313 ], [ 103.817528087879182, 1.310037010395045 ], [ 103.817523987867233, 1.310147910395005 ], [ 103.817793399999942, 1.310158000000755 ], [ 103.817523981152135, 1.310148093709686 ], [ 103.817520306738658, 1.310249323501542 ], [ 103.817512520634182, 1.310325394549524 ], [ 103.817780699999858, 1.310353200000444 ], [ 103.817511801077572, 1.31033366373285 ], [ 103.817504806036894, 1.310431194445627 ], [ 103.817486503734699, 1.310684596052416 ], [ 103.817471363589107, 1.310766352789421 ], [ 103.817435812531997, 1.310848688032903 ], [ 103.817362005103035, 1.310958874845708 ], [ 103.817139038372332, 1.311257636484406 ], [ 103.817354599999987, 1.311420600000356 ], [ 103.817119820523317, 1.311287220362757 ], [ 103.817057120515855, 1.311399020357078 ], [ 103.81729190000037, 1.311532400000565 ], [ 103.817056993493708, 1.311399247103987 ], [ 103.817041529959326, 1.311426881932134 ], [ 103.816979766615162, 1.311537116489632 ], [ 103.817214599999375, 1.311670399999532 ], [ 103.816961697617216, 1.311576393874871 ], [ 103.816926412726772, 1.311672552671561 ], [ 103.816891129195596, 1.311768607810275 ], [ 103.817144000002486, 1.311862700001314 ], [ 103.816886733647493, 1.311781571157061 ], [ 103.816865533641206, 1.311849671154882 ], [ 103.817122799999709, 1.31193080000046 ], [ 103.816859154245918, 1.311874093456378 ], [ 103.816849854241994, 1.311917893455563 ], [ 103.817113500000147, 1.311974600000666 ], [ 103.816848023963104, 1.311927328276778 ], [ 103.816839023957471, 1.311978528275333 ], [ 103.817104500004206, 1.312025800000229 ], [ 103.816835751358823, 1.312004268388717 ], [ 103.816827468621028, 1.312108992520853 ], [ 103.816817389976393, 1.312194237056272 ], [ 103.817085100003638, 1.312226300000727 ], [ 103.816815506239692, 1.312224641516498 ], [ 103.81681431940531, 1.312420070105539 ], [ 103.816812967109769, 1.312481599261664 ], [ 103.817082500000055, 1.312487600000655 ], [ 103.816813421941177, 1.312504457269949 ], [ 103.816831721909395, 1.312800357271263 ], [ 103.817011124097888, 1.312789118041679 ], [ 103.817012130504153, 1.312791156990899 ], [ 103.816832188018253, 1.31280669578638 ], [ 103.816851324812902, 1.313031181573593 ], [ 103.816852674504148, 1.313050167260073 ], [ 103.816857219054882, 1.313115434857115 ], [ 103.816860407789918, 1.31317379848454 ], [ 103.817115676452389, 1.313159670602131 ], [ 103.817115555008897, 1.31316036987238 ], [ 103.81686144686384, 1.313186963438264 ], [ 103.816914124992337, 1.313696852263248 ], [ 103.816947581117972, 1.314025692395437 ], [ 103.816952484227741, 1.314204269516862 ], [ 103.81693228105992, 1.31438555427388 ], [ 103.817145768383995, 1.314409655145292 ], [ 103.817146324964526, 1.314415697415426 ], [ 103.816930601450636, 1.314415286641032 ], [ 103.816930401440004, 1.314521686641502 ], [ 103.817199999997115, 1.314522199999876 ], [ 103.816932896366737, 1.314559033179822 ], [ 103.816946196356668, 1.314656733180958 ], [ 103.817213299999068, 1.314619899999736 ], [ 103.816951450421911, 1.314684490423443 ], [ 103.816991558985563, 1.314849201731574 ], [ 103.816823075699574, 1.314824629151283 ], [ 103.816791597397156, 1.314829534861219 ], [ 103.81669924881453, 1.314778493193927 ], [ 103.816509362198772, 1.314764233874016 ], [ 103.816357281592346, 1.314812379996006 ], [ 103.816234029749097, 1.314904022515025 ], [ 103.816148271237395, 1.315030339167571 ], [ 103.816110961149263, 1.315163697474573 ], [ 103.816112615858032, 1.31530482173508 ], [ 103.816154375692776, 1.315431119812932 ], [ 103.816226843070851, 1.315536995894177 ], [ 103.816325057868426, 1.31561880074219 ], [ 103.816441482505255, 1.315669949642588 ], [ 103.816572460229551, 1.315688443595732 ], [ 103.816579187700953, 1.315687226047142 ], [ 103.816593805483336, 1.315741520449084 ], [ 103.816562022291933, 1.315795096490911 ], [ 103.816617148866428, 1.315828224090341 ], [ 103.816637704844226, 1.315904574548778 ], [ 103.816528587515705, 1.315883825180423 ], [ 103.816524556420845, 1.315905299226562 ], [ 103.816438324422634, 1.31587443823674 ], [ 103.816347999996665, 1.316130100010304 ], [ 103.816427898655846, 1.315870946216603 ], [ 103.816264598671125, 1.315819946221536 ], [ 103.816184700000449, 1.316079099999932 ], [ 103.816244556897189, 1.315814528659774 ], [ 103.81607122615614, 1.315774805013424 ], [ 103.815983383187501, 1.315750692652341 ], [ 103.815979980568073, 1.315680312312834 ], [ 103.815441419429987, 1.315706687658393 ], [ 103.81544901941291, 1.315863887658541 ], [ 103.815718300000441, 1.315850699999826 ], [ 103.815480898012595, 1.315979292184684 ], [ 103.815519398007126, 1.316051292188417 ], [ 103.815756800000813, 1.315922699999108 ], [ 103.815558862552152, 1.316106926689277 ], [ 103.815601862551347, 1.316153726692757 ], [ 103.815799799999738, 1.315969500000134 ], [ 103.81569584619659, 1.316219861076239 ], [ 103.815778346203288, 1.316254561079752 ], [ 103.815882300000638, 1.31600419999926 ], [ 103.81581136326227, 1.316265982367177 ], [ 103.815934863274137, 1.316299882371034 ], [ 103.816005799997086, 1.316038100013059 ], [ 103.815945943071412, 1.31630267133391 ], [ 103.816114718537406, 1.316341351010665 ], [ 103.816262853078982, 1.316387614706706 ], [ 103.816440975574608, 1.316451361765916 ], [ 103.816531300000435, 1.316195700000503 ], [ 103.816519755587009, 1.316466794731822 ], [ 103.816596255595087, 1.316470094731901 ], [ 103.81660780000027, 1.316198999999221 ], [ 103.816716274695011, 1.316447410622423 ], [ 103.816769174698507, 1.316424010620083 ], [ 103.816660700000398, 1.3161756 ], [ 103.816807852962484, 1.31640295927887 ], [ 103.816868252965818, 1.316363359274973 ], [ 103.816721100000493, 1.316136000000482 ], [ 103.816926537219487, 1.316311712799215 ], [ 103.816966137218799, 1.316264812796355 ], [ 103.816760699999904, 1.316089099999947 ], [ 103.816988828280273, 1.316233700144286 ], [ 103.817010228278605, 1.316199500142654 ], [ 103.816782099999159, 1.316054899999364 ], [ 103.816998359004344, 1.316057307316208 ], [ 103.817024977734064, 1.316073303488261 ], [ 103.817034230341193, 1.316057706620439 ], [ 103.817051682719239, 1.316057900893189 ], [ 103.81705201427792, 1.316027728723152 ], [ 103.817093377727517, 1.315958003481985 ], [ 103.817077736662341, 1.315948604191941 ], [ 103.817086000616115, 1.315944217766462 ], [ 103.817097566835955, 1.315950685632137 ], [ 103.817099159450279, 1.3159478006506 ], [ 103.817178051659752, 1.316129941094739 ], [ 103.817334353879389, 1.316260192952439 ], [ 103.81753125190383, 1.316305838722361 ], [ 103.817727934910863, 1.316258354210009 ], [ 103.817784330063162, 1.316210452899293 ], [ 103.81778463902819, 1.316210573334568 ], [ 103.817812457065344, 1.316229244607346 ], [ 103.817989251329962, 1.316527202114165 ], [ 103.817986906218266, 1.31665196136727 ], [ 103.818007748862286, 1.316740816891262 ], [ 103.818075617599362, 1.316876104930438 ], [ 103.818151706153316, 1.316987562784433 ], [ 103.818210234969342, 1.31701629023308 ], [ 103.81815640636772, 1.317042966352086 ], [ 103.818223416391461, 1.317179938370278 ], [ 103.818039905652441, 1.317496092142876 ], [ 103.818063205654198, 1.317509792144027 ], [ 103.818199200000393, 1.317275500000039 ], [ 103.818123578557632, 1.317535950606401 ], [ 103.818160978561565, 1.317546950607668 ], [ 103.818236599999906, 1.317286500000145 ], [ 103.8182372885978, 1.317557842729138 ], [ 103.818276188601928, 1.317557742729864 ], [ 103.818275499999814, 1.317286399999025 ], [ 103.818373405566774, 1.317486524086121 ], [ 103.818362928067202, 1.317514947081269 ], [ 103.818356350316506, 1.317537213139334 ], [ 103.818342060137681, 1.31755679305023 ], [ 103.81824671044977, 1.317709815227389 ], [ 103.81822776696329, 1.317874342766321 ], [ 103.818280056807112, 1.318044991433828 ], [ 103.818324239958486, 1.318087253584291 ], [ 103.818296740658411, 1.318108081038127 ], [ 103.818245465840036, 1.318129892624726 ], [ 103.818156921383192, 1.318140821874399 ], [ 103.818122518634084, 1.31813845426988 ], [ 103.817864558293095, 1.317935986322631 ], [ 103.817618276048222, 1.317733646563155 ], [ 103.817506808354082, 1.317654939499409 ], [ 103.817237189289202, 1.317534340662214 ], [ 103.817127699999972, 1.317782300000216 ], [ 103.817052300783672, 1.317521784137302 ], [ 103.816923585802655, 1.317559520768913 ], [ 103.816725470261588, 1.317645119948286 ], [ 103.816679716616491, 1.317678556758941 ], [ 103.816666999641157, 1.317666838222981 ], [ 103.816569769772116, 1.317618591584284 ], [ 103.816460704366307, 1.317600915467034 ], [ 103.816350962023463, 1.317616377446445 ], [ 103.816250645446885, 1.317663895823673 ], [ 103.816183455709449, 1.31772551221587 ], [ 103.81605570977365, 1.317885506407782 ], [ 103.816028731273889, 1.318035597977548 ], [ 103.816046189703727, 1.318161933622269 ], [ 103.81610667177533, 1.318284948028912 ], [ 103.816139282253843, 1.318314008095839 ], [ 103.816019308178497, 1.318526330984992 ], [ 103.815978253594537, 1.318675541914706 ], [ 103.815969447224944, 1.318898342453136 ], [ 103.8161033307764, 1.31909414461319 ], [ 103.816513458638397, 1.319468929541401 ], [ 103.816536009121123, 1.319488369613687 ], [ 103.816508327719561, 1.319520902390846 ], [ 103.816917872309205, 1.31987389759301 ], [ 103.816949509715897, 1.319836715483673 ], [ 103.81714963421507, 1.319994487315464 ], [ 103.817194498404547, 1.32002072277617 ], [ 103.81751855707931, 1.320210828411246 ], [ 103.817433831832318, 1.320240537261811 ], [ 103.817316196265011, 1.32038218838229 ], [ 103.817288315898239, 1.320501421390826 ], [ 103.817294817104269, 1.320649649256525 ], [ 103.817372298570035, 1.32078732295758 ], [ 103.817512980895017, 1.320876442986268 ], [ 103.817699845483816, 1.320883694450231 ], [ 103.817898441001873, 1.320870277168624 ], [ 103.81798026478809, 1.320875106802146 ], [ 103.817986086379079, 1.320876253479519 ], [ 103.818005351813028, 1.320882540942769 ], [ 103.818164424902506, 1.320919911129292 ], [ 103.81818557944645, 1.320926837838408 ], [ 103.818231194235068, 1.320933904918787 ], [ 103.818272657455637, 1.320934988924586 ], [ 103.818269085131448, 1.320950735106289 ], [ 103.818285185132936, 1.320954435106617 ], [ 103.818289496994296, 1.320935429174255 ], [ 103.818294199303594, 1.320935552110571 ], [ 103.818294806489092, 1.320912025845533 ], [ 103.818307135632423, 1.320857681126704 ], [ 103.818368521741661, 1.320919647572951 ], [ 103.818372601528694, 1.320959838445852 ], [ 103.818405032629343, 1.320956503627563 ], [ 103.81842108797305, 1.320972710755202 ], [ 103.81870329876638, 1.321144216915928 ], [ 103.818902219125405, 1.321247005887612 ], [ 103.819085718822876, 1.321354941630931 ], [ 103.819156603390198, 1.32141037699921 ], [ 103.819187498129182, 1.321434952361628 ], [ 103.819211834992728, 1.321457446346147 ], [ 103.819225099673332, 1.321473455445604 ], [ 103.81923839750128, 1.321490024110838 ], [ 103.819300691326347, 1.321590150438537 ], [ 103.819349989720891, 1.321694614020135 ], [ 103.819357570180998, 1.321710882856353 ], [ 103.819368868322044, 1.32174215123564 ], [ 103.819434982953055, 1.321971594158544 ], [ 103.819429255461017, 1.322014963636867 ], [ 103.819426175864322, 1.322020946292603 ], [ 103.819355597021442, 1.322038335280701 ], [ 103.818949707463958, 1.322164193267277 ], [ 103.818640760096244, 1.32221568449456 ], [ 103.817528202536181, 1.322348669812452 ], [ 103.817113585981687, 1.322401401347395 ], [ 103.816964629958619, 1.322415031951498 ], [ 103.81683770277013, 1.322428336368501 ], [ 103.816667249522126, 1.322393839875504 ], [ 103.816233171306934, 1.322419932012259 ], [ 103.815904856327208, 1.322431190824381 ], [ 103.815468425875579, 1.322463038996335 ], [ 103.814999232631223, 1.32248627138484 ], [ 103.814863525234273, 1.322500972680924 ], [ 103.814825170312005, 1.322327393826445 ], [ 103.814562, 1.322386300000467 ], [ 103.814825168874364, 1.322327387319531 ], [ 103.814757371787934, 1.322020600652016 ], [ 103.814681378622666, 1.321676531760972 ], [ 103.814616803230066, 1.321384037611367 ], [ 103.814601287916389, 1.321291173960615 ], [ 103.814648439408955, 1.321224018796426 ], [ 103.814681069315796, 1.321103940691156 ], [ 103.814678212701125, 1.321069899411966 ] ], [ [ 103.812628021727392, 1.311736466190768 ], [ 103.812628117192702, 1.311731562691113 ], [ 103.812631996976009, 1.311732211861895 ], [ 103.812632894405837, 1.311737424501552 ], [ 103.812628021727392, 1.311736466190768 ] ], [ [ 103.815138359597029, 1.310649749108333 ], [ 103.815109512759221, 1.310633646587383 ], [ 103.815110829817158, 1.31055292964189 ], [ 103.815208093782275, 1.310560955721336 ], [ 103.815197354139983, 1.310591718435218 ], [ 103.815178876871101, 1.310619527662756 ], [ 103.815154052079649, 1.310641656129502 ], [ 103.815138359597029, 1.310649749108333 ] ], [ [ 103.81511181946415, 1.310492278366702 ], [ 103.81511331455647, 1.310400650484103 ], [ 103.815163223069874, 1.310424690665447 ], [ 103.815199572492048, 1.310468573641346 ], [ 103.81511181946415, 1.310492278366702 ] ], [ [ 103.815054631427344, 1.310507726568953 ], [ 103.815053442073619, 1.310508047849337 ], [ 103.815021933424958, 1.310415352276394 ], [ 103.815023605060446, 1.310414265713517 ], [ 103.815054631427344, 1.310507726568953 ] ], [ [ 103.815067482213294, 1.310549352660421 ], [ 103.815068477377849, 1.310549434779516 ], [ 103.815093458282959, 1.310624684857898 ], [ 103.81509300225963, 1.310624430302125 ], [ 103.815067482213294, 1.310549352660421 ] ], [ [ 103.814581461481652, 1.31100019971375 ], [ 103.814596586436977, 1.311000162682722 ], [ 103.814596598196161, 1.31100029999883 ], [ 103.814581571301545, 1.311000299999577 ], [ 103.814581461481652, 1.31100019971375 ] ], [ [ 103.812865029398779, 1.311652061387162 ], [ 103.812863083733433, 1.311654181274261 ], [ 103.812857399999189, 1.311643199999476 ], [ 103.812865029398779, 1.311652061387162 ] ], [ [ 103.812816258734969, 1.311705199151104 ], [ 103.812812558243252, 1.311709230997985 ], [ 103.812799800000505, 1.311673400000118 ], [ 103.812816258734969, 1.311705199151104 ] ], [ [ 103.812774915463152, 1.311750244445551 ], [ 103.812765601788314, 1.311760392098774 ], [ 103.812753500000198, 1.311690100002275 ], [ 103.812774915463152, 1.311750244445551 ] ], [ [ 103.812299379234773, 1.311023754064355 ], [ 103.81219507552936, 1.311655221960003 ], [ 103.81218850549287, 1.311689062132604 ], [ 103.812246761820788, 1.311700519421688 ], [ 103.812248726106247, 1.31170550534268 ], [ 103.812214104880823, 1.311699475555684 ], [ 103.812213690825175, 1.311698692903237 ], [ 103.812212690173922, 1.311699229163988 ], [ 103.812187449300595, 1.311694833100587 ], [ 103.812184055030045, 1.311714575070008 ], [ 103.812177490827878, 1.311718092901345 ], [ 103.812181988512364, 1.311726594475625 ], [ 103.812163637817321, 1.311833326913408 ], [ 103.812110786911859, 1.311841964718945 ], [ 103.81211236531793, 1.311851747699783 ], [ 103.812067797900539, 1.311827155878752 ], [ 103.812047697897825, 1.311864055877376 ], [ 103.812120864974119, 1.311904428681993 ], [ 103.81213245096275, 1.311976238795361 ], [ 103.812016410352101, 1.31196226546333 ], [ 103.812013469141704, 1.311987007731805 ], [ 103.811950417262281, 1.311931914607002 ], [ 103.811920917262043, 1.311966114604494 ], [ 103.812007010381663, 1.312041340578062 ], [ 103.812006692519688, 1.312044014520252 ], [ 103.811989816828813, 1.312118558105119 ], [ 103.811859527846053, 1.312093946272734 ], [ 103.811851527841753, 1.312136846271042 ], [ 103.811980175042265, 1.312161147967758 ], [ 103.811973960902748, 1.312188597166766 ], [ 103.811846920078651, 1.312190109793898 ], [ 103.81184822006631, 1.312300709793595 ], [ 103.811960157488954, 1.312299376997097 ], [ 103.812063607208813, 1.312323100780965 ], [ 103.812026006059597, 1.312340863636697 ], [ 103.811943718697179, 1.312333647744174 ], [ 103.811939558816874, 1.312381701478568 ], [ 103.811873746996028, 1.312412791104892 ], [ 103.811893146992773, 1.312454391106547 ], [ 103.811935845508927, 1.312434220248639 ], [ 103.812058557438746, 1.3124449810266 ], [ 103.812065156529243, 1.312481873607098 ], [ 103.811937969002358, 1.312504081807543 ], [ 103.811952068993449, 1.312585881809043 ], [ 103.81205813489504, 1.312567361654169 ], [ 103.812048450731922, 1.312595319915746 ], [ 103.81205488832974, 1.31259757872197 ], [ 103.811963589831848, 1.312630147021611 ], [ 103.811975758116589, 1.312664701246249 ], [ 103.811954359063591, 1.312682569762125 ], [ 103.812001642626541, 1.312739931124119 ], [ 103.812015296904221, 1.312780588274405 ], [ 103.812030807179141, 1.312775311671224 ], [ 103.812032654519527, 1.312777552746067 ], [ 103.811744398305109, 1.313010091693675 ], [ 103.811577964559547, 1.313050847951284 ], [ 103.811599064127535, 1.313138129763072 ], [ 103.811569388240784, 1.313163356711534 ], [ 103.811524734616967, 1.313070023396409 ], [ 103.811391234627024, 1.313134723390208 ], [ 103.811492170094297, 1.313345694899075 ], [ 103.811492163455867, 1.313345688765615 ], [ 103.811391212693337, 1.313134734021725 ], [ 103.811325612699036, 1.313166534018622 ], [ 103.811398467113406, 1.313318776411333 ], [ 103.811387275216092, 1.313331046934479 ], [ 103.811288523645757, 1.31318833527777 ], [ 103.811057123656994, 1.313350535264475 ], [ 103.811121146162421, 1.313443057937403 ], [ 103.811084389410638, 1.313437799184726 ], [ 103.811026276520039, 1.313375749684784 ], [ 103.810977058731012, 1.313422443483083 ], [ 103.810611984306547, 1.313370212586905 ], [ 103.810580884283794, 1.313590412583127 ], [ 103.81081283923983, 1.31362359819365 ], [ 103.81080682384281, 1.313635312386853 ], [ 103.8106818881664, 1.313655778345972 ], [ 103.810630155528159, 1.31362446913349 ], [ 103.810603807987675, 1.313668568810299 ], [ 103.810581702536311, 1.313672189946108 ], [ 103.810585950433747, 1.313698458214395 ], [ 103.81047995551414, 1.313875869119507 ], [ 103.810622319776655, 1.313962029674731 ], [ 103.810608528394056, 1.313975671150108 ], [ 103.810632379860124, 1.314000097821086 ], [ 103.810446493694258, 1.313963208671855 ], [ 103.810439793691486, 1.31399740867153 ], [ 103.81067541132775, 1.314044167038979 ], [ 103.810681009288004, 1.314049899999443 ], [ 103.810606140143079, 1.314049899997913 ], [ 103.81056830802936, 1.314026314216024 ], [ 103.810553792355336, 1.314049899995603 ], [ 103.810434701017911, 1.314049899985148 ], [ 103.810434701014685, 1.314083999984959 ], [ 103.810532805791496, 1.314083999993588 ], [ 103.81048540802233, 1.314161014208608 ], [ 103.81051336625201, 1.314178444287088 ], [ 103.810511118719518, 1.314179556016331 ], [ 103.810484151298795, 1.314163076677445 ], [ 103.810421051292749, 1.314267676672092 ], [ 103.810642284357272, 1.314402868476609 ], [ 103.810642123606641, 1.314403169225214 ], [ 103.810416762816587, 1.314275044505584 ], [ 103.810335177365019, 1.314420409784379 ], [ 103.810250348074064, 1.314547981773576 ], [ 103.810474400000516, 1.314698900000056 ], [ 103.810236659040683, 1.314570944006612 ], [ 103.810222462375222, 1.314597663744139 ], [ 103.810138754328449, 1.314517330364413 ], [ 103.81008930535215, 1.31446208453323 ], [ 103.810051868311803, 1.314496028440364 ], [ 103.810039028287704, 1.314496444913623 ], [ 103.810082013171311, 1.31445425458001 ], [ 103.810039788465104, 1.314410676107645 ], [ 103.810072440574658, 1.314396606435701 ], [ 103.810061040572236, 1.314369806437304 ], [ 103.810018111675305, 1.314388304338866 ], [ 103.810016513170964, 1.314386654584615 ], [ 103.81001226605639, 1.314390823194448 ], [ 103.809855157314132, 1.314458520754856 ], [ 103.809896220949341, 1.314432690478094 ], [ 103.809880820948166, 1.314407890479666 ], [ 103.809848783239687, 1.314428043173594 ], [ 103.809973226593272, 1.31425822797367 ], [ 103.809940626594837, 1.314234027976236 ], [ 103.809801997488506, 1.3144232010263 ], [ 103.809798689349819, 1.314399677679796 ], [ 103.80986860034632, 1.314195918532319 ], [ 103.809835800348552, 1.314184518533211 ], [ 103.809788016626555, 1.314323786614872 ], [ 103.809787699996818, 1.314321535138261 ], [ 103.809787699996562, 1.314309856392383 ], [ 103.809786057590003, 1.314309856392175 ], [ 103.80978571696518, 1.314307434296098 ], [ 103.809768886919272, 1.314309831872859 ], [ 103.809790861839275, 1.314173140046454 ], [ 103.809751561843839, 1.314166740046566 ], [ 103.809728618697335, 1.314309454568213 ], [ 103.809690827545552, 1.31430616533824 ], [ 103.809687140126982, 1.314349081507516 ], [ 103.809642771787239, 1.314171444035402 ], [ 103.809609571790659, 1.31417984403481 ], [ 103.809645847155508, 1.314325079682751 ], [ 103.809472768983639, 1.314092077626915 ], [ 103.809391568986356, 1.314153177621671 ], [ 103.809544199186305, 1.314358652130174 ], [ 103.809544071132919, 1.314358569743138 ], [ 103.809390790962297, 1.314153765262158 ], [ 103.809326290964222, 1.314202665258437 ], [ 103.80948339255626, 1.314412575715935 ], [ 103.80947257416166, 1.314409373879932 ], [ 103.809462327214334, 1.314400592824176 ], [ 103.809458438077115, 1.314405190132447 ], [ 103.809454058671463, 1.314403893993827 ], [ 103.80924240070641, 1.314308602366469 ], [ 103.809234000704436, 1.314327502365953 ], [ 103.809398746822083, 1.31440167356962 ], [ 103.80939285191694, 1.314421849937154 ], [ 103.809428371017489, 1.314432362251232 ], [ 103.80921223738271, 1.314407553183387 ], [ 103.809208237379309, 1.314442853182408 ], [ 103.809466529351255, 1.314472501425899 ], [ 103.809467253132837, 1.314473121666012 ], [ 103.809206889155305, 1.314459044236047 ], [ 103.809203489148302, 1.314522744235373 ], [ 103.809382324124016, 1.314532413536139 ], [ 103.809382556024303, 1.314550071242173 ], [ 103.809205732944235, 1.314575122826545 ], [ 103.809211732939701, 1.314618022826755 ], [ 103.80947870000054, 1.314580200000268 ], [ 103.809250874744137, 1.31472528304806 ], [ 103.80927237474188, 1.314759483049916 ], [ 103.809500200000187, 1.314614399999319 ], [ 103.809477366385394, 1.314661675628416 ], [ 103.809423579026031, 1.314695509499105 ], [ 103.809438979025273, 1.314720309500263 ], [ 103.809453440458071, 1.314711212823009 ], [ 103.809382332585145, 1.314858437386729 ], [ 103.809424232587361, 1.314878937388102 ], [ 103.809527847775698, 1.314664408376025 ], [ 103.809542744945276, 1.314655037606682 ], [ 103.809550785785646, 1.314906102747691 ], [ 103.809603185791119, 1.314904402747372 ], [ 103.809594499999179, 1.314633199999345 ], [ 103.809644890210308, 1.314751408234825 ], [ 103.809630486800103, 1.314765545399903 ], [ 103.809649657002154, 1.314785330220315 ], [ 103.809644372449483, 1.314846834660927 ], [ 103.809687156303369, 1.314850558441313 ], [ 103.809700798735278, 1.314882561632238 ], [ 103.809729024539024, 1.314870373217392 ], [ 103.80974499461739, 1.314888215454943 ], [ 103.809784337435246, 1.314852543606767 ], [ 103.809787700003355, 1.31485254360703 ], [ 103.80978770000317, 1.314849494791323 ], [ 103.809821163890234, 1.314819153325743 ], [ 103.809823426480548, 1.314835242034453 ], [ 103.80975925358058, 1.31490297890968 ], [ 103.809860953581278, 1.315000578917195 ], [ 103.810046999999358, 1.31480420000062 ], [ 103.809864512971757, 1.315003933485228 ], [ 103.809927612972402, 1.315062333489938 ], [ 103.810110099998496, 1.314862600001673 ], [ 103.809964480443981, 1.315090957136875 ], [ 103.810028880447874, 1.315132557140577 ], [ 103.810174499999974, 1.3149041999998 ], [ 103.810158477096167, 1.315157992780437 ], [ 103.810062867572938, 1.315178429150994 ], [ 103.809796317289553, 1.315109251261778 ], [ 103.809661682695889, 1.315634748736104 ], [ 103.809989582727184, 1.315719848745068 ], [ 103.81005690000049, 1.315457099999923 ], [ 103.810101001726167, 1.315666104309688 ], [ 103.81004382621326, 1.315695842940849 ], [ 103.810167600000483, 1.315936900000406 ], [ 103.810011600701486, 1.315715595630548 ], [ 103.809948300704406, 1.315760795626223 ], [ 103.810104300000489, 1.315982099999935 ], [ 103.80994810397803, 1.315760936234073 ], [ 103.809922886139802, 1.315778977453321 ], [ 103.809881667907163, 1.315808419048012 ], [ 103.810037700000194, 1.316029700000332 ], [ 103.809814754642119, 1.315877130611123 ], [ 103.809748954637271, 1.315974530605294 ], [ 103.809971899998899, 1.316127099999481 ], [ 103.809709450177778, 1.316065025826471 ], [ 103.809694250171745, 1.3161301258244 ], [ 103.809956700149286, 1.316192200035279 ], [ 103.809694209041623, 1.316130302243838 ], [ 103.80968710903862, 1.316160802243321 ], [ 103.809949599999214, 1.316222700000282 ], [ 103.80969459551504, 1.316299540542871 ], [ 103.809534323551517, 1.315866736339503 ], [ 103.809337864949327, 1.315940431514561 ], [ 103.809305186178179, 1.315684876117369 ], [ 103.80924728618443, 1.315692376115966 ], [ 103.809281700000099, 1.315961499999521 ], [ 103.809029076429127, 1.316056263634271 ], [ 103.809258076374988, 1.316674663656068 ], [ 103.809510700000402, 1.316579900000341 ], [ 103.809272631022338, 1.316707237055185 ], [ 103.809442230999622, 1.317028437070853 ], [ 103.809680300019011, 1.316901099989588 ], [ 103.80944346065553, 1.317030739055081 ], [ 103.809610160634364, 1.317339239069916 ], [ 103.809843812332502, 1.317211344838198 ], [ 103.809843609699087, 1.317211564476593 ], [ 103.809613354902268, 1.317344983350429 ], [ 103.809654487632429, 1.317416891900464 ], [ 103.809529853702756, 1.31755229360552 ], [ 103.809303534616987, 1.317103247861679 ], [ 103.809063100000429, 1.317226000000115 ], [ 103.809299926129256, 1.317096336459874 ], [ 103.809103823652663, 1.316733512084261 ], [ 103.808841530010781, 1.316233573932291 ], [ 103.808636526320626, 1.315830079940255 ], [ 103.808690009953253, 1.315802409361913 ], [ 103.808782485066203, 1.315811467596765 ], [ 103.808808600000319, 1.315541399999631 ], [ 103.808824540222773, 1.315812268900098 ], [ 103.808891640229746, 1.315808268900436 ], [ 103.808875700000073, 1.315537399999352 ], [ 103.808989923501187, 1.315783186399002 ], [ 103.809058323506193, 1.315750986396444 ], [ 103.80886361297938, 1.315332007817968 ], [ 103.808859759773284, 1.315266531099447 ], [ 103.808833900597591, 1.315268072630242 ], [ 103.808829876515262, 1.315259413598699 ], [ 103.80880975238027, 1.315268887241274 ], [ 103.808697914941931, 1.315257932403634 ], [ 103.808671799999445, 1.315528 ], [ 103.808619254226429, 1.315261860102212 ], [ 103.808552254233277, 1.315275260100403 ], [ 103.808604799999401, 1.315541399998597 ], [ 103.808481546121868, 1.31530007325309 ], [ 103.808147546146046, 1.315472873237716 ], [ 103.808224087010231, 1.315622737596293 ], [ 103.808217321617235, 1.315627115384076 ], [ 103.808147916615937, 1.31551523577489 ], [ 103.807945684660979, 1.315642320021097 ], [ 103.807793354492304, 1.315853481121467 ], [ 103.807822531431029, 1.316070687392497 ], [ 103.807912370175487, 1.316192543151896 ], [ 103.80804010789366, 1.316274423657908 ], [ 103.808219899356331, 1.316500315515768 ], [ 103.808240208740088, 1.316530524255542 ], [ 103.808258072451707, 1.316597307080803 ], [ 103.808282462464192, 1.316731943600092 ], [ 103.80829553255009, 1.316823510705298 ], [ 103.80820389834409, 1.317304182714194 ], [ 103.808433298367518, 1.317348482719259 ], [ 103.80848410000074, 1.317081999999776 ], [ 103.808497159211953, 1.317137481745515 ], [ 103.808465462239056, 1.317194273570446 ], [ 103.808517444375397, 1.31722366276503 ], [ 103.808546248315764, 1.317346035593744 ], [ 103.808574348318544, 1.317339335593156 ], [ 103.808551676955076, 1.317243016873678 ], [ 103.808552557407097, 1.317243514655614 ], [ 103.808608236436314, 1.317244725071113 ], [ 103.808822088005144, 1.3176581842509 ], [ 103.80894591947883, 1.317593304020205 ], [ 103.809112465317895, 1.31792375214102 ], [ 103.80911262175016, 1.317923672275401 ], [ 103.808986806274177, 1.318077038558352 ], [ 103.809243946121398, 1.318290723936819 ], [ 103.809166413473577, 1.318387056778713 ], [ 103.808706128248375, 1.317977006583395 ], [ 103.808893350713703, 1.317793903312386 ], [ 103.808764750713053, 1.317660703321867 ], [ 103.808571400000531, 1.317849800000313 ], [ 103.808571399999636, 1.317849799999409 ], [ 103.80875808581068, 1.317654036520507 ], [ 103.808673698935152, 1.317572518064951 ], [ 103.808645037803998, 1.317540663267535 ], [ 103.80844563557342, 1.317722403008424 ], [ 103.808381380124032, 1.317657313443371 ], [ 103.808381117522529, 1.317657576044687 ], [ 103.80825563565746, 1.31752985900239 ], [ 103.808236957943407, 1.317548448055287 ], [ 103.80769745845619, 1.317049299768519 ], [ 103.807635867546537, 1.316993225964623 ], [ 103.807577446759311, 1.316939381476223 ], [ 103.807501873008405, 1.316868348208304 ], [ 103.807439274615078, 1.316811440582139 ], [ 103.807435071304909, 1.31680756812319 ], [ 103.807603646379818, 1.316648270719317 ], [ 103.807564746379086, 1.316606570722131 ], [ 103.807393030303928, 1.316768836255803 ], [ 103.807385589904413, 1.316761981504884 ], [ 103.807066440681339, 1.316458581752457 ], [ 103.80691689454504, 1.316311939435288 ], [ 103.80658551392834, 1.316030134088434 ], [ 103.806659331072098, 1.315940540213042 ], [ 103.807011366068778, 1.316096056378764 ], [ 103.807214066032216, 1.315631256358388 ], [ 103.806967200000116, 1.31552220000041 ], [ 103.807236794440257, 1.315520599015141 ], [ 103.807233694382617, 1.314991799014203 ], [ 103.806964100000144, 1.314993399999383 ], [ 103.807218269599403, 1.314902921274948 ], [ 103.807203369595868, 1.31486052127609 ], [ 103.806957178106799, 1.314948159972144 ], [ 103.806957126746482, 1.314947824294972 ], [ 103.807199684020816, 1.314850648185824 ], [ 103.807062683990765, 1.314504248198161 ], [ 103.806812200002668, 1.314604599998481 ], [ 103.807046030072229, 1.314469540995366 ], [ 103.806908855684838, 1.314228964945407 ], [ 103.806867102883871, 1.314034723745189 ], [ 103.806603600001267, 1.3140920999999 ], [ 103.806829531220558, 1.313944047133227 ], [ 103.806582169501937, 1.313561667565842 ], [ 103.806608196653755, 1.313548969637327 ], [ 103.806490600000515, 1.313304800000013 ], [ 103.806667284411205, 1.313509750282946 ], [ 103.806703584412119, 1.313478050280138 ], [ 103.806526900000605, 1.313273100000624 ], [ 103.806723227826041, 1.313459063008485 ], [ 103.806759227825793, 1.31342056300544 ], [ 103.806754513724584, 1.313416097778641 ], [ 103.80675459572258, 1.313416103402858 ], [ 103.806759264416939, 1.313420523865836 ], [ 103.806762865969674, 1.313416670676275 ], [ 103.806768171367082, 1.313417034584233 ], [ 103.806768845470145, 1.313417600314011 ], [ 103.806769252713323, 1.31341710875641 ], [ 103.806855369088609, 1.313423015655309 ], [ 103.806863469574893, 1.313303385573614 ], [ 103.807114154500653, 1.313000799673109 ], [ 103.80704635450229, 1.312943899677708 ], [ 103.80687370000031, 1.313152300000425 ], [ 103.806892030906582, 1.312881584343833 ], [ 103.806753530921569, 1.312872084345327 ], [ 103.806735200000517, 1.31314279999971 ], [ 103.806727342728195, 1.312871571658375 ], [ 103.806683042733056, 1.31287287165901 ], [ 103.806690900000589, 1.313144100001288 ], [ 103.806589463205412, 1.312892695308811 ], [ 103.806552763208686, 1.312907695307235 ], [ 103.806654200000736, 1.313159100001117 ], [ 103.806519169204805, 1.312924244141703 ], [ 103.806473669208131, 1.312950744138756 ], [ 103.806608700001135, 1.313185600000535 ], [ 103.806412335613217, 1.312999676122523 ], [ 103.806366553031836, 1.313048657482754 ], [ 103.806340554848546, 1.313076461093519 ], [ 103.806047303393015, 1.313219530342714 ], [ 103.806164899999885, 1.313463700000205 ], [ 103.805925441807986, 1.313339030143492 ], [ 103.805884941802418, 1.313417830140227 ], [ 103.806124399999646, 1.313542499999977 ], [ 103.805864051062755, 1.313472032583806 ], [ 103.805843851056025, 1.313547632581607 ], [ 103.806104200000064, 1.3136181 ], [ 103.805835464508405, 1.313596400897854 ], [ 103.805833264504798, 1.31362400089726 ], [ 103.80610200000207, 1.313645699999707 ], [ 103.805834918986363, 1.313682698132866 ], [ 103.805838118983871, 1.313706098132937 ], [ 103.806105199999337, 1.313669100000397 ], [ 103.805848108726508, 1.31375078966392 ], [ 103.805859808723255, 1.313788089664658 ], [ 103.806116900001356, 1.313706400000022 ], [ 103.805873835397804, 1.313823787473531 ], [ 103.806201440287495, 1.314510939850505 ], [ 103.806373993323703, 1.315078673359972 ], [ 103.806631799985354, 1.314999300004774 ], [ 103.80637714080801, 1.315088373290467 ], [ 103.806390336203904, 1.315126588538097 ], [ 103.806416939567114, 1.315218096121709 ], [ 103.806416024504699, 1.315295283610719 ], [ 103.806402403025714, 1.315362688277209 ], [ 103.806359345489298, 1.315454464041033 ], [ 103.806189322989624, 1.315660824953913 ], [ 103.806076898649408, 1.315554740187225 ], [ 103.806007905789016, 1.315486926696554 ], [ 103.80563227255962, 1.315123477801219 ], [ 103.805418262025725, 1.314897101345655 ], [ 103.805401482929994, 1.314880659180971 ], [ 103.805388373684934, 1.314864229691489 ], [ 103.805364572828836, 1.314834783053674 ], [ 103.805265353172729, 1.314717099602053 ], [ 103.805090596827299, 1.314460381855779 ], [ 103.804969506395338, 1.314183734046839 ], [ 103.804855662425879, 1.31390158229703 ], [ 103.804809638250134, 1.313766811121877 ], [ 103.804761360856531, 1.313635480281981 ], [ 103.80466055745957, 1.313361032413271 ], [ 103.804610465203154, 1.313220183693574 ], [ 103.80458443056898, 1.313135143953979 ], [ 103.804523341846732, 1.312965193346201 ], [ 103.804481473519061, 1.312838224876194 ], [ 103.804448823960129, 1.312525356454906 ], [ 103.804370940340448, 1.312533589581952 ], [ 103.804345568442287, 1.312464407958421 ], [ 103.804018889405, 1.311271960664956 ], [ 103.803979074802783, 1.311118477257412 ], [ 103.804300620180356, 1.31103765883378 ], [ 103.804235299999988, 1.310774399999901 ], [ 103.804325019246008, 1.311030277450268 ], [ 103.804454809902865, 1.310984177454873 ], [ 103.804779451386125, 1.310894306598692 ], [ 103.805108051340298, 1.31080510801658 ], [ 103.805409932542304, 1.310718768974851 ], [ 103.805740583406816, 1.310614022346249 ], [ 103.806388723904888, 1.310405115903736 ], [ 103.806305836441425, 1.310144614546791 ], [ 103.806532186209949, 1.310086075809774 ], [ 103.807326075213723, 1.309874939378895 ], [ 103.80725719999856, 1.309612599993726 ], [ 103.807343571128413, 1.309869641817015 ], [ 103.807648008774748, 1.309766016116801 ], [ 103.807911388215956, 1.309682938715534 ], [ 103.808121853231341, 1.309609682345483 ], [ 103.808421993622545, 1.309478054510262 ], [ 103.80831430000103, 1.309229300001285 ], [ 103.808455130706619, 1.30946067949957 ], [ 103.809206230750405, 1.308997579458467 ], [ 103.809070319466784, 1.308774282495073 ], [ 103.809070522303742, 1.308774042217306 ], [ 103.809213497728152, 1.308992936732286 ], [ 103.809238135065129, 1.308976635336451 ], [ 103.809955358450395, 1.308519892561215 ], [ 103.810029093574414, 1.308469861243439 ], [ 103.810101144373746, 1.308589384689208 ], [ 103.810196944379626, 1.308530884684362 ], [ 103.810857860175432, 1.30812699727258 ], [ 103.810975089998507, 1.308053182303669 ], [ 103.811267364418001, 1.307886577969688 ], [ 103.81164511123923, 1.307663463183603 ], [ 103.81181005378491, 1.307574748661496 ], [ 103.812324908235965, 1.30726392195024 ], [ 103.812962454039308, 1.306852664942687 ], [ 103.813139569839393, 1.306778553223781 ], [ 103.813278293283346, 1.306747929947111 ], [ 103.813451791538014, 1.306735313391799 ], [ 103.813626354302784, 1.306745536687212 ], [ 103.813989157879504, 1.306801865445058 ], [ 103.814172302418754, 1.306830356817404 ], [ 103.814342220762526, 1.306856811170627 ], [ 103.814534277680409, 1.306882367323968 ], [ 103.814014064770646, 1.307892092151982 ], [ 103.814253399999899, 1.308017000000493 ], [ 103.81401303016635, 1.307894121121429 ], [ 103.813696210305892, 1.308521918937359 ], [ 103.813551723044526, 1.308729858712799 ], [ 103.813397052909536, 1.30889763791528 ], [ 103.813023000061918, 1.309193600183239 ], [ 103.812832239263628, 1.30933984351165 ], [ 103.812995599999738, 1.309555699999973 ], [ 103.812787584885911, 1.309383087489577 ], [ 103.812696984883701, 1.309493687482005 ], [ 103.812904999999319, 1.30966629999986 ], [ 103.812678180507078, 1.309519629999954 ], [ 103.812622580503003, 1.30960672999527 ], [ 103.812849400000573, 1.30975340000021 ], [ 103.812612348745134, 1.30962415513817 ], [ 103.812541248736366, 1.309756255130526 ], [ 103.812778300002151, 1.309885500001146 ], [ 103.812522887461881, 1.309798640713495 ], [ 103.812480587450636, 1.309924640708862 ], [ 103.812736000000285, 1.310011500000039 ], [ 103.812473651927746, 1.309948994330404 ], [ 103.812458951921997, 1.310011494328677 ], [ 103.812721300000618, 1.310074 ], [ 103.812458899760315, 1.310011716521595 ], [ 103.812446199755243, 1.310065916519948 ], [ 103.812708600005337, 1.310128200000582 ], [ 103.812442467802583, 1.31008482769442 ], [ 103.812391467769743, 1.310401827689013 ], [ 103.812657600000406, 1.310445200000135 ], [ 103.812390944883361, 1.310405213099586 ], [ 103.812299379234773, 1.311023754064355 ] ], [ [ 103.814804100000558, 1.3069481 ], [ 103.814892216670174, 1.30697945128805 ], [ 103.814919921511674, 1.307008546642459 ], [ 103.814804100000558, 1.3069481 ] ], [ [ 103.812446442660217, 1.306384032054515 ], [ 103.812437640027824, 1.306352842490873 ], [ 103.812345852370981, 1.306241248034578 ], [ 103.81221622007314, 1.306176674644049 ], [ 103.812072572510885, 1.306170909524698 ], [ 103.811939264019188, 1.306223366656336 ], [ 103.811837278980562, 1.306326808616725 ], [ 103.811788988393488, 1.306456821700834 ], [ 103.811463146186526, 1.306556345951094 ], [ 103.811265314162043, 1.306589042422632 ], [ 103.811309000015584, 1.306856800094333 ], [ 103.811263862312373, 1.306589286474314 ], [ 103.810716121726387, 1.306682907514201 ], [ 103.810703441996949, 1.306613562735678 ], [ 103.810648087718974, 1.306296510262814 ], [ 103.810706630520158, 1.306283277729238 ], [ 103.810898116485234, 1.306210513062312 ], [ 103.81108624079296, 1.306104670712777 ], [ 103.811175418438694, 1.306040242807795 ], [ 103.811272101351904, 1.305957940349609 ], [ 103.811372714434199, 1.305847186412562 ], [ 103.811387505332377, 1.305803031220332 ], [ 103.811511537675003, 1.305836703832977 ], [ 103.811666407943449, 1.305909673878184 ], [ 103.81174437701813, 1.305960089973005 ], [ 103.811770266715044, 1.305919531115836 ], [ 103.811912731395623, 1.306005348311636 ], [ 103.811974694052836, 1.305901148123699 ], [ 103.812109821144801, 1.305962542760297 ], [ 103.812147721138786, 1.30587804275632 ], [ 103.812022315474124, 1.305821065025161 ], [ 103.812028331384582, 1.305810948301303 ], [ 103.811945238289226, 1.305760895081199 ], [ 103.8121694666618, 1.305732347248207 ], [ 103.812167166660387, 1.305714047248955 ], [ 103.811919757881782, 1.305745546314454 ], [ 103.811911907054423, 1.305740817170399 ], [ 103.812131614869799, 1.305609737657776 ], [ 103.812122014868919, 1.305593437658735 ], [ 103.811893535292995, 1.305729750475628 ], [ 103.811891998986781, 1.30572882504323 ], [ 103.812035822955863, 1.30550351001708 ], [ 103.81194272295987, 1.305443310022753 ], [ 103.811797000000411, 1.3056716 ], [ 103.811911303978334, 1.305425851692132 ], [ 103.811718803992235, 1.305335151701165 ], [ 103.811613676687614, 1.305561170547429 ], [ 103.811610328097302, 1.30555915343867 ], [ 103.811674710964098, 1.305318919571957 ], [ 103.811462910983948, 1.305261419578148 ], [ 103.811406110356188, 1.305473361526079 ], [ 103.811404314376688, 1.305469307984057 ], [ 103.811449647006285, 1.305258178821263 ], [ 103.811265201309041, 1.305218061027428 ], [ 103.811187893018811, 1.305107620621761 ], [ 103.811111641636444, 1.304998717209914 ], [ 103.81112283281378, 1.304876000019071 ], [ 103.81115115520268, 1.304599204280533 ], [ 103.811186969919959, 1.304453015053165 ], [ 103.811205788169289, 1.304402065523555 ], [ 103.811224395593086, 1.304400497375038 ], [ 103.811221081338445, 1.304360659981969 ], [ 103.81124024222909, 1.304308782761372 ], [ 103.811258813443047, 1.304395328473331 ], [ 103.811469513463422, 1.304349528469078 ], [ 103.811412599996004, 1.304084299983988 ], [ 103.811476543686325, 1.304347900928187 ], [ 103.811628743701561, 1.304310500924616 ], [ 103.811604849544864, 1.304211999879867 ], [ 103.811614865491279, 1.304216798476256 ], [ 103.811641458693927, 1.30430704315578 ], [ 103.811681614985659, 1.304295056203828 ], [ 103.811738083510221, 1.30427822156049 ], [ 103.811743715333549, 1.304278529871771 ], [ 103.812069526092912, 1.304434624336954 ], [ 103.812113831442659, 1.304340945763941 ], [ 103.81216154571014, 1.304350137178947 ], [ 103.812446280685165, 1.304438024970762 ], [ 103.812439606417456, 1.304438545045899 ], [ 103.812443806411636, 1.304493145045874 ], [ 103.812549973788265, 1.304484872230604 ], [ 103.81262015807917, 1.304524396586769 ], [ 103.812646303733018, 1.304477365967555 ], [ 103.812650473184803, 1.304477041073752 ], [ 103.812626145272816, 1.304522524643006 ], [ 103.812479222155702, 1.304608047467055 ], [ 103.812510022152409, 1.304661647470264 ], [ 103.812685199299736, 1.304559678189047 ], [ 103.812715505881201, 1.304576098949394 ], [ 103.812612003842787, 1.304762734826046 ], [ 103.812654903845157, 1.304786834828578 ], [ 103.812758770846784, 1.304599540841528 ], [ 103.812759514690939, 1.304599943872356 ], [ 103.812658439356014, 1.304788786220926 ], [ 103.812769839362986, 1.304849186226601 ], [ 103.812856946150049, 1.304686441761349 ], [ 103.812922693885071, 1.304774075454687 ], [ 103.81305118429276, 1.304991484980996 ], [ 103.813207377599966, 1.30527326619747 ], [ 103.813157032033089, 1.305268409085335 ], [ 103.813153432028301, 1.305306209084611 ], [ 103.813245370776997, 1.305315078918281 ], [ 103.813238363091401, 1.305320809659217 ], [ 103.81327412370517, 1.305365106681338 ], [ 103.813158613332945, 1.305390924047088 ], [ 103.813164813330431, 1.305419024047058 ], [ 103.813294546802283, 1.305390027718965 ], [ 103.813318193914967, 1.305418215439824 ], [ 103.813189293092634, 1.305486319469374 ], [ 103.81320259309031, 1.305511819470702 ], [ 103.813337100995383, 1.305440752970173 ], [ 103.813340709145606, 1.305445053939645 ], [ 103.813360018331565, 1.305428644722908 ], [ 103.813441300000648, 1.305385699999696 ], [ 103.813244802238884, 1.305571480477014 ], [ 103.813264402238332, 1.305592480478608 ], [ 103.813379741987646, 1.305483431537789 ], [ 103.813386571308683, 1.305489386847486 ], [ 103.813280025665648, 1.305607913385197 ], [ 103.813333937061998, 1.305657004892331 ], [ 103.813473942778714, 1.305802185368528 ], [ 103.813611552924115, 1.305667756149361 ], [ 103.813607598331373, 1.305674837119262 ], [ 103.813623228398995, 1.305683679628763 ], [ 103.813523565701672, 1.305842700105813 ], [ 103.813681865710052, 1.305943200114147 ], [ 103.813712631244243, 1.305894111033661 ], [ 103.813728302101708, 1.305901629657812 ], [ 103.81369468147652, 1.305935687043261 ], [ 103.813709041811322, 1.305950047379716 ], [ 103.813705753733316, 1.305956708965806 ], [ 103.81376475373763, 1.30598620896893 ], [ 103.813791528152294, 1.305931964491728 ], [ 103.814104161608313, 1.306081960925453 ], [ 103.814150861600851, 1.305983360920888 ], [ 103.813907500001903, 1.305866600000722 ], [ 103.814170022154713, 1.305928359024412 ], [ 103.814183422149313, 1.305870659022721 ], [ 103.814171840156448, 1.30586793432902 ], [ 103.814217399999947, 1.305611400000457 ], [ 103.814215507745175, 1.305882736950669 ], [ 103.814470307772964, 1.305884536951142 ], [ 103.814472200000424, 1.305613199994007 ], [ 103.814488544470095, 1.305884044523837 ], [ 103.814748644497215, 1.305868144522273 ], [ 103.814732299999761, 1.305597299998229 ], [ 103.814842109477794, 1.305845115654399 ], [ 103.814940144793667, 1.305801110930834 ], [ 103.814979342176201, 1.305918524126656 ], [ 103.815490457806746, 1.30574567584658 ], [ 103.815447072369608, 1.305615717686129 ], [ 103.815450409003887, 1.305597707021675 ], [ 103.815468829770111, 1.30553377610574 ], [ 103.815420598269668, 1.305519698356815 ], [ 103.815481899917472, 1.305480574377976 ], [ 103.815550341709212, 1.305454606282694 ], [ 103.815577482618991, 1.305451846618653 ], [ 103.815594367770714, 1.305462901116837 ], [ 103.81561475723521, 1.305480966996751 ], [ 103.815715748147881, 1.3053655061484 ], [ 103.815715775120566, 1.305365489482052 ], [ 103.815614773364928, 1.305480981287636 ], [ 103.81569277336682, 1.305550081292838 ], [ 103.815870900000547, 1.305346400000455 ], [ 103.815694767493554, 1.305551830485747 ], [ 103.815950281179497, 1.305773749473299 ], [ 103.816015764107206, 1.305976445564242 ], [ 103.816161249820581, 1.305928834413325 ], [ 103.816277798464114, 1.306006101653723 ], [ 103.816426099999987, 1.305779500000276 ], [ 103.816292826593866, 1.306015370358789 ], [ 103.816384026599977, 1.306067570363812 ], [ 103.816517300000456, 1.305831700000456 ], [ 103.816398683036553, 1.30607536904529 ], [ 103.816442283039535, 1.306096869047194 ], [ 103.816560900037132, 1.305853199923418 ], [ 103.816443993412136, 1.306097704950409 ], [ 103.816666533051432, 1.306205491406434 ], [ 103.816528177080215, 1.306222011517906 ], [ 103.81592611832086, 1.306277248996755 ], [ 103.815512208808698, 1.306310870318316 ], [ 103.815009002564395, 1.306260530944768 ], [ 103.8148733047706, 1.306237171538795 ], [ 103.814729931300093, 1.306218096998953 ], [ 103.814434322337334, 1.30618215790052 ], [ 103.814333103102243, 1.306165743970221 ], [ 103.814080872033855, 1.306123237622545 ], [ 103.813688295056707, 1.306061499199417 ], [ 103.81343089292929, 1.3060511164004 ], [ 103.813179009113554, 1.306071654797291 ], [ 103.81293808304433, 1.306123230998692 ], [ 103.812639763293404, 1.306238468634465 ], [ 103.812446442660217, 1.306384032054515 ] ], [ [ 103.817144480632521, 1.30583646526863 ], [ 103.817115104022022, 1.305821527067337 ], [ 103.817075433679989, 1.305801342158434 ], [ 103.816953800004939, 1.306043499991083 ], [ 103.817070706536171, 1.305798995025373 ], [ 103.81667866326184, 1.305609109983024 ], [ 103.816643364337494, 1.305591703403455 ], [ 103.816567038038229, 1.305548016641035 ], [ 103.816350125136253, 1.305404211783251 ], [ 103.816048033773953, 1.305141839147877 ], [ 103.81602381057813, 1.305120379882152 ], [ 103.816053715961203, 1.305106532388595 ], [ 103.816678762147887, 1.304921273608475 ], [ 103.816902229243496, 1.304879138397685 ], [ 103.81695359761369, 1.304869740631684 ], [ 103.817024657826749, 1.304859076881637 ], [ 103.816984899999966, 1.304590700000282 ], [ 103.817252924829702, 1.304561429711935 ], [ 103.817250003280478, 1.304534329853126 ], [ 103.817240584952657, 1.304448157644784 ], [ 103.817224234694621, 1.304344074365829 ], [ 103.817118084842178, 1.30421176083051 ], [ 103.816959972952716, 1.304152993581231 ], [ 103.816540787660927, 1.3042191228476 ], [ 103.816435348825294, 1.304275722048421 ], [ 103.816320713942986, 1.304404686276583 ], [ 103.816321417722079, 1.304461458248517 ], [ 103.816036945870849, 1.304545773466496 ], [ 103.816034050962557, 1.304534409416337 ], [ 103.815943567123227, 1.304557758975014 ], [ 103.815785200000576, 1.304530199999709 ], [ 103.815979092620452, 1.304341667266676 ], [ 103.815945592620039, 1.304306767269873 ], [ 103.815751700000419, 1.304495299999461 ], [ 103.815884807790269, 1.304259334970263 ], [ 103.815814662946636, 1.304219252203975 ], [ 103.81565894334274, 1.3041190450772 ], [ 103.81552715851042, 1.304030207984557 ], [ 103.815374440212196, 1.303926798735797 ], [ 103.815205812339613, 1.303812506516869 ], [ 103.815069802212051, 1.303716129134755 ], [ 103.814914600000662, 1.303937999998414 ], [ 103.815046505650756, 1.303701352139599 ], [ 103.81496450565578, 1.303655052144382 ], [ 103.814832599998752, 1.303891700002505 ], [ 103.814916196772074, 1.303633730715213 ], [ 103.814817496781458, 1.303601330718838 ], [ 103.814733900000135, 1.303859300000056 ], [ 103.814792546880312, 1.303594454335243 ], [ 103.814618213996297, 1.303555348842871 ], [ 103.814550854018108, 1.303539769293761 ], [ 103.814297255886444, 1.303267589259732 ], [ 103.814161449311655, 1.303395768285518 ], [ 103.814131477925912, 1.303383920620069 ], [ 103.814210944451247, 1.303205625222195 ], [ 103.814184144452796, 1.303193525223158 ], [ 103.8141041072532, 1.303373101014469 ], [ 103.814066955716001, 1.303358415040241 ], [ 103.814051416956858, 1.30317069315763 ], [ 103.814019216960489, 1.303173393157064 ], [ 103.814034954743107, 1.303363519444217 ], [ 103.814011219799312, 1.303424342556762 ], [ 103.813814148655439, 1.303298125450874 ], [ 103.813718216197088, 1.303449857313362 ], [ 103.813598312141323, 1.303621842848518 ], [ 103.813861591526276, 1.303807779556261 ], [ 103.813843842876835, 1.303853262187203 ], [ 103.814030433303017, 1.303927021238549 ], [ 103.814039687886222, 1.303933557132089 ], [ 103.814041260619206, 1.303931301267009 ], [ 103.814311842916069, 1.304038262205861 ], [ 103.814410400000469, 1.303785700000113 ], [ 103.814350020178111, 1.304050150902843 ], [ 103.814498320192683, 1.304084450906175 ], [ 103.814558700000489, 1.303819999999723 ], [ 103.814500053089517, 1.304084845658147 ], [ 103.814662614077164, 1.30412131053787 ], [ 103.814723807541554, 1.304141398363339 ], [ 103.814770670639717, 1.304167858869726 ], [ 103.814897697766639, 1.30425787086318 ], [ 103.815052900006663, 1.304035999989679 ], [ 103.814902310501807, 1.304261067862655 ], [ 103.81507331050976, 1.304376967872567 ], [ 103.815223900779372, 1.304151898834517 ], [ 103.815073410445621, 1.30437703557404 ], [ 103.815226410452041, 1.304480635582621 ], [ 103.815376900067861, 1.304255499898405 ], [ 103.815226873000015, 1.304480948087392 ], [ 103.81536127300636, 1.304571548095388 ], [ 103.815511300000423, 1.304346100000602 ], [ 103.81536607372874, 1.304574710340631 ], [ 103.815512566153942, 1.304668979693774 ], [ 103.81551174902404, 1.304669190555959 ], [ 103.815531295559595, 1.30474592113685 ], [ 103.815464868912883, 1.304789169500296 ], [ 103.815506552803527, 1.304854025006351 ], [ 103.815499426218466, 1.304859527297704 ], [ 103.815454490865264, 1.304796276622269 ], [ 103.81528796449588, 1.304916119409722 ], [ 103.815212209887463, 1.304984896615433 ], [ 103.815175538430594, 1.305033502566222 ], [ 103.814996224040812, 1.305147944699232 ], [ 103.815140599992063, 1.305377099986639 ], [ 103.814992704030104, 1.30515023002385 ], [ 103.814836306990543, 1.305253509394859 ], [ 103.814667148070782, 1.305329439094292 ], [ 103.814464965608039, 1.305341798574807 ], [ 103.814242243922152, 1.305340225188678 ], [ 103.814057939516488, 1.305307067963794 ], [ 103.813895602723534, 1.305215228026685 ], [ 103.813739127635912, 1.305078778516058 ], [ 103.813701732357742, 1.305034202779567 ], [ 103.813671617332147, 1.304996899010541 ], [ 103.813520236727697, 1.304723800260529 ], [ 103.813284800000432, 1.304856 ], [ 103.813516504855755, 1.304717281823313 ], [ 103.813470037304157, 1.304638657397102 ], [ 103.813984616165968, 1.304217403837796 ], [ 103.813644383861657, 1.303796396151387 ], [ 103.813244775683302, 1.304123530385223 ], [ 103.81321107660176, 1.30411270455487 ], [ 103.813194623079411, 1.304164587176016 ], [ 103.813149647855028, 1.304201405569366 ], [ 103.813123346045927, 1.304183112073696 ], [ 103.813120803032817, 1.304099984892283 ], [ 103.813036903041763, 1.304102584891802 ], [ 103.813037877518966, 1.304134439093924 ], [ 103.812881526145858, 1.304049724548599 ], [ 103.812729841905352, 1.303964303413014 ], [ 103.812598200000423, 1.304201099999982 ], [ 103.812677246382208, 1.303941681694975 ], [ 103.812305646416021, 1.30382698170771 ], [ 103.81222660000104, 1.304086399997036 ], [ 103.812277279828038, 1.3038198938037 ], [ 103.811994879856684, 1.303765493810277 ], [ 103.81196457251454, 1.303924868660445 ], [ 103.811964562091774, 1.303924824346485 ], [ 103.811994834638313, 1.303765485103573 ], [ 103.811923874060184, 1.303751828280917 ], [ 103.811885953947353, 1.303590600743513 ], [ 103.812111239673087, 1.303447823465887 ], [ 103.812206999418692, 1.303387148969558 ], [ 103.812311669146524, 1.30332086813692 ], [ 103.812063500156157, 1.302923871182626 ], [ 103.812234636535138, 1.302714697168466 ], [ 103.812265764240863, 1.302719932540187 ], [ 103.812274642187234, 1.302666461480932 ], [ 103.812316376396424, 1.302616290189077 ], [ 103.812320412336618, 1.302723448894495 ], [ 103.812420012347843, 1.302719648894134 ], [ 103.812414318725502, 1.302568477062655 ], [ 103.812431938029476, 1.302567785567912 ], [ 103.812459302087007, 1.302715230337677 ], [ 103.812509302092138, 1.302705830336689 ], [ 103.812483308398214, 1.302565769463574 ], [ 103.812631904710273, 1.30255993758005 ], [ 103.812622591533028, 1.302319554724513 ], [ 103.81298232503589, 1.302024158740687 ], [ 103.8132487129634, 1.301841072129062 ], [ 103.813414955469241, 1.30190517198153 ], [ 103.813483355453968, 1.301725471974071 ], [ 103.813416484425858, 1.301699687817656 ], [ 103.813442296726521, 1.301676664101116 ], [ 103.813494475214668, 1.301688616575577 ], [ 103.813519926899133, 1.301576063521023 ], [ 103.813574433685233, 1.301489743955956 ], [ 103.813346900000539, 1.30134419999988 ], [ 103.813512984538903, 1.301398103011668 ], [ 103.813514209032462, 1.30140100093516 ], [ 103.813517531601391, 1.301399578768295 ], [ 103.813603487192566, 1.301427475792196 ], [ 103.813616687189409, 1.301386275790548 ], [ 103.813577968814585, 1.301373709680395 ], [ 103.813577974436797, 1.301373707274829 ], [ 103.813616688635207, 1.301386271276875 ], [ 103.813627505924345, 1.301352506189959 ], [ 103.813814170120011, 1.301272607843204 ], [ 103.813957383539147, 1.301266066426117 ], [ 103.814008677085369, 1.301263739264859 ], [ 103.814347587945662, 1.301455226448196 ], [ 103.814380063342327, 1.301397001721235 ], [ 103.814391011902671, 1.301461854152408 ], [ 103.814922588087924, 1.301370945819175 ], [ 103.814896496515814, 1.301216395832876 ], [ 103.814863788173653, 1.301022211119735 ], [ 103.814864125422034, 1.301022080179247 ], [ 103.814869860567683, 1.301053792176535 ], [ 103.815400339422922, 1.300956607795286 ], [ 103.815380529904914, 1.300847072888548 ], [ 103.815533075559969, 1.300799585634557 ], [ 103.815881005650311, 1.300793102462678 ], [ 103.816419821578521, 1.300784207153054 ], [ 103.816415400000594, 1.300512900000011 ], [ 103.816431446250107, 1.30078376259869 ], [ 103.816788046287641, 1.300762362596962 ], [ 103.816772000000199, 1.300491500000025 ], [ 103.816801284889138, 1.300761238069614 ], [ 103.817321384944393, 1.300704038064363 ], [ 103.817293540037753, 1.300447563909417 ], [ 103.81729426846212, 1.300449146037828 ], [ 103.817331311905804, 1.300702758230921 ], [ 103.817431185174485, 1.300687980832435 ], [ 103.817499883031715, 1.300805605495729 ], [ 103.817732300002049, 1.300668099998469 ], [ 103.817517727575009, 1.300832379447404 ], [ 103.817596027570914, 1.300935979454392 ], [ 103.81781059999372, 1.300771700005269 ], [ 103.817603677788782, 1.300945637252575 ], [ 103.817688348270394, 1.301047673354233 ], [ 103.81758625224991, 1.301132035817436 ], [ 103.817437049194325, 1.301209068610857 ], [ 103.817560100298181, 1.301450500584669 ], [ 103.817436902427232, 1.30120914444272 ], [ 103.817395902430164, 1.301230344440346 ], [ 103.817519099963931, 1.301471699930376 ], [ 103.817394675049059, 1.301230983093127 ], [ 103.817133381350018, 1.301367799097791 ], [ 103.816836294998424, 1.301519229503124 ], [ 103.816958099999923, 1.301761300000383 ], [ 103.816835005297378, 1.301519891272587 ], [ 103.816559727277181, 1.301662079916369 ], [ 103.816457008252783, 1.301715109661828 ], [ 103.816441918421319, 1.301624124518176 ], [ 103.815910081570138, 1.301713475453147 ], [ 103.815945743561642, 1.301928502062882 ], [ 103.815949744284666, 1.301970260899504 ], [ 103.815948807684336, 1.301970706828932 ], [ 103.815799796849092, 1.302018610013739 ], [ 103.815768818115288, 1.301843605928727 ], [ 103.815237981874802, 1.301938794042345 ], [ 103.815256530940346, 1.302043580961992 ], [ 103.81496733302528, 1.302029628421099 ], [ 103.814956472775279, 1.301835171598576 ], [ 103.814767648738936, 1.301845854287556 ], [ 103.814767646538499, 1.301845839816799 ], [ 103.814956470048557, 1.301835122857818 ], [ 103.814948570034176, 1.301694122857745 ], [ 103.814746321320129, 1.301705601784224 ], [ 103.814725713213917, 1.301570079579284 ], [ 103.814686439956063, 1.30157612924786 ], [ 103.814647166916217, 1.301582079707911 ], [ 103.814666321434913, 1.301710142292526 ], [ 103.814410229963556, 1.301724677112518 ], [ 103.814418128525858, 1.301865651726484 ], [ 103.814440327179796, 1.302263128373793 ], [ 103.814709499999367, 1.302247900000213 ], [ 103.814510092081775, 1.302430512083329 ], [ 103.814539292081164, 1.302462812086188 ], [ 103.814738700000149, 1.302280199999896 ], [ 103.814686756047692, 1.302546459532498 ], [ 103.814754056054497, 1.302559759533695 ], [ 103.814806000000218, 1.302293500000532 ], [ 103.814793091561413, 1.302564532432448 ], [ 103.815335320855553, 1.302590692643972 ], [ 103.815395057858737, 1.303211458413789 ], [ 103.81593174213593, 1.303159141557917 ], [ 103.815863885763903, 1.302454003713658 ], [ 103.815896628457836, 1.302557178769713 ], [ 103.816129928479157, 1.302482178762567 ], [ 103.816047899999987, 1.302223699999987 ], [ 103.816163185087447, 1.302468983561267 ], [ 103.816246689642341, 1.30242922582093 ], [ 103.816378438594256, 1.302681606177602 ], [ 103.816496349639294, 1.302619253820371 ], [ 103.816770211589926, 1.302851928979591 ], [ 103.816811811589204, 1.30280232897663 ], [ 103.816605800000588, 1.302627300000605 ], [ 103.816872086966526, 1.302669694160242 ], [ 103.816883386959532, 1.302597794158709 ], [ 103.81661710000003, 1.302555400000345 ], [ 103.816855761382286, 1.302429193799003 ], [ 103.816728275712336, 1.302184980341621 ], [ 103.816805844318694, 1.302144934753298 ], [ 103.816682800000478, 1.301903500000467 ], [ 103.816805894706604, 1.302144908734152 ], [ 103.817080550718785, 1.302003041368467 ], [ 103.817378305045608, 1.301851270476058 ], [ 103.81725650000854, 1.301609200016923 ], [ 103.817380924956197, 1.301849916913733 ], [ 103.817642912076863, 1.301712737820494 ], [ 103.817683224068404, 1.301691893570073 ], [ 103.817858050841835, 1.301601631374923 ], [ 103.81773500000061, 1.301360199999815 ], [ 103.817906069451453, 1.301569919659499 ], [ 103.818080911770977, 1.301425446541145 ], [ 103.81818432943416, 1.301500145679911 ], [ 103.818232749078291, 1.301537805404652 ], [ 103.818397600001546, 1.301323099998664 ], [ 103.818273182834673, 1.301563820987186 ], [ 103.818529277171933, 1.301697903884757 ], [ 103.818811498079882, 1.301847498524318 ], [ 103.818830823735198, 1.301859154075714 ], [ 103.818969400006651, 1.301626399989366 ], [ 103.818833733454213, 1.301860884110687 ], [ 103.818979893723323, 1.30194654758244 ], [ 103.819086964623139, 1.302015447970731 ], [ 103.819049845902754, 1.302095228004102 ], [ 103.819294000002557, 1.302210300001192 ], [ 103.819035732966654, 1.30213246175752 ], [ 103.819002918085943, 1.302242756180395 ], [ 103.818951014905153, 1.302346630998313 ], [ 103.81887392036036, 1.302441763474051 ], [ 103.818794358434388, 1.3024968840643 ], [ 103.818778865484106, 1.302502452176144 ], [ 103.818741401194387, 1.302508255194421 ], [ 103.818673374474884, 1.30250957184071 ], [ 103.818569930092892, 1.302506198654288 ], [ 103.818561200000346, 1.302777400002499 ], [ 103.818524622401441, 1.302508565349006 ], [ 103.818391122415477, 1.302526965347351 ], [ 103.818427699999546, 1.302795799999881 ], [ 103.818352403339105, 1.302535254189653 ], [ 103.818244803349245, 1.30256675418683 ], [ 103.818320100000392, 1.30282730000011 ], [ 103.818182225202634, 1.302594124284339 ], [ 103.81808472520845, 1.302652524279029 ], [ 103.818222599998492, 1.302885699998185 ], [ 103.818044413730064, 1.302682071712404 ], [ 103.817972213731224, 1.302746071706996 ], [ 103.818150400000036, 1.302949700000509 ], [ 103.817955553209714, 1.302762166527215 ], [ 103.817770323974088, 1.302957119812544 ], [ 103.817603081764886, 1.303096079693028 ], [ 103.817501401792939, 1.303163048223661 ], [ 103.817369044787696, 1.303247176778843 ], [ 103.817530013222139, 1.303503714182151 ], [ 103.817452044224112, 1.303578507774613 ], [ 103.81746454422354, 1.303591707775391 ], [ 103.817539880460956, 1.303519439720237 ], [ 103.817540093387336, 1.303519779064554 ], [ 103.817464983896386, 1.303592170972999 ], [ 103.817474783895818, 1.303602470974498 ], [ 103.817547813890343, 1.303532083323879 ], [ 103.817547987148089, 1.30353235944652 ], [ 103.817475136019411, 1.303602840364509 ], [ 103.817483258997783, 1.303611345602819 ], [ 103.817536533482794, 1.303667579787028 ], [ 103.81748184898575, 1.303823656407494 ], [ 103.817481847621735, 1.30382366030168 ], [ 103.817268848933196, 1.304431556384987 ], [ 103.817523100000415, 1.304521799999857 ], [ 103.817378267573517, 1.304667518286144 ], [ 103.817333978684886, 1.304680256534773 ], [ 103.8173410062047, 1.304705007557524 ], [ 103.817332431471428, 1.304713634737062 ], [ 103.817347868739887, 1.304729177500439 ], [ 103.817364664443033, 1.304788332199023 ], [ 103.817414267970094, 1.3049852759273 ], [ 103.817675599998793, 1.304918600000639 ], [ 103.817456472890584, 1.30507667233643 ], [ 103.817498772888143, 1.305136072340233 ], [ 103.817717899999835, 1.304978 ], [ 103.817567593848423, 1.305203259687067 ], [ 103.817621593850888, 1.305239759690273 ], [ 103.817771900000622, 1.305014499998117 ], [ 103.817677379485445, 1.305268620395354 ], [ 103.818406179547665, 1.305543220423209 ], [ 103.818500699999689, 1.305289100001838 ], [ 103.818482751155329, 1.305559841621023 ], [ 103.818578051166014, 1.305566241621521 ], [ 103.818596000000227, 1.305295500002453 ], [ 103.818623856089104, 1.305565391328438 ], [ 103.818683156095233, 1.305559191327824 ], [ 103.818655300000088, 1.305289299999702 ], [ 103.818776563216929, 1.305531645969437 ], [ 103.818834763221247, 1.305502145967293 ], [ 103.818713499999276, 1.305259799999373 ], [ 103.818909406245325, 1.305446212216417 ], [ 103.818957406244991, 1.305395112212878 ], [ 103.818761500000178, 1.30520870000043 ], [ 103.819011855107433, 1.305309374806451 ], [ 103.819309304857228, 1.304560075651063 ], [ 103.819331330778169, 1.304606735832202 ], [ 103.819529431595939, 1.304700437153652 ], [ 103.819699840446674, 1.304697065292048 ], [ 103.819694982307084, 1.304716709644984 ], [ 103.819705555251446, 1.304719358353644 ], [ 103.819685598912798, 1.304748226008708 ], [ 103.81982597762395, 1.304846531220451 ], [ 103.819855868428888, 1.304891263256069 ], [ 103.819644300456417, 1.304841775587941 ], [ 103.819631600451061, 1.304896775586066 ], [ 103.819894200000377, 1.304958199999845 ], [ 103.819698401137003, 1.305144726446247 ], [ 103.819720501136956, 1.305168226447403 ], [ 103.819916299999647, 1.304981700000212 ], [ 103.820066755414018, 1.30520685872769 ], [ 103.820135155417034, 1.305160558723391 ], [ 103.820019523825934, 1.304987514367606 ], [ 103.820031200066367, 1.30499024554437 ], [ 103.820033723080229, 1.304992012374496 ], [ 103.820161834052243, 1.305139956271401 ], [ 103.820298634055888, 1.305019956262049 ], [ 103.820210808192513, 1.304918534041317 ], [ 103.820210842457641, 1.304918545319829 ], [ 103.820214332904584, 1.304907803517104 ], [ 103.82031318871887, 1.305006202074288 ], [ 103.82046008871913, 1.304856702063244 ], [ 103.820268400000316, 1.304665900000027 ], [ 103.820474069648455, 1.304841336063872 ], [ 103.82056698701372, 1.304730990663762 ], [ 103.820649133724686, 1.304641193494777 ], [ 103.8204508, 1.304457400000469 ], [ 103.820691623087711, 1.304579375936338 ], [ 103.820761323078045, 1.304439975929135 ], [ 103.8205205000001, 1.304318 ], [ 103.82078791145922, 1.304352488052857 ], [ 103.820814711437635, 1.304141988049777 ], [ 103.820279888569658, 1.304073011921463 ], [ 103.820258949210654, 1.304237479510325 ], [ 103.820226926572957, 1.304301524773881 ], [ 103.820166566303314, 1.304367506482853 ], [ 103.820364900005572, 1.304551300004986 ], [ 103.820303767592847, 1.304499154094566 ], [ 103.820304026555661, 1.304495157264056 ], [ 103.820298669799229, 1.304494805679718 ], [ 103.82015923038216, 1.304375863927548 ], [ 103.820071622718046, 1.304479903693917 ], [ 103.82003500000026, 1.304477499999985 ], [ 103.820177625660861, 1.304247237092695 ], [ 103.820152125662233, 1.304231237094667 ], [ 103.820009499999358, 1.304461500001422 ], [ 103.820035132071752, 1.304191385515213 ], [ 103.819965432079115, 1.304184685516455 ], [ 103.81995680179061, 1.304275632725754 ], [ 103.819878920775864, 1.303996050401526 ], [ 103.819861744494645, 1.303857736253351 ], [ 103.8198750431565, 1.303642892296608 ], [ 103.819908862819744, 1.303482458978846 ], [ 103.819946740719232, 1.30343825337592 ], [ 103.820069400347208, 1.303392898128939 ], [ 103.82016767720323, 1.303363136929868 ], [ 103.820089999999723, 1.303103299998609 ], [ 103.820238797506235, 1.303329571960659 ], [ 103.820303197509148, 1.303286671956717 ], [ 103.820154400000206, 1.303060400000194 ], [ 103.820299431584061, 1.303146920327452 ], [ 103.82030099436119, 1.303163589962093 ], [ 103.820323751643826, 1.303161428748187 ], [ 103.820386319396917, 1.303198754284329 ], [ 103.820413309540669, 1.303152923610865 ], [ 103.820569400000522, 1.303138100000349 ], [ 103.820320840761525, 1.303243185397914 ], [ 103.820330940759661, 1.303267385399359 ], [ 103.820579500000647, 1.303162299999927 ], [ 103.820403787491998, 1.303368094386232 ], [ 103.820453387493274, 1.303410994389674 ], [ 103.820626292078131, 1.303208488636688 ], [ 103.82062600328571, 1.303214881275877 ], [ 103.820546482184739, 1.303463488569161 ], [ 103.820600182188969, 1.303480888571255 ], [ 103.820658199550493, 1.303299508543324 ], [ 103.82068018246737, 1.303300514540586 ], [ 103.820673689437939, 1.303493788669218 ], [ 103.820711889441398, 1.303495088669463 ], [ 103.820712801808583, 1.303467930774995 ], [ 103.820730774864856, 1.303476501557492 ], [ 103.820730755440536, 1.303476588193729 ], [ 103.82073113942306, 1.303476675403556 ], [ 103.820732265757968, 1.303477212516882 ], [ 103.820732385390755, 1.303476958385563 ], [ 103.820735674351056, 1.30347770537033 ], [ 103.820735516954954, 1.303479606850699 ], [ 103.82073784988728, 1.303479802469304 ], [ 103.820827612356723, 1.303520746755034 ], [ 103.820853672531243, 1.303462872521081 ], [ 103.82085712021042, 1.303461499055098 ], [ 103.820855801229371, 1.303458145125004 ], [ 103.820938900000172, 1.303273600000105 ], [ 103.820850619221062, 1.303529983733183 ], [ 103.820992819233695, 1.303579583738399 ], [ 103.821081100000228, 1.303323200000285 ], [ 103.821114941168673, 1.303577219131733 ], [ 103.82079150467969, 1.303791482918347 ], [ 103.820834404676361, 1.303857082922501 ], [ 103.82105959999997, 1.303707900000382 ], [ 103.820927646417346, 1.303944520798499 ], [ 103.821010846423178, 1.303991520803562 ], [ 103.821142800000558, 1.303754900000191 ], [ 103.821120368514727, 1.304025302784511 ], [ 103.821215568525119, 1.304033302785123 ], [ 103.821238, 1.303762899999872 ], [ 103.821312225722934, 1.304023756924564 ], [ 103.821391325730616, 1.304000956922293 ], [ 103.821317099999263, 1.303740099998926 ], [ 103.821440729916674, 1.303981231571449 ], [ 103.821510429922171, 1.303945031568901 ], [ 103.821386799999814, 1.303703899999707 ], [ 103.821591923533916, 1.30380795589268 ], [ 103.821633015432354, 1.3038952761931 ], [ 103.821732801130693, 1.304132717137738 ], [ 103.821734864073818, 1.304219876899395 ], [ 103.821803828144738, 1.304375706390759 ], [ 103.821882020945807, 1.304340651698354 ], [ 103.821885687130361, 1.304347484134779 ], [ 103.821808641421271, 1.304385996533751 ], [ 103.821866669348537, 1.304503592123408 ], [ 103.821958054507377, 1.304707864873692 ], [ 103.822084924202187, 1.304869946302454 ], [ 103.822176677025197, 1.304957709881917 ], [ 103.822180625585901, 1.304972934234383 ], [ 103.822181370542651, 1.304985697854851 ], [ 103.822181169062674, 1.304986454486198 ], [ 103.822150651039536, 1.305031450178709 ], [ 103.821971249315311, 1.305128262423547 ], [ 103.821770796718269, 1.305104513103932 ], [ 103.821765502083707, 1.305094598311658 ], [ 103.821987905408861, 1.305076337607682 ], [ 103.821972205388477, 1.304882637608729 ], [ 103.821434794607242, 1.304926762361909 ], [ 103.821434946623555, 1.304928637874942 ], [ 103.821287580913349, 1.304941983129335 ], [ 103.821248500155519, 1.304969307887435 ], [ 103.821182321149323, 1.304989152609278 ], [ 103.821236600706712, 1.305172518007697 ], [ 103.821232800343836, 1.305177300616444 ], [ 103.821225380283778, 1.305174596524493 ], [ 103.821147117153572, 1.305002463533897 ], [ 103.821035517162116, 1.305053863528928 ], [ 103.82108955971141, 1.305172725459256 ], [ 103.821074339516102, 1.305215032429256 ], [ 103.821103453084987, 1.305382088958972 ], [ 103.821157032352787, 1.305446384088792 ], [ 103.821173961075004, 1.305468401215771 ], [ 103.821175493557121, 1.305472799230365 ], [ 103.821176947941353, 1.305472285868464 ], [ 103.821179242753885, 1.305475270451492 ], [ 103.821071045198707, 1.305522814832709 ], [ 103.820867385006125, 1.305617255667155 ], [ 103.82091719831844, 1.305726072844754 ], [ 103.820912984485631, 1.305724511629808 ], [ 103.820862348199981, 1.305619655143245 ], [ 103.820658948214572, 1.305719155133678 ], [ 103.820708021746924, 1.305820775523454 ], [ 103.820705105216874, 1.305828508870865 ], [ 103.820649485871002, 1.305724018237403 ], [ 103.820277085896691, 1.305924818219387 ], [ 103.820389506112974, 1.306136019234254 ], [ 103.82038927215045, 1.306136137506765 ], [ 103.8202751187101, 1.305925889530423 ], [ 103.820215187638993, 1.305958851618959 ], [ 103.820023782960263, 1.306063978449715 ], [ 103.819906446810933, 1.306121440096948 ], [ 103.819776023394866, 1.306174537002604 ], [ 103.819695016711492, 1.306208417439495 ], [ 103.819592495369918, 1.306241809072908 ], [ 103.819440903163795, 1.306290262777895 ], [ 103.819244647703982, 1.306335311246287 ], [ 103.819063173745533, 1.306378000316905 ], [ 103.818969140971376, 1.306386051588324 ], [ 103.818847271260211, 1.306387065633042 ], [ 103.818686000979781, 1.306388432327727 ], [ 103.818573148395132, 1.306386042508819 ], [ 103.818265061914701, 1.306354861139204 ], [ 103.818159935069815, 1.30632779290707 ], [ 103.818080449574822, 1.306267501146008 ], [ 103.817845013105511, 1.306133415974552 ], [ 103.817265257694572, 1.305870523253724 ], [ 103.817144480632521, 1.30583646526863 ] ], [ [ 103.815542235246795, 1.304661323523461 ], [ 103.815599245028125, 1.304571580627931 ], [ 103.815607012842506, 1.304572932379993 ], [ 103.815559692635716, 1.304656818609004 ], [ 103.815542235246795, 1.304661323523461 ] ], [ [ 103.815689406125315, 1.304623345772396 ], [ 103.815720875161929, 1.304592746659094 ], [ 103.81577290000007, 1.304601799999899 ], [ 103.815689406125315, 1.304623345772396 ] ], [ [ 103.815644891474619, 1.304505783564568 ], [ 103.815641426137859, 1.30450518052774 ], [ 103.815675400002831, 1.304451699996718 ], [ 103.815644891474619, 1.304505783564568 ] ], [ [ 103.81585716876053, 1.30487332991083 ], [ 103.815856231595987, 1.304873735496483 ], [ 103.815856231008354, 1.304873734348841 ], [ 103.815857168566438, 1.304873329486682 ], [ 103.81585716876053, 1.30487332991083 ] ], [ [ 103.815784767858332, 1.305286598808001 ], [ 103.815784767296748, 1.305286597955181 ], [ 103.815792894744277, 1.305277306010188 ], [ 103.815784767858332, 1.305286598808001 ] ], [ [ 103.814966000000297, 1.305492400000742 ], [ 103.81496665046825, 1.305493397808299 ], [ 103.814966423243121, 1.305493355165832 ], [ 103.814966000000297, 1.305492400000742 ] ], [ [ 103.815034614039448, 1.30561004282674 ], [ 103.815043816942193, 1.305611769897024 ], [ 103.815079033956621, 1.305665792208155 ], [ 103.815047549675171, 1.305676439511369 ], [ 103.815022701325788, 1.305620362306867 ], [ 103.815034614039448, 1.30561004282674 ] ], [ [ 103.813173600000766, 1.300925100000466 ], [ 103.813173599999871, 1.300925099999561 ], [ 103.813173600055578, 1.300925099941682 ], [ 103.813173600000766, 1.300925100000466 ] ], [ [ 103.813360289193923, 1.300729340186602 ], [ 103.812734282879589, 1.300122122100688 ], [ 103.812547200104888, 1.300317499890857 ], [ 103.812734267718568, 1.300122107394688 ], [ 103.812581767718981, 1.299974207405969 ], [ 103.81240270535794, 1.300161238389494 ], [ 103.812402350912933, 1.300160855079681 ], [ 103.812572867986219, 1.299965955682343 ], [ 103.81245825971672, 1.29986438205808 ], [ 103.812452210958753, 1.299858567748245 ], [ 103.812545582890607, 1.299615454643345 ], [ 103.812572520356909, 1.29962214381294 ], [ 103.812637099999989, 1.29935869999967 ], [ 103.812662516922728, 1.299628835073255 ], [ 103.812726516929743, 1.299622735073277 ], [ 103.812701100000254, 1.299352600001123 ], [ 103.812813747444594, 1.299599121830487 ], [ 103.812933450695851, 1.299543712901737 ], [ 103.813125345557111, 1.299455263469289 ], [ 103.813145275253916, 1.299455492985591 ], [ 103.813489524385986, 1.29948920909374 ], [ 103.813811071272141, 1.299529649646546 ], [ 103.813844499999888, 1.299260399999764 ], [ 103.813811141407996, 1.299529658457413 ], [ 103.814025106740516, 1.299556511249998 ], [ 103.814336742893914, 1.299621484879464 ], [ 103.814560870865208, 1.299703827549767 ], [ 103.81461011669613, 1.299738627276569 ], [ 103.814657605666113, 1.299787912273796 ], [ 103.814679012917267, 1.299826541007067 ], [ 103.814643013941605, 1.299798633006905 ], [ 103.814478499999879, 1.300013599999139 ], [ 103.814578248600071, 1.299761512146126 ], [ 103.814506148606029, 1.299732612149392 ], [ 103.81440639999991, 1.299984700000413 ], [ 103.814437209159408, 1.299715133987448 ], [ 103.814182409186415, 1.299685633991188 ], [ 103.814151600000343, 1.299955200003406 ], [ 103.814149353310711, 1.299683865775282 ], [ 103.813827453345198, 1.299686565775702 ], [ 103.813829700000483, 1.299957899999973 ], [ 103.813812217737507, 1.299687127451343 ], [ 103.813717642138698, 1.299693313021042 ], [ 103.813704225609058, 1.29968187160414 ], [ 103.813671329679579, 1.299631617313111 ], [ 103.813221070293835, 1.299930182666092 ], [ 103.813275270289552, 1.300012982671057 ], [ 103.813500400000763, 1.299863699999354 ], [ 103.813326118567289, 1.300070723239997 ], [ 103.813401518568583, 1.300135023244831 ], [ 103.813575800000493, 1.299928 ], [ 103.813465838730963, 1.300175747362848 ], [ 103.813556138737482, 1.300216347366578 ], [ 103.813666100000077, 1.299968600000582 ], [ 103.813683582248956, 1.300239372548511 ], [ 103.813839572360067, 1.300229170262044 ], [ 103.814137264723129, 1.300226673310278 ], [ 103.814339966185642, 1.300250141495037 ], [ 103.814341836870881, 1.300250891326154 ], [ 103.814338364122463, 1.300387965996228 ], [ 103.814311150146523, 1.300647347137429 ], [ 103.814108901421122, 1.3007159537608 ], [ 103.813933059538911, 1.300723931618626 ], [ 103.813935390464707, 1.300775975801969 ], [ 103.81393532464439, 1.300775986122975 ], [ 103.813932977670632, 1.300723935345784 ], [ 103.813907641756984, 1.300725092590024 ], [ 103.814001210740159, 1.300674514068484 ], [ 103.813963110735145, 1.300603114071977 ], [ 103.813725600000197, 1.300731500000186 ], [ 103.813907962956392, 1.30053165267672 ], [ 103.813848462956571, 1.300476652680776 ], [ 103.813561641154678, 1.300790973996135 ], [ 103.813466620310109, 1.300831646007601 ], [ 103.813360289193923, 1.300729340186602 ] ], [ [ 103.812565191350629, 1.299458593961306 ], [ 103.812550946511109, 1.299450130231075 ], [ 103.812592399999943, 1.299347600000467 ], [ 103.812565191350629, 1.299458593961306 ] ], [ [ 103.813026634443304, 1.299180874010365 ], [ 103.813028660798452, 1.299180944563586 ], [ 103.813034699999989, 1.299198600000026 ], [ 103.813026634443304, 1.299180874010365 ] ], [ [ 103.813065903823841, 1.299182241275888 ], [ 103.813067177621079, 1.299182285626269 ], [ 103.813067600000352, 1.299187200002001 ], [ 103.813065903823841, 1.299182241275888 ] ], [ [ 103.813386146772856, 1.29893383349681 ], [ 103.813397466449715, 1.298604493212121 ], [ 103.813644100000161, 1.2985603000002 ], [ 103.813401781976737, 1.298679237798911 ], [ 103.813420581973404, 1.298718037800679 ], [ 103.813644226595159, 1.29860826553289 ], [ 103.813641472458315, 1.298618379271101 ], [ 103.813461906541946, 1.298779942348671 ], [ 103.813490506541726, 1.298812142350827 ], [ 103.813630030622164, 1.298686606613872 ], [ 103.813652523957145, 1.298692811530114 ], [ 103.813624973861451, 1.298736290762439 ], [ 103.813614612753653, 1.298735480510469 ], [ 103.813613104073525, 1.29875502351989 ], [ 103.813546536789843, 1.298860079204819 ], [ 103.813581798491086, 1.29888271274966 ], [ 103.813602214576065, 1.298896082925667 ], [ 103.813597597328055, 1.298955893424253 ], [ 103.813552728753564, 1.298950250356969 ], [ 103.81351930000136, 1.299219499982936 ], [ 103.81354541135515, 1.298949432024663 ], [ 103.813386146772856, 1.29893383349681 ] ], [ [ 103.813805925557176, 1.298531303155536 ], [ 103.813807716688473, 1.298530982210405 ], [ 103.813799847064644, 1.298543155206383 ], [ 103.813798628622962, 1.298542819092458 ], [ 103.813805925557176, 1.298531303155536 ] ], [ [ 103.813889969407242, 1.298329629311622 ], [ 103.813878838280104, 1.298209122896645 ], [ 103.813953049346637, 1.298177945880166 ], [ 103.813886182316296, 1.298223148373107 ], [ 103.814036500000412, 1.298448400000014 ], [ 103.813889969407242, 1.298329629311622 ] ], [ [ 103.813399680774779, 1.298540068523543 ], [ 103.81363659999991, 1.298517900000648 ], [ 103.813398979277608, 1.298560478242639 ], [ 103.813399680774779, 1.298540068523543 ] ], [ [ 103.813972027253286, 1.297792774938616 ], [ 103.813973686718739, 1.297791367679333 ], [ 103.814001399997238, 1.297863599994 ], [ 103.813972027253286, 1.297792774938616 ] ], [ [ 103.814070504099718, 1.29927807377288 ], [ 103.81407135281782, 1.299278140143487 ], [ 103.814069200000688, 1.299288599999795 ], [ 103.814070504099718, 1.29927807377288 ] ], [ [ 103.815113546930846, 1.299771966108296 ], [ 103.815121418808104, 1.299797239746452 ], [ 103.814962199996643, 1.299821900000642 ], [ 103.815113546930846, 1.299771966108296 ] ], [ [ 103.815160808620718, 1.299923705620193 ], [ 103.815165044339835, 1.299937304920147 ], [ 103.814981999994814, 1.299951400000311 ], [ 103.815160808620718, 1.299923705620193 ] ], [ [ 103.815268376518532, 1.300161765935835 ], [ 103.81533247359036, 1.300141542428428 ], [ 103.815372618500191, 1.300281483449338 ], [ 103.81527967629529, 1.300310416232343 ], [ 103.815268376518532, 1.300161765935835 ] ], [ [ 103.815495199999958, 1.300090199999834 ], [ 103.815543028504067, 1.300256619885332 ], [ 103.815542941383825, 1.300256621508953 ], [ 103.815495199999958, 1.300090199999834 ] ], [ [ 103.815657649541023, 1.300038944915736 ], [ 103.815660490077079, 1.300038048686755 ], [ 103.815658700000057, 1.300042600000129 ], [ 103.815657649541023, 1.300038944915736 ] ], [ [ 103.817064474617212, 1.299922034815008 ], [ 103.817097336940563, 1.299912650443707 ], [ 103.817109914713669, 1.299954424435015 ], [ 103.81718632812715, 1.300172973887311 ], [ 103.817129361341728, 1.300179239032374 ], [ 103.817064474617212, 1.299922034815008 ] ], [ [ 103.817502819890294, 1.299320774074068 ], [ 103.817498387463175, 1.299300325247133 ], [ 103.817500761187375, 1.299299467742522 ], [ 103.817503746445126, 1.299320525300918 ], [ 103.817502819890294, 1.299320774074068 ] ], [ [ 103.817599674479084, 1.299594181929822 ], [ 103.817676681773321, 1.299583122987014 ], [ 103.817638599988712, 1.299314499919253 ], [ 103.81767689027096, 1.299583092960691 ], [ 103.817763036420871, 1.299570652469628 ], [ 103.818004736484014, 1.29956321699228 ], [ 103.81799650000022, 1.299292000011721 ], [ 103.818015413934987, 1.299562675067132 ], [ 103.818170813951681, 1.299551675066148 ], [ 103.818151900000416, 1.299281 ], [ 103.81817092558785, 1.299551667140969 ], [ 103.81829872560094, 1.299542567139571 ], [ 103.818279699999962, 1.299271900000226 ], [ 103.818363506790618, 1.299529800214017 ], [ 103.818588306810867, 1.299455800206538 ], [ 103.8185045000006, 1.299197899999864 ], [ 103.818618147477338, 1.299443956441598 ], [ 103.818903732125207, 1.299310337552293 ], [ 103.818977355374656, 1.299298176794887 ], [ 103.819036400408507, 1.299304167566351 ], [ 103.819105915061513, 1.299326837569187 ], [ 103.819126592083549, 1.299347974082094 ], [ 103.819137520210276, 1.299337144586394 ], [ 103.819137523426164, 1.299337145635475 ], [ 103.819126594314625, 1.299347976362915 ], [ 103.819323588723378, 1.299549343661889 ], [ 103.819240419785686, 1.299618006726736 ], [ 103.819503154918706, 1.29994038356179 ], [ 103.819340494740132, 1.300080368163115 ], [ 103.819515700000295, 1.300286599999898 ], [ 103.819278297005056, 1.300158012431214 ], [ 103.819265197002835, 1.30018251242973 ], [ 103.819502600000561, 1.300311100000552 ], [ 103.819233419375891, 1.300296015628433 ], [ 103.819232422890977, 1.300314028979238 ], [ 103.819228846861563, 1.300351359188955 ], [ 103.819601432545085, 1.300387514649749 ], [ 103.819681472768224, 1.300481728931986 ], [ 103.819507488306613, 1.300580168676844 ], [ 103.819639600000116, 1.3008167 ], [ 103.819478574983435, 1.300599073325928 ], [ 103.819213074993954, 1.300798073310169 ], [ 103.819284158908928, 1.300894143842584 ], [ 103.81928411902598, 1.300894166299546 ], [ 103.81921300993632, 1.300798122087621 ], [ 103.81919020993692, 1.300815222087015 ], [ 103.819259091894978, 1.300908258202542 ], [ 103.819259091894082, 1.300908258203446 ], [ 103.819190209935115, 1.30081522208792 ], [ 103.819180627906221, 1.300822408609193 ], [ 103.818988445863951, 1.300966495138987 ], [ 103.819057066229604, 1.301059210087741 ], [ 103.819106003903315, 1.301147252531458 ], [ 103.819115989597307, 1.301165226783579 ], [ 103.819129785302039, 1.301157462908346 ], [ 103.819149500000307, 1.301184099999828 ], [ 103.818909881942972, 1.301059743893113 ], [ 103.818839181934294, 1.301197743886381 ], [ 103.819078800000128, 1.301322099999824 ], [ 103.818838033954108, 1.301200010665506 ], [ 103.818818963133495, 1.301238107950952 ], [ 103.818779926842055, 1.301217416285675 ], [ 103.81865429996347, 1.301457500069549 ], [ 103.818778717124118, 1.301216778993602 ], [ 103.818543388875852, 1.301093568570558 ], [ 103.818510250894988, 1.301067794586793 ], [ 103.818345399999799, 1.301282500000025 ], [ 103.818502589061879, 1.301062050698388 ], [ 103.818372774970044, 1.30096828528525 ], [ 103.818294799781725, 1.300907747212992 ], [ 103.818263391818036, 1.300880637183021 ], [ 103.818230845445967, 1.300845936444253 ], [ 103.81803731932753, 1.30102980637763 ], [ 103.818037304494453, 1.301029788669173 ], [ 103.818229614293031, 1.300844632482118 ], [ 103.818172596492545, 1.300784642193819 ], [ 103.818021456516291, 1.300602503980721 ], [ 103.817956586240172, 1.300516673074978 ], [ 103.817834590657228, 1.30030779195003 ], [ 103.817832963929419, 1.300304990362628 ], [ 103.817721780632382, 1.300370387376951 ], [ 103.817701159525939, 1.300371446271429 ], [ 103.817810404840316, 1.300295210367378 ], [ 103.81784894169212, 1.300280483731611 ], [ 103.817622434938286, 1.299680055013638 ], [ 103.817599674479084, 1.299594181929822 ] ], [ [ 103.819318700000323, 1.299157600000631 ], [ 103.819153872344174, 1.299320943890854 ], [ 103.819153874166446, 1.29932093823135 ], [ 103.819318700000323, 1.299157600000631 ] ], [ [ 103.820282393875459, 1.298482800249902 ], [ 103.820281768450727, 1.29847037286001 ], [ 103.820282525559946, 1.298470517641894 ], [ 103.820283193541954, 1.298482165931688 ], [ 103.820282393875459, 1.298482800249902 ] ], [ [ 103.820308279245353, 1.298497954626076 ], [ 103.820306973951077, 1.298475192882569 ], [ 103.820313871555214, 1.298476511904529 ], [ 103.820317806444621, 1.298510121396129 ], [ 103.820308279245353, 1.298497954626076 ] ], [ [ 103.820304619014308, 1.298434127455869 ], [ 103.820300499999775, 1.298362300000091 ], [ 103.820309007575631, 1.298434966675793 ], [ 103.820304619014308, 1.298434127455869 ] ], [ [ 103.820569357063647, 1.298780086753707 ], [ 103.820561400000273, 1.298771900000744 ], [ 103.820570861975256, 1.29877892762163 ], [ 103.820569357063647, 1.298780086753707 ] ], [ [ 103.819769500001158, 1.298875899999582 ], [ 103.819574739230958, 1.29903257639219 ], [ 103.819541683048371, 1.298998786429446 ], [ 103.819769500001158, 1.298875899999582 ] ], [ [ 103.820118199999968, 1.299929200000603 ], [ 103.820101882376022, 1.299951771906297 ], [ 103.820101589301188, 1.299951427138289 ], [ 103.820118199999968, 1.299929200000603 ] ], [ [ 103.819944873518665, 1.299847444898308 ], [ 103.819947761080016, 1.299850849508873 ], [ 103.819947736501945, 1.299850882445707 ], [ 103.819944843463063, 1.299847477087203 ], [ 103.819944873518665, 1.299847444898308 ] ], [ [ 103.820075335700523, 1.299986557654561 ], [ 103.82007609198682, 1.299987447335547 ], [ 103.820075998021693, 1.299987577315782 ], [ 103.820075240854834, 1.2999866845699 ], [ 103.820075335700523, 1.299986557654561 ] ], [ [ 103.820030521349381, 1.300200559741699 ], [ 103.820092957662112, 1.300246282617187 ], [ 103.819747055978567, 1.300444508795647 ], [ 103.820030521349381, 1.300200559741699 ] ], [ [ 103.820853581423236, 1.300344704841728 ], [ 103.820853595084714, 1.300344706637865 ], [ 103.820855801013423, 1.300428057088601 ], [ 103.82085572569936, 1.300428016934431 ], [ 103.820853581423236, 1.300344704841728 ] ], [ [ 103.820526011159004, 1.300319799538656 ], [ 103.8205700416962, 1.300310961843801 ], [ 103.820588251134325, 1.300346210292466 ], [ 103.820583035142249, 1.300347938865179 ], [ 103.820562111541776, 1.30034719818166 ], [ 103.820540329121926, 1.300336967737136 ], [ 103.820527109124697, 1.300322437290539 ], [ 103.820526011159004, 1.300319799538656 ] ], [ [ 103.820618086661682, 1.300301318382216 ], [ 103.820627113764786, 1.30029950648519 ], [ 103.820627171034616, 1.300302173328791 ], [ 103.820626041493483, 1.300305559545153 ], [ 103.820618086661682, 1.300301318382216 ] ], [ [ 103.820551521619819, 1.300243030382864 ], [ 103.820553443597646, 1.300242533942515 ], [ 103.820587414083136, 1.300266271814214 ], [ 103.820571945709119, 1.300276718077547 ], [ 103.820571083494514, 1.300276258382735 ], [ 103.820544703715711, 1.300247522439209 ], [ 103.820551521619819, 1.300243030382864 ] ], [ [ 103.820537273598461, 1.300252417859 ], [ 103.820539156755714, 1.300251177119016 ], [ 103.820544902887434, 1.300262300046481 ], [ 103.820534107156021, 1.300256544241378 ], [ 103.820537273598461, 1.300252417859 ] ], [ [ 103.820520565296377, 1.300300909330189 ], [ 103.820533588290019, 1.30030262200672 ], [ 103.820522092533551, 1.300310385440343 ], [ 103.82052091299893, 1.300307551727568 ], [ 103.820520565296377, 1.300300909330189 ] ], [ [ 103.820623094860238, 1.300314393170939 ], [ 103.820621099318885, 1.300320375542879 ], [ 103.820616757313161, 1.300326011652397 ], [ 103.820603756817476, 1.300311849991894 ], [ 103.820623094860238, 1.300314393170939 ] ], [ [ 103.820730023643833, 1.300360998201284 ], [ 103.820734084149564, 1.300329984844862 ], [ 103.820734223332295, 1.300330006535846 ], [ 103.820735090519165, 1.300363699633061 ], [ 103.820730023643833, 1.300360998201284 ] ], [ [ 103.820501987117808, 1.300636370445635 ], [ 103.820537812410251, 1.300647617920368 ], [ 103.820660843284102, 1.300636961704066 ], [ 103.820743163254534, 1.300600300988408 ], [ 103.820860081468282, 1.300597252657785 ], [ 103.820857607022489, 1.300501112436773 ], [ 103.820857728373042, 1.300500881870481 ], [ 103.820860278756484, 1.300597247441486 ], [ 103.820897578760125, 1.300596247441771 ], [ 103.820891051920938, 1.300349632646562 ], [ 103.820893636800847, 1.300349972588397 ], [ 103.82092527448313, 1.300594063828307 ], [ 103.821554374548583, 1.300511463820582 ], [ 103.821519500000434, 1.300242400000655 ], [ 103.821554641467884, 1.300511428638428 ], [ 103.821592287638637, 1.300506447257198 ], [ 103.821627829582553, 1.30050402943858 ], [ 103.822007775232265, 1.300478333115064 ], [ 103.821990893518532, 1.300225476670943 ], [ 103.821995356145905, 1.300223536000257 ], [ 103.822080394549047, 1.300463128831623 ], [ 103.822324594570262, 1.30037532882379 ], [ 103.822233900000342, 1.300119800000685 ], [ 103.822328932029762, 1.300373727015639 ], [ 103.822538557369654, 1.300294255319177 ], [ 103.822672983953979, 1.300243383101285 ], [ 103.822615228462382, 1.300088784588152 ], [ 103.822615324093505, 1.300088811603745 ], [ 103.822673175340782, 1.300243310590129 ], [ 103.82276475191243, 1.300208574648123 ], [ 103.822924910836136, 1.300157871931402 ], [ 103.82302524463212, 1.300142404815626 ], [ 103.823368236451628, 1.300097912264119 ], [ 103.823705081361013, 1.300069923693519 ], [ 103.823682899998559, 1.299799499985659 ], [ 103.823713343039941, 1.30006910815638 ], [ 103.82397506297886, 1.300039171751437 ], [ 103.823822698630707, 1.300128260710151 ], [ 103.823421208548481, 1.300362896323463 ], [ 103.823212583736534, 1.300603215794924 ], [ 103.823074164779754, 1.300833619602595 ], [ 103.823000382457977, 1.301067128415017 ], [ 103.822977368439496, 1.301369615441077 ], [ 103.823008933657164, 1.30168614173748 ], [ 103.823032171585425, 1.301878336823798 ], [ 103.823032277488053, 1.301879214975996 ], [ 103.822669913721356, 1.301516108650687 ], [ 103.822591104297956, 1.301595778883421 ], [ 103.822589598491334, 1.301593373760447 ], [ 103.822666567574089, 1.301512813372669 ], [ 103.822599124876945, 1.301447539890488 ], [ 103.822515632591404, 1.301365124300082 ], [ 103.822291884626821, 1.301140280525325 ], [ 103.822101399999752, 1.301332300000162 ], [ 103.822287244525825, 1.301135728447177 ], [ 103.822152444527319, 1.301006628456312 ], [ 103.821966599999527, 1.301203200000402 ], [ 103.82206151727047, 1.300949229498063 ], [ 103.822023217273355, 1.300934729499501 ], [ 103.821928300000067, 1.30118870000039 ], [ 103.821924279989105, 1.300917386512767 ], [ 103.82187097999514, 1.300918186513133 ], [ 103.821874999999508, 1.301189499996267 ], [ 103.821836279610736, 1.300920969504312 ], [ 103.821809579613543, 1.300924869503684 ], [ 103.821848300000454, 1.301193400001446 ], [ 103.82173752612276, 1.300946019587629 ], [ 103.821185746641447, 1.301196310276045 ], [ 103.821036276695082, 1.301264078830592 ], [ 103.820626912186043, 1.301417517034315 ], [ 103.820720999999821, 1.30167180000005 ], [ 103.820626845391644, 1.301417542080359 ], [ 103.820580284782679, 1.301435008055026 ], [ 103.820578420098386, 1.301430217744727 ], [ 103.820340881491092, 1.301523883978533 ], [ 103.820332693744504, 1.301526914288776 ], [ 103.82032731949306, 1.301528901422502 ], [ 103.820256790458515, 1.301267328118092 ], [ 103.820212490462453, 1.301279428116303 ], [ 103.820284068893969, 1.301544893367466 ], [ 103.820039832528721, 1.301635199947244 ], [ 103.820132800000394, 1.301889900000396 ], [ 103.820037700195925, 1.301635998672703 ], [ 103.819882200209335, 1.301694998667126 ], [ 103.819977299993141, 1.30194889998328 ], [ 103.819876422420677, 1.301697267614953 ], [ 103.81966973861681, 1.301781202305896 ], [ 103.819621647767704, 1.301732843955443 ], [ 103.819498614643351, 1.301856786382299 ], [ 103.819496417485112, 1.301852223679012 ], [ 103.819488217485826, 1.301856223678854 ], [ 103.819491796149535, 1.301863655269038 ], [ 103.819431099999676, 1.30192480000045 ], [ 103.819585573208187, 1.301702414444633 ], [ 103.819522473211507, 1.301658014448836 ], [ 103.819367999854691, 1.301880400208814 ], [ 103.819522376479853, 1.301657946416559 ], [ 103.819418676485071, 1.301585046422729 ], [ 103.819264300000057, 1.30180750000067 ], [ 103.819409524757859, 1.301578888776501 ], [ 103.819290484025743, 1.301502285779632 ], [ 103.819318997378275, 1.301445325371899 ], [ 103.819345213932749, 1.301394153022948 ], [ 103.819428718326591, 1.301470658397658 ], [ 103.819778758861474, 1.301083629894631 ], [ 103.819791987121178, 1.301105941938219 ], [ 103.820255012853082, 1.300827858040405 ], [ 103.820232907111588, 1.30079057239974 ], [ 103.820501987117808, 1.300636370445635 ] ], [ [ 103.819707833950631, 1.300478263094617 ], [ 103.819834899898311, 1.300706199816703 ], [ 103.819707668246465, 1.30047840569938 ], [ 103.819707833950631, 1.300478263094617 ] ], [ [ 103.819501300011254, 1.300334600000663 ], [ 103.819551143315664, 1.300337393121635 ], [ 103.819555739857279, 1.300339882804324 ], [ 103.819501300011254, 1.300334600000663 ] ], [ [ 103.819363983630041, 1.30100202764035 ], [ 103.819363987067845, 1.301002032286091 ], [ 103.819363982583184, 1.301002034810149 ], [ 103.819363979144484, 1.301002030166216 ], [ 103.819363983630041, 1.30100202764035 ] ], [ [ 103.819343089781015, 1.301041877772244 ], [ 103.819341700000479, 1.301040000000268 ], [ 103.81934309004609, 1.301041877479231 ], [ 103.819343089781015, 1.301041877772244 ] ], [ [ 103.817588358882205, 1.300453023581616 ], [ 103.817588373575887, 1.300453061839955 ], [ 103.817586426623606, 1.300454213720752 ], [ 103.817586411172499, 1.300454169206013 ], [ 103.817588358882205, 1.300453023581616 ] ], [ [ 103.817562272701622, 1.300468367233893 ], [ 103.817566004662552, 1.300466172128031 ], [ 103.817566040338662, 1.300466274915642 ], [ 103.817560985238984, 1.30046926567873 ], [ 103.817562272701622, 1.300468367233893 ] ], [ [ 103.81699885882314, 1.300193591552813 ], [ 103.816938234242457, 1.300200258973657 ], [ 103.816910775464621, 1.300097148569717 ], [ 103.816956100000411, 1.300024100000352 ], [ 103.81699885882314, 1.300193591552813 ] ], [ [ 103.816477677821439, 1.300237337082629 ], [ 103.81640516132903, 1.300241688881427 ], [ 103.816387966682612, 1.300241972749444 ], [ 103.816439399999936, 1.300093600000123 ], [ 103.816477677821439, 1.300237337082629 ] ], [ [ 103.815487067090601, 1.300374990832198 ], [ 103.815489900000571, 1.300529000001982 ], [ 103.815446219937414, 1.300386860944554 ], [ 103.815487067090601, 1.300374990832198 ] ], [ [ 103.814936009350575, 1.300415421169365 ], [ 103.814927537891549, 1.300417645769448 ], [ 103.81493013943944, 1.300427681418387 ], [ 103.814901181291944, 1.300433857094571 ], [ 103.814898568484509, 1.300427040154739 ], [ 103.814875518564534, 1.300435989573396 ], [ 103.814875706851524, 1.300434194975976 ], [ 103.814798612433691, 1.300426001217354 ], [ 103.814936009350575, 1.300415421169365 ] ], [ [ 103.814747276986267, 1.300420545175747 ], [ 103.814607599999931, 1.300405700000601 ], [ 103.814746419336501, 1.300409262633987 ], [ 103.814747276986267, 1.300420545175747 ] ], [ [ 103.814730475423374, 1.300199517434757 ], [ 103.814612900000071, 1.3001965 ], [ 103.814726987818617, 1.300153637325438 ], [ 103.814730475423374, 1.300199517434757 ] ], [ [ 103.814720857854823, 1.300072996474814 ], [ 103.814585899999187, 1.300123700001228 ], [ 103.814717266948307, 1.300025757416453 ], [ 103.814720857854823, 1.300072996474814 ] ], [ [ 103.814706971852004, 1.299936637092403 ], [ 103.814539900000412, 1.300061200000177 ], [ 103.814691786259303, 1.299862733335466 ], [ 103.814699110669608, 1.299885221744406 ], [ 103.814706971852004, 1.299936637092403 ] ], [ [ 103.814582284474355, 1.30091216224342 ], [ 103.814582281887496, 1.300912154519221 ], [ 103.814585155475797, 1.300911661900674 ], [ 103.814585159241531, 1.300911671726625 ], [ 103.814582284474355, 1.30091216224342 ] ], [ [ 103.815079925433494, 1.300694830459902 ], [ 103.815079913894692, 1.300694785948794 ], [ 103.815081607764881, 1.300694389212688 ], [ 103.815081647041197, 1.300694515058947 ], [ 103.815079925433494, 1.300694830459902 ] ], [ [ 103.8152454114732, 1.300493909558491 ], [ 103.815244955650456, 1.300494005756101 ], [ 103.815244824759674, 1.30049358635962 ], [ 103.815245282175553, 1.300493488809997 ], [ 103.8152454114732, 1.300493909558491 ] ], [ [ 103.8149757027509, 1.300603445008423 ], [ 103.814976122083976, 1.300605062614357 ], [ 103.81496756513215, 1.300607055699275 ], [ 103.814966893761735, 1.300605304062828 ], [ 103.8149757027509, 1.300603445008423 ] ], [ [ 103.814995052918107, 1.300678089593378 ], [ 103.814995077020015, 1.300678182568582 ], [ 103.814994847371239, 1.300678236356709 ], [ 103.814994812575719, 1.300678145573608 ], [ 103.814995052918107, 1.300678089593378 ] ], [ [ 103.81463070000072, 1.301261800000197 ], [ 103.814364911918872, 1.30130725414971 ], [ 103.814373319910459, 1.301357057843813 ], [ 103.814170518161049, 1.301242473338459 ], [ 103.81417034415739, 1.301238588244976 ], [ 103.814359330234268, 1.30127411656716 ], [ 103.814364894992835, 1.301307153775948 ], [ 103.81463070000072, 1.301261800000197 ] ], [ [ 103.813939039402754, 1.300857448128276 ], [ 103.813939879120881, 1.300876197096368 ], [ 103.813939843233868, 1.300876198586483 ], [ 103.813938998066021, 1.300857454611347 ], [ 103.813939039402754, 1.300857448128276 ] ], [ [ 103.813771694576403, 1.300801646304609 ], [ 103.813771555921576, 1.300798653498324 ], [ 103.813771802545418, 1.300798520186937 ], [ 103.813771941753913, 1.300801607542751 ], [ 103.813771694576403, 1.300801646304609 ] ], [ [ 103.813753293090457, 1.301003650862488 ], [ 103.813753300000016, 1.301003799999523 ], [ 103.813753237951204, 1.301003653152814 ], [ 103.813753293090457, 1.301003650862488 ] ], [ [ 103.813360100000168, 1.301303000000518 ], [ 103.813490709878778, 1.301345387116391 ], [ 103.813490711120537, 1.301345390056491 ], [ 103.813360100000168, 1.301303000000518 ] ], [ [ 103.814173200003722, 1.301127900000063 ], [ 103.814205659787206, 1.301124638084922 ], [ 103.814206962238956, 1.301128527540627 ], [ 103.814173200003722, 1.301127900000063 ] ], [ [ 103.814176964767469, 1.301038947403533 ], [ 103.814164500000601, 1.301040199999943 ], [ 103.814176960759141, 1.301038935432427 ], [ 103.814176964767469, 1.301038947403533 ] ], [ [ 103.814221658914676, 1.301172415578407 ], [ 103.814224641060463, 1.301181321028182 ], [ 103.814172399999947, 1.301171499999747 ], [ 103.814221658914676, 1.301172415578407 ] ], [ [ 103.81793698584525, 1.300994612343655 ], [ 103.817937151820004, 1.300994472825609 ], [ 103.817939066560015, 1.300996826963958 ], [ 103.817938912956379, 1.30099697485288 ], [ 103.81793698584525, 1.300994612343655 ] ], [ [ 103.818064515424496, 1.301089256653154 ], [ 103.818064525641915, 1.301089246945764 ], [ 103.818065712649556, 1.301090664098906 ], [ 103.818065685799937, 1.30109069560862 ], [ 103.818064515424496, 1.301089256653154 ] ], [ [ 103.818077099999783, 1.301077299999339 ], [ 103.818077100002469, 1.30107729999753 ], [ 103.818077100000664, 1.301077300000243 ], [ 103.818077099999783, 1.301077299999339 ] ], [ [ 103.818105944915501, 1.301140193450696 ], [ 103.818106577057407, 1.301139451575181 ], [ 103.818107523275529, 1.301140581252797 ], [ 103.81810691056522, 1.301141380699387 ], [ 103.818105944915501, 1.301140193450696 ] ], [ [ 103.818117964407634, 1.301126087475432 ], [ 103.818124599996239, 1.301118300005402 ], [ 103.818118312781053, 1.301126503393996 ], [ 103.818117964407634, 1.301126087475432 ] ], [ [ 103.818178519872191, 1.301229423019852 ], [ 103.818180152697366, 1.301227292553442 ], [ 103.818181343259781, 1.301228713949831 ], [ 103.818179754929091, 1.301230941499163 ], [ 103.818178519872191, 1.301229423019852 ] ], [ [ 103.818190942203771, 1.301213214695243 ], [ 103.81821179999406, 1.301186000008387 ], [ 103.818191726867354, 1.301214151495265 ], [ 103.818190942203771, 1.301213214695243 ] ], [ [ 103.81623630000027, 1.302134 ], [ 103.816236917973214, 1.302135212759986 ], [ 103.816236879548569, 1.302135233060903 ], [ 103.81623630000027, 1.302134 ] ], [ [ 103.816260703896091, 1.302181892215962 ], [ 103.816259186769884, 1.302182694484771 ], [ 103.816259163647047, 1.302182645287171 ], [ 103.816260679531453, 1.302181844402032 ], [ 103.816260703896091, 1.302181892215962 ] ], [ [ 103.815817550964354, 1.302307998746798 ], [ 103.815815888346222, 1.302308159846845 ], [ 103.815814600000223, 1.302298700002646 ], [ 103.815817550964354, 1.302307998746798 ] ], [ [ 103.814727457616868, 1.30184812809145 ], [ 103.814727456535067, 1.301848120859237 ], [ 103.814727465730797, 1.301848120336582 ], [ 103.814727466830561, 1.301848127570604 ], [ 103.814727457616868, 1.30184812809145 ] ], [ [ 103.815579533825812, 1.302365884110684 ], [ 103.815579533965106, 1.302365881184161 ], [ 103.815584500000227, 1.302365400000547 ], [ 103.815579533825812, 1.302365884110684 ] ], [ [ 103.818950319603587, 1.301599781646762 ], [ 103.818949799949337, 1.301599499973044 ], [ 103.818950322831185, 1.301599776226019 ], [ 103.818950319603587, 1.301599781646762 ] ], [ [ 103.818963725727855, 1.301577264584824 ], [ 103.818961899998385, 1.3015762999997 ], [ 103.818963857333671, 1.301577043538031 ], [ 103.818963725727855, 1.301577264584824 ] ], [ [ 103.81915758240919, 1.301650634442606 ], [ 103.819160516516391, 1.301651749029989 ], [ 103.819146492460732, 1.301673825541754 ], [ 103.819144709609589, 1.301672883609533 ], [ 103.81915758240919, 1.301650634442606 ] ], [ [ 103.819131596398861, 1.301695548300789 ], [ 103.819132417535016, 1.301695982131028 ], [ 103.819131234284725, 1.301697844791066 ], [ 103.819130498467985, 1.30169744594847 ], [ 103.819131596398861, 1.301695548300789 ] ], [ [ 103.819124021074131, 1.3017086413859 ], [ 103.819124284920449, 1.301708784400926 ], [ 103.819120400004579, 1.301714899991859 ], [ 103.819124021074131, 1.3017086413859 ] ], [ [ 103.821296499999761, 1.30144370000018 ], [ 103.821407273854689, 1.301691080430502 ], [ 103.821867125041948, 1.301482489007814 ], [ 103.821913208216841, 1.301526623563067 ], [ 103.822135515343788, 1.301750019476503 ], [ 103.822326, 1.301558 ], [ 103.822137226979407, 1.301751724199991 ], [ 103.822222526979346, 1.301835924206572 ], [ 103.822411299977261, 1.301642200023756 ], [ 103.822224432396538, 1.301837786607762 ], [ 103.822291145104444, 1.30190235358967 ], [ 103.822688005836667, 1.302300027622994 ], [ 103.822226081676831, 1.302785531400801 ], [ 103.822615518352421, 1.303160868584313 ], [ 103.823104543387828, 1.302646880436049 ], [ 103.823120804560702, 1.302736335370944 ], [ 103.823141008886225, 1.302858848935398 ], [ 103.823168378897847, 1.303017338196196 ], [ 103.823177748535713, 1.303079654748243 ], [ 103.823148505907866, 1.303060583469351 ], [ 103.82285529406596, 1.303516016521635 ], [ 103.82291969406937, 1.303558016525516 ], [ 103.822984776381617, 1.303456927046132 ], [ 103.822985598421482, 1.303471146605504 ], [ 103.822931617560286, 1.303565358148558 ], [ 103.82300690924933, 1.303609058921214 ], [ 103.823008231069593, 1.30361494702949 ], [ 103.823015913452863, 1.303655466138576 ], [ 103.823006295952098, 1.303714442842342 ], [ 103.822985385044987, 1.303720654472128 ], [ 103.822996048811092, 1.303757019529694 ], [ 103.822974206063719, 1.303824932877454 ], [ 103.823020374824594, 1.303839974914168 ], [ 103.823043386401309, 1.303918447865999 ], [ 103.822909808908278, 1.304021263330615 ], [ 103.822829356429892, 1.304008566602763 ], [ 103.822819967652919, 1.304068831273909 ], [ 103.822813073322962, 1.304094288900336 ], [ 103.822642097762795, 1.304244870413191 ], [ 103.822613918316719, 1.304259921482374 ], [ 103.822581120013339, 1.304265637495688 ], [ 103.822567732147462, 1.304245347238848 ], [ 103.822552815431436, 1.304196230041252 ], [ 103.822536667478644, 1.304114116027456 ], [ 103.822388617741822, 1.304143608686632 ], [ 103.822375659116673, 1.304118910544157 ], [ 103.82251713599031, 1.304053423309772 ], [ 103.822477335984246, 1.303966323313565 ], [ 103.822448560108811, 1.303979643177309 ], [ 103.822448908040627, 1.303978533107258 ], [ 103.822444153402287, 1.303977023485641 ], [ 103.822475281010369, 1.303961930105038 ], [ 103.822446628166546, 1.303902070589947 ], [ 103.822445582566118, 1.303895317757957 ], [ 103.822443548516333, 1.303895636799947 ], [ 103.822429281003153, 1.303865830108918 ], [ 103.822331595111024, 1.303913196752209 ], [ 103.822319648597173, 1.303915070569648 ], [ 103.822171063767641, 1.303782493750914 ], [ 103.822139127122099, 1.303706500254484 ], [ 103.822207213183418, 1.303636971200323 ], [ 103.822021357707101, 1.303452608257389 ], [ 103.822018594509615, 1.303446730422905 ], [ 103.822284186788181, 1.303464759070259 ], [ 103.822285486786072, 1.303445359070006 ], [ 103.822016499998867, 1.303427099999734 ], [ 103.822229578873248, 1.30326086266307 ], [ 103.822191378871622, 1.303211262666708 ], [ 103.82198360888809, 1.303373358175663 ], [ 103.821967894081709, 1.303341285954843 ], [ 103.821928730392727, 1.303360724781595 ], [ 103.821889639076957, 1.30332194738299 ], [ 103.821931859637445, 1.30328597098867 ], [ 103.821888959635814, 1.303234970992503 ], [ 103.821842159817805, 1.30327484939879 ], [ 103.821837891194662, 1.303270615052941 ], [ 103.821883871395926, 1.303229095283343 ], [ 103.821829614654575, 1.303168229089422 ], [ 103.821772750989425, 1.303103368978687 ], [ 103.821590505973774, 1.303265221434291 ], [ 103.821587199475417, 1.303259681816543 ], [ 103.821728064431667, 1.303062649772926 ], [ 103.821567064438739, 1.302946049783561 ], [ 103.821447194101808, 1.303113716010434 ], [ 103.821441208934857, 1.303109292613682 ], [ 103.821540978827272, 1.302929355468955 ], [ 103.821366678838615, 1.302831455477885 ], [ 103.821235300000779, 1.303068400000223 ], [ 103.82135626759478, 1.302825904467035 ], [ 103.820990167620167, 1.30264090448486 ], [ 103.820869200000303, 1.302883400000469 ], [ 103.820988185113691, 1.302639912908761 ], [ 103.820365585158839, 1.302331712938112 ], [ 103.82024659996388, 1.30257520007364 ], [ 103.82036439259835, 1.302331126260568 ], [ 103.820089012677457, 1.302196498055059 ], [ 103.82022683536205, 1.302144205202471 ], [ 103.820518667515501, 1.302036300038354 ], [ 103.820425700471475, 1.301781601291708 ], [ 103.820518745526485, 1.302036271179569 ], [ 103.820712745543602, 1.301964471172816 ], [ 103.820619700012472, 1.301709800033872 ], [ 103.820713854617907, 1.301964057919878 ], [ 103.820815121165637, 1.30192607046829 ], [ 103.821232887868717, 1.301769482946589 ], [ 103.821138881141167, 1.301515419294122 ], [ 103.821138895272625, 1.301515412864157 ], [ 103.82124953046872, 1.301762600107406 ], [ 103.821407230480901, 1.301691100101134 ], [ 103.821296499999761, 1.30144370000018 ] ], [ [ 103.81919429907532, 1.302503046290925 ], [ 103.819192004686087, 1.302506104192053 ], [ 103.819191966952715, 1.302506073216443 ], [ 103.819194255891318, 1.302503024433089 ], [ 103.81919429907532, 1.302503046290925 ] ], [ [ 103.819058500000835, 1.302643300000421 ], [ 103.819267417259098, 1.302814804614678 ], [ 103.819328333563021, 1.302739635615505 ], [ 103.819502529803302, 1.302872035970217 ], [ 103.819664999998821, 1.302655500001091 ], [ 103.819567077486127, 1.302908312112796 ], [ 103.819697569660477, 1.302959512797281 ], [ 103.819701582574467, 1.302970506413665 ], [ 103.819676589127027, 1.303058489993667 ], [ 103.819740401295036, 1.303076852610897 ], [ 103.819788200000403, 1.303207800000193 ], [ 103.819584037971893, 1.303030589232057 ], [ 103.819455337969103, 1.303180789222138 ], [ 103.819659500000483, 1.303358000000593 ], [ 103.819395772644086, 1.303301683373782 ], [ 103.819354934525734, 1.303495410571359 ], [ 103.819029162144616, 1.303381394496071 ], [ 103.818740187454154, 1.303262464622643 ], [ 103.81842754740353, 1.303078700953021 ], [ 103.818428420295589, 1.303078178112399 ], [ 103.818483940255092, 1.303061924593145 ], [ 103.818575223035623, 1.303049343295832 ], [ 103.818662869916579, 1.303052201345879 ], [ 103.818671600000457, 1.302781000000506 ], [ 103.818676783485827, 1.303052293488997 ], [ 103.818769783495455, 1.303050493488576 ], [ 103.818764600000137, 1.302779200000161 ], [ 103.81880560779274, 1.303047386288595 ], [ 103.818886307800838, 1.30303488628779 ], [ 103.818845299999865, 1.302766700000557 ], [ 103.8189359623087, 1.303022240445414 ], [ 103.819008862314902, 1.302996040442725 ], [ 103.818918200000496, 1.302740500000384 ], [ 103.819071062104982, 1.302964010483629 ], [ 103.819211362112, 1.302866810475346 ], [ 103.819058500000835, 1.302643300000421 ] ], [ [ 103.818233815207563, 1.303254514960583 ], [ 103.818266550795798, 1.303220060834277 ], [ 103.81823270000011, 1.303278400000073 ], [ 103.818233815207563, 1.303254514960583 ] ], [ [ 103.818620600000216, 1.303506400000495 ], [ 103.818518559990508, 1.303757557175627 ], [ 103.818649949473595, 1.303811631590478 ], [ 103.818601883098012, 1.303930945130843 ], [ 103.818597027012061, 1.303894614443525 ], [ 103.818545649157286, 1.303798816169332 ], [ 103.818486076916727, 1.303738239907668 ], [ 103.818620600000216, 1.303506400000495 ] ], [ [ 103.818389330199039, 1.303684690704987 ], [ 103.818294378954235, 1.303650995460016 ], [ 103.818180789442877, 1.303608107933726 ], [ 103.818215469860974, 1.303582499010964 ], [ 103.818389330199039, 1.303684690704987 ] ], [ [ 103.817834145689901, 1.303611249765898 ], [ 103.817839149286797, 1.303616129543751 ], [ 103.817806899999752, 1.3036189 ], [ 103.817834145689901, 1.303611249765898 ] ], [ [ 103.81782164542814, 1.303674645612624 ], [ 103.817820633947633, 1.303677359368909 ], [ 103.817811699998174, 1.303675500000185 ], [ 103.81782164542814, 1.303674645612624 ] ], [ [ 103.817792999999654, 1.303751500000263 ], [ 103.817659790510703, 1.303704221060658 ], [ 103.817660063976263, 1.303704047240755 ], [ 103.817792999999654, 1.303751500000263 ] ], [ [ 103.817641556715827, 1.303697440900387 ], [ 103.81765446026489, 1.303702046943467 ], [ 103.817654688145666, 1.303702410120592 ], [ 103.817639454573083, 1.303697003393524 ], [ 103.817641556715827, 1.303697440900387 ] ], [ [ 103.817800400000451, 1.303730499999631 ], [ 103.817800796438576, 1.303730582508192 ], [ 103.817800777028751, 1.303730634583202 ], [ 103.817800400000451, 1.303730499999631 ] ], [ [ 103.817913603027776, 1.304759299703021 ], [ 103.817918371508071, 1.304756632886529 ], [ 103.817993131022462, 1.304675103802768 ], [ 103.818073071631602, 1.304536927280081 ], [ 103.818094111793442, 1.304476920001779 ], [ 103.818178348154376, 1.304534353885789 ], [ 103.818269330451642, 1.304564681320407 ], [ 103.81850709150298, 1.304654044583223 ], [ 103.818595767968887, 1.304680991525796 ], [ 103.81867961530331, 1.304683635361007 ], [ 103.818547308221795, 1.305016927038076 ], [ 103.817918850599497, 1.304780134420522 ], [ 103.817913603027776, 1.304759299703021 ] ], [ [ 103.819917141276136, 1.302463198076067 ], [ 103.819910816038586, 1.302460716269026 ], [ 103.819936300000251, 1.302423500000424 ], [ 103.819917141276136, 1.302463198076067 ] ], [ [ 103.819873299999273, 1.302379800001366 ], [ 103.819837571271563, 1.302431977520108 ], [ 103.819824705434655, 1.302426929404223 ], [ 103.819873299999273, 1.302379800001366 ] ], [ [ 103.820114454046816, 1.302812256653173 ], [ 103.820119861093715, 1.30281490005851 ], [ 103.820107899999982, 1.302829200000832 ], [ 103.820114454046816, 1.302812256653173 ] ], [ [ 103.820176081416548, 1.302842679042257 ], [ 103.820186705484446, 1.302847938178999 ], [ 103.820154400000447, 1.302868600000041 ], [ 103.820176081416548, 1.302842679042257 ] ], [ [ 103.820249806601069, 1.302879174558369 ], [ 103.820331470689453, 1.302919599995349 ], [ 103.82018660000017, 1.302919600000275 ], [ 103.820249806601069, 1.302879174558369 ] ], [ [ 103.820362341897649, 1.30295579999387 ], [ 103.820370548655234, 1.302960788028548 ], [ 103.820186600000312, 1.302955800000519 ], [ 103.820362341897649, 1.30295579999387 ] ], [ [ 103.819922722379971, 1.302855111359601 ], [ 103.819915937497541, 1.302872651450585 ], [ 103.819915877764799, 1.302872669540273 ], [ 103.819922688194922, 1.302855086658503 ], [ 103.819922722379971, 1.302855111359601 ] ], [ [ 103.819910023162535, 1.302887941027282 ], [ 103.819901610518173, 1.30290968916483 ], [ 103.819901575742236, 1.302909593894338 ], [ 103.819909996787089, 1.30288785279822 ], [ 103.819910023162535, 1.302887941027282 ] ], [ [ 103.819957380325135, 1.303062473839271 ], [ 103.81995905773401, 1.303065130605099 ], [ 103.819962035400835, 1.303063226160867 ], [ 103.819962475479045, 1.303063398603872 ], [ 103.819984000002108, 1.303135400007271 ], [ 103.819957380325135, 1.303062473839271 ] ], [ [ 103.819607200000732, 1.303606100000305 ], [ 103.819377394640227, 1.303591690387251 ], [ 103.819388547863312, 1.303559408786121 ], [ 103.819607200000732, 1.303606100000305 ] ], [ [ 103.819329366692415, 1.303730701232763 ], [ 103.819322023771221, 1.303849327961902 ], [ 103.819591100000181, 1.303866200000758 ], [ 103.81949340140379, 1.30387849013544 ], [ 103.819494024748209, 1.303868884095908 ], [ 103.819286341496124, 1.303855232229923 ], [ 103.819329366692415, 1.303730701232763 ] ], [ [ 103.819321306860942, 1.304064911483499 ], [ 103.819310524745404, 1.304094553913878 ], [ 103.819211599999392, 1.304057699999257 ], [ 103.819321306860942, 1.304064911483499 ] ], [ [ 103.819239913850097, 1.304336888379173 ], [ 103.819125800015556, 1.304291000005936 ], [ 103.819240465228461, 1.304333717952606 ], [ 103.819239913850097, 1.304336888379173 ] ], [ [ 103.819932572680514, 1.304364892729134 ], [ 103.819948765195207, 1.304360323506638 ], [ 103.81993980000027, 1.304454799997367 ], [ 103.819932572680514, 1.304364892729134 ] ], [ [ 103.819722053920927, 1.304607242979771 ], [ 103.819720217174307, 1.3045132107158 ], [ 103.819760099999911, 1.304453400000585 ], [ 103.819722053920927, 1.304607242979771 ] ], [ [ 103.820185199999301, 1.303008099999444 ], [ 103.82045470002501, 1.303015407870875 ], [ 103.820454791502669, 1.303011990500303 ], [ 103.820570800000453, 1.303082500000409 ], [ 103.820304342335746, 1.303041206282502 ], [ 103.820300242333587, 1.303068006282344 ], [ 103.820566699998324, 1.303109299999801 ], [ 103.820383933701947, 1.303126656963361 ], [ 103.820185199999301, 1.303008099999444 ] ], [ [ 103.820747749424271, 1.303137357738064 ], [ 103.820763642892828, 1.303139820792941 ], [ 103.82076145051299, 1.303166306676566 ], [ 103.820746842730273, 1.303157428126945 ], [ 103.820747749424271, 1.303137357738064 ] ], [ [ 103.820758923068539, 1.303196840428231 ], [ 103.820758861911614, 1.303197579257757 ], [ 103.820756946793281, 1.303195639256405 ], [ 103.820758923068539, 1.303196840428231 ] ], [ [ 103.820795660447217, 1.303187099330728 ], [ 103.820792320900082, 1.303185069568587 ], [ 103.820793188602437, 1.303174586963456 ], [ 103.820796145685406, 1.303184935072533 ], [ 103.820795660447217, 1.303187099330728 ] ], [ [ 103.820824370978727, 1.30319732050991 ], [ 103.820831006766483, 1.303167723611955 ], [ 103.820841139695204, 1.303172844049197 ], [ 103.820826352716765, 1.3032042554628 ], [ 103.820824370978727, 1.30319732050991 ] ], [ [ 103.820750478482239, 1.303298858459587 ], [ 103.82074379210249, 1.303379635799491 ], [ 103.820713614461894, 1.303443740994294 ], [ 103.820718367435703, 1.303302261988659 ], [ 103.820740254508337, 1.303303263599646 ], [ 103.820741486460705, 1.303275993371966 ], [ 103.820750478482239, 1.303298858459587 ] ], [ [ 103.820823988562907, 1.303282369297655 ], [ 103.820824388701965, 1.303283769555643 ], [ 103.820804550980696, 1.303327825014915 ], [ 103.82080365851543, 1.303325555637317 ], [ 103.820823988562907, 1.303282369297655 ] ], [ [ 103.820839349827565, 1.303249737952256 ], [ 103.820847700005388, 1.30323199998795 ], [ 103.820839490739644, 1.303250231064174 ], [ 103.820839349827565, 1.303249737952256 ] ], [ [ 103.82162819997275, 1.303348600023633 ], [ 103.821567664928892, 1.303403262690313 ], [ 103.821566070637786, 1.30340377730254 ], [ 103.82162819997275, 1.303348600023633 ] ], [ [ 103.821461329213108, 1.303567722868318 ], [ 103.821478023409611, 1.303586450722781 ], [ 103.821429800000217, 1.3035779 ], [ 103.821461329213108, 1.303567722868318 ] ], [ [ 103.821419, 1.303639599999917 ], [ 103.821521284499326, 1.303657736552394 ], [ 103.821542119546379, 1.303702056582097 ], [ 103.821419, 1.303639599999917 ] ], [ [ 103.821621851561261, 1.303742503357187 ], [ 103.821621754915654, 1.303742454330217 ], [ 103.821781492324305, 1.303666385369973 ], [ 103.821781497181775, 1.303666399907659 ], [ 103.821621851561261, 1.303742503357187 ] ], [ [ 103.821955255137738, 1.303747996656002 ], [ 103.821957994075333, 1.303750713599949 ], [ 103.821957894202626, 1.303750756116396 ], [ 103.821955160891704, 1.30374804158351 ], [ 103.821955255137738, 1.303747996656002 ] ], [ [ 103.821927768246653, 1.303761099726223 ], [ 103.82192951718018, 1.303762836644488 ], [ 103.821879100000061, 1.303784299999601 ], [ 103.821927768246653, 1.303761099726223 ] ], [ [ 103.822330448889986, 1.304034314846365 ], [ 103.822329530229837, 1.304032602798447 ], [ 103.822338832879879, 1.304028092062382 ], [ 103.822340561090655, 1.304029634081524 ], [ 103.822330448889986, 1.304034314846365 ] ], [ [ 103.824228773639661, 1.303820277981031 ], [ 103.824228851497793, 1.303820284867148 ], [ 103.824229392465909, 1.303822510576819 ], [ 103.824229315681549, 1.303822505134072 ], [ 103.824228773639661, 1.303820277981031 ] ], [ [ 103.824087800000228, 1.304200800000768 ], [ 103.824073002023042, 1.30447173458708 ], [ 103.824117674498424, 1.304474206220022 ], [ 103.824413807839065, 1.304499775951034 ], [ 103.824438661958212, 1.304340228457174 ], [ 103.824536155874782, 1.304396738399454 ], [ 103.825101122743249, 1.30472401656432 ], [ 103.825110192742457, 1.304722396922103 ], [ 103.82507463052734, 1.304792723003939 ], [ 103.825262219330796, 1.304888814558985 ], [ 103.825251924773013, 1.304911740420148 ], [ 103.82504585325367, 1.30489845639519 ], [ 103.825043753250895, 1.304931456395071 ], [ 103.825236802989266, 1.304943900994634 ], [ 103.825183016325013, 1.305049023597756 ], [ 103.825161838588201, 1.305065377802229 ], [ 103.824642834956691, 1.304931564516698 ], [ 103.824602363307491, 1.305090575727861 ], [ 103.824600551765897, 1.305090123872864 ], [ 103.824560719765728, 1.305251889680008 ], [ 103.824559062823312, 1.305251496520606 ], [ 103.824536539303239, 1.305347653472447 ], [ 103.82457425260823, 1.305084945048208 ], [ 103.824399180355456, 1.305059485902312 ], [ 103.823804206213836, 1.305033962317132 ], [ 103.82370972614396, 1.305027270279083 ], [ 103.823389342007829, 1.304922131022632 ], [ 103.823422128895061, 1.304889016262883 ], [ 103.823511517234536, 1.304763120594172 ], [ 103.823574504359456, 1.304667166192894 ], [ 103.823701938932174, 1.30445765090305 ], [ 103.823706596510078, 1.304438879920643 ], [ 103.824063759879024, 1.304471062723771 ], [ 103.824087800000228, 1.304200800000768 ] ], [ [ 103.821768972056802, 1.305232472421404 ], [ 103.821711200000237, 1.30516679999989 ], [ 103.821865876346408, 1.305185125823793 ], [ 103.821818618789749, 1.305210627858551 ], [ 103.821768972056802, 1.305232472421404 ] ], [ [ 103.821679871154387, 1.305271607569838 ], [ 103.821661599999146, 1.305210999999758 ], [ 103.821705180844262, 1.305260540553995 ], [ 103.821703806937279, 1.30526114507293 ], [ 103.821679871154387, 1.305271607569838 ] ], [ [ 103.821411176842645, 1.30554438841855 ], [ 103.821411553035247, 1.30554539550374 ], [ 103.821405660968779, 1.305546589226228 ], [ 103.821405083783532, 1.305545258652426 ], [ 103.821411176842645, 1.30554438841855 ] ], [ [ 103.823045851592113, 1.305518875069567 ], [ 103.822828684023719, 1.305698053376789 ], [ 103.822828683047902, 1.30569805418167 ], [ 103.822514220375638, 1.305957505143164 ], [ 103.822354440997273, 1.306061103467048 ], [ 103.822235799999959, 1.305827700000594 ], [ 103.822443210350983, 1.306001047805685 ], [ 103.822481410349553, 1.305954747802541 ], [ 103.822274803605083, 1.305782071630602 ], [ 103.822275335515783, 1.305781751325052 ], [ 103.8225348358053, 1.305850016382828 ], [ 103.82254823580071, 1.305798416381835 ], [ 103.822339046077062, 1.305743386201024 ], [ 103.82242487542068, 1.305691701618417 ], [ 103.822569660285751, 1.305637651076833 ], [ 103.822698718304636, 1.305574637323496 ], [ 103.822793029314639, 1.305534399013031 ], [ 103.822859369848658, 1.305517305865878 ], [ 103.822905976706267, 1.305514496233005 ], [ 103.823045851592113, 1.305518875069567 ] ], [ [ 103.822673199999983, 1.306177200000301 ], [ 103.82284411599548, 1.306387046632989 ], [ 103.82317051600397, 1.306117746611259 ], [ 103.822999600000145, 1.305907900000386 ], [ 103.823170516979815, 1.306117745806378 ], [ 103.823481647290706, 1.305861041678313 ], [ 103.823393364853061, 1.30597026426344 ], [ 103.82360250000049, 1.306141500000397 ], [ 103.823367569372252, 1.306008391097621 ], [ 103.823354369371145, 1.306031991095905 ], [ 103.823725735252978, 1.306242402577424 ], [ 103.823811635175389, 1.306312735718915 ], [ 103.823823645091437, 1.306297877109804 ], [ 103.823824230653656, 1.306298208881858 ], [ 103.823826148682102, 1.306294779679129 ], [ 103.823945285854421, 1.30614738373761 ], [ 103.824050349626205, 1.306084740726916 ], [ 103.82449105277712, 1.306377301011767 ], [ 103.824638386782922, 1.306152478737445 ], [ 103.824803361371309, 1.306190275502786 ], [ 103.824863199999498, 1.305925699999847 ], [ 103.824876307491351, 1.306196722759165 ], [ 103.824945707498259, 1.306193322759023 ], [ 103.824932599999869, 1.305922300000014 ], [ 103.82508929903463, 1.306132906221334 ], [ 103.824987112070829, 1.306332700869661 ], [ 103.82489600852729, 1.306434469698844 ], [ 103.825296591501697, 1.30679773028549 ], [ 103.825387829540148, 1.30669581119847 ], [ 103.825410667219444, 1.306670391866994 ], [ 103.825210700000213, 1.306488400000075 ], [ 103.825450403041344, 1.306612591096333 ], [ 103.825662652920471, 1.306197602659615 ], [ 103.82588162784306, 1.306327499089215 ], [ 103.825947720655535, 1.306377111176604 ], [ 103.825969766448353, 1.30634736043052 ], [ 103.825969933626268, 1.306347496901462 ], [ 103.825947920440797, 1.306377260999686 ], [ 103.82597894115321, 1.30640050159946 ], [ 103.826541660286509, 1.306822740940453 ], [ 103.826702800000362, 1.306605200000311 ], [ 103.826544500843553, 1.306824843420771 ], [ 103.826552183720793, 1.306830452474603 ], [ 103.826434881587318, 1.306845828812836 ], [ 103.826466781044545, 1.307092342780274 ], [ 103.826462733470478, 1.307092772043947 ], [ 103.826388263612301, 1.306856231603 ], [ 103.826295763621005, 1.306885731599848 ], [ 103.826377200000437, 1.307144400000675 ], [ 103.826281739358208, 1.306890635809101 ], [ 103.826197239365641, 1.306922835805815 ], [ 103.826276040103735, 1.307132312794111 ], [ 103.826274153319218, 1.307132968273247 ], [ 103.826186656336986, 1.306927128480264 ], [ 103.826080756345974, 1.306972728476318 ], [ 103.826186800000059, 1.307222200000028 ], [ 103.826061305712628, 1.306982045923287 ], [ 103.825972705718712, 1.30702894591884 ], [ 103.826098200000033, 1.307269099999912 ], [ 103.825936388923878, 1.307052064435609 ], [ 103.82585998892678, 1.307109764430418 ], [ 103.8260218, 1.307326800000463 ], [ 103.825841734903449, 1.307124852585449 ], [ 103.825780679653263, 1.307179999261176 ], [ 103.825605167403239, 1.307326112955993 ], [ 103.825777000000556, 1.307535200000479 ], [ 103.825599100941119, 1.307331317193634 ], [ 103.825541775454226, 1.307381986597511 ], [ 103.825510032454872, 1.307404149501718 ], [ 103.82566370000032, 1.30762710000042 ], [ 103.825493379844588, 1.307416763122792 ], [ 103.825397548825819, 1.307495370206666 ], [ 103.825299730142504, 1.307562716787208 ], [ 103.825192966858708, 1.30761843441508 ], [ 103.825125287127449, 1.307652274280126 ], [ 103.825049146317667, 1.307682266540672 ], [ 103.824946490838926, 1.307721377730615 ], [ 103.824655825962395, 1.307810014013455 ], [ 103.824733999999836, 1.308069699999798 ], [ 103.824655632060086, 1.307810073222444 ], [ 103.824603632065248, 1.307825973220932 ], [ 103.824681999997424, 1.308085599991715 ], [ 103.824599697447837, 1.307827209450238 ], [ 103.824009597502126, 1.308017609431783 ], [ 103.824091899999985, 1.308276000000105 ], [ 103.824009043263672, 1.30801778892531 ], [ 103.823739243288045, 1.308105488916907 ], [ 103.823822098215942, 1.308363694440263 ], [ 103.823739237185109, 1.308105490900155 ], [ 103.823470759972821, 1.308192767984835 ], [ 103.823322272861091, 1.308233151107359 ], [ 103.82339260015047, 1.308495100560066 ], [ 103.823322219923085, 1.308233165510964 ], [ 103.823258782648765, 1.308250432087749 ], [ 103.823998294987831, 1.307267952509644 ], [ 103.823568505039461, 1.306940247472035 ], [ 103.822753105001567, 1.308023547402462 ], [ 103.822967999999065, 1.308187399999649 ], [ 103.822715237479201, 1.308093014520552 ], [ 103.822705837477571, 1.308118514519957 ], [ 103.822958600000533, 1.3082129 ], [ 103.822776984629442, 1.308227357704609 ], [ 103.822718900323721, 1.308198551221224 ], [ 103.82271843188002, 1.3081981562723 ], [ 103.822718336071844, 1.308198271384861 ], [ 103.822711466902192, 1.308194864670653 ], [ 103.822701344382807, 1.308215540449962 ], [ 103.822697430686731, 1.308214817505812 ], [ 103.822695429100776, 1.308225793937474 ], [ 103.822691631879167, 1.308230356270397 ], [ 103.822693372374658, 1.308231823698223 ], [ 103.822692256677655, 1.308234102567774 ], [ 103.822689840976594, 1.308234294872431 ], [ 103.822690162077947, 1.308238380897643 ], [ 103.822683266897883, 1.30825246466762 ], [ 103.822689960284194, 1.308255784203108 ], [ 103.822688130681527, 1.308265817504268 ], [ 103.822692379876315, 1.308266602422361 ], [ 103.822693840970828, 1.308285194873246 ], [ 103.822741597259594, 1.308281393180617 ], [ 103.822767264064552, 1.308294122443723 ], [ 103.822789128160537, 1.308312556256785 ], [ 103.822789012269908, 1.308343642559338 ], [ 103.822777437578608, 1.308357393516212 ], [ 103.822646963426678, 1.308306432871692 ], [ 103.822631463422908, 1.30834663287 ], [ 103.822748136931111, 1.308392203254892 ], [ 103.822683468629677, 1.30846903044691 ], [ 103.822615146665086, 1.308477335566628 ], [ 103.822617246662844, 1.308494835566672 ], [ 103.822666819847115, 1.308488809521412 ], [ 103.822537235785163, 1.308642757868281 ], [ 103.822510362095642, 1.308670291782388 ], [ 103.822359344827873, 1.308816150065298 ], [ 103.822230501128502, 1.308923549468713 ], [ 103.822165486911928, 1.308969398119122 ], [ 103.822114014991669, 1.309002441820206 ], [ 103.822100225780758, 1.309011243443412 ], [ 103.822094937933855, 1.309013757763305 ], [ 103.822095248874419, 1.309014420192874 ], [ 103.822094664201813, 1.309014793388095 ], [ 103.822094315231439, 1.309014054832551 ], [ 103.821991315239188, 1.309063354828241 ], [ 103.822107099995307, 1.309308399990154 ], [ 103.821982361541899, 1.309067847317791 ], [ 103.821824161552584, 1.309150947310484 ], [ 103.821948900000265, 1.309391500000459 ], [ 103.821820443505445, 1.309152937683389 ], [ 103.821645534318947, 1.309248342692001 ], [ 103.821463130238328, 1.309343488602595 ], [ 103.821369414766878, 1.309391989593933 ], [ 103.821492699678274, 1.309633299368949 ], [ 103.821369348756647, 1.309392023768654 ], [ 103.821240748765405, 1.309458623762243 ], [ 103.821364100000437, 1.309699899999941 ], [ 103.821228656459738, 1.309465285097543 ], [ 103.821086556468913, 1.309548385090118 ], [ 103.821222000013307, 1.309783000022615 ], [ 103.82108312085208, 1.309550428617331 ], [ 103.820981120858292, 1.30961212861136 ], [ 103.82112, 1.309844700000455 ], [ 103.820954736666252, 1.309630315588448 ], [ 103.820868936669356, 1.309697315583633 ], [ 103.821034199998238, 1.309911699997574 ], [ 103.820846700586088, 1.309716726308752 ], [ 103.820796400586644, 1.309765726305932 ], [ 103.820983899998481, 1.309960699999366 ], [ 103.820893792447819, 1.309896023131799 ], [ 103.820785636202459, 1.309781646311869 ], [ 103.820766636203018, 1.30979984631078 ], [ 103.820781080601861, 1.309815121476178 ], [ 103.820764401618717, 1.309803149731264 ], [ 103.820757481410666, 1.309812916152403 ], [ 103.820752987962692, 1.309816569361599 ], [ 103.82075166574198, 1.309815377574965 ], [ 103.820744373478817, 1.309823573007778 ], [ 103.820675190161921, 1.309879819603018 ], [ 103.820844599998551, 1.310090899998112 ], [ 103.820648848541396, 1.309904322758699 ], [ 103.820543748540118, 1.310016022750747 ], [ 103.820739499999789, 1.310202600000073 ], [ 103.820516100778107, 1.31005070534692 ], [ 103.820407700770502, 1.310212205336915 ], [ 103.820631100048288, 1.310364100033137 ], [ 103.820406748441826, 1.31021363390806 ], [ 103.820277048432388, 1.310409533896506 ], [ 103.820501399995294, 1.310559999996957 ], [ 103.820270565444702, 1.310419818840527 ], [ 103.820057265424097, 1.310775618821075 ], [ 103.820288100000397, 1.310915799999812 ], [ 103.820051262378698, 1.310786158780699 ], [ 103.819796751721796, 1.311257154817949 ], [ 103.819753128120098, 1.311195133590273 ], [ 103.819737128121076, 1.311206533589629 ], [ 103.819786316413683, 1.311276466336963 ], [ 103.81976547239789, 1.311315040150419 ], [ 103.819744020666121, 1.31135472297103 ], [ 103.819650709806751, 1.311308796223873 ], [ 103.819507818503652, 1.311602883263527 ], [ 103.819463942419574, 1.311556756037361 ], [ 103.819291804250724, 1.311722619687014 ], [ 103.819184173331237, 1.311690712394311 ], [ 103.819128899113124, 1.311879586823264 ], [ 103.819126492290167, 1.3118819059162 ], [ 103.819178122667324, 1.311688995570924 ], [ 103.819065675179758, 1.311658509386075 ], [ 103.818915704443498, 1.311610350002613 ], [ 103.818925844584697, 1.311553760427538 ], [ 103.81907514132142, 1.311594631155252 ], [ 103.819216658663635, 1.311070968841234 ], [ 103.819014336053371, 1.311015582013587 ], [ 103.819005946473325, 1.310928278045967 ], [ 103.818469253521044, 1.310980521924545 ], [ 103.818475132168956, 1.311041696672891 ], [ 103.818452145600219, 1.311163035541439 ], [ 103.818415081232374, 1.311347785599117 ], [ 103.818017253936219, 1.311086617056643 ], [ 103.817942980716666, 1.311035690125118 ], [ 103.817978059282879, 1.310954449121053 ], [ 103.817730800000632, 1.3108463000005 ], [ 103.817995834450031, 1.310896017844526 ], [ 103.818019334437068, 1.310769117841345 ], [ 103.817754300000487, 1.310719399999924 ], [ 103.818023189116246, 1.310739073088373 ], [ 103.818042589088336, 1.310470473086203 ], [ 103.817773700000117, 1.310450800000147 ], [ 103.818042598937254, 1.310470336239606 ], [ 103.818049301990541, 1.310376876386234 ], [ 103.818057579362602, 1.310296005420185 ], [ 103.817789400000507, 1.310268200000019 ], [ 103.818058818862511, 1.310278106261619 ], [ 103.818062815498962, 1.310167998594692 ], [ 103.818066217446969, 1.310075979778901 ], [ 103.818077047020694, 1.310014535351554 ], [ 103.818112355813327, 1.309814547762103 ], [ 103.818152076542546, 1.309653294806238 ], [ 103.817890400015628, 1.309588000003326 ], [ 103.818154106209221, 1.309644419940519 ], [ 103.818170228158351, 1.309568087408293 ], [ 103.818189457130686, 1.309512203192973 ], [ 103.818219960577409, 1.309444584430041 ], [ 103.81843073633209, 1.309554653728525 ], [ 103.818679063643373, 1.309072946264639 ], [ 103.818496842006695, 1.308977788231197 ], [ 103.81853280263509, 1.308917834138388 ], [ 103.818407068434126, 1.308841438882711 ], [ 103.818410140934532, 1.308836800256259 ], [ 103.818538832367594, 1.308907250589354 ], [ 103.818645132354845, 1.30871055057981 ], [ 103.818607788637337, 1.308690107282921 ], [ 103.818611068303397, 1.308688451358057 ], [ 103.818646804912547, 1.30870740659017 ], [ 103.818673140555035, 1.30865711067186 ], [ 103.818730399999751, 1.308628200000158 ], [ 103.818631864700308, 1.308880770888145 ], [ 103.818677664704225, 1.308898870889805 ], [ 103.818764861907013, 1.308675362401861 ], [ 103.81876232009229, 1.308893518241676 ], [ 103.81878349757568, 1.308893768193443 ], [ 103.818784198114926, 1.308917524200743 ], [ 103.818847939802495, 1.308915620110206 ], [ 103.818926052043679, 1.308917113495506 ], [ 103.818925913963795, 1.308931596396323 ], [ 103.819465086037141, 1.308936803574797 ], [ 103.81946532982883, 1.308911232230737 ], [ 103.819533146414656, 1.308908349969997 ], [ 103.819678818236923, 1.308903388395703 ], [ 103.819675616520556, 1.30880816514422 ], [ 103.819943805203437, 1.308801064608868 ], [ 103.819939806390494, 1.308648067150208 ], [ 103.81995203135719, 1.308648363098679 ], [ 103.819981378859239, 1.308649092229181 ], [ 103.820078241182657, 1.30865350378053 ], [ 103.820116404089902, 1.308655634085847 ], [ 103.820158382065756, 1.308665397619743 ], [ 103.820196468579582, 1.308679276604142 ], [ 103.820204164793367, 1.30868247834901 ], [ 103.820219400000454, 1.308714100000027 ], [ 103.819980764713591, 1.30884035731517 ], [ 103.820151764690365, 1.309167757331213 ], [ 103.82039039999998, 1.309041500000254 ], [ 103.820290990009255, 1.309293723447021 ], [ 103.820317790011259, 1.309304423448038 ], [ 103.820417200000648, 1.309052199998391 ], [ 103.820405940449163, 1.309323306886641 ], [ 103.820436840451919, 1.309324606887475 ], [ 103.820448100000092, 1.30905349999996 ], [ 103.820567147348171, 1.309296956410352 ], [ 103.820867547370653, 1.309148156396685 ], [ 103.820640677799162, 1.308684199457386 ], [ 103.820665761042093, 1.308649381916848 ], [ 103.820591559343328, 1.3085952312189 ], [ 103.820600507010624, 1.308548799245538 ], [ 103.820658195359329, 1.308570930663667 ], [ 103.820666654684345, 1.308641806785254 ], [ 103.820843654703211, 1.308620406783571 ], [ 103.820811500000133, 1.30835100000052 ], [ 103.820880284893832, 1.30861336339819 ], [ 103.821051984910568, 1.308567763393628 ], [ 103.820983200000185, 1.30830540000044 ], [ 103.821105492760893, 1.308547221410876 ], [ 103.82121539276865, 1.308490921405533 ], [ 103.821093100000056, 1.308249100000305 ], [ 103.821232161813796, 1.308481560747801 ], [ 103.821384553930557, 1.308389213170075 ], [ 103.821406944898925, 1.308378490222964 ], [ 103.821460656986872, 1.3083663533567 ], [ 103.8214016000002, 1.308101599999855 ], [ 103.821488619708148, 1.308358420134662 ], [ 103.82164295035092, 1.308305448239298 ], [ 103.821728303629214, 1.308279031139691 ], [ 103.821814348602274, 1.308270207884499 ], [ 103.821939652978486, 1.308262544008084 ], [ 103.821923299999767, 1.307991699998321 ], [ 103.822022586408764, 1.308243972739647 ], [ 103.822174086421313, 1.308183572734464 ], [ 103.821975513598119, 1.307679027261835 ], [ 103.821864008200819, 1.30772348221884 ], [ 103.821776147038577, 1.307728855989851 ], [ 103.821792500000967, 1.307999700011845 ], [ 103.821765174013535, 1.307729753779626 ], [ 103.821647174026324, 1.307741853778869 ], [ 103.821674499999432, 1.308011799996869 ], [ 103.821595257312026, 1.307752442328401 ], [ 103.821480557322118, 1.307787942324927 ], [ 103.82155979999699, 1.308047299990538 ], [ 103.821472780294926, 1.307790479866651 ], [ 103.821328349007999, 1.307840053943084 ], [ 103.821259343033418, 1.307855646639464 ], [ 103.821318400000536, 1.3081204 ], [ 103.821202564965191, 1.30787537892219 ], [ 103.821140964970141, 1.307904878919575 ], [ 103.82125679999902, 1.308149899998343 ], [ 103.821117738201863, 1.30791743925266 ], [ 103.820962257250514, 1.308011658618117 ], [ 103.82088657114717, 1.308050431388639 ], [ 103.820760787629396, 1.308083836912517 ], [ 103.820644324827214, 1.308097917726296 ], [ 103.820623214297967, 1.308093796784163 ], [ 103.820684649189175, 1.308077384528195 ], [ 103.820704825290946, 1.308079285071523 ], [ 103.820705520510529, 1.308071808779606 ], [ 103.820719075379074, 1.308068187612692 ], [ 103.820709303016216, 1.308031132243375 ], [ 103.820709410206149, 1.308029979542451 ], [ 103.820717694543134, 1.30799669934602 ], [ 103.820723871700707, 1.307980723078065 ], [ 103.820788533073156, 1.307890881795772 ], [ 103.82069184043047, 1.307820385342066 ], [ 103.820709723738801, 1.307787456430499 ], [ 103.820820769906007, 1.307831832654984 ], [ 103.820846567725241, 1.307766438167393 ], [ 103.820846569900652, 1.307766432652587 ], [ 103.820859359286644, 1.307734015101909 ], [ 103.820897023223495, 1.307646871073066 ], [ 103.82098114928786, 1.307529555886961 ], [ 103.820976393565672, 1.307575054466399 ], [ 103.821001893568251, 1.307577754466756 ], [ 103.82101062416055, 1.307494227800586 ], [ 103.821049710019736, 1.307456397149751 ], [ 103.821065620335972, 1.307576878228152 ], [ 103.821111220341123, 1.307570778227919 ], [ 103.821091241838516, 1.30741949077194 ], [ 103.821100418641379, 1.30741285308371 ], [ 103.821121234671992, 1.307399904144223 ], [ 103.821189806360195, 1.307547641371629 ], [ 103.821303806369016, 1.307494041366885 ], [ 103.821231199409084, 1.307337610189858 ], [ 103.821243516814008, 1.307330956901561 ], [ 103.821337342380758, 1.307475237318543 ], [ 103.821368255108425, 1.307454873642204 ], [ 103.821373619153434, 1.307452310046234 ], [ 103.821376850372445, 1.307451276056308 ], [ 103.821383684511858, 1.307449768525708 ], [ 103.821422954694327, 1.307443663497323 ], [ 103.821393245738761, 1.307250080303703 ], [ 103.821399416940523, 1.307246746907229 ], [ 103.821446908134348, 1.307438812052913 ], [ 103.821499208139898, 1.307425712051178 ], [ 103.82144840951905, 1.307220270937486 ], [ 103.821561686552087, 1.307159040106437 ], [ 103.821762684813351, 1.307055974198151 ], [ 103.821640299991344, 1.306814199982943 ], [ 103.821770160268699, 1.307051991129255 ], [ 103.821930860278627, 1.306963091121399 ], [ 103.821834116339787, 1.306785940345414 ], [ 103.821862306290186, 1.306823019065719 ], [ 103.821944940041064, 1.306954732988927 ], [ 103.82195674232409, 1.306947232371871 ], [ 103.822037833580282, 1.307053893054853 ], [ 103.822305833590107, 1.306847493037787 ], [ 103.822245871653223, 1.306768624113752 ], [ 103.822358892947818, 1.306703341660944 ], [ 103.822273290544388, 1.306553215954358 ], [ 103.822277591936739, 1.306550634799782 ], [ 103.822370704569494, 1.306696107688453 ], [ 103.822819204593486, 1.306405307662747 ], [ 103.822673199999983, 1.306177200000301 ] ], [ [ 103.822084509092974, 1.306236122838315 ], [ 103.821956507085346, 1.306310058324617 ], [ 103.822090699875758, 1.306545399783332 ], [ 103.821956140881483, 1.30631027023279 ], [ 103.821935620444165, 1.306322166137617 ], [ 103.821883000161094, 1.306352562322865 ], [ 103.821937377552786, 1.306447920483546 ], [ 103.821931985789433, 1.30645207294549 ], [ 103.821873259972946, 1.306358467014833 ], [ 103.821663973934918, 1.306491473032159 ], [ 103.821514146435263, 1.306574358311393 ], [ 103.821482031995487, 1.306590825638052 ], [ 103.821479406023954, 1.30658282025044 ], [ 103.821360546820856, 1.306466982898837 ], [ 103.82124799798315, 1.306433503182842 ], [ 103.821215671737448, 1.306375043822463 ], [ 103.821140045460083, 1.306417406099769 ], [ 103.821133093593815, 1.306356706303005 ], [ 103.821209606524775, 1.306313523865416 ], [ 103.8213922997964, 1.306225034786823 ], [ 103.821467650739407, 1.306189691452404 ], [ 103.821526320131667, 1.306243226087728 ], [ 103.821653823819744, 1.30610167768155 ], [ 103.821668695680444, 1.306094376337908 ], [ 103.821665793919223, 1.306088389057176 ], [ 103.821668796464024, 1.306085055777208 ], [ 103.821672528887859, 1.306092456349673 ], [ 103.82170197080697, 1.306077414636805 ], [ 103.821666060509884, 1.30631033470219 ], [ 103.821751860518603, 1.306323734704052 ], [ 103.8217932000004, 1.30605559999996 ], [ 103.821915990024294, 1.306297165966342 ], [ 103.822277279358076, 1.306111133800562 ], [ 103.822084509092974, 1.306236122838315 ] ], [ [ 103.821628447563569, 1.306005052819255 ], [ 103.821626469135936, 1.306007249174609 ], [ 103.821623885950842, 1.306001919219266 ], [ 103.821626061431573, 1.306000321647445 ], [ 103.821628447563569, 1.306005052819255 ] ], [ [ 103.821604123318622, 1.305956823210264 ], [ 103.82160257945489, 1.305957956951731 ], [ 103.821602412093114, 1.305957611629217 ], [ 103.82160396877444, 1.305956516783633 ], [ 103.821604123318622, 1.305956823210264 ] ], [ [ 103.820959441843456, 1.30632538016227 ], [ 103.821001062216766, 1.3064000833507 ], [ 103.820976286490279, 1.306368672886474 ], [ 103.820953316588174, 1.306324249976239 ], [ 103.820959441843456, 1.30632538016227 ] ], [ [ 103.820968089806442, 1.306448106129845 ], [ 103.820981000000813, 1.306456000000123 ], [ 103.820960756373111, 1.306451947312188 ], [ 103.820968089806442, 1.306448106129845 ] ], [ [ 103.821040378309036, 1.306409033034899 ], [ 103.821040391479073, 1.306409025601086 ], [ 103.821040400000541, 1.306409100000502 ], [ 103.821040378309036, 1.306409033034899 ] ], [ [ 103.820924428359206, 1.306470975576374 ], [ 103.820975999999831, 1.306481300000277 ], [ 103.820872911347507, 1.306497959688736 ], [ 103.820924428359206, 1.306470975576374 ] ], [ [ 103.820969239351257, 1.306508755140791 ], [ 103.820951593303406, 1.306522968104677 ], [ 103.820744528238009, 1.306638956154648 ], [ 103.820853399000583, 1.306835840038095 ], [ 103.820856332309376, 1.306875928651198 ], [ 103.820879504732105, 1.30691321761493 ], [ 103.820857795532291, 1.306925920814028 ], [ 103.820980608301795, 1.307138528710343 ], [ 103.820980126457641, 1.307139047820548 ], [ 103.820851558774052, 1.306929684447705 ], [ 103.820808958776922, 1.306956184445139 ], [ 103.820944694354665, 1.307177220231721 ], [ 103.820944141883388, 1.307177815430294 ], [ 103.820793365889514, 1.306966655283474 ], [ 103.820747465890989, 1.306999855280109 ], [ 103.820904799999411, 1.307220199999671 ], [ 103.820717926823463, 1.307024618413457 ], [ 103.820605826824348, 1.307133118404909 ], [ 103.820792700003082, 1.307328700002054 ], [ 103.820574091936862, 1.307169901047125 ], [ 103.820442791930105, 1.307353001035829 ], [ 103.820554479396748, 1.307434131870646 ], [ 103.820548380788949, 1.30746231820377 ], [ 103.820447330641159, 1.307418076668843 ], [ 103.820438518774807, 1.307385030255363 ], [ 103.820403718778437, 1.307394430253854 ], [ 103.820409216002588, 1.307415046041363 ], [ 103.820363179257328, 1.307521562407095 ], [ 103.820447457786898, 1.307558461034958 ], [ 103.820449314153578, 1.307565422810739 ], [ 103.820359832298251, 1.307529661808726 ], [ 103.820345432294971, 1.307566161807281 ], [ 103.820461925402171, 1.307612717727942 ], [ 103.820461926421999, 1.307612721552505 ], [ 103.820345430119545, 1.307566167322991 ], [ 103.820339005240243, 1.307582453642063 ], [ 103.820277030553186, 1.307548358701435 ], [ 103.820337552378788, 1.307477208644509 ], [ 103.820380842315316, 1.307344246656179 ], [ 103.820369762308204, 1.307204195551071 ], [ 103.820306062764544, 1.307079450635114 ], [ 103.820200282756417, 1.306989471795223 ], [ 103.820068840413185, 1.306946676614522 ], [ 103.820034565003581, 1.306949388277385 ], [ 103.820032348266281, 1.306941886437159 ], [ 103.820023104869676, 1.306904912866669 ], [ 103.820278333315244, 1.306799513166069 ], [ 103.820693393736292, 1.306589692332169 ], [ 103.820755340337399, 1.306559542242614 ], [ 103.82080012370777, 1.306536085148516 ], [ 103.820969239351257, 1.306508755140791 ] ], [ [ 103.821217823862511, 1.306711695183731 ], [ 103.821229171732256, 1.306722777043878 ], [ 103.82120383005801, 1.306736475245772 ], [ 103.821205196601568, 1.306707924160225 ], [ 103.821217823862511, 1.306711695183731 ] ], [ [ 103.821153235783683, 1.306736406562523 ], [ 103.821160936079607, 1.306753010112581 ], [ 103.821123088428863, 1.306755815427214 ], [ 103.82112454400189, 1.306752478343841 ], [ 103.821153235783683, 1.306736406562523 ] ], [ [ 103.821124602886343, 1.306779286586184 ], [ 103.821123084218897, 1.306758477996344 ], [ 103.821145164371202, 1.306768180228592 ], [ 103.821124602886343, 1.306779286586184 ] ], [ [ 103.82094524569429, 1.307018091786938 ], [ 103.820965152175319, 1.30705428549731 ], [ 103.820963133926085, 1.30705523442908 ], [ 103.820902120975234, 1.306949611575638 ], [ 103.820944348783854, 1.307017564377775 ], [ 103.82094524569429, 1.307018091786938 ] ], [ [ 103.820633771235961, 1.307491730207748 ], [ 103.820661399998286, 1.307511799999391 ], [ 103.820632195329196, 1.307499013682826 ], [ 103.820633771235961, 1.307491730207748 ] ], [ [ 103.817141448203969, 1.306875514939187 ], [ 103.817151400001023, 1.30699880001409 ], [ 103.817141135745786, 1.306875514320384 ], [ 103.817141448203969, 1.306875514939187 ] ], [ [ 103.817116056773799, 1.306875464640883 ], [ 103.817126500000199, 1.307000900005343 ], [ 103.817104735489849, 1.306875442213213 ], [ 103.817116056773799, 1.306875464640883 ] ], [ [ 103.816891298662568, 1.306878873180705 ], [ 103.816918800000607, 1.307037399999798 ], [ 103.816844899455532, 1.306884855887509 ], [ 103.816891298662568, 1.306878873180705 ] ], [ [ 103.816222800000062, 1.3082008 ], [ 103.816436761259453, 1.308231143650904 ], [ 103.816436491279944, 1.308231145821359 ], [ 103.816222800000062, 1.3082008 ] ], [ [ 103.817284699999931, 1.306987900002558 ], [ 103.817276560675523, 1.306887068308906 ], [ 103.817296183366054, 1.306888781145382 ], [ 103.817284699999931, 1.306987900002558 ] ], [ [ 103.817539139659615, 1.30693867396841 ], [ 103.817548742069164, 1.30694102801636 ], [ 103.817530099999402, 1.307016700003002 ], [ 103.817539139659615, 1.30693867396841 ] ], [ [ 103.818317706466928, 1.30708883384885 ], [ 103.818322200000352, 1.307089469410955 ], [ 103.818322200000139, 1.30711750000012 ], [ 103.818317706466928, 1.30708883384885 ] ], [ [ 103.818417099999394, 1.307098821353561 ], [ 103.81841948188854, 1.307098878291225 ], [ 103.818417100000602, 1.307117500000309 ], [ 103.818417099999394, 1.307098821353561 ] ], [ [ 103.818546583985267, 1.30710499843145 ], [ 103.818547487517577, 1.307105055530253 ], [ 103.818547518867575, 1.307106955598005 ], [ 103.818542899998434, 1.307133800011334 ], [ 103.818546583985267, 1.30710499843145 ] ], [ [ 103.818900100000292, 1.307474600000467 ], [ 103.81912545564191, 1.307486939608821 ], [ 103.819118608328552, 1.307508070997482 ], [ 103.81914480833116, 1.30751667099855 ], [ 103.819153937004629, 1.307488499137101 ], [ 103.819169300198553, 1.307489340365858 ], [ 103.819171315140849, 1.307452063862544 ], [ 103.819210317931166, 1.307481688933985 ], [ 103.819206469787488, 1.307529144427192 ], [ 103.819234469791041, 1.307531444427579 ], [ 103.819237577803506, 1.30749311626184 ], [ 103.819269997552027, 1.307502410661634 ], [ 103.819271659038805, 1.30753190866882 ], [ 103.819314507246247, 1.30752946387674 ], [ 103.819403793104215, 1.307517939510983 ], [ 103.819393111675268, 1.307434109408637 ], [ 103.819424153669019, 1.307473415931549 ], [ 103.819426006093323, 1.307471933991962 ], [ 103.819436085857291, 1.30751173744658 ], [ 103.819706387354316, 1.307442397555684 ], [ 103.819748337194582, 1.307524549340802 ], [ 103.819755341008204, 1.307530506942136 ], [ 103.819662199696609, 1.307692760921085 ], [ 103.819640819276671, 1.307689613335136 ], [ 103.819632959023551, 1.307743698739114 ], [ 103.819594810994317, 1.307810153338945 ], [ 103.819588996181011, 1.307687062544467 ], [ 103.819446896196197, 1.30769386254398 ], [ 103.819459700000351, 1.307964900000022 ], [ 103.819393086914488, 1.307701969537141 ], [ 103.819112740732464, 1.307773917428294 ], [ 103.819116247023302, 1.30776060747229 ], [ 103.819164022671885, 1.307529984088978 ], [ 103.819076556908456, 1.307511629429991 ], [ 103.819076600436276, 1.307511405084484 ], [ 103.819059055849252, 1.307507956838635 ], [ 103.818900100000292, 1.307474600000467 ] ], [ [ 103.819202199999836, 1.307250100000213 ], [ 103.819191435698571, 1.307283319551676 ], [ 103.819179413860994, 1.307291634924506 ], [ 103.819179606425692, 1.307279180030919 ], [ 103.819202199999836, 1.307250100000213 ] ], [ [ 103.819180313159265, 1.307233469190423 ], [ 103.819180316100372, 1.307233278970886 ], [ 103.819180599999271, 1.307233100000526 ], [ 103.819180313159265, 1.307233469190423 ] ], [ [ 103.820084018123922, 1.307649533943086 ], [ 103.820123660533781, 1.307646397675383 ], [ 103.820190330951874, 1.307612353207565 ], [ 103.820173807408068, 1.307642778343616 ], [ 103.8201589659582, 1.307648818785864 ], [ 103.820101821635205, 1.307655746675052 ], [ 103.82009150223611, 1.307653885974886 ], [ 103.820084018123922, 1.307649533943086 ] ], [ [ 103.819997499999943, 1.307912600000389 ], [ 103.819983821931714, 1.307989443588627 ], [ 103.819980215236612, 1.307991411685806 ], [ 103.819952567297662, 1.307990873649516 ], [ 103.819997499999943, 1.307912600000389 ] ], [ [ 103.820335400000587, 1.307869700000622 ], [ 103.820350498162227, 1.307886512319838 ], [ 103.820341214264417, 1.307884171288139 ], [ 103.820335400000587, 1.307869700000622 ] ], [ [ 103.82051154787446, 1.307632551265324 ], [ 103.820503682426207, 1.307629408076343 ], [ 103.820503681723551, 1.30762940544283 ], [ 103.820511548303088, 1.307632549283864 ], [ 103.82051154787446, 1.307632551265324 ] ], [ [ 103.82051996324941, 1.307593657386172 ], [ 103.820491070474091, 1.307582110525837 ], [ 103.820489695310826, 1.30757695336625 ], [ 103.820520645555121, 1.307590503927758 ], [ 103.82051996324941, 1.307593657386172 ] ], [ [ 103.82060446009919, 1.307627199407746 ], [ 103.820610400000334, 1.307629800000313 ], [ 103.820604414945223, 1.307627408101433 ], [ 103.82060446009919, 1.307627199407746 ] ], [ [ 103.82037442629165, 1.3079668336396 ], [ 103.820436741325508, 1.307982547026553 ], [ 103.820437695710851, 1.307983609766752 ], [ 103.820378942993059, 1.307978075385926 ], [ 103.82037442629165, 1.3079668336396 ] ], [ [ 103.820233822687399, 1.307931378967335 ], [ 103.820247613962195, 1.307965704466822 ], [ 103.820232833347575, 1.307964312163145 ], [ 103.820228738454503, 1.307930096924048 ], [ 103.820233822687399, 1.307931378967335 ] ], [ [ 103.820098997095315, 1.307971753679099 ], [ 103.82010660670494, 1.308035336461227 ], [ 103.820074901016326, 1.308037298392613 ], [ 103.820085230769649, 1.307979265675388 ], [ 103.820098997095315, 1.307971753679099 ] ], [ [ 103.818704070467717, 1.308598040593988 ], [ 103.818714500000297, 1.3085963 ], [ 103.818701561141225, 1.308602832914579 ], [ 103.818704070467717, 1.308598040593988 ] ], [ [ 103.818845375758357, 1.308606075855963 ], [ 103.818847204195606, 1.308606888318907 ], [ 103.818846500000603, 1.308644199999913 ], [ 103.818845375758357, 1.308606075855963 ] ], [ [ 103.818572502492913, 1.308667995473711 ], [ 103.818569846607048, 1.308669336447261 ], [ 103.818529546550465, 1.308647274743011 ], [ 103.818530385994322, 1.308645656250788 ], [ 103.818572502492913, 1.308667995473711 ] ], [ [ 103.818057600008217, 1.309182900005257 ], [ 103.818062231795949, 1.309185606167771 ], [ 103.81806219308784, 1.309185681200865 ], [ 103.818057600008217, 1.309182900005257 ] ], [ [ 103.818122715937164, 1.309220944565054 ], [ 103.818122745315094, 1.309220961730075 ], [ 103.818122201191045, 1.309222017226173 ], [ 103.8181221717646, 1.3092219994082 ], [ 103.818122715937164, 1.309220944565054 ] ], [ [ 103.817777079689549, 1.311025136103427 ], [ 103.817765460344432, 1.311042302142289 ], [ 103.81776545861922, 1.31104230097203 ], [ 103.817777077503379, 1.3110251351475 ], [ 103.817777079689549, 1.311025136103427 ] ], [ [ 103.81767394015543, 1.310980023738042 ], [ 103.817673857367765, 1.310980146049228 ], [ 103.817673200000272, 1.31097970000067 ], [ 103.81767394015543, 1.310980023738042 ] ], [ [ 103.817673301253791, 1.311178454925782 ], [ 103.817673301259177, 1.311178454929399 ], [ 103.817673011239066, 1.311178883395667 ], [ 103.817673301253791, 1.311178454925782 ] ], [ [ 103.817642657917531, 1.311486422975535 ], [ 103.817715909891675, 1.311536649674411 ], [ 103.817867700007056, 1.311312399989717 ], [ 103.817720412355015, 1.311539670742859 ], [ 103.818286912383371, 1.311911570776237 ], [ 103.818384081037266, 1.3117616356015 ], [ 103.818385499437113, 1.31176186049568 ], [ 103.818290172755709, 1.311913677711555 ], [ 103.818468772765129, 1.31202727772231 ], [ 103.818612800000409, 1.311797900000331 ], [ 103.818530851786775, 1.312056404635119 ], [ 103.81876239923119, 1.312130760379536 ], [ 103.818659546618292, 1.312434841383577 ], [ 103.818640222479189, 1.312472938747667 ], [ 103.818572599602589, 1.312545314662438 ], [ 103.818965400426166, 1.312917085321393 ], [ 103.819059300425835, 1.312816585314106 ], [ 103.818862900001179, 1.312630700000552 ], [ 103.819097796027961, 1.312751393527785 ], [ 103.818873356388721, 1.313344030564616 ], [ 103.818824918028142, 1.313344600986897 ], [ 103.818500320752563, 1.313312552626033 ], [ 103.818482363595663, 1.31349679064721 ], [ 103.818326887634512, 1.31358849524959 ], [ 103.818452413451496, 1.313804075034538 ], [ 103.818450689783489, 1.313821759634812 ], [ 103.818019857200966, 1.314354249235117 ], [ 103.817935863659017, 1.314458041243646 ], [ 103.818124001054017, 1.314612267968918 ], [ 103.818118579253294, 1.314616747484478 ], [ 103.817901624298187, 1.314512456126525 ], [ 103.817802824282609, 1.314720656116482 ], [ 103.818046099999904, 1.314837600000041 ], [ 103.817798808239374, 1.314729525247138 ], [ 103.817685476289128, 1.314992213166781 ], [ 103.81767818988348, 1.315008381420937 ], [ 103.817627486986524, 1.314935815243638 ], [ 103.817566529033726, 1.314829138843993 ], [ 103.817511602305402, 1.314705007585845 ], [ 103.817478495558575, 1.314569050318954 ], [ 103.817469633822583, 1.314503953254637 ], [ 103.817469770519693, 1.314431225962154 ], [ 103.817473651465903, 1.31439640184204 ], [ 103.817684247805232, 1.314376750948602 ], [ 103.817645566000934, 1.313956820176682 ], [ 103.817621642895432, 1.313635992925897 ], [ 103.817451259938338, 1.313648862822367 ], [ 103.817451189424531, 1.313648169739443 ], [ 103.817621494864909, 1.313634096799627 ], [ 103.817598694835709, 1.313354596802077 ], [ 103.817422375772608, 1.313369166668547 ], [ 103.81742226174643, 1.313368062967606 ], [ 103.817598413428243, 1.313351381688928 ], [ 103.817581913409697, 1.313174881689829 ], [ 103.817404043778666, 1.313191725655316 ], [ 103.817401677241833, 1.313168819214348 ], [ 103.817425249467789, 1.313153543629592 ], [ 103.817419039070273, 1.313143835732452 ], [ 103.81746318494281, 1.313120217327734 ], [ 103.817464985301683, 1.313122124722106 ], [ 103.817471801693614, 1.313115607294314 ], [ 103.817551555634935, 1.313072938275337 ], [ 103.817533497455216, 1.313038746905919 ], [ 103.817540832422125, 1.313044265670674 ], [ 103.81757923241986, 1.312992565667764 ], [ 103.81737618855702, 1.312839797239016 ], [ 103.817375914538658, 1.312836582853893 ], [ 103.817603408473374, 1.312953496344551 ], [ 103.817637919195761, 1.312885472306651 ], [ 103.817651729606894, 1.312858348258023 ], [ 103.817411800000471, 1.312734600000405 ], [ 103.817655111502717, 1.312851468039314 ], [ 103.817755888396903, 1.312638932733036 ], [ 103.817784902903696, 1.312584915593253 ], [ 103.817793422775978, 1.312573011437306 ], [ 103.817807472793859, 1.312579354811325 ], [ 103.81785788844175, 1.312606566606144 ], [ 103.817859588274544, 1.31260962630491 ], [ 103.817861531294739, 1.312608532832492 ], [ 103.81791858556349, 1.312639327813624 ], [ 103.817966457175118, 1.312549483731567 ], [ 103.81798751550464, 1.31253763274226 ], [ 103.818344239824626, 1.312647792236758 ], [ 103.81835743982073, 1.312604492235283 ], [ 103.818099699999806, 1.312524900000353 ], [ 103.818367926646317, 1.312497558126771 ], [ 103.818363126640833, 1.312449858127927 ], [ 103.818094899998442, 1.312477200000156 ], [ 103.818330211700456, 1.312344773671787 ], [ 103.818323211699507, 1.31233217367259 ], [ 103.818087900255307, 1.312464599855622 ], [ 103.818322936430064, 1.312331679400358 ], [ 103.818313836429084, 1.312315379401017 ], [ 103.818078799998403, 1.312448300001051 ], [ 103.818301113622297, 1.312294800089748 ], [ 103.818285913620713, 1.312272500091138 ], [ 103.818063600550502, 1.312425999619483 ], [ 103.818285855565051, 1.312272414951182 ], [ 103.818268255562984, 1.312246614952557 ], [ 103.818046000000678, 1.31240019999916 ], [ 103.81817341441257, 1.312161072179227 ], [ 103.818053914420418, 1.312096572184666 ], [ 103.817926499997, 1.312335700004832 ], [ 103.818036843662725, 1.312088124702201 ], [ 103.817935843671279, 1.312042524707316 ], [ 103.81782550000041, 1.312290100000034 ], [ 103.817851260093818, 1.312019997864979 ], [ 103.817792260099466, 1.312014297865078 ], [ 103.817766499999806, 1.312284400000363 ], [ 103.817694719281846, 1.312022850803348 ], [ 103.817646519286939, 1.312036250801281 ], [ 103.817718300001118, 1.312297800003221 ], [ 103.817604893641487, 1.312051630646997 ], [ 103.817591614717799, 1.312057827477755 ], [ 103.817570736566694, 1.312067524438272 ], [ 103.817683700000444, 1.312313900000106 ], [ 103.817536559041613, 1.312086532999268 ], [ 103.817518559042497, 1.312098332998107 ], [ 103.817665700000376, 1.312325699999977 ], [ 103.817518376240884, 1.312098452941023 ], [ 103.817504976241523, 1.312107252939959 ], [ 103.8176523000012, 1.312334500001491 ], [ 103.817539317169192, 1.312206585298347 ], [ 103.817481821725607, 1.312125942431804 ], [ 103.817473436840658, 1.31213199818148 ], [ 103.817473177672142, 1.31213170476142 ], [ 103.817470391835556, 1.312134197351768 ], [ 103.817460221726279, 1.312141542430071 ], [ 103.817460985434309, 1.312142613604266 ], [ 103.817459877672235, 1.312143604760083 ], [ 103.817469288057936, 1.312154258828442 ], [ 103.817617399999861, 1.31236199999978 ], [ 103.817417659488058, 1.312179755636215 ], [ 103.817392259487121, 1.312207955634264 ], [ 103.817591999995656, 1.312390199996216 ], [ 103.81737324635273, 1.31223160366468 ], [ 103.817354512669652, 1.312257778780142 ], [ 103.817354601118225, 1.312243213986652 ], [ 103.817363510020783, 1.312167862913304 ], [ 103.817095799998512, 1.312135799999753 ], [ 103.817364548657793, 1.312157331583334 ], [ 103.81737222450667, 1.31206028048038 ], [ 103.817378143947423, 1.312026605425111 ], [ 103.817383821236277, 1.311999867208017 ], [ 103.817399231190876, 1.311950366347107 ], [ 103.817432170815749, 1.311860692159944 ], [ 103.817179301600945, 1.311766600595872 ], [ 103.817432202410188, 1.311860606103516 ], [ 103.817460029136939, 1.311784772340888 ], [ 103.817511233402968, 1.311693383482343 ], [ 103.817276399383289, 1.311560099650263 ], [ 103.817511306533106, 1.311693252875366 ], [ 103.817526742949127, 1.31166566650181 ], [ 103.817580729834319, 1.311569402790061 ], [ 103.817642657917531, 1.311486422975535 ] ], [ [ 103.817083899999844, 1.312423899999506 ], [ 103.81725988363074, 1.312424982598474 ], [ 103.817258553229593, 1.312427788372238 ], [ 103.817083899999844, 1.312423899999506 ] ], [ [ 103.817327076611576, 1.312425395946023 ], [ 103.817349418586673, 1.312425533385927 ], [ 103.817515500006678, 1.312515900003201 ], [ 103.817353255532879, 1.312437970280672 ], [ 103.817353432884971, 1.312429900709048 ], [ 103.81733563005055, 1.312429504358896 ], [ 103.817327076611576, 1.312425395946023 ] ], [ [ 103.817021041156636, 1.312788496754915 ], [ 103.817025605948203, 1.312788210778645 ], [ 103.817026414301012, 1.312789923524031 ], [ 103.817021936266443, 1.312790310221774 ], [ 103.817021041156636, 1.312788496754915 ] ], [ [ 103.817368655273981, 1.312746870573076 ], [ 103.817368651818498, 1.31274681469236 ], [ 103.817397899875175, 1.31276189993611 ], [ 103.817368655273981, 1.312746870573076 ] ], [ [ 103.817383529659736, 1.312925912448673 ], [ 103.817384181212887, 1.312926402670963 ], [ 103.817383647460701, 1.312927294322269 ], [ 103.817383529659736, 1.312925912448673 ] ], [ [ 103.817322445765782, 1.312992426563622 ], [ 103.817341048971187, 1.312990820094974 ], [ 103.817343846263938, 1.312993783693405 ], [ 103.817343843998671, 1.312993787477252 ], [ 103.817323965058804, 1.312995219024528 ], [ 103.81732233570628, 1.31299267207079 ], [ 103.817322445765782, 1.312992426563622 ] ], [ [ 103.817419515392459, 1.312952987801364 ], [ 103.817530400500885, 1.313036416785212 ], [ 103.817490825239787, 1.313057589877929 ], [ 103.81740887333676, 1.31297076574931 ], [ 103.817419515392459, 1.312952987801364 ] ], [ [ 103.817120099996956, 1.313009900000513 ], [ 103.817120099999656, 1.313009899999608 ], [ 103.817120100000551, 1.313009900000513 ], [ 103.817120099996956, 1.313009900000513 ] ], [ [ 103.817130208764638, 1.313030380055611 ], [ 103.81713021483877, 1.313030392362245 ], [ 103.817121600305882, 1.313030999978512 ], [ 103.817130208764638, 1.313030380055611 ] ], [ [ 103.817392886405855, 1.313045739384628 ], [ 103.817433181274566, 1.313088429875201 ], [ 103.817396818899269, 1.313107884045645 ], [ 103.81739549220076, 1.313083601486632 ], [ 103.817381018107596, 1.313084402559541 ], [ 103.817378649987347, 1.31308070078981 ], [ 103.817395239284821, 1.313079530681872 ], [ 103.817392886405855, 1.313045739384628 ] ], [ [ 103.817137537992579, 1.313097878030834 ], [ 103.817137568003446, 1.313097705225029 ], [ 103.817137629083277, 1.313097700917033 ], [ 103.817137594983109, 1.313097874876782 ], [ 103.817137537992579, 1.313097878030834 ] ], [ [ 103.818344553232919, 1.314838269002611 ], [ 103.818344935161107, 1.314837464170107 ], [ 103.818347899999665, 1.314837599999172 ], [ 103.818344553232919, 1.314838269002611 ] ], [ [ 103.818619280523777, 1.314804382601944 ], [ 103.818619583950465, 1.314797673484033 ], [ 103.818648299999921, 1.314824100000017 ], [ 103.818619280523777, 1.314804382601944 ] ], [ [ 103.818621935659294, 1.314745674456886 ], [ 103.818622620201452, 1.314730538441429 ], [ 103.818604590745807, 1.314729712454182 ], [ 103.818526056509356, 1.314657439751358 ], [ 103.818607807014402, 1.314628687249296 ], [ 103.818583607008506, 1.314558987252204 ], [ 103.818536028707825, 1.314575721035205 ], [ 103.818853671389903, 1.314183128937088 ], [ 103.819028986391331, 1.314329336585048 ], [ 103.819296541530321, 1.314004350318336 ], [ 103.819325924566726, 1.314028917935036 ], [ 103.819498200000083, 1.31382019999977 ], [ 103.819325941236556, 1.31402893187139 ], [ 103.819363741236998, 1.314060531873925 ], [ 103.819535819947873, 1.313852018174894 ], [ 103.819535852127487, 1.313852045391023 ], [ 103.819396192131052, 1.31408380716994 ], [ 103.819413893117016, 1.314094612309997 ], [ 103.819309959427883, 1.314148211426897 ], [ 103.819555840595271, 1.314631188566341 ], [ 103.819772336776794, 1.314519540403732 ], [ 103.819832344612053, 1.31465301214621 ], [ 103.819894044617357, 1.314624912143472 ], [ 103.819891365023409, 1.314618952087224 ], [ 103.819893211582198, 1.314620553981188 ], [ 103.819925411581195, 1.314582953978674 ], [ 103.819843062664489, 1.314511516123641 ], [ 103.819832679451224, 1.314488421380684 ], [ 103.819853269127762, 1.314477803178778 ], [ 103.819938612956875, 1.314599208514565 ], [ 103.820058909050047, 1.314513546470364 ], [ 103.820075099186184, 1.314519123535106 ], [ 103.820082774892157, 1.314496551762499 ], [ 103.820101512964058, 1.314483208505245 ], [ 103.820091942198175, 1.314469593673604 ], [ 103.820162400000427, 1.314262400000244 ], [ 103.820213259241456, 1.314528871601412 ], [ 103.820414459261684, 1.314489971597756 ], [ 103.820363600000036, 1.314223500000421 ], [ 103.820543364002376, 1.314425719398103 ], [ 103.820583564002817, 1.314389519395454 ], [ 103.820403799998886, 1.314187299999714 ], [ 103.82064743529962, 1.314303483002807 ], [ 103.820711835289515, 1.314166682996576 ], [ 103.820316801061125, 1.313978301974979 ], [ 103.820312740748918, 1.313957028400677 ], [ 103.820283888237029, 1.313962606744926 ], [ 103.820224564732868, 1.313934316979184 ], [ 103.820203973446354, 1.313978057469156 ], [ 103.820202372758843, 1.313978366946039 ], [ 103.82020136100931, 1.313977726324924 ], [ 103.8202007664581, 1.313978677508129 ], [ 103.82011154076902, 1.313995928396668 ], [ 103.820117137397816, 1.314025251346902 ], [ 103.820110727759285, 1.314014885761575 ], [ 103.820099265885233, 1.313996328445708 ], [ 103.820110094154089, 1.313941209887347 ], [ 103.820069894158124, 1.31393320988815 ], [ 103.820067574340015, 1.313945018333563 ], [ 103.820016264162646, 1.313861944722095 ], [ 103.819869580164436, 1.31395372003589 ], [ 103.819863985059101, 1.313954920628328 ], [ 103.819864415264959, 1.31395695154252 ], [ 103.819799896259966, 1.313997318938771 ], [ 103.819796302715417, 1.313990260246165 ], [ 103.819880196016555, 1.313851041657996 ], [ 103.819881447717037, 1.313850073796517 ], [ 103.819881074155603, 1.313849584410208 ], [ 103.81992710782913, 1.313773192807541 ], [ 103.819731721462603, 1.313653923939422 ], [ 103.819552952311156, 1.313419726193197 ], [ 103.819494858791629, 1.313464646261577 ], [ 103.819426395412009, 1.313407402952876 ], [ 103.819568852150056, 1.31303124308424 ], [ 103.819709199998769, 1.312845000002407 ], [ 103.819578767160181, 1.313082473629466 ], [ 103.819686067167225, 1.313142173635526 ], [ 103.819816500006084, 1.312904699989309 ], [ 103.819693808296535, 1.31314631672368 ], [ 103.81977720830254, 1.313189216727273 ], [ 103.819899899999967, 1.31294760000056 ], [ 103.819856800645383, 1.313215453856889 ], [ 103.819924900652339, 1.313226553857631 ], [ 103.819967999999875, 1.312958700000072 ], [ 103.819990066342811, 1.313229133202492 ], [ 103.820063866351006, 1.31322303320225 ], [ 103.820041800000183, 1.312952600000391 ], [ 103.820068652243705, 1.313222594365858 ], [ 103.820122252249817, 1.313217194365322 ], [ 103.820095400000596, 1.312947200003078 ], [ 103.820167042654916, 1.313208787548554 ], [ 103.820215342659978, 1.313195387546802 ], [ 103.820143700000088, 1.312933800000836 ], [ 103.820252322384476, 1.313182145188535 ], [ 103.820300622387776, 1.31316074518597 ], [ 103.820192000001299, 1.312912400002109 ], [ 103.820323812024583, 1.313149100961979 ], [ 103.820366712027223, 1.313124900959785 ], [ 103.820234899999335, 1.312888199999405 ], [ 103.820424919339146, 1.313080686765862 ], [ 103.820467819339115, 1.313037786762911 ], [ 103.820277799998294, 1.312845299998764 ], [ 103.820489566906417, 1.313013228012243 ], [ 103.820537866904516, 1.312951528007887 ], [ 103.820326100002774, 1.312783600002079 ], [ 103.820557643242864, 1.312922592524701 ], [ 103.820624049768682, 1.312810531494922 ], [ 103.82073611276644, 1.312635510803258 ], [ 103.82077256473039, 1.312603375517169 ], [ 103.820784448953773, 1.312597424163901 ], [ 103.820811157125334, 1.312589492870166 ], [ 103.820835172277356, 1.312586842922162 ], [ 103.820886941354431, 1.312590702685808 ], [ 103.82102941797659, 1.312635433717839 ], [ 103.82118998200707, 1.312117366278509 ], [ 103.821017982023207, 1.312063366284963 ], [ 103.820937700000471, 1.312322400000225 ], [ 103.820957616730951, 1.312051797824112 ], [ 103.820850316742849, 1.312043797824731 ], [ 103.82083040000002, 1.312314399999893 ], [ 103.820801018512142, 1.312044672576691 ], [ 103.820728518520212, 1.312052672575673 ], [ 103.820757900000416, 1.312322400002353 ], [ 103.82068160601122, 1.31206214818925 ], [ 103.820609206018091, 1.312083648187784 ], [ 103.820685499999485, 1.31234389999938 ], [ 103.820565403630454, 1.312100965993611 ], [ 103.82050110363511, 1.312133165990666 ], [ 103.820621200000303, 1.312376100000337 ], [ 103.82044356342665, 1.312171985201022 ], [ 103.820352363428739, 1.312252385194731 ], [ 103.820530000000545, 1.312456500000415 ], [ 103.820303381364653, 1.312309515415856 ], [ 103.820168281353816, 1.312520515403783 ], [ 103.820394900000579, 1.312667500000523 ], [ 103.82016335679026, 1.312528507460064 ], [ 103.820103512727584, 1.312629494301121 ], [ 103.820076165965759, 1.312664427945473 ], [ 103.82007109878397, 1.312669495127133 ], [ 103.820053087337115, 1.312677475354751 ], [ 103.820045798384612, 1.31267949754848 ], [ 103.820017338774875, 1.312682364747684 ], [ 103.819982305381316, 1.312685260462044 ], [ 103.819943095711608, 1.312665091458921 ], [ 103.819872616657506, 1.312625878045114 ], [ 103.819885671407519, 1.312541160989567 ], [ 103.819898877995371, 1.312456599348872 ], [ 103.819913420387351, 1.3123676631676 ], [ 103.819826775494121, 1.312353311457135 ], [ 103.81982922752286, 1.312346979002196 ], [ 103.819914825407153, 1.312357984994382 ], [ 103.819922225401186, 1.312299684993732 ], [ 103.819851082547828, 1.312290537598531 ], [ 103.819856117416791, 1.312277534863872 ], [ 103.819866852405823, 1.312249943274493 ], [ 103.819867317070475, 1.312248835228593 ], [ 103.819923603590098, 1.312244474424072 ], [ 103.819919603584552, 1.312192174424551 ], [ 103.819896271584511, 1.312193982073818 ], [ 103.820026309819383, 1.311964013729989 ], [ 103.819948575802158, 1.311919487334956 ], [ 103.819950005015116, 1.311917398362405 ], [ 103.820028143183649, 1.3119607183461 ], [ 103.820074267004259, 1.311876442388758 ], [ 103.820162568508323, 1.311948153313242 ], [ 103.820299689742782, 1.312076906547869 ], [ 103.820667510228006, 1.311680093437994 ], [ 103.820523310229447, 1.311544693449053 ], [ 103.820339400000066, 1.311743100000177 ], [ 103.820508697244478, 1.311531928027299 ], [ 103.820337280725582, 1.31139271820922 ], [ 103.820522053374546, 1.311050778815358 ], [ 103.820582373349083, 1.310950160683376 ], [ 103.821117594645415, 1.311331404564912 ], [ 103.820982127967852, 1.311700211157127 ], [ 103.821487872051094, 1.311888388817377 ], [ 103.821573233104758, 1.311655994144848 ], [ 103.821636226454331, 1.311700872324678 ], [ 103.821685955213979, 1.31176325087989 ], [ 103.822249489912551, 1.312726390202722 ], [ 103.822600172018724, 1.312518540884322 ], [ 103.822827441242779, 1.312835277253275 ], [ 103.822933150832696, 1.312758442038749 ], [ 103.82305023420615, 1.312677042046122 ], [ 103.823069525207558, 1.312667147026782 ], [ 103.823171779517011, 1.312946234770211 ], [ 103.82324660422978, 1.313256586494999 ], [ 103.82350859999822, 1.31319260000076 ], [ 103.823262101011181, 1.313302493705889 ], [ 103.823425100978184, 1.31367286114612 ], [ 103.823443136564009, 1.313734338990024 ], [ 103.823664467276743, 1.313668564694308 ], [ 103.823671910324208, 1.313688796201571 ], [ 103.823515194601427, 1.313853437347319 ], [ 103.823571094601775, 1.313907337351428 ], [ 103.82370179478518, 1.313770027401441 ], [ 103.823715902691362, 1.313808375159741 ], [ 103.823650524504203, 1.313960424765963 ], [ 103.824185924547095, 1.314193624788508 ], [ 103.824293000000509, 1.313944599999918 ], [ 103.824187499200562, 1.314194304676691 ], [ 103.82575308261157, 1.314864355198176 ], [ 103.825907628390041, 1.31493171140994 ], [ 103.825883804134989, 1.315035184572324 ], [ 103.82348059406722, 1.313970742246409 ], [ 103.823397184020152, 1.314161503427263 ], [ 103.823396455389002, 1.314161180210738 ], [ 103.823477442895609, 1.313969370549612 ], [ 103.823444242897835, 1.313955170550805 ], [ 103.823363442920126, 1.314146536064543 ], [ 103.823149799534136, 1.314051765043763 ], [ 103.823143099532942, 1.31406706504357 ], [ 103.823356944978357, 1.314161925697318 ], [ 103.823356705729083, 1.314162492330573 ], [ 103.82314128286329, 1.314071311209188 ], [ 103.8231234828596, 1.314113911207466 ], [ 103.823338747135452, 1.31420502520328 ], [ 103.823233357080852, 1.314454629444216 ], [ 103.823264977214492, 1.314468153718928 ], [ 103.825782023217343, 1.315583016810722 ], [ 103.825755440067226, 1.315734704444833 ], [ 103.825738195261849, 1.31583457948549 ], [ 103.825654873436065, 1.315813922135944 ], [ 103.825660832058205, 1.315746718615122 ], [ 103.825430688883372, 1.315726047958256 ], [ 103.825397703586077, 1.315714375572477 ], [ 103.825315951676629, 1.315670466664226 ], [ 103.82522994641117, 1.315605027878516 ], [ 103.825106215766212, 1.315486808628751 ], [ 103.824920600000397, 1.315683600000498 ], [ 103.825103708242054, 1.315484443197631 ], [ 103.82499590824402, 1.31538404320524 ], [ 103.82481279999584, 1.315583200004822 ], [ 103.824985162080921, 1.315374554450043 ], [ 103.824827662084658, 1.315242754461297 ], [ 103.824655300000188, 1.315451399999896 ], [ 103.824801634255948, 1.315223506099181 ], [ 103.824713234260827, 1.315166006104313 ], [ 103.824566900000477, 1.315393899999886 ], [ 103.824667528641768, 1.315142166471477 ], [ 103.824444528660763, 1.315051866480347 ], [ 103.82434389999996, 1.315303599999764 ], [ 103.824407121682981, 1.315039822654748 ], [ 103.824259353828239, 1.315003946087395 ], [ 103.823882725644097, 1.314908416772656 ], [ 103.823701529912285, 1.314842396942083 ], [ 103.823660587945938, 1.314824442882932 ], [ 103.823552900000379, 1.31507319999984 ], [ 103.823660305537459, 1.314824319232569 ], [ 103.823131205580012, 1.314593019255685 ], [ 103.823023799998069, 1.314841900005611 ], [ 103.823113097566534, 1.314585873097639 ], [ 103.822937897582122, 1.314523973103825 ], [ 103.822863530757019, 1.314737191729433 ], [ 103.822861118457226, 1.314736906111842 ], [ 103.822924256019419, 1.314519559578776 ], [ 103.822803956031294, 1.314484159582352 ], [ 103.82273487703263, 1.314721959043041 ], [ 103.822732741301991, 1.314721706170839 ], [ 103.822779963887356, 1.314478285242946 ], [ 103.822613563903971, 1.314445585245883 ], [ 103.822563876343054, 1.314701712437486 ], [ 103.822563673940223, 1.314701688472752 ], [ 103.822608333245626, 1.314444611161928 ], [ 103.822176222772796, 1.314368570524942 ], [ 103.822174698485895, 1.3143365806333 ], [ 103.822179658790247, 1.314255849742328 ], [ 103.822193336327771, 1.314182267177898 ], [ 103.8222165055912, 1.314118098587589 ], [ 103.822259829688036, 1.314066838883605 ], [ 103.822288111708573, 1.31403770535891 ], [ 103.822426391717272, 1.313926825610075 ], [ 103.822296166777079, 1.313762311149272 ], [ 103.822352525033693, 1.313758603998629 ], [ 103.822352438575649, 1.313757272549145 ], [ 103.822353463179326, 1.313750520237737 ], [ 103.822362683798161, 1.313700452250148 ], [ 103.822339519544741, 1.313696130884312 ], [ 103.822335299239953, 1.31368715301671 ], [ 103.822322940663639, 1.313693038040079 ], [ 103.822272863038251, 1.313683695896708 ], [ 103.822373281812546, 1.313469124616474 ], [ 103.822346284738941, 1.313456326004076 ], [ 103.822322320360044, 1.313444964405958 ], [ 103.822290155205863, 1.313429345749312 ], [ 103.822268049792839, 1.313421307417911 ], [ 103.822245609679371, 1.31338834096401 ], [ 103.82222092398402, 1.313405362592426 ], [ 103.822177253296744, 1.313391769729357 ], [ 103.822160213858652, 1.313447224290709 ], [ 103.822036014227777, 1.313532864155418 ], [ 103.822032975584762, 1.313530680189501 ], [ 103.822027031194466, 1.313539058262022 ], [ 103.821914283415779, 1.31361680167347 ], [ 103.821832516212567, 1.313601547721519 ], [ 103.821821736830444, 1.313660079733969 ], [ 103.821818256532254, 1.313683015454417 ], [ 103.821800790293267, 1.313695059015826 ], [ 103.821813578305964, 1.313713845709583 ], [ 103.821810561427142, 1.313733727421557 ], [ 103.821812196367986, 1.313758905550612 ], [ 103.821774348609367, 1.31380368581323 ], [ 103.821814738111783, 1.313838265799074 ], [ 103.821769165863714, 1.313902495672447 ], [ 103.821726313847904, 1.313886822246478 ], [ 103.821679013836643, 1.314017822240878 ], [ 103.821890605224624, 1.314095213270721 ], [ 103.821903764000751, 1.314104676391764 ], [ 103.821906384803967, 1.314100984761873 ], [ 103.82193240000025, 1.314110499999858 ], [ 103.821667398653204, 1.314060601886992 ], [ 103.821646598641678, 1.31417250188437 ], [ 103.821911600000064, 1.314222400000417 ], [ 103.821642515012542, 1.314205652044371 ], [ 103.821639901840214, 1.314248182299841 ], [ 103.821484172769786, 1.314202082584575 ], [ 103.821408100000014, 1.314462400000192 ], [ 103.821404218289231, 1.314191084502167 ], [ 103.82136971829371, 1.314191584502242 ], [ 103.821373600007959, 1.314462900555565 ], [ 103.821369498875853, 1.314191587772271 ], [ 103.821284598884972, 1.314192887771992 ], [ 103.821288699999812, 1.314464200000059 ], [ 103.821165702284972, 1.31422274090041 ], [ 103.821059502292897, 1.314277540895145 ], [ 103.821182500001015, 1.314519000002594 ], [ 103.821003361955647, 1.314316218683504 ], [ 103.82092726195755, 1.314384318678277 ], [ 103.821106400000644, 1.314587100000024 ], [ 103.82087754009865, 1.3144436759689 ], [ 103.820634829347483, 1.314835994861328 ], [ 103.820565356496004, 1.314929726947153 ], [ 103.820564349231574, 1.314930500643128 ], [ 103.820402483148044, 1.314565632404157 ], [ 103.820197983164363, 1.314657532395176 ], [ 103.820307900001467, 1.314905300003123 ], [ 103.820173064708953, 1.314670330309262 ], [ 103.820128164711775, 1.314696430306465 ], [ 103.820262999999628, 1.314931399999071 ], [ 103.820037966158807, 1.314781968949245 ], [ 103.820012466156982, 1.31482086894733 ], [ 103.820081447256669, 1.314866675031927 ], [ 103.819965862586329, 1.314898918088968 ], [ 103.819966681807045, 1.314889487575751 ], [ 103.819695081836102, 1.314865587578311 ], [ 103.819685389827228, 1.314977157670245 ], [ 103.819618295269734, 1.314995874099202 ], [ 103.819649140815727, 1.315107884700973 ], [ 103.819155914866187, 1.315187645390365 ], [ 103.819186369194924, 1.315378414740831 ], [ 103.818672781710447, 1.315692260211424 ], [ 103.818716768288866, 1.315765175900063 ], [ 103.818712937733352, 1.315762586210283 ], [ 103.818670425457967, 1.315693716778967 ], [ 103.81863958968836, 1.315712998453116 ], [ 103.818501178529843, 1.315619424045026 ], [ 103.818164628429443, 1.315390793821005 ], [ 103.818013800000514, 1.315615699999952 ], [ 103.818163414611334, 1.315389974043191 ], [ 103.818113419692963, 1.315356406422032 ], [ 103.818177423466622, 1.315214384464386 ], [ 103.818108501373828, 1.315182920690174 ], [ 103.818109986387213, 1.315180129675299 ], [ 103.818179191802926, 1.315210374739332 ], [ 103.818291462906473, 1.314950145599924 ], [ 103.818303681489908, 1.314924397530257 ], [ 103.81836270000008, 1.314912600000611 ], [ 103.818225542703033, 1.315146204343493 ], [ 103.818275142706014, 1.315175704346628 ], [ 103.818412300000119, 1.314942099999215 ], [ 103.818373306667823, 1.315210590481919 ], [ 103.818473906678207, 1.31522539048351 ], [ 103.818512900000016, 1.31495690000004 ], [ 103.818645975281555, 1.315192883909928 ], [ 103.818721075285993, 1.315149983905685 ], [ 103.818719840441616, 1.315147794143067 ], [ 103.818760248116988, 1.315161580290559 ], [ 103.81877542499636, 1.315116518779734 ], [ 103.818778405062631, 1.315119510578422 ], [ 103.818816942109379, 1.315080626279924 ], [ 103.818851689463202, 1.31508180549782 ], [ 103.818854284041649, 1.31517583905006 ], [ 103.818950884051958, 1.315173139049888 ], [ 103.818948454578418, 1.315085089405631 ], [ 103.819232945977205, 1.31509474413809 ], [ 103.819238245960207, 1.31493654413729 ], [ 103.818968800000391, 1.314927400000311 ], [ 103.819159194908138, 1.314735289406065 ], [ 103.819133794908126, 1.314709789407571 ], [ 103.818943400000421, 1.314901899999907 ], [ 103.818940587494623, 1.3147999683981 ], [ 103.819027121367327, 1.314747833444852 ], [ 103.818997621364758, 1.314698233447725 ], [ 103.818938758926379, 1.314733696908227 ], [ 103.818937863591032, 1.314701247918019 ], [ 103.818977885370742, 1.314669440156844 ], [ 103.81894838536968, 1.314631840159435 ], [ 103.818936215364019, 1.314641512409155 ], [ 103.818935915949282, 1.314630660949329 ], [ 103.818887603115641, 1.314632011308221 ], [ 103.818882351869249, 1.314630219706818 ], [ 103.818881692813676, 1.314632176503039 ], [ 103.818839315959821, 1.314633360949161 ], [ 103.818841615367049, 1.314716696819205 ], [ 103.818736799999698, 1.314800000000677 ], [ 103.818760155536708, 1.314529676495267 ], [ 103.818698455543881, 1.314524276495384 ], [ 103.818675100000291, 1.314794600000151 ], [ 103.818621935659294, 1.314745674456886 ] ], [ [ 103.819136971872339, 1.313521914843119 ], [ 103.81913697156952, 1.313521914553721 ], [ 103.819138800000545, 1.313519700000265 ], [ 103.819136971872339, 1.313521914843119 ] ], [ [ 103.819133724362842, 1.312656524063948 ], [ 103.818908499999765, 1.312540800000604 ], [ 103.819146648534328, 1.3126223975367 ], [ 103.819133724362842, 1.312656524063948 ] ], [ [ 103.819274719081506, 1.312300065544802 ], [ 103.81927535359722, 1.312298189613869 ], [ 103.819372123014432, 1.312336146904071 ], [ 103.819371925175005, 1.31233735682263 ], [ 103.819274719081506, 1.312300065544802 ] ], [ [ 103.820198227146165, 1.311551989669971 ], [ 103.820184109723215, 1.311544258972911 ], [ 103.820184123253725, 1.311544227194512 ], [ 103.820198250673926, 1.311551960322557 ], [ 103.820198227146165, 1.311551989669971 ] ], [ [ 103.820871230304391, 1.310491067847621 ], [ 103.820950491876403, 1.310372979789795 ], [ 103.82102799224883, 1.310290612594517 ], [ 103.821100109868695, 1.310231980379543 ], [ 103.820930700000261, 1.310020899999967 ], [ 103.821131534287531, 1.310201922410833 ], [ 103.821146156953517, 1.310185488678976 ], [ 103.82115736382579, 1.310174753674207 ], [ 103.820971499999644, 1.3099782 ], [ 103.821065866224728, 1.310045933626697 ], [ 103.82117139944198, 1.310155673680462 ], [ 103.821211108592124, 1.310116990808655 ], [ 103.821272608059388, 1.310068966746605 ], [ 103.821359168889714, 1.310016605929 ], [ 103.821493582037135, 1.309938001193297 ], [ 103.821616020485919, 1.309874592166473 ], [ 103.821710085263419, 1.309825910395237 ], [ 103.821586799970561, 1.309584599942854 ], [ 103.82171085335348, 1.309825511313526 ], [ 103.821895853366243, 1.309729011304685 ], [ 103.82177180000528, 1.309488100009849 ], [ 103.821900256506893, 1.309726662318949 ], [ 103.822075505233656, 1.309631072101468 ], [ 103.82222740305653, 1.309551282536594 ], [ 103.822325573621768, 1.309504294099811 ], [ 103.822345662089617, 1.309494742230475 ], [ 103.822230499999833, 1.309249400000514 ], [ 103.822374888848188, 1.309478547226469 ], [ 103.822403088850166, 1.309460547225009 ], [ 103.822258700078436, 1.309231400123636 ], [ 103.822403680635759, 1.309460168401886 ], [ 103.82246038063947, 1.309423768398771 ], [ 103.822315400005365, 1.309195000007065 ], [ 103.822470104454993, 1.309417222971315 ], [ 103.822548804458137, 1.309361722966851 ], [ 103.822394099997709, 1.309139499997412 ], [ 103.822566063213443, 1.309348478332602 ], [ 103.822710863217083, 1.309227778322901 ], [ 103.822538900005497, 1.309018800006514 ], [ 103.822725567717583, 1.309214580378926 ], [ 103.822886567719294, 1.30905908036735 ], [ 103.822699900007805, 1.308863300007652 ], [ 103.822892225623022, 1.309053452025666 ], [ 103.822900921529069, 1.309044542480603 ], [ 103.82291999152703, 1.30907531542309 ], [ 103.822989851038784, 1.309191122154362 ], [ 103.823220299993764, 1.309050300003638 ], [ 103.822994466888687, 1.309198503792816 ], [ 103.823184866873262, 1.309492403809912 ], [ 103.823410699999116, 1.309344200001229 ], [ 103.823197545694285, 1.309510340006744 ], [ 103.823243466613107, 1.309570020828994 ], [ 103.823323335748057, 1.309957872922551 ], [ 103.823310249993213, 1.309930803116814 ], [ 103.823198750000856, 1.309985403111024 ], [ 103.8233167000012, 1.310229400003019 ], [ 103.823182328322474, 1.309994161564095 ], [ 103.822997928334061, 1.31010086155391 ], [ 103.823132300002925, 1.310336100003398 ], [ 103.822979713390538, 1.310112398606314 ], [ 103.822831513397603, 1.310214798598104 ], [ 103.822984099998408, 1.310438499998606 ], [ 103.822764934262636, 1.31028048126468 ], [ 103.822708634259598, 1.310359581260216 ], [ 103.822927799999519, 1.310517599999929 ], [ 103.822658461641737, 1.310529520017759 ], [ 103.822662061633096, 1.310611920018292 ], [ 103.822931400000584, 1.310600000000153 ], [ 103.822714100543863, 1.310760608463462 ], [ 103.822986400528293, 1.311133808486306 ], [ 103.823420999443613, 1.310812591493929 ], [ 103.823252754231092, 1.310582003534076 ], [ 103.823276008107086, 1.310565936076935 ], [ 103.823443010922915, 1.310469302665244 ], [ 103.823526203995968, 1.310428564173903 ], [ 103.823571522900295, 1.310415020593311 ], [ 103.823731932833269, 1.310415335616879 ], [ 103.823945082984025, 1.310506695259358 ], [ 103.823991878955781, 1.310558720129808 ], [ 103.824103331649923, 1.310688441143395 ], [ 103.824188867844413, 1.310972026619281 ], [ 103.824199309642694, 1.311006832624868 ], [ 103.824377492429846, 1.310952683593482 ], [ 103.82439106681953, 1.310970688515466 ], [ 103.824229646508144, 1.311073596658711 ], [ 103.82424594650665, 1.311099496660098 ], [ 103.824410175703633, 1.310994797805088 ], [ 103.824410207733166, 1.310994837300619 ], [ 103.824246043047097, 1.311099649944843 ], [ 103.824314743040503, 1.311208649950798 ], [ 103.824528752858996, 1.311072013159769 ], [ 103.824528945374581, 1.311080593853327 ], [ 103.82437618785049, 1.311276940151128 ], [ 103.824429987851587, 1.311319340154284 ], [ 103.824594050772433, 1.311108462501093 ], [ 103.824594053029585, 1.311108464026765 ], [ 103.82443015298827, 1.311319470195285 ], [ 103.824468092942169, 1.311349322949543 ], [ 103.824513938176565, 1.311385437769561 ], [ 103.824331171425769, 1.311471128129979 ], [ 103.824083715285894, 1.311587107571658 ], [ 103.824029082569453, 1.311612700738052 ], [ 103.823957732199574, 1.311430433858289 ], [ 103.823505866654401, 1.311609618653835 ], [ 103.823477897852783, 1.311565752516697 ], [ 103.823250999991274, 1.31171230000619 ], [ 103.823472658585871, 1.311557843563408 ], [ 103.823428358582802, 1.311493443567622 ], [ 103.82320669999929, 1.311647900000228 ], [ 103.823411476283766, 1.311471407843051 ], [ 103.823380676282426, 1.311435207845707 ], [ 103.823175900000564, 1.311611700000405 ], [ 103.823263890379181, 1.311355215076593 ], [ 103.823221590382602, 1.311340515078897 ], [ 103.823133600000233, 1.311597000001213 ], [ 103.823073142021784, 1.311332567149122 ], [ 103.823026942026928, 1.311343267148115 ], [ 103.823087399999864, 1.311607699998558 ], [ 103.822931316867624, 1.311386455679592 ], [ 103.822894294385478, 1.311412913432015 ], [ 103.822826639812746, 1.311458270580414 ], [ 103.823018160558888, 1.311747652110903 ], [ 103.822971123689143, 1.311788192136862 ], [ 103.822992920493959, 1.311813810461353 ], [ 103.823026652917321, 1.311862848122407 ], [ 103.823131004521272, 1.312026512722516 ], [ 103.82278938360389, 1.312201741874144 ], [ 103.822911800000128, 1.312443500000424 ], [ 103.822758573752211, 1.312220241850799 ], [ 103.822630987076039, 1.312308944059547 ], [ 103.822218830758317, 1.311604526322881 ], [ 103.822450739945438, 1.311127243625041 ], [ 103.822360939952176, 1.311083043629223 ], [ 103.822242499999987, 1.311326800000244 ], [ 103.822310569172089, 1.311064247562601 ], [ 103.822231369180187, 1.311043447564709 ], [ 103.82216330000044, 1.311305999998355 ], [ 103.822151498855433, 1.311034916449626 ], [ 103.822074398863293, 1.311038316449016 ], [ 103.8220862, 1.311309400000745 ], [ 103.822017898537098, 1.31104690868024 ], [ 103.821931398545033, 1.311069708677913 ], [ 103.821999700000418, 1.311332200000671 ], [ 103.82197235703957, 1.311287175682174 ], [ 103.821977863274626, 1.311279301222969 ], [ 103.821959808298459, 1.311266512281368 ], [ 103.821859098898543, 1.311100679009391 ], [ 103.821788228064079, 1.31114427731169 ], [ 103.82159796129983, 1.3110087260579 ], [ 103.821442200000547, 1.311230199999879 ], [ 103.821597944238235, 1.311008713904062 ], [ 103.820871230304391, 1.310491067847621 ] ], [ [ 103.820802590300417, 1.309861278547856 ], [ 103.820794416201494, 1.309851093826276 ], [ 103.820858788148414, 1.309897298348785 ], [ 103.820952500000033, 1.30999640000029 ], [ 103.820802590300417, 1.309861278547856 ] ], [ [ 103.822132669708552, 1.309094141860468 ], [ 103.822210099999879, 1.309259099999789 ], [ 103.822130618544961, 1.309090886632039 ], [ 103.822132669708552, 1.309094141860468 ] ], [ [ 103.822711565652298, 1.308548527289259 ], [ 103.822710626446266, 1.308547575884522 ], [ 103.822736700000519, 1.308516599999681 ], [ 103.822728574188474, 1.308540066185893 ], [ 103.822711565652298, 1.308548527289259 ] ], [ [ 103.822920700000054, 1.308535200000582 ], [ 103.822922232647585, 1.308534437566023 ], [ 103.822922233068084, 1.308534438457728 ], [ 103.822920700000054, 1.308535200000582 ] ], [ [ 103.822963822414138, 1.308513779188514 ], [ 103.822963810594743, 1.308513754105005 ], [ 103.822975692610044, 1.308507843250063 ], [ 103.822975703890279, 1.308507877133943 ], [ 103.822963822414138, 1.308513779188514 ] ], [ [ 103.822924751835387, 1.30865592969505 ], [ 103.822925200001521, 1.308656800003271 ], [ 103.822924658250514, 1.308655976182623 ], [ 103.822924751835387, 1.30865592969505 ] ], [ [ 103.822784849458188, 1.308725425384077 ], [ 103.822787578661575, 1.308728190035874 ], [ 103.822787576656467, 1.308728727814541 ], [ 103.822784441462602, 1.308725628053197 ], [ 103.822784849458188, 1.308725425384077 ] ], [ [ 103.823352571956121, 1.308747901700112 ], [ 103.823292300000091, 1.308522399999977 ], [ 103.823353134923465, 1.308748810151203 ], [ 103.823352571956121, 1.308747901700112 ] ], [ [ 103.823547400000706, 1.308453000002793 ], [ 103.823630262806603, 1.308711209104922 ], [ 103.823904956728683, 1.308621911080541 ], [ 103.82390496283162, 1.308621909096388 ], [ 103.824174479680977, 1.308534301135494 ], [ 103.824566976048004, 1.308407659383878 ], [ 103.824603490696575, 1.308511348348745 ], [ 103.825111709285352, 1.308330051625623 ], [ 103.825082450552941, 1.308246967000086 ], [ 103.825111574081902, 1.308238085975048 ], [ 103.825033400002283, 1.30797840000603 ], [ 103.825128845279494, 1.308232170056777 ], [ 103.825241445289478, 1.308189270053125 ], [ 103.825145999999819, 1.307935500000208 ], [ 103.825244256102678, 1.308188181042511 ], [ 103.825332856110009, 1.308153281038613 ], [ 103.825234599998723, 1.307900599997875 ], [ 103.825354546453312, 1.308143608935407 ], [ 103.825434946459168, 1.308103408931754 ], [ 103.825315000000515, 1.307860400000688 ], [ 103.825439101647731, 1.308101286078923 ], [ 103.825562501656094, 1.30803688607305 ], [ 103.825438399998404, 1.307795999998065 ], [ 103.825590614341991, 1.308019958063297 ], [ 103.825711314348126, 1.307936858056913 ], [ 103.825559099997861, 1.307712899997055 ], [ 103.825729420180707, 1.307923236872562 ], [ 103.825825936270803, 1.307844067837709 ], [ 103.825861767574068, 1.307819050486357 ], [ 103.825708100000398, 1.307596100000027 ], [ 103.825885999086282, 1.307799982798829 ], [ 103.825951904078423, 1.307741730052025 ], [ 103.82612853263025, 1.307594687019508 ], [ 103.825956700000589, 1.307385600000046 ], [ 103.826136765123934, 1.307587547405596 ], [ 103.826193066789074, 1.307536694286975 ], [ 103.826242770913751, 1.307499155960278 ], [ 103.826302754065452, 1.307467404155255 ], [ 103.826320122015872, 1.30745992560512 ], [ 103.826390964711791, 1.307666493804071 ], [ 103.826475565866943, 1.307637102902067 ], [ 103.826685757364572, 1.307614811124344 ], [ 103.827049830473243, 1.307608831821345 ], [ 103.827527906773454, 1.307628002414835 ], [ 103.827538321586147, 1.307714792600603 ], [ 103.827538631568629, 1.307730601775159 ], [ 103.827537361618766, 1.307750574589767 ], [ 103.82753499315578, 1.307777515818838 ], [ 103.827534198770209, 1.307783451641202 ], [ 103.827487598033343, 1.307971805591098 ], [ 103.827409494152633, 1.308085331025253 ], [ 103.827288387401239, 1.308223738729642 ], [ 103.827182087252424, 1.30833226311092 ], [ 103.827118363033307, 1.308393224989671 ], [ 103.827304100278369, 1.308589900293896 ], [ 103.82711820534854, 1.308393375960309 ], [ 103.827094354221785, 1.30841623009386 ], [ 103.82689320465353, 1.308582172793519 ], [ 103.826831580343281, 1.308592180158259 ], [ 103.826659518818147, 1.308677261354697 ], [ 103.826702385012709, 1.308765076562618 ], [ 103.826696493066876, 1.308769370136075 ], [ 103.826649496239952, 1.30868248220465 ], [ 103.826467435359561, 1.30878223618759 ], [ 103.82632894224713, 1.308854138504991 ], [ 103.826264836584386, 1.308887668947813 ], [ 103.826138761687901, 1.30896384158512 ], [ 103.826095024216869, 1.308995212806537 ], [ 103.82605802891139, 1.309022529631463 ], [ 103.825951878487302, 1.309093023346274 ], [ 103.825792363141517, 1.309288638741929 ], [ 103.825741951265854, 1.309409430807027 ], [ 103.825686057174906, 1.30958286048597 ], [ 103.825688385897593, 1.309873256154468 ], [ 103.825680551731637, 1.310424975419944 ], [ 103.825645011929666, 1.310501926800009 ], [ 103.825371745234577, 1.310771576964646 ], [ 103.825122329104957, 1.311010203182595 ], [ 103.825045170043509, 1.311049421537304 ], [ 103.825000728171204, 1.3110608392068 ], [ 103.824993073947638, 1.311061958671623 ], [ 103.824890437332144, 1.310992877640938 ], [ 103.824813091607396, 1.310931948155153 ], [ 103.824819851177125, 1.31089407602391 ], [ 103.824802996357775, 1.310891028639647 ], [ 103.824848210149455, 1.310826832183723 ], [ 103.824814010150916, 1.310802432185689 ], [ 103.824757415584074, 1.310882787546338 ], [ 103.824748631657002, 1.310881199394636 ], [ 103.824745178806253, 1.310878478189994 ], [ 103.824711829326333, 1.310825565629684 ], [ 103.824859649123042, 1.310688304385805 ], [ 103.82484209148204, 1.310669150597541 ], [ 103.824820680208404, 1.310642748186167 ], [ 103.824765967656191, 1.310570178073859 ], [ 103.824656396607764, 1.31065385946128 ], [ 103.824635904045252, 1.31058591875445 ], [ 103.824815353614412, 1.310344171879897 ], [ 103.82484079850191, 1.310266266523559 ], [ 103.824859753770411, 1.310185706596524 ], [ 103.824850995811261, 1.310094559057875 ], [ 103.824827385403893, 1.309993586932142 ], [ 103.824749090893988, 1.309899993504517 ], [ 103.824679970821265, 1.309847330594577 ], [ 103.824339371243553, 1.309667471559492 ], [ 103.824329301846234, 1.309653706102669 ], [ 103.824299546051762, 1.309617398576573 ], [ 103.824239010629341, 1.309564313670949 ], [ 103.824048001594434, 1.309479376462248 ], [ 103.823973600928781, 1.309453277798753 ], [ 103.823863855428954, 1.309454907682276 ], [ 103.823858044276776, 1.309452050985452 ], [ 103.823825796052347, 1.309425018720051 ], [ 103.823749119240077, 1.309340959985297 ], [ 103.823708104054901, 1.309287554802252 ], [ 103.823494800000475, 1.309453500000165 ], [ 103.823707954282, 1.309287359967146 ], [ 103.823630555406012, 1.309186769049901 ], [ 103.823448499958857, 1.308905749676415 ], [ 103.82338004892928, 1.308792277830402 ], [ 103.823149600000477, 1.308933100000063 ], [ 103.823378351360006, 1.308789501489029 ], [ 103.823373349701015, 1.308781430396416 ], [ 103.823462955151115, 1.308757041275203 ], [ 103.823617727167573, 1.308714948885493 ], [ 103.823547400000706, 1.308453000002793 ] ], [ [ 103.824159100000372, 1.309878699999223 ], [ 103.824159099996777, 1.309878700006458 ], [ 103.824159099999463, 1.309878700000127 ], [ 103.824159100000372, 1.309878699999223 ] ], [ [ 103.823532599999979, 1.310143599999644 ], [ 103.823472618487614, 1.309940285949537 ], [ 103.823488043499964, 1.309937068270052 ], [ 103.82349056439493, 1.309954339097624 ], [ 103.823532979085499, 1.309948067731637 ], [ 103.823532836252625, 1.310021740721158 ], [ 103.823513581654822, 1.310030905563256 ], [ 103.823532739439457, 1.310071677265201 ], [ 103.823532599999979, 1.310143599999644 ] ], [ [ 103.823365599969577, 1.309962610158094 ], [ 103.82342820000008, 1.310174800000078 ], [ 103.823329287496918, 1.309970184987622 ], [ 103.823365599969577, 1.309962610158094 ] ], [ [ 103.823788229545002, 1.31001519223977 ], [ 103.82378744727248, 1.31001654996947 ], [ 103.823787450554093, 1.310014857355955 ], [ 103.823788229545002, 1.31001519223977 ] ], [ [ 103.824105199998797, 1.310280400001509 ], [ 103.824147994765596, 1.310179259275456 ], [ 103.824191175340559, 1.310202061469602 ], [ 103.824105199998797, 1.310280400001509 ] ], [ [ 103.82438127986758, 1.31058394540147 ], [ 103.824384337648652, 1.310579423787849 ], [ 103.824387733373058, 1.310581973588544 ], [ 103.82438127986758, 1.31058394540147 ] ], [ [ 103.824732199996873, 1.311212800004186 ], [ 103.824645455778068, 1.311343353254331 ], [ 103.824628576887307, 1.311346050577926 ], [ 103.824732199996873, 1.311212800004186 ] ], [ [ 103.824639863042236, 1.311477077554005 ], [ 103.824661700000462, 1.311615500000073 ], [ 103.824571160589258, 1.311419883084763 ], [ 103.824620775383963, 1.31135608265297 ], [ 103.824623888039682, 1.311375813493523 ], [ 103.824582332639295, 1.311438355896509 ], [ 103.824639863042236, 1.311477077554005 ] ], [ [ 103.824445001284275, 1.311717102775894 ], [ 103.824558842663635, 1.311963065268879 ], [ 103.824741292789767, 1.311877523354386 ], [ 103.824767685663957, 1.311873305652143 ], [ 103.824790942577252, 1.311883856190094 ], [ 103.824829649956328, 1.311923247261515 ], [ 103.82487789175471, 1.311971994213906 ], [ 103.824999449744581, 1.312203549713692 ], [ 103.82509529092809, 1.312389525128414 ], [ 103.825079578125397, 1.312385547412626 ], [ 103.824992123991535, 1.312341283347473 ], [ 103.824749875984537, 1.312826116646399 ], [ 103.824863875992392, 1.312883816651287 ], [ 103.824985000000382, 1.312641399998685 ], [ 103.824919237843275, 1.312904547387918 ], [ 103.825014437852516, 1.312928647390846 ], [ 103.825080200000315, 1.312665499999988 ], [ 103.825017897468726, 1.312929498782208 ], [ 103.825141297481139, 1.312958998785486 ], [ 103.825203600000563, 1.312695000000157 ], [ 103.825199112929425, 1.312843665657214 ], [ 103.825164925892324, 1.312978185827677 ], [ 103.825140419031143, 1.313048438809045 ], [ 103.825124433008853, 1.313093954555244 ], [ 103.825117151493671, 1.313117450204589 ], [ 103.824995640560516, 1.313217518025774 ], [ 103.824946860198907, 1.313350335809194 ], [ 103.824933180038755, 1.31354084441495 ], [ 103.825016158071264, 1.313634475046136 ], [ 103.825016128993425, 1.313636064145035 ], [ 103.825052831727461, 1.313794406281449 ], [ 103.825089026491597, 1.313902007942809 ], [ 103.825162819982282, 1.314022014730778 ], [ 103.82439928916223, 1.313695232736604 ], [ 103.824253955627384, 1.313631930960413 ], [ 103.824398151797737, 1.313571487854974 ], [ 103.824294500001002, 1.313321000000606 ], [ 103.824508610498285, 1.313485890246508 ], [ 103.824545710496764, 1.313437090243259 ], [ 103.824331600000278, 1.313272200000503 ], [ 103.824595231854559, 1.313328972689861 ], [ 103.82470703180168, 1.312803072677738 ], [ 103.824443399999822, 1.312746300000361 ], [ 103.824709470770046, 1.31270254579687 ], [ 103.824699470764088, 1.312640945797986 ], [ 103.824433399999322, 1.31268470000047 ], [ 103.824675206637991, 1.312564709785977 ], [ 103.824600306626849, 1.312411809792875 ], [ 103.824358500002077, 1.312531799998496 ], [ 103.824577783284951, 1.312373946291371 ], [ 103.824510386007574, 1.312279105240733 ], [ 103.824360632540333, 1.312055963758138 ], [ 103.824558809951895, 1.311963080603171 ], [ 103.824445001284275, 1.311717102775894 ] ], [ [ 103.824199491752694, 1.31183740483129 ], [ 103.824199490947592, 1.311837405187607 ], [ 103.82419750000011, 1.311833100000043 ], [ 103.824199491752694, 1.31183740483129 ] ], [ [ 103.823047099992834, 1.311636499990012 ], [ 103.823084922039399, 1.311690111881518 ], [ 103.823083431859587, 1.311691396234233 ], [ 103.823047099992834, 1.311636499990012 ] ], [ [ 103.8235481753334, 1.312062674994267 ], [ 103.823548160680872, 1.31206264617301 ], [ 103.823549610844211, 1.3120617095499 ], [ 103.823549624907287, 1.312061739813615 ], [ 103.8235481753334, 1.312062674994267 ] ], [ [ 103.823856458656522, 1.311919749150856 ], [ 103.823856457973619, 1.311919747681261 ], [ 103.823859100270312, 1.311918699892575 ], [ 103.823856458656522, 1.311919749150856 ] ], [ [ 103.823567683049831, 1.312100598984366 ], [ 103.82357009999788, 1.312105799995261 ], [ 103.823567511937753, 1.31210070937678 ], [ 103.823567683049831, 1.312100598984366 ] ], [ [ 103.823320369329807, 1.312538480420135 ], [ 103.823425600002437, 1.312562300000212 ], [ 103.823325259723319, 1.312557598998952 ], [ 103.823321603540265, 1.312547573572492 ], [ 103.823305903541694, 1.312553373572603 ], [ 103.823307134834835, 1.312556749835968 ], [ 103.823306732822971, 1.312556731001856 ], [ 103.823305550934194, 1.31255350411532 ], [ 103.823297961214436, 1.312556320046646 ], [ 103.823286625206421, 1.312555788947041 ], [ 103.823320369329807, 1.312538480420135 ] ], [ [ 103.82373585356639, 1.312410498517625 ], [ 103.823778762191793, 1.312307130096075 ], [ 103.823971394742088, 1.312216449844865 ], [ 103.824048119292655, 1.312193941523444 ], [ 103.8238794908047, 1.312308580074738 ], [ 103.823932873597343, 1.312388123609388 ], [ 103.823725354804083, 1.312457482507661 ], [ 103.82373585356639, 1.312410498517625 ] ], [ [ 103.824073884946486, 1.312176425279869 ], [ 103.824072140967942, 1.312170403351185 ], [ 103.824102900000511, 1.312156699999837 ], [ 103.824073884946486, 1.312176425279869 ] ], [ [ 103.82401534105756, 1.311918805021234 ], [ 103.82401534096411, 1.311918805062835 ], [ 103.824015199999934, 1.311918500000195 ], [ 103.82401534105756, 1.311918805021234 ] ], [ [ 103.824006153283932, 1.311942548913891 ], [ 103.824008299942264, 1.311941600025417 ], [ 103.824006155198731, 1.311942555522996 ], [ 103.824006153283932, 1.311942548913891 ] ], [ [ 103.824136766493709, 1.312891804525453 ], [ 103.824089768018951, 1.313112882206726 ], [ 103.823818434872493, 1.313226617641385 ], [ 103.823764893063228, 1.313104960342616 ], [ 103.823685603086304, 1.312776088245489 ], [ 103.823693809385745, 1.312598654338197 ], [ 103.82369463601961, 1.31259495499148 ], [ 103.823826766049251, 1.312995415810613 ], [ 103.824136766493709, 1.312891804525453 ] ], [ [ 103.823323785110134, 1.312798049953068 ], [ 103.823332662247552, 1.312822287008798 ], [ 103.823332661204333, 1.312822287263825 ], [ 103.823323780877971, 1.312798049754995 ], [ 103.823323785110134, 1.312798049953068 ] ], [ [ 103.821803499944693, 1.31148760007852 ], [ 103.821756747395938, 1.311554460822472 ], [ 103.821756121978297, 1.311554965885541 ], [ 103.821803499944693, 1.31148760007852 ] ], [ [ 103.82191008719343, 1.311607337486402 ], [ 103.821910298439448, 1.311607574795383 ], [ 103.821908400000439, 1.311608699999936 ], [ 103.82191008719343, 1.311607337486402 ] ], [ [ 103.822705571975334, 1.312436417310368 ], [ 103.822687458076047, 1.312405458797149 ], [ 103.822777599999839, 1.312536800000572 ], [ 103.822705571975334, 1.312436417310368 ] ], [ [ 103.82192460000141, 1.311378400001824 ], [ 103.821915621238361, 1.311368313476193 ], [ 103.821917148292798, 1.311366129637787 ], [ 103.82192460000141, 1.311378400001824 ] ], [ [ 103.823398139173761, 1.312806295760429 ], [ 103.82339636447486, 1.312801450340022 ], [ 103.823396375109198, 1.312801450838369 ], [ 103.823398141777758, 1.312806295123767 ], [ 103.823398139173761, 1.312806295760429 ] ], [ [ 103.823678699995725, 1.313579100001417 ], [ 103.823678699999334, 1.313579099999608 ], [ 103.823678700000215, 1.313579100000512 ], [ 103.823678699995725, 1.313579100001417 ] ], [ [ 103.82369321260191, 1.313574787194131 ], [ 103.823692600000612, 1.313573300000192 ], [ 103.823693215093598, 1.313574786453466 ], [ 103.82369321260191, 1.313574787194131 ] ], [ [ 103.823751936637109, 1.313717349771155 ], [ 103.82375212557686, 1.313717151275591 ], [ 103.823753597546144, 1.313720708480406 ], [ 103.823753455872321, 1.313721037972473 ], [ 103.823751936637109, 1.313717349771155 ] ], [ [ 103.823745136580825, 1.313740386093099 ], [ 103.823738348587241, 1.313756172886627 ], [ 103.8237317902028, 1.313738515052966 ], [ 103.82374056749876, 1.31372929387069 ], [ 103.823745136580825, 1.313740386093099 ] ], [ [ 103.823715229432423, 1.313755913336757 ], [ 103.823725995981889, 1.31378490126112 ], [ 103.823725768653929, 1.313785429954552 ], [ 103.823714998806992, 1.313756155625113 ], [ 103.823715229432423, 1.313755913336757 ] ], [ [ 103.823685139229383, 1.313674898283921 ], [ 103.82368511434575, 1.31367492442539 ], [ 103.823681499999864, 1.313665100000169 ], [ 103.823685139229383, 1.313674898283921 ] ], [ [ 103.825977964677193, 1.312584375976074 ], [ 103.825878166692704, 1.312404485814725 ], [ 103.82580526210954, 1.312445456422618 ], [ 103.825794326587655, 1.312447906705951 ], [ 103.825792976604319, 1.312448498306498 ], [ 103.825782815305899, 1.312382916777755 ], [ 103.825696221504856, 1.312180621039628 ], [ 103.825594135495749, 1.311964533663847 ], [ 103.825471647626557, 1.311752881868537 ], [ 103.825447771876227, 1.311657378908993 ], [ 103.825452268183511, 1.31162012965203 ], [ 103.825456485953751, 1.311590689592483 ], [ 103.825464877155042, 1.311576693066669 ], [ 103.82551321597802, 1.311520725442366 ], [ 103.825600085467656, 1.311433049359399 ], [ 103.825656439262701, 1.311489928190545 ], [ 103.825835191973752, 1.311557049716179 ], [ 103.825964132150474, 1.311554124007836 ], [ 103.82615241690722, 1.311527978764311 ], [ 103.826334764210415, 1.311375007030151 ], [ 103.826499121534468, 1.31121899113952 ], [ 103.826927058227284, 1.310823075551064 ], [ 103.827029836034654, 1.31073503532387 ], [ 103.826961370887929, 1.310654071389708 ], [ 103.826961365547078, 1.310654022241993 ], [ 103.827029870577633, 1.310735005729526 ], [ 103.827257860642632, 1.310539641136531 ], [ 103.827373185590176, 1.310879706544882 ], [ 103.827384249390462, 1.31094578833136 ], [ 103.827395019628085, 1.311010010961147 ], [ 103.827408673309108, 1.311314169215327 ], [ 103.82744186687988, 1.311668528132012 ], [ 103.827441769946233, 1.31167773673233 ], [ 103.827447721473916, 1.311742762760592 ], [ 103.8275086881943, 1.311981148078542 ], [ 103.827628892769368, 1.312179957288018 ], [ 103.8278592, 1.31203890000023 ], [ 103.827716748343178, 1.312161546431291 ], [ 103.827715986223623, 1.312158576314082 ], [ 103.827660586229442, 1.312172976312504 ], [ 103.827668346374892, 1.312203219010508 ], [ 103.827654332288191, 1.312215284700489 ], [ 103.827678841856041, 1.312244121804296 ], [ 103.827728000001045, 1.312435700001614 ], [ 103.827605433796833, 1.312194018771382 ], [ 103.827554433800486, 1.312220218769129 ], [ 103.827677000000151, 1.3124619 ], [ 103.82751460648339, 1.312245305309227 ], [ 103.827396106488479, 1.312335305302222 ], [ 103.827558500007981, 1.31255190001051 ], [ 103.827390318465632, 1.312339826802642 ], [ 103.827330318467176, 1.312388026798661 ], [ 103.827498499999564, 1.312600099999647 ], [ 103.827328173714548, 1.312389767882747 ], [ 103.82728326522367, 1.312426606877594 ], [ 103.8269357538246, 1.312678236130397 ], [ 103.827250646202486, 1.313118763859034 ], [ 103.827261216205756, 1.313111110234656 ], [ 103.827278355657299, 1.313165869344004 ], [ 103.827284042842081, 1.313187328100912 ], [ 103.827171666166194, 1.313210644756854 ], [ 103.827200917782903, 1.313353456136823 ], [ 103.827072815184266, 1.313568445988803 ], [ 103.827032654161968, 1.31359562921172 ], [ 103.826874679973884, 1.313722918521508 ], [ 103.826718257427359, 1.313848782226265 ], [ 103.826670746828057, 1.313864728975346 ], [ 103.826637100246558, 1.313869792702209 ], [ 103.826588350272189, 1.313869232357917 ], [ 103.82633045438709, 1.313839644304698 ], [ 103.826323745086185, 1.313805553818121 ], [ 103.826253606395753, 1.313699684111665 ], [ 103.826150615300278, 1.313630375640581 ], [ 103.82615887422881, 1.313617729154238 ], [ 103.826158550535183, 1.313622781191341 ], [ 103.826200150539748, 1.313625481191608 ], [ 103.826205191409898, 1.313546805960333 ], [ 103.826220190363159, 1.31352383880902 ], [ 103.826207213018932, 1.313515253765252 ], [ 103.826217500000283, 1.31335470000169 ], [ 103.826302471753863, 1.3136122139116 ], [ 103.826338671757625, 1.313600113909904 ], [ 103.826253700000734, 1.313342600001189 ], [ 103.826458352254321, 1.313519238006161 ], [ 103.826666252249609, 1.313275237988979 ], [ 103.826461600000201, 1.313098599999914 ], [ 103.826718057989297, 1.313182281731961 ], [ 103.826731457985787, 1.313140681731106 ], [ 103.826475000000471, 1.313057000000433 ], [ 103.826743223533839, 1.313029626574566 ], [ 103.826740523530688, 1.313002826574967 ], [ 103.826472300001029, 1.313030199999659 ], [ 103.826686107654041, 1.31286491221178 ], [ 103.826673826233844, 1.312848819317379 ], [ 103.826549919862202, 1.312663634236627 ], [ 103.826326300000076, 1.312815200000113 ], [ 103.826513468037646, 1.312619903838385 ], [ 103.826352368038286, 1.312463503850333 ], [ 103.826210177017373, 1.312611869779053 ], [ 103.826201927515967, 1.312588833441211 ], [ 103.826291139926411, 1.312418882221717 ], [ 103.826228139930379, 1.312385382224026 ], [ 103.826147737909707, 1.312538549488829 ], [ 103.826095896173484, 1.312504681537666 ], [ 103.826088038473159, 1.312354330972884 ], [ 103.826037038478404, 1.312357030971838 ], [ 103.826043601109731, 1.312482601522225 ], [ 103.826017724219511, 1.312522725679031 ], [ 103.825969022542182, 1.312369569082494 ], [ 103.825927422546314, 1.312382969080862 ], [ 103.825987008150435, 1.31257035335962 ], [ 103.825977964677193, 1.312584375976074 ] ], [ [ 103.826454900000073, 1.313007400000377 ], [ 103.826418275160734, 1.313035713475678 ], [ 103.826412213656397, 1.31303633207862 ], [ 103.826454900000073, 1.313007400000377 ] ], [ [ 103.826175898477942, 1.313352023755771 ], [ 103.826167138622992, 1.31348874291145 ], [ 103.826127403910519, 1.313462456772718 ], [ 103.826175889049452, 1.31335202494227 ], [ 103.826175898477942, 1.313352023755771 ] ], [ [ 103.826130090002479, 1.313357788142507 ], [ 103.826093873965334, 1.313440275339431 ], [ 103.826066188323779, 1.313421960152426 ], [ 103.826119909045531, 1.313359069280306 ], [ 103.826130090002479, 1.313357788142507 ] ], [ [ 103.825680989537929, 1.313448052017795 ], [ 103.82582933466027, 1.313559821225805 ], [ 103.825885221080426, 1.313484683106891 ], [ 103.825939914294025, 1.313520864914981 ], [ 103.825963944122861, 1.313541657469395 ], [ 103.825966616171186, 1.313538529302444 ], [ 103.826031802233842, 1.313581652556481 ], [ 103.826030731406959, 1.313584091516397 ], [ 103.826045249426855, 1.31359054842545 ], [ 103.826083538375613, 1.313615878134092 ], [ 103.826025340731974, 1.313604051873945 ], [ 103.82590183493069, 1.313628358867077 ], [ 103.825796947391296, 1.313697846859375 ], [ 103.825774395943867, 1.31373114712497 ], [ 103.825749573349626, 1.31370671238493 ], [ 103.825693173479223, 1.313614992031117 ], [ 103.825687111639994, 1.313596971093474 ], [ 103.825678489925409, 1.313550447450376 ], [ 103.825675817574421, 1.313499388593988 ], [ 103.825680989537929, 1.313448052017795 ] ], [ [ 103.833654000000465, 1.308638400000085 ], [ 103.83390079346924, 1.308529178893971 ], [ 103.833776140103382, 1.308243856583728 ], [ 103.833885781918198, 1.30819837913826 ], [ 103.833918682386525, 1.308216209653865 ], [ 103.833940317130384, 1.308175771184472 ], [ 103.834004663890596, 1.308149099570604 ], [ 103.833982961829918, 1.308096062059582 ], [ 103.834046499999758, 1.307977300000272 ], [ 103.834113348061621, 1.308240170055316 ], [ 103.834273432881034, 1.308198931570107 ], [ 103.8344462516269, 1.308155850678112 ], [ 103.834669749628148, 1.308101346260602 ], [ 103.834783949475764, 1.308073623510521 ], [ 103.834884627340486, 1.308059882699307 ], [ 103.83485897381405, 1.307869479838139 ], [ 103.834860439675339, 1.307869542660748 ], [ 103.834889507471232, 1.308059170840027 ], [ 103.835002207483157, 1.308041670838176 ], [ 103.834985390807773, 1.307931964740661 ], [ 103.834999558108478, 1.307942214269491 ], [ 103.835020599904041, 1.308034523821141 ], [ 103.834976821292017, 1.308106666028961 ], [ 103.835436978733824, 1.308389533949168 ], [ 103.835493778728576, 1.308295933944061 ], [ 103.835263700012732, 1.308154500007939 ], [ 103.835495892827367, 1.308292389733186 ], [ 103.835602394447747, 1.308110721955925 ], [ 103.835878730934013, 1.307677751829441 ], [ 103.835667259104298, 1.307541030043563 ], [ 103.835667258410624, 1.30754102602728 ], [ 103.835878754737408, 1.307677714527084 ], [ 103.835952954730857, 1.307561414520259 ], [ 103.835770003048893, 1.307443174215883 ], [ 103.835769829219146, 1.307425151671793 ], [ 103.835988537152303, 1.307476924657377 ], [ 103.836030431877887, 1.307297647147548 ], [ 103.836101229380461, 1.306994857692858 ], [ 103.835838800000204, 1.306932700000387 ], [ 103.836105571508753, 1.306971890185782 ], [ 103.836112271503339, 1.306925690184985 ], [ 103.835845499093836, 1.306886499867341 ], [ 103.836112293122241, 1.306925540822792 ], [ 103.836162016070816, 1.306581335192858 ], [ 103.836206921233284, 1.306324410543547 ], [ 103.835941399999612, 1.306277399999713 ], [ 103.836210219532106, 1.306298007768957 ], [ 103.836235419860031, 1.305965009619143 ], [ 103.836329925140859, 1.305915778061466 ], [ 103.836244222028242, 1.305749124473801 ], [ 103.836246811007186, 1.305748983004621 ], [ 103.836336594138857, 1.305912183627687 ], [ 103.836643170980125, 1.305741332458671 ], [ 103.836921348427353, 1.305590999266417 ], [ 103.83692977194724, 1.305605156442534 ], [ 103.837059449308271, 1.305766905922369 ], [ 103.837201507711072, 1.30589060460509 ], [ 103.837263373195114, 1.30581863387775 ], [ 103.837274043625243, 1.305826344310278 ], [ 103.837275125101272, 1.305826956748003 ], [ 103.83721883764008, 1.305904484132734 ], [ 103.837266514045879, 1.305939548467441 ], [ 103.837280191129281, 1.305947234367921 ], [ 103.837332483747218, 1.30602781889931 ], [ 103.837268737393813, 1.306177557753591 ], [ 103.83712963738904, 1.306114573082104 ], [ 103.837047837374854, 1.306297573073924 ], [ 103.837293700000174, 1.306408900000125 ], [ 103.837047447482121, 1.306298449469066 ], [ 103.836941505449914, 1.306537718497307 ], [ 103.836846363283811, 1.306751988202177 ], [ 103.837005498357968, 1.306823566841639 ], [ 103.836993026964961, 1.306861196857779 ], [ 103.836954347901781, 1.306965737682897 ], [ 103.836875892398623, 1.307024251975548 ], [ 103.836889292397515, 1.307042451976946 ], [ 103.836939940723397, 1.307004677049871 ], [ 103.836846950751024, 1.307256008023465 ], [ 103.837099600000045, 1.307350699999698 ], [ 103.836845588360433, 1.307259775118761 ], [ 103.836816188353012, 1.307342975116102 ], [ 103.837070199999943, 1.307433899999952 ], [ 103.836815640569085, 1.307344540451965 ], [ 103.836808721017036, 1.307364508296249 ], [ 103.836655462057109, 1.307804210647506 ], [ 103.836440883499989, 1.307727359463133 ], [ 103.836350500000194, 1.30798299999931 ], [ 103.836382019815929, 1.30771351721864 ], [ 103.836360919818219, 1.307711017218436 ], [ 103.836329400000267, 1.307980500000659 ], [ 103.836289926716262, 1.307945935819606 ], [ 103.836290164609096, 1.307924873887016 ], [ 103.836265551778212, 1.307924592276092 ], [ 103.836126003670088, 1.307802399081596 ], [ 103.836115803669699, 1.307814199080503 ], [ 103.836246417231195, 1.307928568874403 ], [ 103.836245766448869, 1.307986185967486 ], [ 103.83605051940232, 1.307969929804721 ], [ 103.836036119383948, 1.308145129803012 ], [ 103.83623137511313, 1.308161386688526 ], [ 103.836243700593499, 1.308169086852503 ], [ 103.836240335385682, 1.308467026111752 ], [ 103.836284035391117, 1.308467526111711 ], [ 103.836286513852912, 1.308248094737759 ], [ 103.836473806748103, 1.308315173578664 ], [ 103.836422140126459, 1.30845862817467 ], [ 103.836675599999808, 1.30855109999974 ], [ 103.836422114669787, 1.308458698885172 ], [ 103.836403129311179, 1.308511458184692 ], [ 103.836350842787823, 1.308656620729562 ], [ 103.836525034491927, 1.308720178292437 ], [ 103.836524792636226, 1.308721760293462 ], [ 103.836349180298029, 1.308661373552633 ], [ 103.836236368035571, 1.308993707128141 ], [ 103.836032114499346, 1.308927881044164 ], [ 103.835867685483521, 1.309444718952818 ], [ 103.836044061814917, 1.309501560875169 ], [ 103.835997564722391, 1.309571287247286 ], [ 103.835867282005424, 1.309497290643764 ], [ 103.835705108788815, 1.309463461516739 ], [ 103.835529570209516, 1.309504764711433 ], [ 103.835271943170326, 1.309713596026296 ], [ 103.834941060220231, 1.309508118282048 ], [ 103.834900473421953, 1.309574324472483 ], [ 103.834518364095658, 1.309348325556194 ], [ 103.834415238604421, 1.309524950296676 ], [ 103.834222754742854, 1.309271688837581 ], [ 103.834177603396654, 1.309174213292025 ], [ 103.834092466075418, 1.308969644506468 ], [ 103.834029140197231, 1.308831112885248 ], [ 103.833901870621332, 1.308531678395085 ], [ 103.833654000000465, 1.308638400000085 ] ], [ [ 103.836269298372997, 1.309650698900567 ], [ 103.836269862481245, 1.309651079857215 ], [ 103.836269862433625, 1.309651079930469 ], [ 103.836269298372997, 1.309650698900567 ] ], [ [ 103.836420678828475, 1.309622221125838 ], [ 103.836421461823008, 1.309622502862517 ], [ 103.8364059000005, 1.309644800000559 ], [ 103.836420678828475, 1.309622221125838 ] ], [ [ 103.836531500000561, 1.309113400000371 ], [ 103.836531547285588, 1.309113262062078 ], [ 103.836531547306265, 1.309113262069314 ], [ 103.836531500000561, 1.309113400000371 ] ], [ [ 103.83687133537272, 1.308169838548394 ], [ 103.836863329074049, 1.30816691754573 ], [ 103.836863450288632, 1.308166621197894 ], [ 103.836871459633301, 1.308169480963303 ], [ 103.83687133537272, 1.308169838548394 ] ], [ [ 103.8375825, 1.306129499999907 ], [ 103.837477369323949, 1.306084162696444 ], [ 103.837480138533138, 1.30608364218833 ], [ 103.8375825, 1.306129499999907 ] ], [ [ 103.83890082950586, 1.306188297028433 ], [ 103.838901208079989, 1.306188305723056 ], [ 103.838872679265393, 1.306195996700614 ], [ 103.838872689971367, 1.306195902378964 ], [ 103.83890082950586, 1.306188297028433 ] ], [ [ 103.838705450785085, 1.306370669993051 ], [ 103.838705154981639, 1.306373252239028 ], [ 103.838680154286735, 1.306383866735877 ], [ 103.838681003642535, 1.306380232896097 ], [ 103.838705450785085, 1.306370669993051 ] ], [ [ 103.838717211920411, 1.306268000050902 ], [ 103.838706232540488, 1.306272294816849 ], [ 103.838707441665875, 1.306267121753803 ], [ 103.838717627076562, 1.306264375907737 ], [ 103.838717211920411, 1.306268000050902 ] ], [ [ 103.837494270589247, 1.303540181730927 ], [ 103.837012149171883, 1.30410667886823 ], [ 103.837053323342502, 1.304018840613572 ], [ 103.836992879132893, 1.303890025118843 ], [ 103.836885950800095, 1.303940851080556 ], [ 103.836885337541304, 1.303939595685658 ], [ 103.836907728064205, 1.303926796874595 ], [ 103.836899828064077, 1.303912796875144 ], [ 103.836878266959133, 1.303925121576253 ], [ 103.836845912703069, 1.303858889533528 ], [ 103.837495160068997, 1.303526385034359 ], [ 103.837494488636793, 1.30353800482507 ], [ 103.837494270589247, 1.303540181730927 ] ], [ [ 103.838052862549603, 1.303178484327253 ], [ 103.83805390308595, 1.30313899333633 ], [ 103.837981363330016, 1.303137057172828 ], [ 103.837981488535149, 1.303137016876814 ], [ 103.838053904650209, 1.303138933707036 ], [ 103.838060204624711, 1.302897833707117 ], [ 103.837874983894451, 1.30289293097301 ], [ 103.837870745559158, 1.302889599999922 ], [ 103.838060272684643, 1.302886995474812 ], [ 103.838058188030374, 1.302733327927113 ], [ 103.838057324360918, 1.302569480751081 ], [ 103.838048585152805, 1.302533753699401 ], [ 103.838055382123727, 1.302531537654648 ], [ 103.8380248016705, 1.302436523642373 ], [ 103.838019462777012, 1.302414697530031 ], [ 103.838058154766017, 1.302530616952713 ], [ 103.838301393812969, 1.3024483728099 ], [ 103.838433746093827, 1.302404155794717 ], [ 103.838583960124893, 1.302354084450025 ], [ 103.838499200096422, 1.30209650029253 ], [ 103.83858431679073, 1.302353965282939 ], [ 103.83864197639123, 1.302334655604089 ], [ 103.838807785822596, 1.30228845331603 ], [ 103.838851453734222, 1.302297971938085 ], [ 103.838850658988761, 1.302324171041197 ], [ 103.838868719122786, 1.302492551402543 ], [ 103.838907961594089, 1.302621281422626 ], [ 103.83896535125271, 1.302816550058751 ], [ 103.838991156817613, 1.302890763746023 ], [ 103.838585349294533, 1.303002349004547 ], [ 103.838655816855933, 1.303261951698067 ], [ 103.838655926051445, 1.30326266278991 ], [ 103.838571474713177, 1.303006570655423 ], [ 103.838294642721024, 1.303099047503611 ], [ 103.838190811959421, 1.303133127839246 ], [ 103.838274400348368, 1.303391101075027 ], [ 103.838190682766538, 1.303133170280431 ], [ 103.838052862549603, 1.303178484327253 ] ], [ [ 103.840100888865692, 1.301036052837515 ], [ 103.840100887891666, 1.301036049355713 ], [ 103.840104646994277, 1.301034817371917 ], [ 103.840104647009554, 1.301034817419848 ], [ 103.840100888865692, 1.301036052837515 ] ], [ [ 103.828044464575996, 1.298200943256595 ], [ 103.828046137315184, 1.298204835936567 ], [ 103.828045108621239, 1.298219494808053 ], [ 103.827973000001222, 1.298245699999398 ], [ 103.828044464575996, 1.298200943256595 ] ], [ [ 103.828001700000087, 1.298325700000733 ], [ 103.828056488943602, 1.298305789000329 ], [ 103.82805837713515, 1.29831870180361 ], [ 103.828001700000087, 1.298325700000733 ] ], [ [ 103.828099714581597, 1.29843601274986 ], [ 103.828101056108579, 1.298439023904925 ], [ 103.828016400000394, 1.298446300000458 ], [ 103.828099714581597, 1.29843601274986 ] ], [ [ 103.829209805053466, 1.298873371970827 ], [ 103.829211142399558, 1.298872879446904 ], [ 103.829206500000168, 1.298909100000479 ], [ 103.829209805053466, 1.298873371970827 ] ], [ [ 103.827748203376586, 1.298474373671371 ], [ 103.827756981002068, 1.298577827306728 ], [ 103.827738092246449, 1.298660175847391 ], [ 103.827733756739889, 1.298660775222688 ], [ 103.827746671342737, 1.298461804725354 ], [ 103.827748203376586, 1.298474373671371 ] ], [ [ 103.826954745004315, 1.297690192236004 ], [ 103.827021700001183, 1.29764497539425 ], [ 103.827021700000643, 1.297678545127656 ], [ 103.826969484704051, 1.297703622693155 ], [ 103.826954745004315, 1.297690192236004 ] ], [ [ 103.826852902785518, 1.297758969524581 ], [ 103.826853121672229, 1.297759508637811 ], [ 103.826849600002674, 1.297761199998934 ], [ 103.826852902785518, 1.297758969524581 ] ], [ [ 103.826875616236805, 1.297743630409073 ], [ 103.826890649310585, 1.297733478097093 ], [ 103.826891870222909, 1.297740898782495 ], [ 103.826877340425455, 1.297747877042069 ], [ 103.826875616236805, 1.297743630409073 ] ], [ [ 103.826903700000358, 1.297812799999915 ], [ 103.826903118752782, 1.297811368403399 ], [ 103.826903439145283, 1.297811214528355 ], [ 103.826903700000358, 1.297812799999915 ] ], [ [ 103.827176900000453, 1.298643399999931 ], [ 103.827059402577476, 1.298764634513321 ], [ 103.827028773978071, 1.298769890650095 ], [ 103.827176900000453, 1.298643399999931 ] ], [ [ 103.82726250000033, 1.298707099999904 ], [ 103.827257026635891, 1.298730720475187 ], [ 103.827248897021903, 1.29873211558925 ], [ 103.82726250000033, 1.298707099999904 ] ], [ [ 103.827215300000063, 1.298681100000388 ], [ 103.827181245687086, 1.298743725158824 ], [ 103.827149290536639, 1.298749208945053 ], [ 103.827215300000063, 1.298681100000388 ] ], [ [ 103.825276784981739, 1.29922806312297 ], [ 103.825304000001566, 1.299229100000185 ], [ 103.825279153400274, 1.299235093444566 ], [ 103.825276784981739, 1.29922806312297 ] ], [ [ 103.828897106180236, 1.299316322511216 ], [ 103.82907036113113, 1.299318104969856 ], [ 103.829176734619239, 1.299321092988674 ], [ 103.8292474840392, 1.299331516627262 ], [ 103.829304773345811, 1.299339854507552 ], [ 103.829340135276098, 1.299346880056924 ], [ 103.829387770681819, 1.299363447166691 ], [ 103.829438699146067, 1.299411724562826 ], [ 103.829485536186738, 1.299473992681368 ], [ 103.829487173926822, 1.299479230433828 ], [ 103.829490906975636, 1.299521247137918 ], [ 103.829488167396988, 1.299537816857732 ], [ 103.829275065635699, 1.299995232445358 ], [ 103.829142317871529, 1.300294171317459 ], [ 103.829081750460261, 1.300447863670135 ], [ 103.829034909486793, 1.300565649427904 ], [ 103.828991065282707, 1.300788318755869 ], [ 103.828977872708123, 1.300986719392007 ], [ 103.828996389265072, 1.301135109152058 ], [ 103.829018867375723, 1.301261122876266 ], [ 103.829077144451333, 1.301503599186147 ], [ 103.829137802136103, 1.301682835856894 ], [ 103.829204804471772, 1.301838494448645 ], [ 103.829230146942123, 1.301888007945972 ], [ 103.82910837307503, 1.301732267028408 ], [ 103.829089206491929, 1.30174744812186 ], [ 103.828992912575515, 1.301584495337547 ], [ 103.828992912214289, 1.301584494726197 ], [ 103.828848312561533, 1.301339795350094 ], [ 103.828616600000259, 1.301478500000543 ], [ 103.828821380890574, 1.301302014206478 ], [ 103.82867394067118, 1.301128712514113 ], [ 103.828394975677483, 1.300790331891188 ], [ 103.828187500012362, 1.300963599989884 ], [ 103.828391828321443, 1.30078658368903 ], [ 103.827985428311223, 1.300311383720855 ], [ 103.827781099997964, 1.300488400001969 ], [ 103.827960697322922, 1.300286031493004 ], [ 103.827809197325266, 1.30014983150404 ], [ 103.827629599998858, 1.300352200001464 ], [ 103.827779140642434, 1.300126424965528 ], [ 103.827662440648297, 1.300048124973019 ], [ 103.827512900000826, 1.3002738999994 ], [ 103.82761848585794, 1.300024231963196 ], [ 103.827452902833613, 1.299953296039215 ], [ 103.827551009143122, 1.299945849885719 ], [ 103.82760006236893, 1.299942002574487 ], [ 103.827921179635041, 1.299922333601041 ], [ 103.828081227301865, 1.299769244517469 ], [ 103.828096671719948, 1.29961194010041 ], [ 103.828067794421443, 1.299366753169301 ], [ 103.828061388593497, 1.299350156255696 ], [ 103.828263729290782, 1.29934003176224 ], [ 103.828358074686861, 1.299334219509763 ], [ 103.828362808069329, 1.299420876984578 ], [ 103.828373007024283, 1.299608058173898 ], [ 103.828642200000061, 1.29959320000036 ], [ 103.828409626580083, 1.29973043711888 ], [ 103.828450926576537, 1.29980133712188 ], [ 103.828820313485195, 1.299583368966308 ], [ 103.828911392972799, 1.299578341797938 ], [ 103.828908821196706, 1.299531142242796 ], [ 103.828916073399114, 1.299526862855581 ], [ 103.828907815601696, 1.299512686638771 ], [ 103.828901192953111, 1.299391141798923 ], [ 103.828632000000155, 1.299406000000343 ], [ 103.828901190955719, 1.299391105184806 ], [ 103.828897106180236, 1.299316322511216 ] ], [ [ 103.82682862606417, 1.29943885134591 ], [ 103.826839743521731, 1.299510693344848 ], [ 103.826849325523753, 1.299608695515038 ], [ 103.826863331494181, 1.299730428371743 ], [ 103.826919415881278, 1.29986646287064 ], [ 103.826970882043113, 1.299899870733789 ], [ 103.826876873044682, 1.299898581524231 ], [ 103.8268732, 1.300169900000164 ], [ 103.826854804184691, 1.299899188755549 ], [ 103.826667404204542, 1.299912088753646 ], [ 103.826685799999964, 1.30018280000041 ], [ 103.826651731525615, 1.299913631581822 ], [ 103.826367831555231, 1.299950031578807 ], [ 103.826401899999965, 1.300219200000111 ], [ 103.826337092565026, 1.29995581283969 ], [ 103.826203492578301, 1.299989112836743 ], [ 103.826268300000208, 1.300252500000473 ], [ 103.826164201671759, 1.30000219999485 ], [ 103.825993301685358, 1.300074199987509 ], [ 103.826097399999824, 1.3003245 ], [ 103.825963054047889, 1.300089246963567 ], [ 103.825766854060348, 1.300202746952954 ], [ 103.825823702455182, 1.300302294128785 ], [ 103.825809263920206, 1.300334316578392 ], [ 103.825743907119218, 1.300260608655881 ], [ 103.825731562965004, 1.30016240201142 ], [ 103.825699362968564, 1.300166502010609 ], [ 103.825709426920099, 1.300246568006666 ], [ 103.825659790167961, 1.300291152873207 ], [ 103.825724155230176, 1.3003637423389 ], [ 103.825724669670052, 1.300367835076789 ], [ 103.825657050566477, 1.300293647797476 ], [ 103.825642417496539, 1.300307158655171 ], [ 103.825577003486472, 1.300214537220901 ], [ 103.825439603492612, 1.300312837212699 ], [ 103.82551722779408, 1.300422747530641 ], [ 103.825332765759569, 1.300593063097763 ], [ 103.825275219347148, 1.300483071701061 ], [ 103.825231007476177, 1.30039281385984 ], [ 103.824989199269822, 1.300512800362902 ], [ 103.825230919351029, 1.300392634121575 ], [ 103.825191119345391, 1.30031153412596 ], [ 103.824949400000577, 1.300431700000014 ], [ 103.825180310003105, 1.300291646294257 ], [ 103.825103923448708, 1.300164069244433 ], [ 103.825212023878606, 1.300102981236289 ], [ 103.825828453156191, 1.299738238778184 ], [ 103.82630153186453, 1.299569175285315 ], [ 103.826437457447398, 1.299531116120986 ], [ 103.826683309197804, 1.299462221012288 ], [ 103.82682862606417, 1.29943885134591 ] ], [ [ 103.82258993386219, 1.297600254060987 ], [ 103.822625289829233, 1.297629811707811 ], [ 103.822593, 1.297761399997808 ], [ 103.82258993386219, 1.297600254060987 ] ], [ [ 103.822702500116165, 1.297694359630034 ], [ 103.822718779219827, 1.297707968986455 ], [ 103.822680700000504, 1.297783200000493 ], [ 103.822702500116165, 1.297694359630034 ] ], [ [ 103.823172271238477, 1.297988218222292 ], [ 103.82317078421147, 1.297990020697629 ], [ 103.823170802765915, 1.297989918877079 ], [ 103.823172268852247, 1.297988142712343 ], [ 103.823172271238477, 1.297988218222292 ] ], [ [ 103.823248170964888, 1.298012630210847 ], [ 103.82324827020048, 1.29801276642215 ], [ 103.823226878269111, 1.29803420254849 ], [ 103.823226869707952, 1.298033931683962 ], [ 103.823248170964888, 1.298012630210847 ] ], [ [ 103.823296385791224, 1.297964414891656 ], [ 103.823300882846951, 1.297959917789224 ], [ 103.823300950625708, 1.297959977159235 ], [ 103.823296443286068, 1.297964493810376 ], [ 103.823296385791224, 1.297964414891656 ] ], [ [ 103.822417148479374, 1.299969621143635 ], [ 103.822417134928571, 1.299969584937332 ], [ 103.822417175427859, 1.299969567316864 ], [ 103.82241718895979, 1.299969603539446 ], [ 103.822417148479374, 1.299969621143635 ] ], [ [ 103.822578100000442, 1.299989399999929 ], [ 103.822599287798383, 1.300045984669695 ], [ 103.822599233365494, 1.300045969292548 ], [ 103.822578100000442, 1.299989399999929 ] ], [ [ 103.822617637503612, 1.299794266202731 ], [ 103.822621479608856, 1.299775303836482 ], [ 103.822676700000088, 1.299951999999738 ], [ 103.822617637503612, 1.299794266202731 ] ], [ [ 103.824087735624659, 1.299973290917845 ], [ 103.824063199988231, 1.299755999896433 ], [ 103.824087836006726, 1.299973232224035 ], [ 103.824087735624659, 1.299973290917845 ] ], [ [ 103.82250376344264, 1.301683213783567 ], [ 103.822504093155402, 1.30168374041107 ], [ 103.822504089708573, 1.301683743894669 ], [ 103.822503759770271, 1.301683217628007 ], [ 103.82250376344264, 1.301683213783567 ] ], [ [ 103.823056959938086, 1.302243135345474 ], [ 103.82305696566857, 1.30224324533615 ], [ 103.823039068285993, 1.302263868983853 ], [ 103.823039065174342, 1.302263866020237 ], [ 103.823056959938086, 1.302243135345474 ] ], [ [ 103.823753170572388, 1.302095868162622 ], [ 103.823707056184006, 1.301759020833908 ], [ 103.823674160159342, 1.301488106998573 ], [ 103.823669428718787, 1.301382325761717 ], [ 103.823928080750349, 1.30142762639373 ], [ 103.823939418357639, 1.301362051086189 ], [ 103.823939478901593, 1.301362061601465 ], [ 103.823928160955376, 1.301427640427963 ], [ 103.824175260981008, 1.301470840433016 ], [ 103.824186626753431, 1.301404984456636 ], [ 103.82420537143507, 1.301408239896331 ], [ 103.82423527071667, 1.301233843983537 ], [ 103.82423527141755, 1.301233839893098 ], [ 103.824239967474881, 1.30120646286549 ], [ 103.82422144414403, 1.301203244219135 ], [ 103.824267539009639, 1.300936159565525 ], [ 103.824020477558534, 1.300892966304696 ], [ 103.823843903989271, 1.300862040998318 ], [ 103.823961250365898, 1.300770079215491 ], [ 103.824318492604363, 1.300579098880304 ], [ 103.824628108503475, 1.300420802972974 ], [ 103.824712672240807, 1.300562037196951 ], [ 103.82474743666225, 1.300632876269752 ], [ 103.824793192494212, 1.300726286120658 ], [ 103.824870762952031, 1.300687795267131 ], [ 103.824872653038497, 1.300692342094995 ], [ 103.824796454025645, 1.300732726723861 ], [ 103.824888954012849, 1.300909526732723 ], [ 103.825126195467064, 1.300783791387894 ], [ 103.825126046644158, 1.300783928798402 ], [ 103.824892936957752, 1.300916863124205 ], [ 103.824929778200399, 1.300982306365815 ], [ 103.824785452558771, 1.301107441043517 ], [ 103.824738996215402, 1.301144624478574 ], [ 103.824906799999638, 1.301357000000361 ], [ 103.824646188632912, 1.301287526849009 ], [ 103.824633188628738, 1.301336926847526 ], [ 103.824893800001064, 1.301406400000234 ], [ 103.82463691553059, 1.301488742220117 ], [ 103.824652515525827, 1.301538042221725 ], [ 103.82490939999991, 1.301455700000306 ], [ 103.824709062571216, 1.301637278519924 ], [ 103.824753262570411, 1.3016866785234 ], [ 103.824953599999901, 1.301505100000324 ], [ 103.824789772018192, 1.301720597113301 ], [ 103.82512167202951, 1.301976197134175 ], [ 103.825285499998003, 1.301760700002574 ], [ 103.82514669318347, 1.301993314880666 ], [ 103.825320893193407, 1.302098614890109 ], [ 103.825324238362128, 1.302093008998572 ], [ 103.825646353301238, 1.302390133597796 ], [ 103.825734953300071, 1.302292833590887 ], [ 103.825536200001707, 1.302109500002048 ], [ 103.825757128255702, 1.302265011600949 ], [ 103.825784228253582, 1.302226011598309 ], [ 103.825563300000411, 1.302070499999951 ], [ 103.825819503796666, 1.302154963363951 ], [ 103.825830489751553, 1.302121206512792 ], [ 103.82586494924314, 1.302015444638334 ], [ 103.825963804621992, 1.301717458422102 ], [ 103.82610884763848, 1.301764477363695 ], [ 103.826191500000377, 1.301506200000484 ], [ 103.826141539749088, 1.301772843805075 ], [ 103.826282739763769, 1.301799643807769 ], [ 103.826300146486545, 1.301706742038356 ], [ 103.826326069744823, 1.301741581751377 ], [ 103.826324079122614, 1.301804204893997 ], [ 103.826373858565844, 1.30180580781042 ], [ 103.826484907025787, 1.301955052005326 ], [ 103.826652016831474, 1.301829094501982 ], [ 103.826647407857024, 1.301834027211745 ], [ 103.826487718099813, 1.301958763021439 ], [ 103.826507223231445, 1.301984058434349 ], [ 103.826503904883594, 1.301987609863092 ], [ 103.82652632503104, 1.302008830781315 ], [ 103.826575430608685, 1.302072513806036 ], [ 103.826490142006492, 1.302003537955686 ], [ 103.826441442004565, 1.302064537952008 ], [ 103.82665160000073, 1.302234499999952 ], [ 103.826426792468752, 1.302084725981562 ], [ 103.826385292465673, 1.30214782597772 ], [ 103.826610100002554, 1.302297600001585 ], [ 103.826372549848045, 1.302169287664417 ], [ 103.826317167776523, 1.302273151147869 ], [ 103.825881390652668, 1.302279008657374 ], [ 103.825722295880936, 1.302358886112115 ], [ 103.825643358927863, 1.302515785460057 ], [ 103.825647221156601, 1.302689586580318 ], [ 103.825601814712456, 1.302672869778575 ], [ 103.82556967931076, 1.302761290634131 ], [ 103.825569633683543, 1.302761277099267 ], [ 103.825601746439219, 1.302672844653302 ], [ 103.825407646456298, 1.302601444660908 ], [ 103.825371036103633, 1.302702262616197 ], [ 103.82536118253023, 1.302699333749783 ], [ 103.825356117403416, 1.302696723569605 ], [ 103.825382622977827, 1.302593604770862 ], [ 103.824965923018311, 1.30248510478156 ], [ 103.824933594244541, 1.302610878404917 ], [ 103.824924611396739, 1.302609162785749 ], [ 103.824948797165277, 1.302481239497269 ], [ 103.824618262360701, 1.302417935026819 ], [ 103.824411021213393, 1.302374862929016 ], [ 103.824383784611157, 1.30250761447192 ], [ 103.824383743190012, 1.3025076073707 ], [ 103.824410939033356, 1.302374845862456 ], [ 103.823837764204029, 1.302255906805126 ], [ 103.823837426787989, 1.302255771047842 ], [ 103.823798292900548, 1.302228346513103 ], [ 103.823796319313175, 1.3022239997794 ], [ 103.823753170572388, 1.302095868162622 ] ], [ [ 103.825035000000483, 1.300606300000442 ], [ 103.825022230284091, 1.300613067809134 ], [ 103.825022085829758, 1.300612708077664 ], [ 103.825035000000483, 1.300606300000442 ] ], [ [ 103.825762274205417, 1.300406732056833 ], [ 103.825771779302201, 1.300417451690498 ], [ 103.825771155164119, 1.300418835931976 ], [ 103.82576261833826, 1.300409469883007 ], [ 103.825762274205417, 1.300406732056833 ] ], [ [ 103.825843177592162, 1.300336397022771 ], [ 103.825866602839554, 1.300377416950719 ], [ 103.825856132958393, 1.300387174416952 ], [ 103.825832367461956, 1.300360372228364 ], [ 103.825843177592162, 1.300336397022771 ] ], [ [ 103.825794882844306, 1.3004435073408 ], [ 103.825795246713454, 1.300443917704653 ], [ 103.825794581438657, 1.300444537712546 ], [ 103.825794472267575, 1.30044441793724 ], [ 103.825794882844306, 1.3004435073408 ] ], [ [ 103.825900274875224, 1.300436380015455 ], [ 103.8259012, 1.300438000000518 ], [ 103.825899995787225, 1.300436641916863 ], [ 103.825900274875224, 1.300436380015455 ] ], [ [ 103.827058420164121, 1.299956693725549 ], [ 103.827071135806207, 1.299964947738367 ], [ 103.827055499999872, 1.300172399999729 ], [ 103.827058420164121, 1.299956693725549 ] ], [ [ 103.827178786778262, 1.299969817776729 ], [ 103.827187473109845, 1.299969419430752 ], [ 103.827162899999053, 1.300180600012456 ], [ 103.827178786778262, 1.299969817776729 ] ], [ [ 103.827373550160104, 1.299959318811224 ], [ 103.827450441446189, 1.299953482856222 ], [ 103.827345299999337, 1.30020210000013 ], [ 103.827373550160104, 1.299959318811224 ] ], [ [ 103.828467799982946, 1.30130360001438 ], [ 103.828263019085128, 1.301480085764089 ], [ 103.828393101053777, 1.301632984545867 ], [ 103.828346169411446, 1.301662135695921 ], [ 103.828296138659383, 1.301570224733893 ], [ 103.828059699999258, 1.301700600001126 ], [ 103.828261913379677, 1.301521140301265 ], [ 103.827600113365534, 1.300765740353876 ], [ 103.827397899999852, 1.300945200000585 ], [ 103.827573087140394, 1.300738952524754 ], [ 103.827477787142712, 1.300656952530851 ], [ 103.827302600000152, 1.300863199999244 ], [ 103.827412853374867, 1.300615584152602 ], [ 103.827293353383752, 1.300561684157351 ], [ 103.827183100000667, 1.300809299997897 ], [ 103.827219067964876, 1.300540382029103 ], [ 103.827089167978457, 1.300522782031327 ], [ 103.827053200000776, 1.300791700000039 ], [ 103.827057775489394, 1.300520395422012 ], [ 103.82663047553433, 1.300513095423394 ], [ 103.82662590000011, 1.300784399997713 ], [ 103.826574287250352, 1.300518075221549 ], [ 103.826433187264385, 1.300545775218932 ], [ 103.826484799999889, 1.300812100000578 ], [ 103.826387480875496, 1.300559051998128 ], [ 103.826282106201731, 1.300600104428599 ], [ 103.826245301359947, 1.300556345837664 ], [ 103.826353253397514, 1.300510865750775 ], [ 103.826451504801113, 1.30048637644137 ], [ 103.826712054531427, 1.300452970276214 ], [ 103.826880573745527, 1.300441369967865 ], [ 103.827043455510847, 1.300443603672468 ], [ 103.82713701310864, 1.300450746803657 ], [ 103.827275409530387, 1.300467059978923 ], [ 103.827384232264961, 1.300513679742612 ], [ 103.827464209390357, 1.300567340489343 ], [ 103.827588310835395, 1.300678908924173 ], [ 103.827981581126693, 1.301138756509251 ], [ 103.82826032428521, 1.301476868114633 ], [ 103.828467799982946, 1.30130360001438 ] ], [ [ 103.825814805265225, 1.300884441144539 ], [ 103.825964331632804, 1.301062218409813 ], [ 103.826170100000027, 1.300886900000393 ], [ 103.826110092616574, 1.301151436767117 ], [ 103.826157092621301, 1.301162236768506 ], [ 103.826217100000122, 1.300897699999749 ], [ 103.826238356032363, 1.301168198964981 ], [ 103.82629865603873, 1.301163398964676 ], [ 103.826277400000095, 1.300892900000814 ], [ 103.826374719126122, 1.30114594800597 ], [ 103.826559850142203, 1.301073823675697 ], [ 103.826649678838436, 1.30105618898517 ], [ 103.827032858919253, 1.301062735238864 ], [ 103.827108457524815, 1.301072978006472 ], [ 103.827156920449752, 1.301094837016697 ], [ 103.827208261214366, 1.301139012702885 ], [ 103.827638863654485, 1.301630516411754 ], [ 103.827342144814196, 1.30129737784225 ], [ 103.827141399999874, 1.301478500000701 ], [ 103.827298232550987, 1.301257793613247 ], [ 103.827205432555147, 1.301190993618871 ], [ 103.827048599999245, 1.301411700001523 ], [ 103.827126857797069, 1.301152039617012 ], [ 103.827017457807599, 1.301118639621035 ], [ 103.826939199999657, 1.301378300001245 ], [ 103.826930767496123, 1.301107089105468 ], [ 103.826816467508991, 1.301110689105275 ], [ 103.826824900000318, 1.301381900000463 ], [ 103.826734062774264, 1.301126422498353 ], [ 103.826599962785465, 1.301174722493463 ], [ 103.826678166843934, 1.301394669551626 ], [ 103.826674267816358, 1.30139760840849 ], [ 103.826568212228366, 1.301188530106676 ], [ 103.826420658455646, 1.301264349803917 ], [ 103.826362165834823, 1.301262466320353 ], [ 103.826258066821183, 1.30124270815144 ], [ 103.82611405235879, 1.301196022638088 ], [ 103.826031400003799, 1.301454299986736 ], [ 103.82610574208239, 1.301193476656343 ], [ 103.825881230928374, 1.301128653014885 ], [ 103.825803194368376, 1.301094560050631 ], [ 103.82567388616242, 1.301014553115295 ], [ 103.825814805265225, 1.300884441144539 ] ], [ [ 103.825176588053324, 1.300902005393837 ], [ 103.825177885101638, 1.300903428431422 ], [ 103.82516253362364, 1.300914900889963 ], [ 103.825159098126747, 1.300911979289433 ], [ 103.825176588053324, 1.300902005393837 ] ], [ [ 103.825129553453607, 1.300928827588507 ], [ 103.825129782267695, 1.300928697103886 ], [ 103.825136466423842, 1.300934381414751 ], [ 103.825136273702483, 1.300934525438735 ], [ 103.825129553453607, 1.300928827588507 ] ], [ [ 103.825251232799999, 1.301031980525787 ], [ 103.825251604992673, 1.301032297044714 ], [ 103.825251596641564, 1.301032303479242 ], [ 103.825251223731868, 1.301031987303068 ], [ 103.825251232799999, 1.301031980525787 ] ], [ [ 103.825278480429859, 1.30117990166232 ], [ 103.82526708108405, 1.301193081248402 ], [ 103.82525146051573, 1.301174830959367 ], [ 103.825262483314788, 1.301166338304139 ], [ 103.825278480429859, 1.30117990166232 ] ], [ [ 103.825274470167315, 1.301399733183413 ], [ 103.825275984545655, 1.301401060027074 ], [ 103.825285114570534, 1.301390504164143 ], [ 103.825371758580431, 1.301315381179727 ], [ 103.825360981194223, 1.301302789424069 ], [ 103.825387397144524, 1.301272248083613 ], [ 103.825400096088472, 1.301283015044206 ], [ 103.82531181041449, 1.301427557605093 ], [ 103.825460915048879, 1.301519813209367 ], [ 103.825452514355689, 1.301545135953078 ], [ 103.825437295267221, 1.301535936354804 ], [ 103.82526786737354, 1.30140545800559 ], [ 103.825274470167315, 1.301399733183413 ] ], [ [ 103.82567259243153, 1.301345144514454 ], [ 103.825678299999936, 1.301335800000067 ], [ 103.82567405754979, 1.30134563687592 ], [ 103.82567259243153, 1.301345144514454 ] ], [ [ 103.825003524219483, 1.301370389234463 ], [ 103.825002091099861, 1.301371688162508 ], [ 103.825001225047572, 1.301371965768869 ], [ 103.824957400000557, 1.30131650000005 ], [ 103.825003524219483, 1.301370389234463 ] ], [ [ 103.825452260482663, 1.301878467275239 ], [ 103.825452727951685, 1.301877683881571 ], [ 103.825454489071504, 1.301878275716083 ], [ 103.825454143881871, 1.301879088900816 ], [ 103.825452260482663, 1.301878467275239 ] ], [ [ 103.825565081761354, 1.302033660999192 ], [ 103.825565083075034, 1.302033657904459 ], [ 103.825574300000042, 1.3020367 ], [ 103.825565081761354, 1.302033660999192 ] ], [ [ 103.826306068544014, 1.301675135299809 ], [ 103.826332700000791, 1.30153300000034 ], [ 103.826328724728342, 1.301658058407618 ], [ 103.826306068544014, 1.301675135299809 ] ], [ [ 103.826443386389272, 1.301571633221513 ], [ 103.826444500000633, 1.301536600000316 ], [ 103.82644957355933, 1.30156696969882 ], [ 103.826443386389272, 1.301571633221513 ] ], [ [ 103.829752127410103, 1.300682336216072 ], [ 103.829745254358997, 1.300688269469652 ], [ 103.829768023539401, 1.300616194576992 ], [ 103.829967854159349, 1.300201991360389 ], [ 103.830076986033731, 1.299967372651514 ], [ 103.830187409566875, 1.299748023710964 ], [ 103.83022352996241, 1.299766936192682 ], [ 103.830253813714265, 1.299782905494675 ], [ 103.830198098510053, 1.299900181794679 ], [ 103.829967277860973, 1.300381316677244 ], [ 103.829917941315628, 1.30045906612017 ], [ 103.829889337710469, 1.300496907145076 ], [ 103.83008513216673, 1.300646829251954 ], [ 103.830084255412643, 1.300647817945823 ], [ 103.829880633509134, 1.300509109013778 ], [ 103.82979029525589, 1.300643447090938 ], [ 103.829752127410103, 1.300682336216072 ] ], [ [ 103.83000039734533, 1.300817092726145 ], [ 103.829999600000619, 1.300816300000506 ], [ 103.830000546328833, 1.300816944646556 ], [ 103.83000039734533, 1.300817092726145 ] ], [ [ 103.829972600000119, 1.300918200000276 ], [ 103.829970071626605, 1.300920863944469 ], [ 103.829970001998433, 1.300920782240442 ], [ 103.829972600000119, 1.300918200000276 ] ], [ [ 103.830261567846435, 1.300708198472882 ], [ 103.830270054107615, 1.300698613586533 ], [ 103.830284103751339, 1.300707644756915 ], [ 103.830276742587941, 1.300719817945774 ], [ 103.830261567846435, 1.300708198472882 ] ], [ [ 103.83055666956777, 1.299831612754093 ], [ 103.830556626039396, 1.299831748162778 ], [ 103.830541373777933, 1.2998244080073 ], [ 103.830541390867396, 1.299824367631953 ], [ 103.83055666956777, 1.299831612754093 ] ], [ [ 103.830441100046087, 1.300017700022118 ], [ 103.830684323324689, 1.300134751282755 ], [ 103.830759744503126, 1.299975995326784 ], [ 103.830848813423316, 1.299996530829924 ], [ 103.831065148023967, 1.300020980351832 ], [ 103.831876991522549, 1.30009466468797 ], [ 103.832440318832823, 1.300116934591298 ], [ 103.832443601343499, 1.300032822697059 ], [ 103.832445818739629, 1.300032955557173 ], [ 103.832443535786723, 1.300117042412622 ], [ 103.83253125967758, 1.300119455061399 ], [ 103.833695673405387, 1.300179145588986 ], [ 103.833925360587386, 1.300192492545394 ], [ 103.833940899999916, 1.299921600000496 ], [ 103.833932485801967, 1.30019281147428 ], [ 103.83420802460212, 1.30020147100375 ], [ 103.834286178655304, 1.300217879036796 ], [ 103.834327819647285, 1.300229094661692 ], [ 103.834379077804186, 1.300252228462477 ], [ 103.834430489591085, 1.300299032592753 ], [ 103.834583250434719, 1.300520513175392 ], [ 103.834607910864747, 1.30055443052641 ], [ 103.83466540022215, 1.300660728276941 ], [ 103.834713457260861, 1.300745806305971 ], [ 103.834852433094312, 1.30100133618634 ], [ 103.834964464631952, 1.301212575812403 ], [ 103.835440135344825, 1.300957024165424 ], [ 103.835365818426453, 1.300816896908894 ], [ 103.8353889824226, 1.300747640066855 ], [ 103.835413103121411, 1.300679858737444 ], [ 103.835433083847306, 1.300665412159674 ], [ 103.835511332898406, 1.300626774083681 ], [ 103.835559082119119, 1.300609794401863 ], [ 103.835599050135357, 1.300607052409783 ], [ 103.835689767317319, 1.300607138889276 ], [ 103.835731290366084, 1.300608691153206 ], [ 103.835797609745015, 1.300625588235371 ], [ 103.835881467169926, 1.300650656725033 ], [ 103.83596244299919, 1.300692673555627 ], [ 103.836186132798034, 1.300925833575203 ], [ 103.836338203117279, 1.301086134517234 ], [ 103.836407824756733, 1.301163764065763 ], [ 103.836542916927272, 1.301320388407532 ], [ 103.836633101582194, 1.301426384499656 ], [ 103.836596865400182, 1.301444144732365 ], [ 103.836832934623033, 1.30193205526137 ], [ 103.837001162764665, 1.301849602554709 ], [ 103.837035932109174, 1.301888115845714 ], [ 103.836452869693716, 1.302215515930819 ], [ 103.836036490346757, 1.302448292568775 ], [ 103.836000683742284, 1.302468352167796 ], [ 103.835896748496069, 1.302526460056909 ], [ 103.835786689763879, 1.302587913663301 ], [ 103.835747368687848, 1.302609703679129 ], [ 103.835677845112741, 1.302648261275311 ], [ 103.835598255522598, 1.302692263672873 ], [ 103.835026608115044, 1.303016250476325 ], [ 103.834589614200809, 1.303255163049462 ], [ 103.834718300000262, 1.303493599999747 ], [ 103.834589480785624, 1.303255236039001 ], [ 103.834490502168237, 1.30330942213433 ], [ 103.83425398310635, 1.30343599870772 ], [ 103.8342268677508, 1.303449738367159 ], [ 103.834342861635733, 1.303681627718218 ], [ 103.834342859309402, 1.303681628817927 ], [ 103.834226814624273, 1.303449765293735 ], [ 103.834119514632022, 1.303504165289391 ], [ 103.834157579132835, 1.303580220221507 ], [ 103.834157522851498, 1.303580243553233 ], [ 103.834119435643515, 1.303504205351871 ], [ 103.834018206682728, 1.30355556930549 ], [ 103.833671904637541, 1.303731026330623 ], [ 103.833141273462161, 1.304005307645183 ], [ 103.832864125929746, 1.304148449773044 ], [ 103.832467851775576, 1.304371038232944 ], [ 103.832363182423734, 1.304429789419859 ], [ 103.832194647852589, 1.30452496541258 ], [ 103.832155018044858, 1.304547269625877 ], [ 103.832193193998251, 1.304615981372368 ], [ 103.832192043719843, 1.304616665242534 ], [ 103.832153378860866, 1.304548199754322 ], [ 103.83213118809492, 1.304560894472097 ], [ 103.831895553125406, 1.304695669913809 ], [ 103.831785046948923, 1.304572764266475 ], [ 103.831723887751465, 1.304503602013256 ], [ 103.831521236353623, 1.304274551590454 ], [ 103.831412022106221, 1.304132465145319 ], [ 103.831139734837947, 1.303808589741723 ], [ 103.831072889799586, 1.303710932662304 ], [ 103.830998421813916, 1.303590094370554 ], [ 103.830885761286439, 1.303387345226403 ], [ 103.830725175800339, 1.30312102322685 ], [ 103.830587342546409, 1.303205213070922 ], [ 103.830577981064792, 1.303188809332341 ], [ 103.830698015777756, 1.303083606367241 ], [ 103.830637501316687, 1.303013663314951 ], [ 103.830593573984245, 1.302949403537363 ], [ 103.831436572072263, 1.302459877284381 ], [ 103.831564246770853, 1.30239227919494 ], [ 103.831647665685168, 1.302349688551036 ], [ 103.831604149270305, 1.302263348910232 ], [ 103.83160520076423, 1.302239091449018 ], [ 103.831665925380747, 1.30233945141977 ], [ 103.83178502538793, 1.302266451413079 ], [ 103.831644799999879, 1.302034700000467 ], [ 103.831810312273007, 1.302248889415056 ], [ 103.831912512276546, 1.302168889408594 ], [ 103.831747, 1.301954699999712 ], [ 103.831987263060014, 1.302077789152928 ], [ 103.83205336305079, 1.301947089146707 ], [ 103.8318218890021, 1.301828502693521 ], [ 103.831810115922835, 1.301816128947584 ], [ 103.831805819363453, 1.30182027005666 ], [ 103.831572836972384, 1.301700910829586 ], [ 103.83155828216303, 1.301729690154148 ], [ 103.831522105428789, 1.301728101614219 ], [ 103.831490414998711, 1.301662561904889 ], [ 103.83129276997056, 1.301759371075075 ], [ 103.831306814918193, 1.301736781872706 ], [ 103.83127061492084, 1.301713981875323 ], [ 103.831220334048538, 1.301794851149417 ], [ 103.831210900469998, 1.301799471840497 ], [ 103.831262878464841, 1.301709288860496 ], [ 103.831198478469602, 1.301671688864506 ], [ 103.831090972468346, 1.301858214157645 ], [ 103.831069166571368, 1.301868894972873 ], [ 103.831105824377531, 1.301638469160796 ], [ 103.830773224411914, 1.301584869166845 ], [ 103.83068797557857, 1.30212073083252 ], [ 103.83088655780854, 1.302152733265615 ], [ 103.830309593147248, 1.302487774694994 ], [ 103.829934155941118, 1.301836947420937 ], [ 103.829850200002895, 1.301692853502832 ], [ 103.829801855585899, 1.301580353420795 ], [ 103.829767190003196, 1.301482541169312 ], [ 103.829736682374744, 1.301353239186305 ], [ 103.829855775751355, 1.301277750705734 ], [ 103.829875696807576, 1.301427183952423 ], [ 103.830142900000141, 1.301391100000587 ], [ 103.82989081630167, 1.301487305164186 ], [ 103.829898916300294, 1.301508805164896 ], [ 103.830151000000598, 1.301412600000504 ], [ 103.829985051768858, 1.301626447402865 ], [ 103.83000375176907, 1.301641147403545 ], [ 103.830169700000198, 1.301427299999969 ], [ 103.830098195572873, 1.301688925798246 ], [ 103.830122395575742, 1.301695625798728 ], [ 103.83019389999987, 1.301434000001579 ], [ 103.830182322056231, 1.301705093323404 ], [ 103.830263222064659, 1.301708593323697 ], [ 103.830277558301248, 1.301372915312379 ], [ 103.830410103185187, 1.301355016019333 ], [ 103.830370603153867, 1.301058716022905 ], [ 103.830103400001263, 1.301094799999204 ], [ 103.830350260017482, 1.300985733024643 ], [ 103.830328060013102, 1.300934833026891 ], [ 103.830183198813131, 1.300998835185106 ], [ 103.830173645475341, 1.30098933719307 ], [ 103.830216491910548, 1.300964048535554 ], [ 103.830222866525617, 1.300968390974929 ], [ 103.830231903627791, 1.30095495229168 ], [ 103.830289498999463, 1.300920958572014 ], [ 103.830314036373224, 1.300935989214207 ], [ 103.830594363600824, 1.300472410777538 ], [ 103.830538695395802, 1.300438310598675 ], [ 103.830683877884383, 1.300135684325397 ], [ 103.830441100046087, 1.300017700022118 ] ], [ [ 103.830135327179022, 1.30090875846377 ], [ 103.830165333458538, 1.300929198984796 ], [ 103.830132593242737, 1.300948522787944 ], [ 103.830114582051536, 1.300930615939513 ], [ 103.830135327179022, 1.30090875846377 ] ], [ [ 103.830092964907919, 1.301036956162393 ], [ 103.830094180696676, 1.3010381649072 ], [ 103.8300812, 1.301043900000224 ], [ 103.830092964907919, 1.301036956162393 ] ], [ [ 103.829833013728845, 1.300983460869171 ], [ 103.829831930124797, 1.300984537899205 ], [ 103.829826399999149, 1.300975699999188 ], [ 103.829833013728845, 1.300983460869171 ] ], [ [ 103.829860277563256, 1.30102984100322 ], [ 103.829866915728076, 1.301023243110531 ], [ 103.829869748108393, 1.301026566762682 ], [ 103.829862805740035, 1.301033881376718 ], [ 103.829860277563256, 1.30102984100322 ] ], [ [ 103.831211247477597, 1.302040147077675 ], [ 103.831211272397823, 1.302040194756712 ], [ 103.831210699993392, 1.30204050000376 ], [ 103.831211247477597, 1.302040147077675 ] ], [ [ 103.829390193940725, 1.302199629432278 ], [ 103.829399675283696, 1.302197807645926 ], [ 103.82954062404518, 1.302454521845699 ], [ 103.829758518493065, 1.30285152539836 ], [ 103.829673362187194, 1.302897359882343 ], [ 103.829905421815269, 1.303334107568664 ], [ 103.83000548663405, 1.303524159410751 ], [ 103.830034793621195, 1.303619725705685 ], [ 103.830150016540557, 1.303583931582755 ], [ 103.830160066362225, 1.303623228978003 ], [ 103.830167825693849, 1.303662971325006 ], [ 103.830153806398243, 1.30366509559859 ], [ 103.830157801979183, 1.303691807337664 ], [ 103.830113094475109, 1.303742330655962 ], [ 103.83016210047964, 1.303786258934277 ], [ 103.830162041253772, 1.303787673172601 ], [ 103.830163759510611, 1.30378774606477 ], [ 103.830168663237401, 1.303792141695266 ], [ 103.830165968628961, 1.30380292012195 ], [ 103.830160202827926, 1.303822838338208 ], [ 103.830087269741227, 1.303882627571475 ], [ 103.829997793129721, 1.303923123090544 ], [ 103.829991682998326, 1.303920171938462 ], [ 103.829324265666997, 1.302408606224067 ], [ 103.829077899999234, 1.302518800000276 ], [ 103.829245609547527, 1.302306349023716 ], [ 103.829241143204555, 1.302302777464652 ], [ 103.829309065503907, 1.302261332656475 ], [ 103.82917015538213, 1.30203072006948 ], [ 103.829170329061313, 1.302030616103088 ], [ 103.829336026949619, 1.302242532967087 ], [ 103.829390193940725, 1.302199629432278 ] ], [ [ 103.828408349015362, 1.302198082703735 ], [ 103.828325389236937, 1.302250108626696 ], [ 103.828294799999966, 1.302012900000422 ], [ 103.828408349015362, 1.302198082703735 ] ], [ [ 103.82821500000037, 1.301985899999979 ], [ 103.828024981893179, 1.302178387204325 ], [ 103.828040781893705, 1.302194187205872 ], [ 103.828230800000028, 1.302001700000351 ], [ 103.828107013662887, 1.30224275023163 ], [ 103.82812681366461, 1.302253050232596 ], [ 103.828250600000374, 1.302012000000352 ], [ 103.828204999388618, 1.302279433999258 ], [ 103.82822699939021, 1.302283233999626 ], [ 103.828272599999721, 1.30201579999851 ], [ 103.828304504245224, 1.30226320606772 ], [ 103.82820432223474, 1.302326032426077 ], [ 103.828105261452436, 1.302357153759344 ], [ 103.828104603500506, 1.302357070939861 ], [ 103.828064398645111, 1.302343360339139 ], [ 103.828058149949356, 1.302252801024159 ], [ 103.827842951870281, 1.302267842871989 ], [ 103.82783991514529, 1.302266807291689 ], [ 103.827839484943951, 1.302268085201592 ], [ 103.827830284948533, 1.302268728259819 ], [ 103.827831667214866, 1.302264142484076 ], [ 103.827810019338699, 1.302257532489407 ], [ 103.828013034207046, 1.30212035646569 ], [ 103.828001774098354, 1.302103475431236 ], [ 103.82821500000037, 1.301985899999979 ] ], [ [ 103.82831760000019, 1.302574700000912 ], [ 103.828439795514683, 1.302772083040682 ], [ 103.828433700000048, 1.303022600001903 ], [ 103.828395329307298, 1.302834535622201 ], [ 103.828397930498056, 1.30283371842161 ], [ 103.828389840115179, 1.302807631716913 ], [ 103.828379469489406, 1.30275680267526 ], [ 103.828374401158754, 1.302757850200899 ], [ 103.82831760000019, 1.302574700000912 ] ], [ [ 103.828348416472224, 1.302849273948474 ], [ 103.828385799999666, 1.303032499998863 ], [ 103.828320529227398, 1.302858035117409 ], [ 103.828348416472224, 1.302849273948474 ] ], [ [ 103.828178863352477, 1.302791900386152 ], [ 103.828112240347394, 1.302775014324272 ], [ 103.828129799999687, 1.302633700001586 ], [ 103.828178863352477, 1.302791900386152 ] ], [ [ 103.827882649229323, 1.301940076182584 ], [ 103.827665799997618, 1.302086600001963 ], [ 103.827870740082943, 1.301918198010666 ], [ 103.827882649229323, 1.301940076182584 ] ], [ [ 103.827857492503483, 1.30189386101442 ], [ 103.827706485840721, 1.301707702562501 ], [ 103.827837662948852, 1.30185743233901 ], [ 103.827857492503483, 1.30189386101442 ] ], [ [ 103.82769858542089, 1.301698684768955 ], [ 103.827490100000261, 1.30187000000016 ], [ 103.827690369412949, 1.301689306751709 ], [ 103.82769858542089, 1.301698684768955 ] ], [ [ 103.827285200029635, 1.302046457041646 ], [ 103.827338237589245, 1.302111840862752 ], [ 103.827315736706069, 1.302104622370782 ], [ 103.827255081305864, 1.302059240265344 ], [ 103.827073128785813, 1.301830303462701 ], [ 103.826862600298085, 1.301999799759622 ], [ 103.827073004960312, 1.301830147779612 ], [ 103.827011106044736, 1.301752382378009 ], [ 103.826952057667043, 1.301675804958403 ], [ 103.826960448384824, 1.301681844828808 ], [ 103.827285200029635, 1.302046457041646 ] ], [ [ 103.826700699999734, 1.30179240000038 ], [ 103.826669350663693, 1.30181688738979 ], [ 103.826668845968939, 1.301816409690307 ], [ 103.826700699999734, 1.30179240000038 ] ], [ [ 103.826788066221667, 1.301929252967799 ], [ 103.826799399985831, 1.301920400011352 ], [ 103.826788229159035, 1.301929407190455 ], [ 103.826788066221667, 1.301929252967799 ] ], [ [ 103.827066300001277, 1.302256099999614 ], [ 103.826905459270435, 1.302473864762643 ], [ 103.827030159274955, 1.302567164770066 ], [ 103.827190999999274, 1.30234940000188 ], [ 103.827109125588819, 1.30260792825226 ], [ 103.827282125604555, 1.302663428258553 ], [ 103.827364000006412, 1.302404899979948 ], [ 103.827285732732804, 1.302664557500539 ], [ 103.827386117978335, 1.302695209294112 ], [ 103.827356155690595, 1.30271366743722 ], [ 103.827496899999417, 1.302945099999143 ], [ 103.827284850601657, 1.302777534542111 ], [ 103.827266050600485, 1.302801634540986 ], [ 103.827478099999908, 1.302969200000486 ], [ 103.827214827767335, 1.30291076618769 ], [ 103.82715312773891, 1.303192366181317 ], [ 103.827416400000118, 1.3032508000006 ], [ 103.82714870515413, 1.303282983158116 ], [ 103.827154105149361, 1.303328483158652 ], [ 103.82742180000011, 1.303296299999689 ], [ 103.827220139780422, 1.303476389281873 ], [ 103.827240239779982, 1.303499189283834 ], [ 103.827441900000068, 1.303319100000065 ], [ 103.827309006619501, 1.303555187405928 ], [ 103.827356006622708, 1.303581987408224 ], [ 103.827488900001228, 1.303345899997189 ], [ 103.827395156011931, 1.30360031159846 ], [ 103.827450747729301, 1.303621061833225 ], [ 103.827348486866626, 1.303967153858156 ], [ 103.827606899999907, 1.304044500000395 ], [ 103.827400932141941, 1.304075335482227 ], [ 103.82738936132634, 1.304069687543036 ], [ 103.827288459062075, 1.303999128784587 ], [ 103.827054068198478, 1.303813685102979 ], [ 103.826829769707643, 1.303621806191939 ], [ 103.826879353982804, 1.303563180452599 ], [ 103.826551093249435, 1.303281937901678 ], [ 103.82661429692368, 1.303087784772141 ], [ 103.826358099977455, 1.303003299992672 ], [ 103.826616214867727, 1.303081648187503 ], [ 103.826658614854026, 1.302940148183162 ], [ 103.826589360369127, 1.302919126679555 ], [ 103.826589366588962, 1.302919086853156 ], [ 103.826658630508632, 1.302940095922677 ], [ 103.826709309661226, 1.302770842970341 ], [ 103.826794989234543, 1.302524672627778 ], [ 103.826841770580984, 1.302436938904215 ], [ 103.82685219206877, 1.302421093218576 ], [ 103.826855771178415, 1.302425596536673 ], [ 103.827066300001277, 1.302256099999614 ] ], [ [ 103.82660149118648, 1.302079976376945 ], [ 103.826593062008754, 1.302086772928731 ], [ 103.826589791539291, 1.302084127987559 ], [ 103.826598604482541, 1.302077244080603 ], [ 103.82660149118648, 1.302079976376945 ] ], [ [ 103.826097987404765, 1.302930843660397 ], [ 103.826096866168527, 1.302934287946679 ], [ 103.826092094235733, 1.302930843660542 ], [ 103.826097987404765, 1.302930843660397 ] ], [ [ 103.826036398209652, 1.302930843657996 ], [ 103.82600882491414, 1.30296954181372 ], [ 103.825993634210448, 1.302959595520227 ], [ 103.826010243391622, 1.302930843656691 ], [ 103.826036398209652, 1.302930843657996 ] ], [ [ 103.823045986850076, 1.302324488267294 ], [ 103.82304596727154, 1.302324516395671 ], [ 103.823042925823529, 1.302321585062931 ], [ 103.823042931827644, 1.302321578144565 ], [ 103.823045986850076, 1.302324488267294 ] ], [ [ 103.82382997496461, 1.303082184605485 ], [ 103.823830185792914, 1.303082015290209 ], [ 103.82387469875782, 1.303051749308284 ], [ 103.8238812194719, 1.303048079557242 ], [ 103.823861786645608, 1.303160624489475 ], [ 103.823888354418969, 1.303389962601212 ], [ 103.824025811529438, 1.303494537823811 ], [ 103.824109109630626, 1.303536186876253 ], [ 103.824108762836985, 1.303541542612648 ], [ 103.824035262225323, 1.303530680383502 ], [ 103.824024386709695, 1.303605227047454 ], [ 103.824007316580548, 1.303717274499874 ], [ 103.824091583015488, 1.303730279061461 ], [ 103.824086058308865, 1.303793558679841 ], [ 103.823863981206813, 1.303759896464804 ], [ 103.823863333917885, 1.303759767979252 ], [ 103.823868316548328, 1.303578674423724 ], [ 103.823847698067041, 1.30333592930427 ], [ 103.823833193347042, 1.30314989922723 ], [ 103.82382997496461, 1.303082184605485 ] ], [ [ 103.824490008028349, 1.303248567415948 ], [ 103.824672588698306, 1.303265288054226 ], [ 103.824686086949555, 1.30311597900855 ], [ 103.825170332179013, 1.303208464198234 ], [ 103.825389240938108, 1.303273532419454 ], [ 103.82541600591918, 1.303182317113173 ], [ 103.825416095272303, 1.303182349981689 ], [ 103.825389381141719, 1.303273574051427 ], [ 103.825470418844873, 1.303297613538388 ], [ 103.825613385052947, 1.303358040909849 ], [ 103.825636726050433, 1.303373323706337 ], [ 103.825603566526738, 1.303438965535484 ], [ 103.825615575516252, 1.303394946682713 ], [ 103.825095624498644, 1.303251253290686 ], [ 103.824933303350377, 1.303846239550787 ], [ 103.824929265563142, 1.303844675725049 ], [ 103.824844710863289, 1.303811893288516 ], [ 103.824801657352225, 1.30392438262298 ], [ 103.824776261365599, 1.303909662467705 ], [ 103.824796661521304, 1.303798250024686 ], [ 103.824635461537483, 1.303768350028119 ], [ 103.824624129382258, 1.303830238901761 ], [ 103.824636982276701, 1.303683022349593 ], [ 103.824644470007954, 1.303610089825689 ], [ 103.8244018722595, 1.303584859529633 ], [ 103.824389922435969, 1.303583093536587 ], [ 103.824645327175347, 1.303599846289726 ], [ 103.824658341274358, 1.303398861305635 ], [ 103.824665040911981, 1.303330054140847 ], [ 103.824671812093555, 1.303272737465117 ], [ 103.824488373320733, 1.30325078510431 ], [ 103.824490008028349, 1.303248567415948 ] ], [ [ 103.824422390729609, 1.303242375056581 ], [ 103.824423645467903, 1.303243039033 ], [ 103.824404100015428, 1.303240700002035 ], [ 103.824422390729609, 1.303242375056581 ] ], [ [ 103.824363392093801, 1.303656658374895 ], [ 103.82436860000243, 1.303657200000434 ], [ 103.824364414827571, 1.303656829861495 ], [ 103.824363389788985, 1.303656671670858 ], [ 103.824363392093801, 1.303656658374895 ] ], [ [ 103.824269509637404, 1.303987654930614 ], [ 103.824269531879125, 1.303987656507003 ], [ 103.824269547572001, 1.303987721072373 ], [ 103.824269525356343, 1.303987719516785 ], [ 103.824269509637404, 1.303987654930614 ] ], [ [ 103.824281766069987, 1.304038014421888 ], [ 103.824281771679622, 1.304038014815307 ], [ 103.824285900336491, 1.30405500138425 ], [ 103.824281766069987, 1.304038014421888 ] ], [ [ 103.824326472512922, 1.303991692353603 ], [ 103.824329351153892, 1.303991896385943 ], [ 103.824329353261859, 1.303991907683275 ], [ 103.824326475892306, 1.303991706257319 ], [ 103.824326472512922, 1.303991692353603 ] ], [ [ 103.825158624323038, 1.3047137484264 ], [ 103.825188247972733, 1.304708458489355 ], [ 103.825263509075469, 1.304757868351161 ], [ 103.825323638628078, 1.304665089089148 ], [ 103.825345016071367, 1.304649619983844 ], [ 103.825279739046408, 1.304767722836707 ], [ 103.825309189700391, 1.304784212085645 ], [ 103.825306757340655, 1.304789628923401 ], [ 103.825158624323038, 1.3047137484264 ] ], [ [ 103.825366694708251, 1.304610397775954 ], [ 103.825362704149029, 1.304604811398107 ], [ 103.825374767512386, 1.304586197754901 ], [ 103.825377996963439, 1.304589949100051 ], [ 103.825366694708251, 1.304610397775954 ] ], [ [ 103.825646409273673, 1.304058996609265 ], [ 103.825637373684998, 1.304029029993753 ], [ 103.825637383424507, 1.304028977202394 ], [ 103.825646428776764, 1.30405895624843 ], [ 103.825646409273673, 1.304058996609265 ] ], [ [ 103.825730545688387, 1.303875840070177 ], [ 103.825728312130977, 1.303868437382876 ], [ 103.825728318893439, 1.303868435677264 ], [ 103.825730555084547, 1.303875818983132 ], [ 103.825730545688387, 1.303875840070177 ] ], [ [ 103.825918124101378, 1.303573400818594 ], [ 103.825866511766662, 1.303551891087039 ], [ 103.825853263896406, 1.303584092204918 ], [ 103.825805568318259, 1.303540416944648 ], [ 103.825771436829413, 1.303534038273819 ], [ 103.825811919756703, 1.303495763283113 ], [ 103.825871814901731, 1.30353954785317 ], [ 103.825868551692949, 1.303547065190189 ], [ 103.825902548175691, 1.303562014500701 ], [ 103.825918124101378, 1.303573400818594 ] ], [ [ 103.82568924532211, 1.303878289929975 ], [ 103.825708273231413, 1.303873491141001 ], [ 103.825696118187409, 1.303901558937171 ], [ 103.825672498440753, 1.303917353500641 ], [ 103.825642434551654, 1.303919566575279 ], [ 103.825620116642156, 1.303908412338327 ], [ 103.82568924532211, 1.303878289929975 ] ], [ [ 103.825606852186468, 1.303927787395486 ], [ 103.825617803802942, 1.303964084385006 ], [ 103.825617799006423, 1.303964110386383 ], [ 103.82560684817085, 1.30392779183681 ], [ 103.825606852186468, 1.303927787395486 ] ], [ [ 103.825510944161238, 1.303955983588298 ], [ 103.825514501328087, 1.303967780967247 ], [ 103.825502533052898, 1.303959648678355 ], [ 103.825510944161238, 1.303955983588298 ] ], [ [ 103.826310926546796, 1.303890185575164 ], [ 103.826712731773128, 1.304233914885035 ], [ 103.826839013836121, 1.304333825838828 ], [ 103.82683189980456, 1.304610933141308 ], [ 103.827021860378863, 1.304784457427773 ], [ 103.827312469737862, 1.304928938316838 ], [ 103.827397241834163, 1.30494914013192 ], [ 103.827814720817017, 1.305176816357966 ], [ 103.827779861237957, 1.305296664121413 ], [ 103.828038600000355, 1.305372900000608 ], [ 103.827924250955022, 1.305481073188612 ], [ 103.827920546622224, 1.305466467826287 ], [ 103.827252514420536, 1.305106994707861 ], [ 103.827314691053928, 1.304984231966014 ], [ 103.826834308969666, 1.304737768011244 ], [ 103.826772033417399, 1.304860726014193 ], [ 103.826773522768534, 1.304837816252033 ], [ 103.826663671135222, 1.304830582075152 ], [ 103.826727666231491, 1.304723924107554 ], [ 103.826640466236825, 1.304670924112294 ], [ 103.826617036366443, 1.304709973702374 ], [ 103.826602450410007, 1.304663019007588 ], [ 103.826536350416276, 1.304683819004879 ], [ 103.826569227248058, 1.3047896551667 ], [ 103.826555972236804, 1.304811746740677 ], [ 103.826502693847246, 1.3046969585762 ], [ 103.82647419384962, 1.304710358574861 ], [ 103.826525780267431, 1.304821501394708 ], [ 103.826516521346306, 1.304820891655799 ], [ 103.82633595919728, 1.304722987907961 ], [ 103.826379642798599, 1.304642584271509 ], [ 103.82614310000038, 1.304512400000049 ], [ 103.826387377833157, 1.304627206186996 ], [ 103.826452377821923, 1.304487106180297 ], [ 103.826208099997842, 1.304372299999628 ], [ 103.826461815657211, 1.304464057371436 ], [ 103.826481915652394, 1.304407757369338 ], [ 103.826228199998809, 1.304315999999555 ], [ 103.826489778489602, 1.304381689421994 ], [ 103.82650457848419, 1.304321989420504 ], [ 103.826243, 1.304256300000517 ], [ 103.826508307694482, 1.304208084864807 ], [ 103.826502907690895, 1.304177984864894 ], [ 103.826237600000439, 1.30422620000006 ], [ 103.826469641407357, 1.304088052937239 ], [ 103.826456241406433, 1.30406525293859 ], [ 103.826167283491856, 1.304237285534523 ], [ 103.826160644506643, 1.304235618305482 ], [ 103.826165547187486, 1.304225471979023 ], [ 103.825936008514546, 1.304113118403257 ], [ 103.825936164462107, 1.304112697139758 ], [ 103.826169091545523, 1.304217837579677 ], [ 103.826259191530411, 1.304015637570573 ], [ 103.826013200000631, 1.303904600000383 ], [ 103.826262288274052, 1.304008408898597 ], [ 103.826310926546796, 1.303890185575164 ] ], [ [ 103.825703951526663, 1.304455805665389 ], [ 103.825703361060178, 1.304456725105919 ], [ 103.825703287538502, 1.304456691262556 ], [ 103.825703878675299, 1.304455770006064 ], [ 103.825703951526663, 1.304455805665389 ] ], [ [ 103.825673683928258, 1.304440990411304 ], [ 103.82567265660883, 1.304442591437654 ], [ 103.825660417033234, 1.304436957398478 ], [ 103.825661487540529, 1.304435020575299 ], [ 103.825673683928258, 1.304440990411304 ] ], [ [ 103.823885498439921, 1.305580629671406 ], [ 103.823884370773015, 1.30561417426045 ], [ 103.823864086052694, 1.305579711107557 ], [ 103.823885498439921, 1.305580629671406 ] ], [ [ 103.82384112029996, 1.305578725905836 ], [ 103.823682958775194, 1.305673027810285 ], [ 103.823730433793358, 1.305594346756966 ], [ 103.823690499481557, 1.305569937934219 ], [ 103.823773793782564, 1.3055758376815 ], [ 103.82384112029996, 1.305578725905836 ] ], [ [ 103.823431200000101, 1.305551800000726 ], [ 103.823602157509356, 1.30576161234186 ], [ 103.823621057509769, 1.305746012340552 ], [ 103.82346758173243, 1.305557654942347 ], [ 103.823473581852895, 1.305558731576996 ], [ 103.823474889083286, 1.305551351694491 ], [ 103.823678402809804, 1.305675744250262 ], [ 103.823629090894428, 1.305705145882351 ], [ 103.823766499999778, 1.305938600000221 ], [ 103.823576347813628, 1.305782907147889 ], [ 103.82360211699195, 1.305761645777876 ], [ 103.823431200000101, 1.305551800000726 ] ], [ [ 103.825557227538866, 1.305502964385055 ], [ 103.825599760865956, 1.305419873302942 ], [ 103.825724883588194, 1.305175328859082 ], [ 103.825485200003314, 1.305051100001474 ], [ 103.825730873189741, 1.305162849484715 ], [ 103.825752328583434, 1.305115068551182 ], [ 103.8257538770727, 1.305120410840177 ], [ 103.825807267235874, 1.305200496095664 ], [ 103.825888001958546, 1.305260396053626 ], [ 103.825983032638064, 1.305289932616599 ], [ 103.826083246225068, 1.30528602819151 ], [ 103.826171751143903, 1.305250380376656 ], [ 103.82627687795646, 1.30530738185218 ], [ 103.82636798950378, 1.305357340270588 ], [ 103.826369799056948, 1.305383759785346 ], [ 103.826404269946977, 1.305469298681806 ], [ 103.826461501095267, 1.305538971391909 ], [ 103.826537792462474, 1.305588998519431 ], [ 103.826627715703282, 1.305613406255834 ], [ 103.826639314146007, 1.305612770724708 ], [ 103.826697570666653, 1.305671784070006 ], [ 103.826911505203981, 1.30605483514622 ], [ 103.826951805206448, 1.306032035144214 ], [ 103.826819700000655, 1.305795500001388 ], [ 103.82700971853555, 1.305987987054013 ], [ 103.827039218535703, 1.3059584870523 ], [ 103.826849199999856, 1.305766 ], [ 103.8270395938966, 1.305958110953267 ], [ 103.827064993896556, 1.305932610951641 ], [ 103.826931920757076, 1.30579833770515 ], [ 103.827391725193934, 1.30605796043391 ], [ 103.827452310369509, 1.305949267210311 ], [ 103.827591275009794, 1.306029480886366 ], [ 103.827717999549947, 1.3058070873244 ], [ 103.827718003100998, 1.305807088989344 ], [ 103.82759133639486, 1.306029516308665 ], [ 103.827743369038387, 1.306117219767949 ], [ 103.827995980165937, 1.306263428883579 ], [ 103.828004636995573, 1.306358074234894 ], [ 103.828273099996167, 1.306333200000268 ], [ 103.828011296250267, 1.306397974859072 ], [ 103.828049975911412, 1.306556339241449 ], [ 103.828051052774157, 1.306568147606638 ], [ 103.82805661351, 1.306627925588557 ], [ 103.828018248353217, 1.306616676285861 ], [ 103.827902660400923, 1.306636947308779 ], [ 103.82787398807605, 1.306642056472989 ], [ 103.827683630602962, 1.306662302315435 ], [ 103.827658253283687, 1.306649057137031 ], [ 103.827723317832024, 1.30653708996975 ], [ 103.827257882192924, 1.306263110008167 ], [ 103.827157349507701, 1.30643611291717 ], [ 103.827096948594388, 1.306387745903108 ], [ 103.826956126502793, 1.306310849631015 ], [ 103.826857589944467, 1.306285008632378 ], [ 103.826733297059988, 1.306283740336934 ], [ 103.826728136033935, 1.306285758078616 ], [ 103.826301139706587, 1.305965359083884 ], [ 103.82624741407183, 1.306037889467228 ], [ 103.826247269758952, 1.306037860171732 ], [ 103.826300979530117, 1.305965238987411 ], [ 103.826285852833593, 1.30595390612487 ], [ 103.826401010732539, 1.305889677029831 ], [ 103.826345695863225, 1.305789213279616 ], [ 103.826096215704808, 1.305646925260431 ], [ 103.825806623635401, 1.305481883932431 ], [ 103.825630275698771, 1.305536951692394 ], [ 103.825622123216434, 1.305542504193721 ], [ 103.825557227538866, 1.305502964385055 ] ], [ [ 103.82673338407028, 1.304937035993976 ], [ 103.826678693527384, 1.304908458646018 ], [ 103.826677059984121, 1.304903199993908 ], [ 103.826750521272515, 1.304903199987669 ], [ 103.82673338407028, 1.304937035993976 ] ], [ [ 103.826991399999983, 1.305387000000284 ], [ 103.826990474600478, 1.305388592000959 ], [ 103.826990472783635, 1.305388590995301 ], [ 103.826991399999983, 1.305387000000284 ] ], [ [ 103.827024501110714, 1.3054663006147 ], [ 103.827025149159837, 1.305466659348895 ], [ 103.827025149100535, 1.305466659461037 ], [ 103.827024501110714, 1.3054663006147 ] ], [ [ 103.826932540771168, 1.305772586630255 ], [ 103.826923130859711, 1.305789468536759 ], [ 103.826874599999783, 1.305740500000337 ], [ 103.826932540771168, 1.305772586630255 ] ], [ [ 103.828220624433413, 1.305200706460507 ], [ 103.828056043489767, 1.305152213651213 ], [ 103.828263243140967, 1.305015602346146 ], [ 103.828279540911794, 1.304913307768927 ], [ 103.828336681606856, 1.30491871031743 ], [ 103.82860149484884, 1.304927802169333 ], [ 103.828849199165475, 1.304930037575357 ], [ 103.829087618129364, 1.30491148528947 ], [ 103.829088794468447, 1.304911296056758 ], [ 103.829054851230225, 1.305032745664476 ], [ 103.828999491096425, 1.30518657215778 ], [ 103.828953792340926, 1.305217122151046 ], [ 103.828840446989105, 1.30539551446389 ], [ 103.828865045612204, 1.305573239656666 ], [ 103.828908461000381, 1.305652576124558 ], [ 103.828958060761423, 1.30573518765818 ], [ 103.829090118270983, 1.305869386645735 ], [ 103.829164084657663, 1.305861614818723 ], [ 103.828961962390224, 1.305962450977251 ], [ 103.828880762082832, 1.306114701526857 ], [ 103.828893191163203, 1.306256393216288 ], [ 103.828921255379583, 1.306309199047192 ], [ 103.828752605938362, 1.306401330434372 ], [ 103.828650214956824, 1.30645646403945 ], [ 103.828610601324755, 1.306475234289516 ], [ 103.828568407940622, 1.306405599742164 ], [ 103.828539715304913, 1.306288124884334 ], [ 103.828527237804295, 1.306151708359104 ], [ 103.828559087609591, 1.306081482806669 ], [ 103.828617554129693, 1.306013236807601 ], [ 103.82892674553726, 1.305823316445795 ], [ 103.828645854488656, 1.30536008354593 ], [ 103.828487472946819, 1.305457369174183 ], [ 103.82834066854403, 1.305300167350567 ], [ 103.828357838758009, 1.305241135845916 ], [ 103.828258096825152, 1.3052117474786 ], [ 103.828235045854811, 1.305187063918732 ], [ 103.828220624433413, 1.305200706460507 ] ], [ [ 103.829124896088018, 1.306815425758226 ], [ 103.829409045458036, 1.306660197954013 ], [ 103.829999870920773, 1.306356432920242 ], [ 103.830025955205457, 1.306343124611679 ], [ 103.830038608210785, 1.306336406201213 ], [ 103.830186118898069, 1.306259015380206 ], [ 103.830128436452, 1.306147641558934 ], [ 103.830129157607587, 1.306147258954783 ], [ 103.830187462772486, 1.306258305472749 ], [ 103.830236806610202, 1.306232060841156 ], [ 103.830269013090586, 1.306215227846519 ], [ 103.830394578857394, 1.306149645724364 ], [ 103.830336602660921, 1.306037200511033 ], [ 103.830339204167728, 1.306035820300695 ], [ 103.830399448583648, 1.306147038315361 ], [ 103.830604011437885, 1.306034791512075 ], [ 103.830741443449156, 1.305961993365725 ], [ 103.830803049635989, 1.305930817929072 ], [ 103.830835818942518, 1.305988640230357 ], [ 103.831304181032237, 1.305719759747299 ], [ 103.831283445843553, 1.305683171974555 ], [ 103.831548917884277, 1.305532211046075 ], [ 103.831645918345174, 1.305478902012157 ], [ 103.83164599535688, 1.305478991079476 ], [ 103.831710762708056, 1.305553953298062 ], [ 103.831731272088092, 1.305577664208901 ], [ 103.831749842670519, 1.305599177673849 ], [ 103.831843614582624, 1.305706919510476 ], [ 103.831940042212324, 1.305844345298665 ], [ 103.832042180138799, 1.30605847080108 ], [ 103.831975351074846, 1.306095110501531 ], [ 103.831636366228523, 1.306273492382857 ], [ 103.831507766352061, 1.306338185590941 ], [ 103.831626863045003, 1.306578006454155 ], [ 103.831626822570826, 1.306578025708053 ], [ 103.831504421284919, 1.306339897742703 ], [ 103.831293152829019, 1.306449903534862 ], [ 103.831287195760666, 1.306437535528024 ], [ 103.831044600000112, 1.306555900000068 ], [ 103.831284415249243, 1.306431928542938 ], [ 103.831248425842091, 1.306361404839947 ], [ 103.831233397262963, 1.306330600925674 ], [ 103.830749402714048, 1.306569799051271 ], [ 103.830765502711614, 1.306602799052895 ], [ 103.831007499980146, 1.306483200010325 ], [ 103.830767684732393, 1.306607171429921 ], [ 103.830803362305517, 1.306677084099897 ], [ 103.830917504198652, 1.306914064459281 ], [ 103.831159842294213, 1.306795825737221 ], [ 103.831159844247665, 1.306795829537363 ], [ 103.830919276634901, 1.306917675837247 ], [ 103.830930189335632, 1.30693950124318 ], [ 103.830941950283886, 1.306963602054199 ], [ 103.830713526274522, 1.30706987634765 ], [ 103.830367822485755, 1.307245631568281 ], [ 103.830314342558836, 1.30727754854022 ], [ 103.830166554447288, 1.307219065545868 ], [ 103.83002591612258, 1.30722562072185 ], [ 103.829855589804083, 1.30731514041318 ], [ 103.829850079997627, 1.307303842924603 ], [ 103.830010574515399, 1.307216724526928 ], [ 103.829754625508372, 1.306739075465955 ], [ 103.82950002552586, 1.30687727545365 ], [ 103.829628001507047, 1.30711610281248 ], [ 103.829500009586525, 1.306877284106588 ], [ 103.829364809594978, 1.306950684099122 ], [ 103.829492800000452, 1.307189500000109 ], [ 103.829364699638731, 1.306950743827717 ], [ 103.829223061624248, 1.307027724321577 ], [ 103.829196487609494, 1.306967209251236 ], [ 103.829126671676534, 1.306998265810469 ], [ 103.829124154658842, 1.306993508879293 ], [ 103.829193376662403, 1.306960382068159 ], [ 103.829124896088018, 1.306815425758226 ] ], [ [ 103.830729528932352, 1.305361412670317 ], [ 103.830709896762414, 1.305328426063513 ], [ 103.830670828784505, 1.305257263131632 ], [ 103.830625471121991, 1.305175953613039 ], [ 103.830741011482132, 1.305113150074721 ], [ 103.830612900008248, 1.304874400015259 ], [ 103.830744038033046, 1.305111479676345 ], [ 103.830965338047278, 1.304987479664587 ], [ 103.830703061977346, 1.304513320327983 ], [ 103.830483269968781, 1.304636475359012 ], [ 103.830371029515447, 1.304697485185181 ], [ 103.830341128399169, 1.304638696558803 ], [ 103.830336818436479, 1.304629669226126 ], [ 103.830323491470892, 1.304564799968149 ], [ 103.830321372565024, 1.304538294419712 ], [ 103.830324378622052, 1.304510423417773 ], [ 103.830329505076392, 1.304491704798744 ], [ 103.830330153943976, 1.304489332237439 ], [ 103.830334216444129, 1.304482297329856 ], [ 103.83041323018486, 1.304445177119365 ], [ 103.830300922683278, 1.304203014530255 ], [ 103.830302911118807, 1.304205471609451 ], [ 103.830438790366372, 1.304431439499146 ], [ 103.830606568737551, 1.30432924005222 ], [ 103.83065213015216, 1.304384318743044 ], [ 103.830770815182959, 1.304500621005279 ], [ 103.830903521342734, 1.304620338911067 ], [ 103.831044933823264, 1.304783835507247 ], [ 103.831194810956703, 1.304957209071656 ], [ 103.831283535920889, 1.305059805508666 ], [ 103.830955666447863, 1.305246248777852 ], [ 103.830798155067654, 1.305327822286743 ], [ 103.830729528932352, 1.305361412670317 ] ], [ [ 103.831001011395571, 1.305740642269731 ], [ 103.831004600000085, 1.305738799999764 ], [ 103.831001093819125, 1.305740812851994 ], [ 103.831001011395571, 1.305740642269731 ] ], [ [ 103.832765438924596, 1.304825363545616 ], [ 103.833118674094251, 1.304626950220254 ], [ 103.833194652778829, 1.30458770848534 ], [ 103.83346594915615, 1.305095290844491 ], [ 103.833661884307801, 1.30505583169146 ], [ 103.833648234530344, 1.305072946954683 ], [ 103.833614114429494, 1.305115646958996 ], [ 103.833824200000024, 1.305285699999881 ], [ 103.83356896149057, 1.305198325360646 ], [ 103.833528397523963, 1.305318360094137 ], [ 103.833412400000654, 1.305412300000093 ], [ 103.833530315388757, 1.305168286262486 ], [ 103.833487415391588, 1.305147286264499 ], [ 103.833369499999421, 1.305391300000122 ], [ 103.833384358695639, 1.305120368776639 ], [ 103.833339358700471, 1.30511786877742 ], [ 103.833324500000344, 1.305388800000642 ], [ 103.833278960363131, 1.305121355471989 ], [ 103.833233160368053, 1.30512925547121 ], [ 103.833278699999653, 1.305396699999776 ], [ 103.833171113484312, 1.305147898584949 ], [ 103.832548942714126, 1.305420432285219 ], [ 103.832533797052307, 1.305423276169368 ], [ 103.832540602291118, 1.305414176138565 ], [ 103.832525016066569, 1.305402368929899 ], [ 103.832525018506132, 1.305402368223591 ], [ 103.832540603605707, 1.305414174380481 ], [ 103.832556182421101, 1.305393341888146 ], [ 103.832562683355661, 1.305391458953885 ], [ 103.832561274704261, 1.305386532324206 ], [ 103.832591903602889, 1.305345574375905 ], [ 103.83253785753962, 1.305304632944337 ], [ 103.83252408334333, 1.305256458957278 ], [ 103.832488043662494, 1.30526689751234 ], [ 103.832481622030826, 1.305262032942943 ], [ 103.832521874386799, 1.305249124684026 ], [ 103.832514212302144, 1.305224921286698 ], [ 103.832634241982717, 1.305261982720277 ], [ 103.832677341969585, 1.305120582716229 ], [ 103.832505757976449, 1.305067602910841 ], [ 103.832505770497704, 1.305067580544999 ], [ 103.832677363820466, 1.305120510993779 ], [ 103.832715035066983, 1.304996799309647 ], [ 103.832781693822056, 1.304832024820687 ], [ 103.832765438924596, 1.304825363545616 ] ], [ [ 103.834787191171117, 1.303764771728458 ], [ 103.834847052482544, 1.303732000498803 ], [ 103.835287591909932, 1.303491149515775 ], [ 103.835792161453028, 1.303205179748821 ], [ 103.8357932186657, 1.303207402407812 ], [ 103.835840046155866, 1.303322192802979 ], [ 103.835900101428862, 1.30345836912708 ], [ 103.835875429205558, 1.303555993685766 ], [ 103.83587872970746, 1.303722796867695 ], [ 103.835917494999748, 1.303796652694315 ], [ 103.835916828562077, 1.303799972838756 ], [ 103.835904892007477, 1.303944599269959 ], [ 103.836102247090338, 1.30433533591915 ], [ 103.836243505845061, 1.304441405665777 ], [ 103.836337896737959, 1.30447332733523 ], [ 103.836361100445288, 1.304526985918782 ], [ 103.836411573281495, 1.304504876263814 ], [ 103.83642801501982, 1.304512570998599 ], [ 103.83636884711477, 1.30454337860968 ], [ 103.836491661180929, 1.304782314994367 ], [ 103.836557999323645, 1.304922189288445 ], [ 103.836687791814711, 1.30485983290205 ], [ 103.836693313679959, 1.304861832624196 ], [ 103.836562122652097, 1.304930513286136 ], [ 103.836658530988913, 1.305117061094812 ], [ 103.836386562890524, 1.305264038609771 ], [ 103.836514099991874, 1.305503099984701 ], [ 103.836383505865356, 1.305265716380161 ], [ 103.836225610489819, 1.305353709362005 ], [ 103.836215072052113, 1.305235221771919 ], [ 103.836194866106595, 1.30507583138964 ], [ 103.836173834985544, 1.30495374580402 ], [ 103.836133030040287, 1.304960866405833 ], [ 103.836128547152313, 1.304940162210372 ], [ 103.836168460394148, 1.304929305196768 ], [ 103.83613508373459, 1.304805009697194 ], [ 103.836112201464175, 1.304739316969902 ], [ 103.836121458105922, 1.304677044968273 ], [ 103.836116289800771, 1.304518850403017 ], [ 103.835980417618487, 1.304262654524392 ], [ 103.835892361267966, 1.304198702989381 ], [ 103.83586579465792, 1.304142925908536 ], [ 103.835758257170113, 1.304026044232494 ], [ 103.835713297406798, 1.303988433662918 ], [ 103.835660340360619, 1.303952667898298 ], [ 103.835534005582474, 1.303889662893963 ], [ 103.83536823054601, 1.303857400257781 ], [ 103.835237937112808, 1.303865235275754 ], [ 103.835166684243205, 1.303873053913353 ], [ 103.835033216990624, 1.303904619770291 ], [ 103.834918740815098, 1.303946529302854 ], [ 103.834880659811176, 1.303960403035667 ], [ 103.834852729490137, 1.30397019861653 ], [ 103.834748584353278, 1.30378812004077 ], [ 103.834787191171117, 1.303764771728458 ] ], [ [ 103.836156757378888, 1.302750901482116 ], [ 103.836131700122309, 1.302705500220476 ], [ 103.836156801216234, 1.302750887856003 ], [ 103.836156757378888, 1.302750901482116 ] ], [ [ 103.836264587602244, 1.302941599467252 ], [ 103.836282681297831, 1.302931462942996 ], [ 103.836454899999566, 1.30303940000009 ], [ 103.836319131535035, 1.303067769936908 ], [ 103.836286181312587, 1.302986997568086 ], [ 103.836264587602244, 1.302941599467252 ] ], [ [ 103.836298933297684, 1.302922358789363 ], [ 103.836386587994156, 1.302873355487539 ], [ 103.836463500000264, 1.303025500000361 ], [ 103.836298933297684, 1.302922358789363 ] ], [ [ 103.836699192824284, 1.302698593918194 ], [ 103.836715130331214, 1.302689684061429 ], [ 103.837380096669406, 1.302316293404902 ], [ 103.837461661464161, 1.302476753296324 ], [ 103.837502136311258, 1.302569921835107 ], [ 103.837518475631697, 1.302636719219791 ], [ 103.83751901196915, 1.302738472044249 ], [ 103.837519431326655, 1.302769384940995 ], [ 103.837453332339166, 1.302807050143527 ], [ 103.837385594926616, 1.302661986380167 ], [ 103.837063278014, 1.302814447582554 ], [ 103.837018471348642, 1.302732084606134 ], [ 103.836782, 1.302862400000172 ], [ 103.836699192824284, 1.302698593918194 ] ], [ [ 103.837555614676063, 1.301903520104768 ], [ 103.837541314481783, 1.301877718980389 ], [ 103.837542532937903, 1.301876295188023 ], [ 103.837555753486853, 1.301903435735439 ], [ 103.837555614676063, 1.301903520104768 ] ], [ [ 103.838131945309456, 1.301939176009332 ], [ 103.838132821697172, 1.301938791909459 ], [ 103.838216000000429, 1.302191000000552 ], [ 103.838131945309456, 1.301939176009332 ] ], [ [ 103.83818949619382, 1.301913952880604 ], [ 103.838248143543566, 1.301888249196086 ], [ 103.83886150762838, 1.301602571469052 ], [ 103.838884247136249, 1.30167517210286 ], [ 103.838882374699509, 1.301722535704885 ], [ 103.838763914827155, 1.301759830229092 ], [ 103.838804157411346, 1.301889315114602 ], [ 103.838825887117267, 1.301888331602011 ], [ 103.83879990000051, 1.302009100000414 ], [ 103.838727966671669, 1.301747593328732 ], [ 103.838491466694009, 1.301813493322332 ], [ 103.838562677734956, 1.30207237427498 ], [ 103.838562543761839, 1.302072410009426 ], [ 103.838478283220638, 1.301817534715104 ], [ 103.838414261808509, 1.301838974907504 ], [ 103.838264139906286, 1.301889015541465 ], [ 103.838348900000071, 1.302146600000474 ], [ 103.838263967528505, 1.301889073065735 ], [ 103.83818949619382, 1.301913952880604 ] ], [ [ 103.838007111836518, 1.302377694676714 ], [ 103.838002309725667, 1.302366640763352 ], [ 103.837993766567152, 1.302340097015413 ], [ 103.837994524724877, 1.302339984265037 ], [ 103.838007111836518, 1.302377694676714 ] ], [ [ 103.837979252492374, 1.302294229350836 ], [ 103.837979015320371, 1.302294264622407 ], [ 103.837972300000033, 1.30227340000057 ], [ 103.837979252492374, 1.302294229350836 ] ], [ [ 103.836327875352865, 1.303089204052721 ], [ 103.836459500000757, 1.303061699999242 ], [ 103.836344155925318, 1.303127605565652 ], [ 103.836335953823365, 1.303109007171837 ], [ 103.836327875352865, 1.303089204052721 ] ], [ [ 103.837474105184299, 1.303473833494829 ], [ 103.837481715064612, 1.303469771077464 ], [ 103.837498962251914, 1.303460584543983 ], [ 103.837495429634203, 1.303521719958656 ], [ 103.837474105184299, 1.303473833494829 ] ], [ [ 103.836861952149974, 1.304283161690584 ], [ 103.836857624455959, 1.304288246768865 ], [ 103.836926008723111, 1.30434259696665 ], [ 103.836924658957841, 1.304343795924756 ], [ 103.836908291309669, 1.304350739775763 ], [ 103.836852867236047, 1.304287537670382 ], [ 103.836861952149974, 1.304283161690584 ] ], [ [ 103.836438187963424, 1.304493217687551 ], [ 103.836608300000165, 1.304418700000315 ], [ 103.836429636935847, 1.304511726498057 ], [ 103.836438187963424, 1.304493217687551 ] ], [ [ 103.837329899999474, 1.304320400000225 ], [ 103.837329900000384, 1.304320399999321 ], [ 103.837329900658119, 1.304320400597105 ], [ 103.837329899999474, 1.304320400000225 ] ], [ [ 103.834004540473913, 1.304250274925892 ], [ 103.833716525678199, 1.304418591751277 ], [ 103.833708417142205, 1.304403421077786 ], [ 103.833908976531646, 1.30429981154547 ], [ 103.834000066033596, 1.304252399027621 ], [ 103.834004540473913, 1.304250274925892 ] ], [ [ 103.835032453594962, 1.304609904405634 ], [ 103.83500488722845, 1.304618779020809 ], [ 103.835006074500583, 1.304599700972226 ], [ 103.835018190287371, 1.3046043846213 ], [ 103.835032453594962, 1.304609904405634 ] ], [ [ 103.833734783356718, 1.304980316169218 ], [ 103.83369024588454, 1.305023682514925 ], [ 103.83387769999824, 1.305218699998581 ], [ 103.833673264058632, 1.305053539935567 ], [ 103.833676096240339, 1.305052969565887 ], [ 103.833623199999565, 1.304786899999289 ], [ 103.833734783356718, 1.304980316169218 ] ], [ [ 103.833858400000182, 1.305242899999843 ], [ 103.833875790383189, 1.305256949370579 ], [ 103.833875789076714, 1.305256975526617 ], [ 103.833858400000182, 1.305242899999843 ] ], [ [ 103.833500113742346, 1.305402055946805 ], [ 103.83349222239471, 1.305425407599625 ], [ 103.833441900000622, 1.305449200000404 ], [ 103.833500113742346, 1.305402055946805 ] ], [ [ 103.833634075966813, 1.305710625393895 ], [ 103.833691099999868, 1.305722099999936 ], [ 103.83361905689587, 1.305717726402651 ], [ 103.833634075966813, 1.305710625393895 ] ], [ [ 103.835664646776522, 1.30556437730286 ], [ 103.835667498610078, 1.3056130659639 ], [ 103.835666890934988, 1.305613666239291 ], [ 103.83566757484941, 1.305614367578046 ], [ 103.835673155696114, 1.305709648028283 ], [ 103.83560826038341, 1.305722290531497 ], [ 103.83535537789507, 1.305768384281879 ], [ 103.835207840378246, 1.305867040678653 ], [ 103.835136126256785, 1.305989648676915 ], [ 103.835158215612537, 1.305575328519621 ], [ 103.835664646776522, 1.30556437730286 ] ], [ [ 103.8361323060508, 1.30577286977196 ], [ 103.836143856663639, 1.305795330465404 ], [ 103.836128060035591, 1.30579214937737 ], [ 103.836123270048745, 1.305776226928755 ], [ 103.8361323060508, 1.30577286977196 ] ], [ [ 103.835995802010174, 1.305921392979656 ], [ 103.83599571179829, 1.305920096685011 ], [ 103.836031954176832, 1.305921157759899 ], [ 103.83603287335248, 1.305924234878991 ], [ 103.835995802010174, 1.305921392979656 ] ], [ [ 103.83607159658132, 1.305927203411448 ], [ 103.83607012448357, 1.305922275278076 ], [ 103.836070486824482, 1.305922285886782 ], [ 103.83607197489934, 1.305927232413107 ], [ 103.83607159658132, 1.305927203411448 ] ], [ [ 103.836170980636766, 1.30593482221639 ], [ 103.836168068757303, 1.30592514280549 ], [ 103.836211264176441, 1.305926407442383 ], [ 103.836217422433052, 1.30593838245372 ], [ 103.836170980636766, 1.30593482221639 ] ], [ [ 103.835588267126425, 1.306781278775242 ], [ 103.835578717792487, 1.306847383648325 ], [ 103.835573707557629, 1.306881931810751 ], [ 103.835505570602479, 1.307173342272611 ], [ 103.835562811961097, 1.30718690017992 ], [ 103.835562812225291, 1.307186927510727 ], [ 103.8355055628777, 1.30717337531901 ], [ 103.835474252857196, 1.307307358238126 ], [ 103.835462227429886, 1.30732620671556 ], [ 103.835456792295602, 1.307322516439936 ], [ 103.835255651824895, 1.30729664073611 ], [ 103.835148461264424, 1.307348704723323 ], [ 103.83508338566439, 1.307380422240624 ], [ 103.834996018565647, 1.307487043787817 ], [ 103.834926323421442, 1.307503137030215 ], [ 103.834933669496721, 1.307329502017912 ], [ 103.834870669503289, 1.30732680201778 ], [ 103.834862740331189, 1.307514219253302 ], [ 103.834856101641435, 1.30751525010566 ], [ 103.83484903517153, 1.307326749288463 ], [ 103.834777935178991, 1.307329449288992 ], [ 103.834782981624485, 1.307464065274027 ], [ 103.83476419158734, 1.307528665899237 ], [ 103.834737127773494, 1.307532359648633 ], [ 103.834727138053509, 1.307518985658732 ], [ 103.834704637849782, 1.307344821442013 ], [ 103.834634337857551, 1.307354021441175 ], [ 103.834640699455491, 1.307403263797298 ], [ 103.834626094666945, 1.307383711265391 ], [ 103.834599794667582, 1.307403611263576 ], [ 103.834649307955743, 1.307469898434727 ], [ 103.83465909844324, 1.30754568232252 ], [ 103.834615556482731, 1.307556252414852 ], [ 103.834500263270115, 1.307306693765964 ], [ 103.834365008031469, 1.30736999179664 ], [ 103.834364403241196, 1.307364800419465 ], [ 103.834495474709527, 1.307296853370832 ], [ 103.834456783561308, 1.307221247724008 ], [ 103.834387611472266, 1.307083297714055 ], [ 103.834377396779004, 1.307062479199261 ], [ 103.834301956470952, 1.306910223398757 ], [ 103.834017989513882, 1.306296938599705 ], [ 103.833794429204076, 1.306191215497854 ], [ 103.833412970875912, 1.306372147184829 ], [ 103.833194676990956, 1.306475747887019 ], [ 103.833168219845163, 1.306418537627132 ], [ 103.83301727678716, 1.306106588695542 ], [ 103.832921763519067, 1.306022620992999 ], [ 103.832824607784048, 1.305975062242935 ], [ 103.83279607120933, 1.305967037777698 ], [ 103.832771446624946, 1.305914823933729 ], [ 103.833261226292208, 1.305700282419077 ], [ 103.83333258457192, 1.305853170338389 ], [ 103.833415958380897, 1.30581375125843 ], [ 103.833414697271152, 1.305847071004487 ], [ 103.833683885160298, 1.305857391762787 ], [ 103.83368388356719, 1.305857421631242 ], [ 103.833415821299965, 1.305884212490123 ], [ 103.833429821284668, 1.306026112491601 ], [ 103.833731144453139, 1.305995997447197 ], [ 103.833856495239687, 1.306002768989974 ], [ 103.833857064464922, 1.306029347566537 ], [ 103.834126600000104, 1.306023500000456 ], [ 103.833940526670091, 1.306219852510378 ], [ 103.83404042667064, 1.306315752517645 ], [ 103.834226499999957, 1.30611940000043 ], [ 103.834225497928927, 1.306390741773574 ], [ 103.83472739982993, 1.306392619336936 ], [ 103.834797608598066, 1.306396028423598 ], [ 103.834799186319302, 1.306363113796954 ], [ 103.835052684030501, 1.306365485489204 ], [ 103.835052401817947, 1.306367504220547 ], [ 103.835052401797043, 1.306565456865204 ], [ 103.835228153130771, 1.306720178138008 ], [ 103.835400183925643, 1.306764204058535 ], [ 103.835588267126425, 1.306781278775242 ] ], [ [ 103.835079576945446, 1.306193522092809 ], [ 103.83508018650933, 1.306127522214342 ], [ 103.834810600000267, 1.306124999999287 ], [ 103.834810709198479, 1.306122721877265 ], [ 103.835003951966527, 1.306126322578718 ], [ 103.835005083382796, 1.306064812686419 ], [ 103.835102679620221, 1.306070083600658 ], [ 103.835079576945446, 1.306193522092809 ] ], [ [ 103.833458966157565, 1.305793417209155 ], [ 103.833686000019568, 1.3058072000012 ], [ 103.833449031036992, 1.305798114528134 ], [ 103.833458966157565, 1.305793417209155 ] ], [ [ 103.832580124467768, 1.305617796654474 ], [ 103.832584888505608, 1.305629894531438 ], [ 103.832578939628377, 1.305632991018523 ], [ 103.832573182039894, 1.305621927640481 ], [ 103.832580124467768, 1.305617796654474 ] ], [ [ 103.832478310976768, 1.305678379216748 ], [ 103.832481173597472, 1.305683879827377 ], [ 103.832481163619107, 1.30568388502114 ], [ 103.83247830036224, 1.305678385533732 ], [ 103.832478310976768, 1.305678379216748 ] ], [ [ 103.832629025609009, 1.305688205688841 ], [ 103.83262670000471, 1.305682300011749 ], [ 103.832629214308398, 1.305688114518075 ], [ 103.832629025609009, 1.305688205688841 ] ], [ [ 103.831838749615173, 1.306668426994904 ], [ 103.831861443488293, 1.306712113119265 ], [ 103.831857688834347, 1.306713624841414 ], [ 103.831835913314535, 1.306669776252061 ], [ 103.831838749615173, 1.306668426994904 ] ], [ [ 103.83210169417022, 1.306641011859041 ], [ 103.832213092181988, 1.306582391568702 ], [ 103.832191821989369, 1.306731628657911 ], [ 103.832289042230443, 1.306955010098184 ], [ 103.83225595847108, 1.30696879845238 ], [ 103.832142184609481, 1.306706172172273 ], [ 103.831888232447568, 1.306820976736697 ], [ 103.83186140000079, 1.306767000000102 ], [ 103.832111712528089, 1.306666217613904 ], [ 103.83210169417022, 1.306641011859041 ] ], [ [ 103.834059100000658, 1.30702810000003 ], [ 103.833817837848855, 1.307149194326039 ], [ 103.833894403197888, 1.307303720777157 ], [ 103.833894998148978, 1.307304933343854 ], [ 103.833576523770958, 1.307445850015584 ], [ 103.833553085322563, 1.307394288745912 ], [ 103.833572734808655, 1.307248776210749 ], [ 103.83349271292569, 1.30709139987501 ], [ 103.833444321444873, 1.306994221091895 ], [ 103.83342941830125, 1.306964336071681 ], [ 103.833642856627705, 1.306863039774462 ], [ 103.833677604935104, 1.306846558108445 ], [ 103.833814734444104, 1.307142717447165 ], [ 103.834059100000658, 1.30702810000003 ] ], [ [ 103.834573304517207, 1.30770012761047 ], [ 103.8345734641631, 1.307700163253214 ], [ 103.83457915617285, 1.307723915234678 ], [ 103.834579028658126, 1.307723904610264 ], [ 103.834573304517207, 1.30770012761047 ] ], [ [ 103.834596170301765, 1.307795107765845 ], [ 103.834596217958946, 1.307795111736886 ], [ 103.834606399976025, 1.307837599900759 ], [ 103.834596170301765, 1.307795107765845 ] ], [ [ 103.834382100020434, 1.307892300083572 ], [ 103.8343354782251, 1.307702847733603 ], [ 103.834336393282584, 1.307702442844617 ], [ 103.834382100020434, 1.307892300083572 ] ], [ [ 103.834167285374619, 1.307777268749182 ], [ 103.834168459638903, 1.307776749167729 ], [ 103.834207599999928, 1.307935800000151 ], [ 103.834167285374619, 1.307777268749182 ] ], [ [ 103.833794213222333, 1.307942343536109 ], [ 103.83379439999996, 1.30794279999971 ], [ 103.833794213114516, 1.30794234358404 ], [ 103.833794213222333, 1.307942343536109 ] ], [ [ 103.825152137478668, 1.306010045279791 ], [ 103.825123633653945, 1.306065775604967 ], [ 103.824986599999818, 1.305881599999683 ], [ 103.825152137478668, 1.306010045279791 ] ], [ [ 103.825091188790267, 1.306426480754878 ], [ 103.825091996034786, 1.306426898991872 ], [ 103.8251877000001, 1.306514000000503 ], [ 103.825091188790267, 1.306426480754878 ] ], [ [ 103.825634706535936, 1.305911595772344 ], [ 103.825634708717615, 1.305911596875675 ], [ 103.825634121411596, 1.305912599797192 ], [ 103.825634119177806, 1.305912598639598 ], [ 103.825634706535936, 1.305911595772344 ] ], [ [ 103.825599217495309, 1.305972190495831 ], [ 103.825599220137946, 1.305972185982155 ], [ 103.825599226197738, 1.305972189121223 ], [ 103.825599223555102, 1.305972193635804 ], [ 103.825599217495309, 1.305972190495831 ] ], [ [ 103.826213541913205, 1.306083463715691 ], [ 103.826213640851279, 1.306083483800105 ], [ 103.826203411788313, 1.306097293181933 ], [ 103.82620334146273, 1.306097255781728 ], [ 103.826213541913205, 1.306083463715691 ] ], [ [ 103.826143588464703, 1.306178048024867 ], [ 103.826143592447963, 1.3061780501429 ], [ 103.826140000215901, 1.306182899707141 ], [ 103.826143588464703, 1.306178048024867 ] ], [ [ 103.826813951455989, 1.307021561737898 ], [ 103.826814896959789, 1.307022252023892 ], [ 103.826819407420686, 1.307069856614803 ], [ 103.826819338006985, 1.307069857754121 ], [ 103.826813951455989, 1.307021561737898 ] ], [ [ 103.826570455162766, 1.306843791942178 ], [ 103.826595061694732, 1.307078738024066 ], [ 103.826594588075594, 1.307078788253919 ], [ 103.826563524230679, 1.306838731862453 ], [ 103.826570455162766, 1.306843791942178 ] ], [ [ 103.827103035428962, 1.306892934474823 ], [ 103.827102399999887, 1.306893900000172 ], [ 103.827103010460164, 1.306892918049688 ], [ 103.827103035428962, 1.306892934474823 ] ], [ [ 103.827053000000248, 1.307337399999626 ], [ 103.827051814616667, 1.30726428613598 ], [ 103.827055547342184, 1.307273049351125 ], [ 103.827053000000248, 1.307337399999626 ] ], [ [ 103.828100400000153, 1.307022299999988 ], [ 103.828177291737958, 1.307183883732119 ], [ 103.828177217348014, 1.307183923986144 ], [ 103.828100400000153, 1.307022299999988 ] ], [ [ 103.828479660412427, 1.307020266339101 ], [ 103.828479481855581, 1.30702036296018 ], [ 103.828409500067536, 1.306873300140835 ], [ 103.828479660412427, 1.307020266339101 ] ], [ [ 103.828138612114046, 1.307343031863565 ], [ 103.828336664913962, 1.307713792332119 ], [ 103.828796718565471, 1.307464848617506 ], [ 103.828827771866116, 1.307532165749148 ], [ 103.8290722970345, 1.307417901386048 ], [ 103.828827786014585, 1.307532196414374 ], [ 103.828907386001049, 1.307704696422285 ], [ 103.829151900109849, 1.307590399948425 ], [ 103.828907564220131, 1.307705081846577 ], [ 103.828920562978809, 1.30773313613669 ], [ 103.828968260286061, 1.307850859198916 ], [ 103.829217899999918, 1.307748400000369 ], [ 103.828991799931984, 1.30789619072896 ], [ 103.829049099927289, 1.30798499073406 ], [ 103.829275199999856, 1.307837200000395 ], [ 103.829093549942996, 1.308037704428466 ], [ 103.829148249943898, 1.308087904433069 ], [ 103.829329900000062, 1.307887400000187 ], [ 103.829194378018769, 1.308121968972614 ], [ 103.829237778021351, 1.30814736897453 ], [ 103.829373300000881, 1.30791279999888 ], [ 103.829271554853037, 1.308164078397412 ], [ 103.829301054855165, 1.308176178398777 ], [ 103.82940279999967, 1.307924900000867 ], [ 103.829335805416264, 1.308187732265061 ], [ 103.829375234562505, 1.308197913095567 ], [ 103.829434448150977, 1.30821629284853 ], [ 103.829513900000677, 1.307957000000461 ], [ 103.829484358068569, 1.308226709679517 ], [ 103.829555558075427, 1.308234609680308 ], [ 103.82958320320185, 1.307982217248448 ], [ 103.829596450513051, 1.308009753149891 ], [ 103.829600945766998, 1.308007562426182 ], [ 103.829679502460792, 1.308219064890501 ], [ 103.829772203020966, 1.308184186619328 ], [ 103.829818231797177, 1.308197906733408 ], [ 103.829948806945325, 1.308139361707598 ], [ 103.829927444314464, 1.308091096963037 ], [ 103.829935082740633, 1.308087746278572 ], [ 103.829958167911798, 1.308134946206458 ], [ 103.830006527163093, 1.308110986795236 ], [ 103.830038440529819, 1.308097279039351 ], [ 103.830352383104795, 1.307934995515758 ], [ 103.83044879128299, 1.307880982476409 ], [ 103.830591298064988, 1.307804513085846 ], [ 103.830639958188016, 1.307780601706053 ], [ 103.830732532074805, 1.307734465861069 ], [ 103.830834852022434, 1.30768345446635 ], [ 103.831076429108407, 1.307565549986716 ], [ 103.831143023851638, 1.307536068483314 ], [ 103.831154625219696, 1.307536461238282 ], [ 103.831170683378758, 1.307542258858821 ], [ 103.831228893079341, 1.307575107644696 ], [ 103.831276720810408, 1.307680623345372 ], [ 103.831521998381405, 1.307568000743491 ], [ 103.831276746525887, 1.307680680059916 ], [ 103.831309119118316, 1.307752055791629 ], [ 103.831393018581849, 1.307944519420038 ], [ 103.831633827910181, 1.30783818135123 ], [ 103.831634005315621, 1.307838529177267 ], [ 103.831399788368586, 1.307958889210439 ], [ 103.831429067278947, 1.308016605156108 ], [ 103.83143697776795, 1.308033556208637 ], [ 103.831675876161114, 1.307920622184496 ], [ 103.831675878429948, 1.307920626633971 ], [ 103.831437078424017, 1.308033771652813 ], [ 103.83150327349334, 1.308175295423603 ], [ 103.831509153903298, 1.30819062202731 ], [ 103.831542980673476, 1.308279046415856 ], [ 103.831580050481946, 1.308429365438659 ], [ 103.831635919299529, 1.308678451485336 ], [ 103.831898899966035, 1.308618700008097 ], [ 103.831636091522824, 1.308679214210396 ], [ 103.831725472500878, 1.309072430705879 ], [ 103.831777799068661, 1.309303306813852 ], [ 103.831797395089168, 1.309390494945281 ], [ 103.831790511154622, 1.309415840330655 ], [ 103.831786025242039, 1.309427198277131 ], [ 103.831764762329811, 1.30946181231488 ], [ 103.831618595089196, 1.309530336697722 ], [ 103.831596648611253, 1.309517857328235 ], [ 103.831512168851248, 1.309491337100372 ], [ 103.831412953479017, 1.309474633498759 ], [ 103.831299949624892, 1.309439733088623 ], [ 103.831301623855708, 1.309436629034391 ], [ 103.831242323859101, 1.309404229038003 ], [ 103.831113700076941, 1.309642699855801 ], [ 103.831241747311196, 1.309403914938986 ], [ 103.831055447323536, 1.309302714948283 ], [ 103.830927400000448, 1.309541500000392 ], [ 103.8310405245266, 1.309295199365207 ], [ 103.830846224540892, 1.309204799373673 ], [ 103.830831714790619, 1.309236390758312 ], [ 103.830764464313063, 1.309030907084256 ], [ 103.830719857267894, 1.309045695645044 ], [ 103.830717231606329, 1.309046012283897 ], [ 103.830764263243751, 1.309030295165545 ], [ 103.830751634432119, 1.308992014090448 ], [ 103.830752397962925, 1.308991773645073 ], [ 103.830699816251411, 1.308822632532194 ], [ 103.830616434161726, 1.308553990322677 ], [ 103.830359100000265, 1.308634900000684 ], [ 103.83060886826452, 1.308532758462024 ], [ 103.830539068250374, 1.308359858468095 ], [ 103.830039531729412, 1.30856414150662 ], [ 103.830105109988963, 1.308726583968463 ], [ 103.830185165797488, 1.308984509659097 ], [ 103.830442500908575, 1.308903599714496 ], [ 103.830185202036688, 1.308984626323098 ], [ 103.830188619521678, 1.308995619454154 ], [ 103.830104924386006, 1.308968823610537 ], [ 103.830023200000554, 1.309227400000297 ], [ 103.830084131728512, 1.308963077327752 ], [ 103.829956378816604, 1.308933245190347 ], [ 103.829811723434204, 1.308898123102015 ], [ 103.82974850000015, 1.309161900000447 ], [ 103.829797875108355, 1.308895145794317 ], [ 103.829774864078516, 1.30889083122642 ], [ 103.82954007782746, 1.30883603492693 ], [ 103.829303735222993, 1.308774581904979 ], [ 103.829236299999948, 1.309037300001415 ], [ 103.829282943109732, 1.308770048180516 ], [ 103.82915624312264, 1.308747648183559 ], [ 103.829109600000777, 1.309014899997571 ], [ 103.829109599992009, 1.308743556358248 ], [ 103.828955300008161, 1.308743556357877 ], [ 103.828955300000345, 1.309014899999858 ], [ 103.828892337318919, 1.308751059929825 ], [ 103.828834837325019, 1.308764959928992 ], [ 103.828897800002579, 1.309028800007663 ], [ 103.82882070635867, 1.308768787026697 ], [ 103.828706506369187, 1.308803087023133 ], [ 103.828783599999653, 1.309063099998479 ], [ 103.82863316329329, 1.308837928454382 ], [ 103.828507863299649, 1.308922728446885 ], [ 103.828658299999844, 1.30914790000018 ], [ 103.828456962235563, 1.308967445107072 ], [ 103.828377862233808, 1.309056845101164 ], [ 103.828579200000405, 1.30923730000054 ], [ 103.828338035941755, 1.309116007505324 ], [ 103.828167935916582, 1.309458607488984 ], [ 103.828409099992484, 1.309579899996809 ], [ 103.828165005468321, 1.309464698529492 ], [ 103.828091038381814, 1.309623459139362 ], [ 103.828078722314132, 1.309637932257247 ], [ 103.828072176553164, 1.309643145947695 ], [ 103.827786532192263, 1.30979767638186 ], [ 103.827773322967701, 1.309804711179532 ], [ 103.82776595139687, 1.309807718486884 ], [ 103.827693886319921, 1.309837102440638 ], [ 103.827559968568977, 1.30988502048939 ], [ 103.827372041310483, 1.309530650985329 ], [ 103.827339854872847, 1.309466088790288 ], [ 103.827330730255284, 1.309447565820437 ], [ 103.827164030640503, 1.309100623561001 ], [ 103.827159170909482, 1.309090455146846 ], [ 103.827205610655753, 1.309026141945961 ], [ 103.827443905200354, 1.30882955567588 ], [ 103.827272999996708, 1.308619699996953 ], [ 103.827458894680262, 1.308816224027568 ], [ 103.82748991577833, 1.30878649962941 ], [ 103.827556736995973, 1.30872257499088 ], [ 103.827371, 1.308525900000375 ], [ 103.827562988785218, 1.308716396503058 ], [ 103.827677688785343, 1.308599296494471 ], [ 103.827485699995776, 1.308408799995923 ], [ 103.827688024496823, 1.308588133404958 ], [ 103.827798061104801, 1.308462377272908 ], [ 103.827800045602729, 1.308480090772793 ], [ 103.827837837217615, 1.308568922808895 ], [ 103.827944465405054, 1.308767989148588 ], [ 103.828136484779733, 1.308839570337183 ], [ 103.828284996383346, 1.308800410562334 ], [ 103.828376466679657, 1.308736521002924 ], [ 103.82842872469999, 1.308700119899318 ], [ 103.82829843577548, 1.308510645510604 ], [ 103.828305665079696, 1.308502477664628 ], [ 103.828538559613861, 1.308408835729947 ], [ 103.828525659611273, 1.308376335731255 ], [ 103.8283344012453, 1.308453236651393 ], [ 103.828332799177602, 1.308451288434912 ], [ 103.828521676433581, 1.308366829302794 ], [ 103.828450076420637, 1.308204629309981 ], [ 103.828238932158527, 1.308299045445397 ], [ 103.828235674636218, 1.308297831102985 ], [ 103.828442177158564, 1.308188240472641 ], [ 103.82841267622851, 1.308131929585129 ], [ 103.828382975306639, 1.308075019439452 ], [ 103.828144300000048, 1.308201200000584 ], [ 103.828382056162084, 1.308073273727897 ], [ 103.828348509357696, 1.30801011578842 ], [ 103.828312258579317, 1.307935631780668 ], [ 103.828230304173786, 1.307766902157242 ], [ 103.828204278918648, 1.307700430742657 ], [ 103.828166085081321, 1.307632301205003 ], [ 103.828100017961589, 1.307565425104982 ], [ 103.828076042866272, 1.307548133976874 ], [ 103.828115951285326, 1.307405586959079 ], [ 103.828138612114046, 1.307343031863565 ] ], [ [ 103.828070100000531, 1.308054900000455 ], [ 103.828025087866166, 1.308077091599549 ], [ 103.828025061767008, 1.308077059861717 ], [ 103.828070100000531, 1.308054900000455 ] ], [ [ 103.827764562566458, 1.308092332654799 ], [ 103.827763071393818, 1.308103368856761 ], [ 103.827795723906021, 1.308107838055852 ], [ 103.82780921889065, 1.30813562185181 ], [ 103.827737300000067, 1.30808550000059 ], [ 103.827764562566458, 1.308092332654799 ] ], [ [ 103.827622200000405, 1.308252800000492 ], [ 103.827787486832477, 1.308367992015313 ], [ 103.827791381629211, 1.308402756714295 ], [ 103.827622200000405, 1.308252800000492 ] ], [ [ 103.827909710950593, 1.308133973996087 ], [ 103.827849469894588, 1.308163673657286 ], [ 103.827849286113064, 1.308163545575322 ], [ 103.827909960002614, 1.308133692611679 ], [ 103.827909710950593, 1.308133973996087 ] ], [ [ 103.828082330249316, 1.308146702046735 ], [ 103.828108499990236, 1.308133800004748 ], [ 103.828083002241925, 1.308147519234842 ], [ 103.828082330249316, 1.308146702046735 ] ], [ [ 103.828216028123492, 1.308309287306556 ], [ 103.828215438561571, 1.308308570360251 ], [ 103.828223611298924, 1.308304233099794 ], [ 103.828222878645846, 1.308306223999387 ], [ 103.828216028123492, 1.308309287306556 ] ], [ [ 103.826704436578424, 1.309390628685881 ], [ 103.826733172905406, 1.309450435968053 ], [ 103.826686420372553, 1.309482337692986 ], [ 103.826639186713734, 1.309671977231939 ], [ 103.82668177236458, 1.309864626692685 ], [ 103.826853676637583, 1.309988143103282 ], [ 103.827010085985947, 1.3100006358634 ], [ 103.827094994908052, 1.310160746430848 ], [ 103.827082865835791, 1.310150000498216 ], [ 103.826950085830163, 1.310118157330185 ], [ 103.826806487639686, 1.310133964951212 ], [ 103.826818655170385, 1.310245931698035 ], [ 103.826797729448202, 1.310221194266429 ], [ 103.826787820105125, 1.31022968557762 ], [ 103.826763708571832, 1.310142237386592 ], [ 103.826598344249717, 1.310188424394022 ], [ 103.826431615504532, 1.31021743536445 ], [ 103.826310440695934, 1.310222048889106 ], [ 103.826310003328572, 1.309879563800263 ], [ 103.826314060166183, 1.30973140045548 ], [ 103.826326030260631, 1.309648806744358 ], [ 103.826344185893603, 1.309614391471534 ], [ 103.826360966781877, 1.309599554131025 ], [ 103.826619417285542, 1.309438754714687 ], [ 103.826704436578424, 1.309390628685881 ] ], [ [ 103.828779010951507, 1.30944188222209 ], [ 103.828804355228598, 1.30939083606209 ], [ 103.828836992953086, 1.309353948415003 ], [ 103.828899998599766, 1.309311307720825 ], [ 103.828967879793609, 1.309290919586217 ], [ 103.82898722272887, 1.309286243641974 ], [ 103.829086101259534, 1.309286243642478 ], [ 103.829179171880241, 1.309302698116131 ], [ 103.829408464786056, 1.309362318098988 ], [ 103.829475899999977, 1.309099600000357 ], [ 103.829414999525724, 1.309363929968486 ], [ 103.829658799549435, 1.309420829974669 ], [ 103.829719700000467, 1.30915650000063 ], [ 103.82967032487791, 1.309423254203711 ], [ 103.829692161865864, 1.309427348638529 ], [ 103.829831076566506, 1.309461076899749 ], [ 103.829894300003119, 1.309197299988093 ], [ 103.829833368245971, 1.30946162266719 ], [ 103.829951757683872, 1.30948926830016 ], [ 103.830141375615369, 1.309549976392518 ], [ 103.83022310000014, 1.30929140000045 ], [ 103.830141856614418, 1.309550129890056 ], [ 103.830524456649286, 1.309671829902596 ], [ 103.830605700000646, 1.309413099999779 ], [ 103.830529096288217, 1.309673259619838 ], [ 103.830637736178829, 1.309705663983657 ], [ 103.830806698443794, 1.309784275351541 ], [ 103.830898985423218, 1.309834406553694 ], [ 103.830893178244168, 1.309833750375328 ], [ 103.830833924925273, 1.310364952705954 ], [ 103.830765152057822, 1.310528370080434 ], [ 103.831013400004252, 1.310634200001415 ], [ 103.830756541093862, 1.310551774101855 ], [ 103.830614241052942, 1.31100097408747 ], [ 103.830871099999897, 1.311083400000596 ], [ 103.830608415088449, 1.311022343643402 ], [ 103.830548115062086, 1.311285143637213 ], [ 103.83076529753528, 1.311335623777719 ], [ 103.830751929168656, 1.311339380900084 ], [ 103.830542969157193, 1.311315176724654 ], [ 103.830526869143, 1.311455976723375 ], [ 103.830760038065847, 1.311482985054637 ], [ 103.83076059139394, 1.311484979441681 ], [ 103.83052556704412, 1.311471056827243 ], [ 103.830521567036996, 1.311539456826689 ], [ 103.830779952426965, 1.3115547633254 ], [ 103.830780362151287, 1.311556240111806 ], [ 103.830521975805922, 1.31157723804241 ], [ 103.830526264627352, 1.311630698771711 ], [ 103.830531353558129, 1.311694959083488 ], [ 103.830668175688899, 1.311683983091347 ], [ 103.830675491647497, 1.311709464721822 ], [ 103.830541001277908, 1.311748389534285 ], [ 103.830564556203086, 1.311830831804505 ], [ 103.830400589938122, 1.311845525596064 ], [ 103.830448410066978, 1.312386074403204 ], [ 103.830687210092549, 1.312364674400935 ], [ 103.83066330000014, 1.31209440000132 ], [ 103.830786664610656, 1.31233566937791 ], [ 103.830813084729698, 1.312321984954115 ], [ 103.830834195259627, 1.312359300709422 ], [ 103.830647528869321, 1.312407827271878 ], [ 103.829844523704637, 1.312607676043027 ], [ 103.829839179040334, 1.312603341004881 ], [ 103.829589761922307, 1.312425089408573 ], [ 103.82957039459221, 1.312416268984593 ], [ 103.829586357552998, 1.312402792715637 ], [ 103.829413100000409, 1.312194900000512 ], [ 103.829605555510071, 1.312384919118198 ], [ 103.829644055509689, 1.312345419115141 ], [ 103.829451600008198, 1.312155400008515 ], [ 103.829648890308633, 1.312340328233589 ], [ 103.829676665850144, 1.312310311155465 ], [ 103.82984318321256, 1.312133176906999 ], [ 103.829994028770372, 1.312129715866259 ], [ 103.829988118093851, 1.311868760730802 ], [ 103.829991888331435, 1.311265413246521 ], [ 103.829992678515339, 1.311200420100257 ], [ 103.829722474320874, 1.311197092294536 ], [ 103.829723018770281, 1.310991557327024 ], [ 103.829611218782773, 1.310991257327403 ], [ 103.829610677176035, 1.311195715404492 ], [ 103.829453521486045, 1.311193779870892 ], [ 103.829452721478432, 1.31125957987124 ], [ 103.829610502852859, 1.311261523110122 ], [ 103.829610501079927, 1.311262192296602 ], [ 103.829452706628331, 1.311261193426088 ], [ 103.829449575417229, 1.311762261091793 ], [ 103.8292842646905, 1.311938111741591 ], [ 103.82930303115684, 1.31195598250267 ], [ 103.829300987245446, 1.311956710291381 ], [ 103.829282809720212, 1.311939671752075 ], [ 103.82926635861061, 1.311957450493673 ], [ 103.829075413488042, 1.311958399793132 ], [ 103.829073078779757, 1.311958201093874 ], [ 103.82906692772697, 1.311955368954893 ], [ 103.82900666395841, 1.311923460665135 ], [ 103.829006882668295, 1.311915962591237 ], [ 103.828991652771577, 1.311915512583556 ], [ 103.828983619207762, 1.311911258994989 ], [ 103.828981551901506, 1.311915214126447 ], [ 103.828858099997561, 1.311911566409985 ], [ 103.828858099996935, 1.311880056364596 ], [ 103.828841302368474, 1.311880056365055 ], [ 103.828849729602965, 1.311863877995506 ], [ 103.828988550405242, 1.311809350489406 ], [ 103.828986650405341, 1.31180445048884 ], [ 103.828853427292117, 1.311856779275452 ], [ 103.828857281328439, 1.311849380404259 ], [ 103.828810281331883, 1.311824580405863 ], [ 103.828778096137214, 1.311886368641612 ], [ 103.828735499999354, 1.311903100000449 ], [ 103.8288594056975, 1.311662111669377 ], [ 103.828854605698211, 1.311659611670188 ], [ 103.82873069999971, 1.311900600001023 ], [ 103.828728966824897, 1.311629261971967 ], [ 103.828481317120989, 1.311630864367316 ], [ 103.828190179244544, 1.311334715584426 ], [ 103.827997579245007, 1.311526515569922 ], [ 103.828086985330202, 1.311617460481916 ], [ 103.828089222270023, 1.311663233471452 ], [ 103.828037093988655, 1.311633350509158 ], [ 103.828021616098638, 1.311580545191995 ], [ 103.827985916102222, 1.311591145190597 ], [ 103.8279904493468, 1.311606611085895 ], [ 103.827976929471376, 1.311598860706372 ], [ 103.827946726687017, 1.311276430755453 ], [ 103.827932180366247, 1.310952389009864 ], [ 103.827915944553226, 1.310855575519445 ], [ 103.827897614396079, 1.31074609342733 ], [ 103.827774851150679, 1.310384094500044 ], [ 103.827880009188206, 1.310346467164183 ], [ 103.827829155534189, 1.310202499433905 ], [ 103.827833755480881, 1.310200250729425 ], [ 103.827890928246688, 1.310342289817086 ], [ 103.827968428253499, 1.310310689814198 ], [ 103.827909141212217, 1.310163398066621 ], [ 103.827909159967646, 1.310163388897308 ], [ 103.827968474790268, 1.310310670833491 ], [ 103.827988574792357, 1.310302470832653 ], [ 103.827928712852597, 1.310153830378953 ], [ 103.827938775691067, 1.310148911113374 ], [ 103.828013391659994, 1.310290836975208 ], [ 103.828039491662324, 1.310276936973967 ], [ 103.827965352865547, 1.31013591873798 ], [ 103.827966004341818, 1.310135600261016 ], [ 103.828041041373865, 1.310276105133545 ], [ 103.828348441394496, 1.310109805118503 ], [ 103.828271907200531, 1.309966496881379 ], [ 103.828283840301353, 1.309950974684247 ], [ 103.828388102903915, 1.310083575896577 ], [ 103.828426072353608, 1.31005333327004 ], [ 103.828492124372119, 1.310114146210725 ], [ 103.82853102437106, 1.310071346207954 ], [ 103.828378940491845, 1.309931325230062 ], [ 103.828471262579214, 1.31001090811262 ], [ 103.82852436257825, 1.309948508108548 ], [ 103.828462731258881, 1.309895381083728 ], [ 103.828606888614033, 1.309958265469359 ], [ 103.828714100000497, 1.309709300000561 ], [ 103.828607169073265, 1.309958387621531 ], [ 103.828659369076732, 1.309981087622905 ], [ 103.828873230901621, 1.309482912371379 ], [ 103.828821171084456, 1.309460273332481 ], [ 103.828779010951507, 1.30944188222209 ] ], [ [ 103.830721735330684, 1.309001429693583 ], [ 103.830515546341402, 1.309070334297009 ], [ 103.830495099997648, 1.309072800000744 ], [ 103.830721735330684, 1.309001429693583 ] ], [ [ 103.830699660138762, 1.309052391593646 ], [ 103.830536450663786, 1.309106500374611 ], [ 103.830536336610194, 1.309106464095892 ], [ 103.830697285265629, 1.309052677988978 ], [ 103.830699660138762, 1.309052391593646 ] ], [ [ 103.830495599999978, 1.309077000000473 ], [ 103.830470293979729, 1.309085456809166 ], [ 103.83046263980988, 1.309083022118453 ], [ 103.8304731757149, 1.309079704230687 ], [ 103.830495599999978, 1.309077000000473 ] ], [ [ 103.830759281445609, 1.309362183197833 ], [ 103.830776571807277, 1.309356450929613 ], [ 103.830733099999847, 1.30945110000109 ], [ 103.830759281445609, 1.309362183197833 ] ], [ [ 103.831240146884795, 1.309550608461112 ], [ 103.831225663337506, 1.309598113744379 ], [ 103.831172999999339, 1.309675100001703 ], [ 103.831240146884795, 1.309550608461112 ] ], [ [ 103.832312822496277, 1.309218920259868 ], [ 103.832311752769868, 1.309219362977621 ], [ 103.832303654563347, 1.309183331840598 ], [ 103.832040700289966, 1.30924319993376 ], [ 103.832303546653279, 1.309182853727335 ], [ 103.832251146630441, 1.308951653732776 ], [ 103.831988300000617, 1.309012000000728 ], [ 103.832251108503328, 1.308951485752435 ], [ 103.832212271197818, 1.308780627768776 ], [ 103.832264962572864, 1.308745091721833 ], [ 103.832331249660271, 1.30856253051333 ], [ 103.832295722908313, 1.308436871126064 ], [ 103.832256750036052, 1.308309351931389 ], [ 103.832462993518803, 1.308110094977548 ], [ 103.832436193518518, 1.308081994979003 ], [ 103.832243093248749, 1.308268553948249 ], [ 103.832242910657754, 1.308268010290208 ], [ 103.832266646554189, 1.308230961047155 ], [ 103.8322785168331, 1.308227193531086 ], [ 103.832275410949734, 1.308217280744409 ], [ 103.832387799573297, 1.308041853876409 ], [ 103.832369493325587, 1.308029973495633 ], [ 103.832637373738422, 1.307936306758284 ], [ 103.832651104018453, 1.307978897928282 ], [ 103.832668209849516, 1.307973311826518 ], [ 103.832782269029593, 1.308336421722943 ], [ 103.832960780757006, 1.308279619706219 ], [ 103.832965595160559, 1.308885600736325 ], [ 103.832842472555697, 1.308933582332552 ], [ 103.832746120071889, 1.308997022894874 ], [ 103.832584545550773, 1.309018136793732 ], [ 103.832593057181242, 1.309084118231914 ], [ 103.832312822496277, 1.309218920259868 ] ], [ [ 103.832444911035012, 1.309514615712644 ], [ 103.832444995626091, 1.309514793849013 ], [ 103.832444299999551, 1.309514900000385 ], [ 103.832444911035012, 1.309514615712644 ] ], [ [ 103.832473260214556, 1.309574315159271 ], [ 103.83247916399597, 1.30958674770476 ], [ 103.832469804857041, 1.309583275257484 ], [ 103.832466561773018, 1.309575337325138 ], [ 103.832473260214556, 1.309574315159271 ] ], [ [ 103.832492504899449, 1.309638837008959 ], [ 103.832506336272672, 1.309643968754397 ], [ 103.832538556014725, 1.30971181906087 ], [ 103.832604157530128, 1.309680262594869 ], [ 103.832691458298441, 1.309712653098369 ], [ 103.832706658295578, 1.30967115309699 ], [ 103.832659482076309, 1.309653649683155 ], [ 103.832879976109652, 1.309547584844116 ], [ 103.832953711951703, 1.309537545426663 ], [ 103.832932195314442, 1.310097207785419 ], [ 103.832913853571213, 1.310424277701186 ], [ 103.832875677743615, 1.310388506443884 ], [ 103.832849777743178, 1.310416506441859 ], [ 103.832911068733097, 1.310473936913224 ], [ 103.832906729775544, 1.310551309185548 ], [ 103.832999251231641, 1.310556565076272 ], [ 103.832999916527839, 1.310557188467628 ], [ 103.832906681159415, 1.310552202269221 ], [ 103.832905035473743, 1.310583374060646 ], [ 103.832779618602586, 1.310567460462485 ], [ 103.83276751859205, 1.310664060461048 ], [ 103.83289988898656, 1.310680856361968 ], [ 103.832899480189553, 1.310688599591461 ], [ 103.832766039367925, 1.310679343386229 ], [ 103.83273482416034, 1.311135197206655 ], [ 103.832675190647308, 1.311334281328311 ], [ 103.832573402585012, 1.311505709865803 ], [ 103.83242774478839, 1.311655793084283 ], [ 103.832246054873366, 1.311768946001783 ], [ 103.832085458556762, 1.311831558035849 ], [ 103.831784734323065, 1.311897470194755 ], [ 103.831831531502829, 1.312113755057449 ], [ 103.831828966865672, 1.312114416820257 ], [ 103.831770775896743, 1.311900924284968 ], [ 103.831399081976357, 1.312003551285445 ], [ 103.831295386158871, 1.311801279658952 ], [ 103.831174499350325, 1.311864057822581 ], [ 103.831174485848749, 1.311864033956384 ], [ 103.83129536092045, 1.31180123044069 ], [ 103.83122207237767, 1.311658343555007 ], [ 103.831176402035155, 1.311499272946103 ], [ 103.831062103612936, 1.311532515018754 ], [ 103.831063390952622, 1.311510501467726 ], [ 103.831076897104992, 1.311392385449014 ], [ 103.831131305789299, 1.311155260924215 ], [ 103.831266488703434, 1.310728527373493 ], [ 103.831345934232274, 1.310539749639102 ], [ 103.831515632339219, 1.310468921985388 ], [ 103.831505943745796, 1.310482333959509 ], [ 103.831506632050846, 1.310482837636905 ], [ 103.831341985167896, 1.310575159726596 ], [ 103.831402985160153, 1.310685359731994 ], [ 103.831461006191546, 1.310652825726503 ], [ 103.831442441150514, 1.310689309550803 ], [ 103.831479712573412, 1.31070852167697 ], [ 103.831462426240137, 1.310725419823827 ], [ 103.831431703561407, 1.310713187919456 ], [ 103.831423803558906, 1.310733287918626 ], [ 103.831445528961495, 1.310741937653836 ], [ 103.83144510590283, 1.310742351212269 ], [ 103.831501771403325, 1.310801071256453 ], [ 103.831409363531563, 1.310783936230798 ], [ 103.831403963528771, 1.310813436229517 ], [ 103.831537157420186, 1.310838134132821 ], [ 103.831553895051726, 1.310856246642161 ], [ 103.831399905144551, 1.310847754351703 ], [ 103.831398005140684, 1.31088265435105 ], [ 103.831667200000467, 1.310897500000279 ], [ 103.831398991698663, 1.310925021978837 ], [ 103.831402891694836, 1.310963521980086 ], [ 103.831671099998914, 1.310936000000218 ], [ 103.831416718265501, 1.311025871723623 ], [ 103.831428018262017, 1.311058271725326 ], [ 103.831682399997405, 1.310968400000793 ], [ 103.831443927444226, 1.311094968813121 ], [ 103.831481127439062, 1.311165968817015 ], [ 103.831719599999801, 1.311039400000295 ], [ 103.831536256981181, 1.311238337590242 ], [ 103.831563356981192, 1.311263637592577 ], [ 103.831818290529597, 1.310987020196325 ], [ 103.831917671200344, 1.310934274094867 ], [ 103.831922358872859, 1.310936690426225 ], [ 103.831924435657058, 1.310932609150589 ], [ 103.831925196460944, 1.310932912056227 ], [ 103.831926503590864, 1.310929586319905 ], [ 103.831958072536608, 1.310912831160561 ], [ 103.831946114001951, 1.310890007079186 ], [ 103.831950546684027, 1.310881296014541 ], [ 103.831985670064626, 1.310820800722445 ], [ 103.831945258494429, 1.310797033179536 ], [ 103.831981480377621, 1.310746891010222 ], [ 103.8319926413335, 1.310735027326472 ], [ 103.832016643025568, 1.310740145935106 ], [ 103.832017843025213, 1.310734445935595 ], [ 103.831997523018885, 1.31073011248484 ], [ 103.832014014336622, 1.310713690749562 ], [ 103.831920968774639, 1.31061903742555 ], [ 103.831921400642429, 1.310618884308708 ], [ 103.832014590517872, 1.310713115268227 ], [ 103.83205660170475, 1.310671028655479 ], [ 103.832140092527581, 1.310608459265635 ], [ 103.832167214852134, 1.310616554971548 ], [ 103.83222249394322, 1.310639362926001 ], [ 103.832279577529818, 1.310668456252813 ], [ 103.832280226574795, 1.310668905705174 ], [ 103.832299880582653, 1.31069172671064 ], [ 103.832305766573654, 1.31068659171841 ], [ 103.832308584746286, 1.310688543254543 ], [ 103.832316054184759, 1.310677616711237 ], [ 103.832409227878628, 1.310596331120218 ], [ 103.832773383131894, 1.310468607966644 ], [ 103.832758183128078, 1.310424707968631 ], [ 103.832503600000834, 1.310514 ], [ 103.832707319389371, 1.310336273272296 ], [ 103.832665119387897, 1.310287273275485 ], [ 103.832461400001222, 1.310464999998842 ], [ 103.832614215227252, 1.31024145673515 ], [ 103.832570315228836, 1.31021105673776 ], [ 103.832417500002549, 1.310434599996098 ], [ 103.832539294998583, 1.310192524196635 ], [ 103.832456495004124, 1.310150324200837 ], [ 103.832334699998583, 1.310392400002657 ], [ 103.832436960923417, 1.310141333751268 ], [ 103.832359160929983, 1.31010923375448 ], [ 103.832256900000502, 1.31036030000002 ], [ 103.832333554615801, 1.310100155563865 ], [ 103.832254154623499, 1.310076455566831 ], [ 103.83217749999983, 1.310336600002392 ], [ 103.832188167404468, 1.310065468851582 ], [ 103.832105367413703, 1.310062168852148 ], [ 103.832094700000184, 1.310333299999889 ], [ 103.831992746250137, 1.310082107235535 ], [ 103.831906646257295, 1.310117507231892 ], [ 103.832008600000179, 1.310368700000597 ], [ 103.831847589577123, 1.310151061940479 ], [ 103.831776157797279, 1.310204594083033 ], [ 103.831761978399314, 1.310131679980755 ], [ 103.831580134468524, 1.310167501915386 ], [ 103.831582607661062, 1.310165696091584 ], [ 103.831761185001312, 1.31012775409679 ], [ 103.831748658839942, 1.310068032942272 ], [ 103.832076415081161, 1.309914378163894 ], [ 103.832145508844647, 1.309881998672061 ], [ 103.832212144238483, 1.310030212241475 ], [ 103.832273489442613, 1.310002273825495 ], [ 103.8324957343264, 1.309901834311251 ], [ 103.832431019907872, 1.309756779429182 ], [ 103.832448139743306, 1.30974969418983 ], [ 103.832534275749978, 1.309880453375444 ], [ 103.832587475753385, 1.309844953371956 ], [ 103.832508318603146, 1.309724788479649 ], [ 103.832524829133234, 1.309717955407202 ], [ 103.832492504899449, 1.309638837008959 ] ], [ [ 103.831550494408518, 1.31017334079046 ], [ 103.831550053278278, 1.310172612859739 ], [ 103.831572024436127, 1.310167944689346 ], [ 103.831572753344346, 1.310168955942363 ], [ 103.831550494408518, 1.31017334079046 ] ], [ [ 103.831521300000688, 1.310306700000195 ], [ 103.831427542910205, 1.310345831819086 ], [ 103.831437024542268, 1.31032330164561 ], [ 103.831521300000688, 1.310306700000195 ] ], [ [ 103.831835942410208, 1.310532471359982 ], [ 103.831838325266617, 1.310534880836841 ], [ 103.831838281726519, 1.310534921594724 ], [ 103.831835907070271, 1.310532505906693 ], [ 103.831835942410208, 1.310532471359982 ] ], [ [ 103.831618357494477, 1.310564594465366 ], [ 103.831623269255203, 1.310568188722556 ], [ 103.831598059395972, 1.310592832467539 ], [ 103.831583387273099, 1.310584203245091 ], [ 103.831618357494477, 1.310564594465366 ] ], [ [ 103.831491052140834, 1.310635978126833 ], [ 103.831501284759298, 1.310630240412281 ], [ 103.831513145136896, 1.310632769762717 ], [ 103.83154065400602, 1.310648948756386 ], [ 103.831532216408618, 1.310657196877639 ], [ 103.831491052140834, 1.310635978126833 ] ], [ [ 103.831867345769382, 1.310564225550514 ], [ 103.831916462178, 1.310613890673386 ], [ 103.8319160522977, 1.31061403599552 ], [ 103.831867211490177, 1.310564351248088 ], [ 103.831867345769382, 1.310564225550514 ] ], [ [ 103.831757882133658, 1.310666693771937 ], [ 103.8317610310893, 1.310668998068117 ], [ 103.831752000000634, 1.310672200000072 ], [ 103.831757882133658, 1.310666693771937 ] ], [ [ 103.831767239759472, 1.310673541358043 ], [ 103.831781628884372, 1.310684070821343 ], [ 103.831754100000666, 1.310678200000132 ], [ 103.831767239759472, 1.310673541358043 ] ], [ [ 103.831752900000438, 1.310683900000421 ], [ 103.831793115588411, 1.31069247639306 ], [ 103.831898080342341, 1.310769285957015 ], [ 103.831752900000438, 1.310683900000421 ] ], [ [ 103.831713999994193, 1.310750899996142 ], [ 103.831684288187873, 1.310735584595286 ], [ 103.831685704783297, 1.310734258529846 ], [ 103.831713999994193, 1.310750899996142 ] ], [ [ 103.831595720651336, 1.310818492093371 ], [ 103.831608280107119, 1.310806735268448 ], [ 103.831674500000432, 1.310833100000534 ], [ 103.831595720651336, 1.310818492093371 ] ], [ [ 103.831625702330697, 1.310790426438198 ], [ 103.831630285068385, 1.310786136566468 ], [ 103.831682399998556, 1.310812999999677 ], [ 103.831625702330697, 1.310790426438198 ] ], [ [ 103.831669100003339, 1.310862600000725 ], [ 103.831555305525399, 1.31085632442758 ], [ 103.831568524285927, 1.310843950433192 ], [ 103.831669100003339, 1.310862600000725 ] ], [ [ 103.830795000000563, 1.311609000000262 ], [ 103.830794999965519, 1.311609000002975 ], [ 103.830794999999668, 1.311608999999357 ], [ 103.830795000000563, 1.311609000000262 ] ], [ [ 103.832358192960626, 1.30803392476662 ], [ 103.832264018670401, 1.308180920967563 ], [ 103.832261816828449, 1.30817389353255 ], [ 103.832229677722211, 1.308184094184899 ], [ 103.832253153828944, 1.308052570464361 ], [ 103.832260403383827, 1.30806811774095 ], [ 103.832358192960626, 1.30803392476662 ] ], [ [ 103.832232923327425, 1.308009184456733 ], [ 103.832200023109166, 1.308193506281647 ], [ 103.832173740363956, 1.308201848178793 ], [ 103.832101386600797, 1.307992867526352 ], [ 103.832047815096686, 1.308011656092894 ], [ 103.83202178727521, 1.308020318967526 ], [ 103.832012293742807, 1.307995502546394 ], [ 103.831860764827809, 1.30805422294307 ], [ 103.831860727676499, 1.308054123534371 ], [ 103.832012198290201, 1.307995253395665 ], [ 103.832002798288542, 1.307970753396391 ], [ 103.831851540508907, 1.308029540815135 ], [ 103.831848830478449, 1.30802228940538 ], [ 103.831995221565606, 1.307952928316183 ], [ 103.831924972104147, 1.307802736397954 ], [ 103.831915222207542, 1.307781843768913 ], [ 103.831782430390689, 1.307844618237912 ], [ 103.831780995241488, 1.307840778114391 ], [ 103.831911311612643, 1.307773810764009 ], [ 103.831883605790608, 1.307719195782987 ], [ 103.831802081381795, 1.307532180562794 ], [ 103.831744593011976, 1.307557566643108 ], [ 103.831743305898968, 1.307554775985202 ], [ 103.831800453458229, 1.30752851991215 ], [ 103.831773091957473, 1.30746819276149 ], [ 103.831865817893558, 1.307426033688133 ], [ 103.831867471470602, 1.30742985067086 ], [ 103.83211459999977, 1.307321399999847 ], [ 103.832134580831649, 1.307369964753805 ], [ 103.832072471163357, 1.307345740049073 ], [ 103.831950442321741, 1.307403380091349 ], [ 103.832232923327425, 1.308009184456733 ] ], [ [ 103.831757800000503, 1.307177400000307 ], [ 103.831737731376961, 1.307132687098184 ], [ 103.831737824787311, 1.307132640060424 ], [ 103.831757800000503, 1.307177400000307 ] ], [ [ 103.829329759174129, 1.307557986314605 ], [ 103.829329536442884, 1.307558077730149 ], [ 103.829325456282888, 1.307550455231073 ], [ 103.829325665754283, 1.307550356913396 ], [ 103.829329759174129, 1.307557986314605 ] ], [ [ 103.829018759074401, 1.307208923755799 ], [ 103.829017665745866, 1.307206884278459 ], [ 103.829017781990174, 1.307206821281516 ], [ 103.829018877721424, 1.307208868313019 ], [ 103.829018759074401, 1.307208923755799 ] ], [ [ 103.829179967903499, 1.307618741915535 ], [ 103.829180285587654, 1.307619334518246 ], [ 103.829167699992439, 1.307624500003501 ], [ 103.829179967903499, 1.307618741915535 ] ], [ [ 103.829448500000623, 1.307936700000266 ], [ 103.829486110862064, 1.307789145529364 ], [ 103.829490779811351, 1.307798718898472 ], [ 103.829448500000623, 1.307936700000266 ] ], [ [ 103.829737988980966, 1.307964226073133 ], [ 103.82973591304328, 1.30797128097338 ], [ 103.829726966610323, 1.307946147251618 ], [ 103.829729320489193, 1.30794500010904 ], [ 103.829737988980966, 1.307964226073133 ] ], [ [ 103.829865350303606, 1.307950807508278 ], [ 103.829864518004698, 1.307948927090449 ], [ 103.829866364083458, 1.307949827088773 ], [ 103.829865350303606, 1.307950807508278 ] ], [ [ 103.831763283825993, 1.308091995777983 ], [ 103.831763285077656, 1.30809199823243 ], [ 103.831760700000601, 1.30809300000015 ], [ 103.831763283825993, 1.308091995777983 ] ], [ [ 103.832019449282626, 1.308142629062589 ], [ 103.832012144672191, 1.308144453833456 ], [ 103.832002437873854, 1.308119083912938 ], [ 103.832010665609914, 1.308115895505253 ], [ 103.832019449282626, 1.308142629062589 ] ], [ [ 103.831955736929004, 1.308137181436141 ], [ 103.83196319778267, 1.308156681302212 ], [ 103.831963086425631, 1.30815670912041 ], [ 103.831955617071671, 1.308137227882439 ], [ 103.831955736929004, 1.308137181436141 ] ], [ [ 103.833270243313763, 1.309385311200481 ], [ 103.833270175322383, 1.309385987993585 ], [ 103.833229400000135, 1.309384400000092 ], [ 103.833270243313763, 1.309385311200481 ] ], [ [ 103.833109535447036, 1.310563050849695 ], [ 103.833108941689616, 1.310563019095588 ], [ 103.833108894733272, 1.31056279361937 ], [ 103.833109538399682, 1.310562830184703 ], [ 103.833109535447036, 1.310563050849695 ] ], [ [ 103.833070335001338, 1.310560603148364 ], [ 103.833070408979722, 1.310560958380123 ], [ 103.833059075170013, 1.310560352251956 ], [ 103.833058633519869, 1.310559938420034 ], [ 103.833070335001338, 1.310560603148364 ] ], [ [ 103.829304374253212, 1.3119572614936 ], [ 103.829303762861414, 1.311957264533987 ], [ 103.829303453628, 1.311956384809998 ], [ 103.829304374253212, 1.3119572614936 ] ], [ [ 103.828140255646446, 1.31167164766395 ], [ 103.82818719999878, 1.311719399999163 ], [ 103.828141303514556, 1.311693089468014 ], [ 103.828140255646446, 1.31167164766395 ] ], [ [ 103.828737399999738, 1.311908000000297 ], [ 103.828774398447806, 1.311893467360647 ], [ 103.828766382389404, 1.311908856364089 ], [ 103.828737399999738, 1.311908000000297 ] ], [ [ 103.828732145212811, 1.312126856025043 ], [ 103.828732141623234, 1.312126294048283 ], [ 103.828745300000591, 1.312120600000648 ], [ 103.828732145212811, 1.312126856025043 ] ], [ [ 103.828858100000076, 1.312125060894771 ], [ 103.828876421442359, 1.312116347761653 ], [ 103.8288581, 1.312151400000625 ], [ 103.828858100000076, 1.312125060894771 ] ], [ [ 103.828805200000218, 1.312151400000695 ], [ 103.828804771367899, 1.312150422404269 ], [ 103.828805200000559, 1.31215021856034 ], [ 103.828805200000218, 1.312151400000695 ] ], [ [ 103.828684599999747, 1.312415400000063 ], [ 103.828635651243204, 1.312682233794344 ], [ 103.828946899492649, 1.312740071469839 ], [ 103.829120819876039, 1.312807414379864 ], [ 103.829075904173621, 1.312820088612038 ], [ 103.828499043753936, 1.312968560712584 ], [ 103.827959819263171, 1.313109839565688 ], [ 103.827953574049971, 1.313111983445469 ], [ 103.827921961342582, 1.312995564992245 ], [ 103.827800151037636, 1.313029071325907 ], [ 103.827799725894209, 1.313027467187265 ], [ 103.827921126213667, 1.312992557657637 ], [ 103.827916739741511, 1.312977105317314 ], [ 103.827839253977317, 1.312703755637868 ], [ 103.827785998534409, 1.312719047855568 ], [ 103.827820569980389, 1.312692791058886 ], [ 103.827824140413142, 1.312690956837019 ], [ 103.827850813789794, 1.31268402368437 ], [ 103.827849279038929, 1.312678042483217 ], [ 103.827850566226019, 1.312677381222723 ], [ 103.827847617309715, 1.312671566426075 ], [ 103.827763493206078, 1.312343719629339 ], [ 103.827800543672254, 1.312387311911556 ], [ 103.827861345171613, 1.312430793105524 ], [ 103.827931422555579, 1.312480848433735 ], [ 103.828037291858067, 1.312543069866939 ], [ 103.828234569036809, 1.312603712470399 ], [ 103.828291996015452, 1.312616373537018 ], [ 103.828372106740417, 1.312636630105731 ], [ 103.828522062545005, 1.312657654837991 ], [ 103.828627652743009, 1.312680621163994 ], [ 103.828684599999747, 1.312415400000063 ] ], [ [ 103.829346722091515, 1.312314402252792 ], [ 103.829346475235397, 1.312264104631602 ], [ 103.82935552831492, 1.312254653191092 ], [ 103.829382212427944, 1.31233056554968 ], [ 103.829346722091515, 1.312314402252792 ] ], [ [ 103.829394131854826, 1.312214350988884 ], [ 103.829394814970911, 1.31221363781338 ], [ 103.829559584583691, 1.312411345803868 ], [ 103.829445040778538, 1.312359179344882 ], [ 103.829394131854826, 1.312214350988884 ] ], [ [ 103.828162299998525, 1.311763399999432 ], [ 103.828144576786684, 1.311760068199705 ], [ 103.828144233473608, 1.311753043217788 ], [ 103.828162299998525, 1.311763399999432 ] ], [ [ 103.828092152227811, 1.311723187221296 ], [ 103.828093485225381, 1.311750463458053 ], [ 103.828070134563276, 1.31174607374903 ], [ 103.828057624593598, 1.311703393974351 ], [ 103.828092152227811, 1.311723187221296 ] ], [ [ 103.82801097995025, 1.311676654551483 ], [ 103.828029064514837, 1.311738352957312 ], [ 103.828002069591449, 1.31173327816009 ], [ 103.827983569523255, 1.311660941299548 ], [ 103.82801097995025, 1.311676654551483 ] ], [ [ 103.828054467773256, 1.311838299998218 ], [ 103.828042744106426, 1.311818437667035 ], [ 103.828053109491037, 1.311820386264027 ], [ 103.828058360228241, 1.31183829999834 ], [ 103.828054467773256, 1.311838299998218 ] ], [ [ 103.82809716721917, 1.311838299999873 ], [ 103.828094179540869, 1.311828107054444 ], [ 103.828097308438061, 1.31182869525894 ], [ 103.828097777824695, 1.31183829999935 ], [ 103.82809716721917, 1.311838299999873 ] ], [ [ 103.831304798101925, 1.310084628818142 ], [ 103.8313048538038, 1.310084672704295 ], [ 103.831304839653455, 1.310084679914783 ], [ 103.831304783974929, 1.310084636008735 ], [ 103.831304798101925, 1.310084628818142 ] ], [ [ 103.827791211871499, 1.310094556069093 ], [ 103.827791053122951, 1.310094630717717 ], [ 103.827789700002555, 1.310090800005695 ], [ 103.827791211871499, 1.310094556069093 ] ], [ [ 103.827070719987418, 1.306879566624103 ], [ 103.827073499996771, 1.306875700005128 ], [ 103.827071013602747, 1.306879699467882 ], [ 103.827070719987418, 1.306879566624103 ] ], [ [ 103.836777124410162, 1.303982936404517 ], [ 103.836746474195834, 1.304000456594928 ], [ 103.836715931605298, 1.303937140483281 ], [ 103.836720282825738, 1.303936824931863 ], [ 103.836777124410162, 1.303982936404517 ] ], [ [ 103.836728531016448, 1.30401071322552 ], [ 103.836725552825897, 1.304003520615757 ], [ 103.836698536286789, 1.303938401994311 ], [ 103.836715525467753, 1.303937169936278 ], [ 103.83674644817215, 1.30400047147086 ], [ 103.836728531016448, 1.30401071322552 ] ], [ [ 103.837844406315568, 1.302299327336107 ], [ 103.83784439286255, 1.302299333257007 ], [ 103.837841512124058, 1.302290412588978 ], [ 103.837841533538196, 1.30229040156202 ], [ 103.837844406315568, 1.302299327336107 ] ], [ [ 103.837027389554279, 1.301550812577229 ], [ 103.837026717973927, 1.301549422384142 ], [ 103.837026729619055, 1.301549412347484 ], [ 103.837027402385502, 1.301550800843076 ], [ 103.837027389554279, 1.301550812577229 ] ], [ [ 103.832044964607704, 1.299558199355767 ], [ 103.832038956233362, 1.29955796182759 ], [ 103.83207960000297, 1.299481999994031 ], [ 103.832044964607704, 1.299558199355767 ] ], [ [ 103.831840882303894, 1.299546497937807 ], [ 103.831805762094376, 1.29954331037078 ], [ 103.831921299999678, 1.29939620000097 ], [ 103.831840882303894, 1.299546497937807 ] ], [ [ 103.829476678210099, 1.30409011530788 ], [ 103.829461239293664, 1.304099796347023 ], [ 103.829469914554195, 1.30411381103903 ], [ 103.829463840316734, 1.304122333102152 ], [ 103.829484361702882, 1.304137150088863 ], [ 103.829505156435573, 1.304170743519803 ], [ 103.829505202393804, 1.304174727760368 ], [ 103.829461599127654, 1.304164292040054 ], [ 103.829432096053722, 1.304129891090594 ], [ 103.829430682028729, 1.304121961679573 ], [ 103.829417102672437, 1.304043459166989 ], [ 103.8291515, 1.304089999999777 ], [ 103.829409615522351, 1.304011653652795 ], [ 103.829376415512613, 1.303900853656567 ], [ 103.829118296318299, 1.303979201118014 ], [ 103.829376406803959, 1.303900824599313 ], [ 103.829341115738814, 1.303783093647982 ], [ 103.829476678210099, 1.30409011530788 ] ], [ [ 103.829302559007573, 1.303695770414379 ], [ 103.829055800000091, 1.303770700000349 ], [ 103.829281073729575, 1.303647110581727 ], [ 103.829302559007573, 1.303695770414379 ] ], [ [ 103.829215572585937, 1.303498763653733 ], [ 103.829212415138045, 1.303492933610368 ], [ 103.828975699999901, 1.303622800000032 ], [ 103.829185176626467, 1.3034519878578 ], [ 103.829162476625697, 1.303423787859758 ], [ 103.828952999823827, 1.303594600143924 ], [ 103.82916221508728, 1.303423463463677 ], [ 103.829088042751039, 1.303331609347347 ], [ 103.829092229487983, 1.303296929177345 ], [ 103.829056511226284, 1.303292561090765 ], [ 103.829015815082016, 1.303242163475941 ], [ 103.828967509822149, 1.303281676855466 ], [ 103.828824599998555, 1.303264199999695 ], [ 103.829092096999929, 1.303230391482825 ], [ 103.829090136124464, 1.30321467522221 ], [ 103.829215572585937, 1.303498763653733 ] ], [ [ 103.82907400075274, 1.30317813183722 ], [ 103.828817900000246, 1.303210500000036 ], [ 103.829027898649258, 1.303073719796147 ], [ 103.82907400075274, 1.30317813183722 ] ], [ [ 103.829000506791289, 1.303011682714427 ], [ 103.828781699999794, 1.303154200000328 ], [ 103.828949828843662, 1.302942084970129 ], [ 103.828874728845335, 1.302881784974691 ], [ 103.828706600001013, 1.303093899999036 ], [ 103.828812186375984, 1.30284423214062 ], [ 103.828727686382635, 1.302808032143753 ], [ 103.828622099999976, 1.303057700000462 ], [ 103.82868857620106, 1.302794734460903 ], [ 103.828556976213918, 1.302761034464283 ], [ 103.828490500000086, 1.303024000000372 ], [ 103.828496381247504, 1.302782288898126 ], [ 103.828764077822143, 1.302614410415907 ], [ 103.828858397950839, 1.30268983454656 ], [ 103.829000506791289, 1.303011682714427 ] ], [ [ 103.828535561431991, 1.303315527989285 ], [ 103.828546268981285, 1.303320115128803 ], [ 103.828538970503729, 1.303380570792226 ], [ 103.828806599999837, 1.30341330000042 ], [ 103.828597384889449, 1.303584436506172 ], [ 103.828743653815522, 1.303765574203132 ], [ 103.828750749450236, 1.303774389046013 ], [ 103.828805744306479, 1.303875933873475 ], [ 103.828860187621075, 1.304057556828587 ], [ 103.828888687498335, 1.304152670906477 ], [ 103.828899597310212, 1.304215740805789 ], [ 103.829165200000389, 1.304169199999854 ], [ 103.828899842220991, 1.304217135103372 ], [ 103.828912842213398, 1.304290035104969 ], [ 103.829138668156858, 1.304249241164625 ], [ 103.829081902445424, 1.304267066753144 ], [ 103.828968962736639, 1.304296348258364 ], [ 103.828907212761933, 1.304304411648806 ], [ 103.828917015084684, 1.304380453767815 ], [ 103.828830800836613, 1.30438716242435 ], [ 103.82861310514977, 1.304385197830369 ], [ 103.828371118389043, 1.304376889681757 ], [ 103.828137300531907, 1.304354782618764 ], [ 103.828028747375427, 1.304327348888986 ], [ 103.828016991663119, 1.304324369273319 ], [ 103.828086469217709, 1.303946588632139 ], [ 103.827925933865373, 1.303916681017864 ], [ 103.828011513103391, 1.303627046100164 ], [ 103.827753100000081, 1.303549700000496 ], [ 103.828013704908784, 1.303619198576276 ], [ 103.8280271049032, 1.303568298575015 ], [ 103.827766500000237, 1.303498800000623 ], [ 103.828033109765258, 1.303458512732268 ], [ 103.828027709761457, 1.303422312732585 ], [ 103.827761100000174, 1.303462599999488 ], [ 103.82798497192033, 1.30331141286365 ], [ 103.82797773178342, 1.30330055265987 ], [ 103.828070506180907, 1.303324066973877 ], [ 103.828108281399594, 1.30333799195629 ], [ 103.828201, 1.303083200000144 ], [ 103.828223383037127, 1.303353606857572 ], [ 103.828287783044388, 1.303348206857042 ], [ 103.828265400000333, 1.303077800000152 ], [ 103.828359144544436, 1.303332211388872 ], [ 103.828416744548989, 1.303310711386831 ], [ 103.828322999999884, 1.303056300000206 ], [ 103.828418003240586, 1.303310237967909 ], [ 103.828457076980186, 1.3032954297675 ], [ 103.828535561431991, 1.303315527989285 ] ], [ [ 103.828187152645938, 1.30291591170653 ], [ 103.828190281152956, 1.302953706840751 ], [ 103.828150000000207, 1.303064399999871 ], [ 103.828187152645938, 1.30291591170653 ] ], [ [ 103.827963304635801, 1.303296895999105 ], [ 103.827747700000188, 1.303442500000391 ], [ 103.827815184489452, 1.303259353912475 ], [ 103.827963304635801, 1.303296895999105 ] ], [ [ 103.827578700000345, 1.302919599998471 ], [ 103.827564390690782, 1.302749643362085 ], [ 103.827617190383563, 1.302765765299259 ], [ 103.827578700000345, 1.302919599998471 ] ], [ [ 103.827804668630151, 1.302371506856161 ], [ 103.827799776917601, 1.302369941009184 ], [ 103.827800242480052, 1.302368396470925 ], [ 103.82780584761619, 1.302368004685346 ], [ 103.827804668630151, 1.302371506856161 ] ], [ [ 103.82739445339061, 1.302697754442369 ], [ 103.827515907517963, 1.302734839436067 ], [ 103.827531800000443, 1.302923600000545 ], [ 103.82739445339061, 1.302697754442369 ] ], [ [ 103.827516953582375, 1.304131967793667 ], [ 103.827617599998973, 1.304116900000024 ], [ 103.827576536402404, 1.304161051319415 ], [ 103.827516953582375, 1.304131967793667 ] ], [ [ 103.827641799999256, 1.304139700000813 ], [ 103.827632820643501, 1.304188524742274 ], [ 103.827607764755214, 1.304176294480065 ], [ 103.827641799999256, 1.304139700000813 ] ], [ [ 103.829503189501821, 1.304193475141309 ], [ 103.829500107510285, 1.304209193290217 ], [ 103.829482349717296, 1.304188487484242 ], [ 103.829503189501821, 1.304193475141309 ] ], [ [ 103.830358099999884, 1.305012900000102 ], [ 103.830357516690611, 1.305011837253241 ], [ 103.830357526682462, 1.305011831558468 ], [ 103.830358099999884, 1.305012900000102 ] ], [ [ 103.830062291807067, 1.30601992882936 ], [ 103.830062300404379, 1.306019924430542 ], [ 103.830063613041048, 1.306022424444632 ], [ 103.830063590690571, 1.306022436724971 ], [ 103.830062291807067, 1.30601992882936 ] ], [ [ 103.82800218226798, 1.302747119336967 ], [ 103.828043999999792, 1.302622899999816 ], [ 103.828027759032437, 1.302753601945856 ], [ 103.82800218226798, 1.302747119336967 ] ], [ [ 103.823981126200607, 1.305734052643265 ], [ 103.823981159228794, 1.305734213952215 ], [ 103.823954505782382, 1.305733331607402 ], [ 103.823954394374041, 1.30573314232706 ], [ 103.823981126200607, 1.305734052643265 ] ], [ [ 103.823972894473187, 1.305764573456746 ], [ 103.823987474230137, 1.305765056110207 ], [ 103.823995099999465, 1.30580229999892 ], [ 103.823972894473187, 1.305764573456746 ] ], [ [ 103.824144486896657, 1.30573962080285 ], [ 103.824144487181513, 1.305739615674198 ], [ 103.82414989998415, 1.305739799999116 ], [ 103.824144486896657, 1.30573962080285 ] ], [ [ 103.823005899184949, 1.303424117928323 ], [ 103.82306629999843, 1.303330300002066 ], [ 103.823012775404024, 1.303423715245774 ], [ 103.823005899184949, 1.303424117928323 ] ], [ [ 103.823150796457398, 1.30341563250665 ], [ 103.823166400000332, 1.303388400000083 ], [ 103.823159848469743, 1.303415102405744 ], [ 103.823150796457398, 1.30341563250665 ] ], [ [ 103.823231793455278, 1.303492464425791 ], [ 103.82323519087106, 1.303492265467497 ], [ 103.823235517688644, 1.303495839737218 ], [ 103.823230696300811, 1.303496936152414 ], [ 103.823231793455278, 1.303492464425791 ] ], [ [ 103.8231343972612, 1.30351883518334 ], [ 103.823085261624456, 1.303530008946438 ], [ 103.823102433089119, 1.30350003998546 ], [ 103.823139541921719, 1.303497866830805 ], [ 103.8231343972612, 1.30351883518334 ] ], [ [ 103.823105740992062, 1.304131664300926 ], [ 103.823084000000748, 1.304125700000509 ], [ 103.823105139785227, 1.304129036204532 ], [ 103.823105851074715, 1.304131461809585 ], [ 103.823105740992062, 1.304131664300926 ] ], [ [ 103.83016195185148, 1.300631921356013 ], [ 103.830163531293152, 1.300630140261282 ], [ 103.830163606814907, 1.300630188806776 ], [ 103.830162023963254, 1.300631976573001 ], [ 103.83016195185148, 1.300631921356013 ] ], [ [ 103.823969563780949, 1.301187693706202 ], [ 103.823969572000834, 1.301187695134225 ], [ 103.823969572000834, 1.301187695137842 ], [ 103.823969563780039, 1.30118769370982 ], [ 103.823969563780949, 1.301187693706202 ] ], [ [ 103.840095097071952, 1.301015354151579 ], [ 103.840098100014302, 1.301014399995217 ], [ 103.840095104763577, 1.301015381639726 ], [ 103.840095097071952, 1.301015354151579 ] ], [ [ 103.836319200001014, 1.307992300000381 ], [ 103.836289431030693, 1.307989821454243 ], [ 103.836289694848446, 1.307966464262901 ], [ 103.836319200001014, 1.307992300000381 ] ], [ [ 103.836404299999941, 1.309329300000042 ], [ 103.836406325176881, 1.309330023374478 ], [ 103.836406323552325, 1.309330028114255 ], [ 103.836404299999941, 1.309329300000042 ] ], [ [ 103.836707546487929, 1.309858176671892 ], [ 103.836625661985408, 1.309975502319486 ], [ 103.836625661668222, 1.309975502082543 ], [ 103.836707546487929, 1.309858176671892 ] ], [ [ 103.836078400000588, 1.309936899999881 ], [ 103.836079136453293, 1.309937395606316 ], [ 103.836079135589785, 1.309937397064153 ], [ 103.836078400000588, 1.309936899999881 ] ], [ [ 103.83615888623558, 1.310303035999186 ], [ 103.836185096262795, 1.310322545018345 ], [ 103.836178117562866, 1.310333391648582 ], [ 103.836282138387034, 1.310676235902956 ], [ 103.836607290201727, 1.310736978552203 ], [ 103.836949021483122, 1.311049686030919 ], [ 103.836857588459424, 1.311185444574634 ], [ 103.83685413429663, 1.311243733469504 ], [ 103.836822315362596, 1.311222213910739 ], [ 103.836683064561839, 1.311127947220441 ], [ 103.836535194941533, 1.311349216970161 ], [ 103.836535194255944, 1.311349216478188 ], [ 103.836683024049833, 1.311127919800157 ], [ 103.836310624068361, 1.31087591982252 ], [ 103.836160199999924, 1.311101100000328 ], [ 103.836289338112294, 1.310862910702437 ], [ 103.835906276639804, 1.310652530660465 ], [ 103.835914664302464, 1.310641019555711 ], [ 103.836131028553694, 1.310344368534633 ], [ 103.835913699999935, 1.310183800000309 ], [ 103.83613753049822, 1.310335050155747 ], [ 103.83615888623558, 1.310303035999186 ] ], [ [ 103.835619415264901, 1.31012874395324 ], [ 103.835528705572173, 1.310253113465202 ], [ 103.835492252988729, 1.310231821109501 ], [ 103.835619415264901, 1.31012874395324 ] ], [ [ 103.835680751059698, 1.310468284866721 ], [ 103.835680755621624, 1.310468276539327 ], [ 103.835697299360945, 1.310480499527531 ], [ 103.835680751059698, 1.310468284866721 ] ], [ [ 103.837124786297835, 1.311746575437017 ], [ 103.837124722622093, 1.311746528518672 ], [ 103.837198144548395, 1.311635155244216 ], [ 103.837201215734083, 1.311635437460922 ], [ 103.837124786297835, 1.311746575437017 ] ], [ [ 103.837424919902972, 1.312113030536985 ], [ 103.837475274593402, 1.312155334795385 ], [ 103.837448624525535, 1.312163260268743 ], [ 103.837413231066975, 1.312127047126721 ], [ 103.837424919902972, 1.312113030536985 ] ], [ [ 103.837230644702956, 1.312474486260979 ], [ 103.837230413846427, 1.312475449423323 ], [ 103.837190800012436, 1.312442300010217 ], [ 103.837230644702956, 1.312474486260979 ] ], [ [ 103.829944429293917, 1.313396851278378 ], [ 103.830009797106428, 1.313457039199978 ], [ 103.83000881005394, 1.313466589591988 ], [ 103.829926563288197, 1.31355840792053 ], [ 103.830327036740528, 1.313921792063305 ], [ 103.830413955489448, 1.313824758025411 ], [ 103.83051684698772, 1.313911278506341 ], [ 103.8305114770979, 1.313917542557927 ], [ 103.830715599938756, 1.314094799947694 ], [ 103.830510838000706, 1.313918290820415 ], [ 103.830392637997662, 1.314057190810447 ], [ 103.830597400001565, 1.314233700000643 ], [ 103.830348704433916, 1.314128939236865 ], [ 103.830323504428634, 1.314189539234327 ], [ 103.830572199998528, 1.314294299999685 ], [ 103.830302731078817, 1.314285871053314 ], [ 103.830300131069265, 1.31437007105353 ], [ 103.830569599999791, 1.314378500000198 ], [ 103.830302129537301, 1.314412529943924 ], [ 103.830312629528919, 1.314496129944807 ], [ 103.830580100000162, 1.3144621 ], [ 103.830344323745578, 1.314593687019808 ], [ 103.830390814712317, 1.314678070638372 ], [ 103.830595806724261, 1.315050256199549 ], [ 103.830831599999271, 1.314918700000659 ], [ 103.83062586994113, 1.315094065286119 ], [ 103.830689569938997, 1.315169765291844 ], [ 103.830895300000719, 1.314994399998498 ], [ 103.830721132443273, 1.315201521182559 ], [ 103.830820332446194, 1.315286021188761 ], [ 103.831168667525077, 1.31487177879797 ], [ 103.831146218998455, 1.314852656819732 ], [ 103.831357938942617, 1.31459442216266 ], [ 103.831556322427687, 1.314751934852525 ], [ 103.831723300675193, 1.314538899138726 ], [ 103.831556376448489, 1.314751977733015 ], [ 103.831721076454016, 1.314882677743638 ], [ 103.831867488427974, 1.314695783003971 ], [ 103.831867488911399, 1.314695783429022 ], [ 103.831721080551404, 1.314882680994831 ], [ 103.831841667703017, 1.314978370804313 ], [ 103.832025337822785, 1.315124147096166 ], [ 103.832309901128596, 1.315350097020064 ], [ 103.832229681027741, 1.315452638230572 ], [ 103.832441499958165, 1.315620499966428 ], [ 103.832228822182785, 1.315453741902388 ], [ 103.832212722181808, 1.31547454190141 ], [ 103.832638077846667, 1.315808058080673 ], [ 103.832653749860171, 1.315787811005589 ], [ 103.832733254886747, 1.315686183814712 ], [ 103.832842032151973, 1.315772542624839 ], [ 103.833008856657742, 1.315559682897846 ], [ 103.833008856668528, 1.31555968290689 ], [ 103.832842045155786, 1.315772552949069 ], [ 103.833156644830538, 1.316022283577155 ], [ 103.833080321211355, 1.316094997288542 ], [ 103.83302930275299, 1.316236126231735 ], [ 103.833048616884611, 1.316411666936396 ], [ 103.833049141821064, 1.316416503061874 ], [ 103.832849639267138, 1.316705415864546 ], [ 103.832987739273833, 1.316802015873331 ], [ 103.83310239937272, 1.316635969021708 ], [ 103.833102618675696, 1.316636515643256 ], [ 103.832989315158699, 1.316803109862705 ], [ 103.83306711516272, 1.316856709867628 ], [ 103.833203320021653, 1.316656442971851 ], [ 103.833217348718961, 1.316641730594257 ], [ 103.833158676213117, 1.316897171169675 ], [ 103.833178876214973, 1.316901871169636 ], [ 103.833239599999558, 1.316637499999824 ], [ 103.833324062509433, 1.316895183594773 ], [ 103.83334966251202, 1.316886683593194 ], [ 103.833265200000696, 1.316629 ], [ 103.833326841625905, 1.316670940038781 ], [ 103.833312919788554, 1.316771022799716 ], [ 103.83339233415218, 1.316782213005223 ], [ 103.833460775840663, 1.316762066864038 ], [ 103.833488552236915, 1.316780965504142 ], [ 103.833511218764457, 1.316747218743844 ], [ 103.833531620408721, 1.316741213420768 ], [ 103.833549674978471, 1.316724894866693 ], [ 103.833561539389109, 1.316758012797941 ], [ 103.833598216534412, 1.316825224131052 ], [ 103.833629791782897, 1.316871872343855 ], [ 103.833688439938783, 1.316831659215277 ], [ 103.833771378747571, 1.317044393348855 ], [ 103.833933178761896, 1.316980493342147 ], [ 103.833913666275649, 1.316930444746392 ], [ 103.833944820202504, 1.316954802392555 ], [ 103.833953026836014, 1.316971712138901 ], [ 103.833961266854558, 1.31696766117994 ], [ 103.834180107381798, 1.317138761258925 ], [ 103.834324645913327, 1.316951493552907 ], [ 103.834391453894156, 1.317008727061571 ], [ 103.834566199999898, 1.31680210000043 ], [ 103.834424636281369, 1.317033026211027 ], [ 103.834606640695526, 1.317146048034547 ], [ 103.83465861439889, 1.317190325947011 ], [ 103.834577614470078, 1.317216864740531 ], [ 103.834403354372228, 1.317272950711222 ], [ 103.834383510355806, 1.317278967248105 ], [ 103.833548845695347, 1.317555114267669 ], [ 103.833227581569915, 1.317661302409148 ], [ 103.833249899411911, 1.317729699861241 ], [ 103.833249845804332, 1.317729720117199 ], [ 103.833227507589484, 1.317661326874018 ], [ 103.832811450700333, 1.317798981011228 ], [ 103.832696595312783, 1.317836239462307 ], [ 103.832351806694135, 1.317948131225778 ], [ 103.832307688362633, 1.31790952768738 ], [ 103.832165476466088, 1.317858477262308 ], [ 103.831935691067272, 1.317940642956831 ], [ 103.83193705356878, 1.317925813853119 ], [ 103.831743283820813, 1.317764219907501 ], [ 103.83158944827629, 1.317740050418341 ], [ 103.831499625566892, 1.317748652593341 ], [ 103.831385017620761, 1.317769470268844 ], [ 103.831410443118344, 1.317911262808727 ], [ 103.831388072108709, 1.317919842138958 ], [ 103.831373572956963, 1.317931073571659 ], [ 103.831300035942888, 1.317800395466899 ], [ 103.831101485011033, 1.317913577213822 ], [ 103.83103868338047, 1.318133048798134 ], [ 103.831051472155195, 1.318296023922225 ], [ 103.830921223219008, 1.318339870804594 ], [ 103.830944804697609, 1.31841082984146 ], [ 103.830836777731733, 1.318446072467817 ], [ 103.830740530378407, 1.318473913401538 ], [ 103.830887484755593, 1.318988535701566 ], [ 103.830370445559339, 1.319161949809653 ], [ 103.830346184536012, 1.319072071450948 ], [ 103.830234714259063, 1.318887403080831 ], [ 103.830111842321301, 1.318821530820335 ], [ 103.830011896020537, 1.318780244209207 ], [ 103.829867146102146, 1.31876818171769 ], [ 103.829852178465316, 1.318950124728107 ], [ 103.829849051294246, 1.31893769478939 ], [ 103.829814683768234, 1.31894645333344 ], [ 103.829806672180368, 1.318922021393336 ], [ 103.829840271978952, 1.318909396295973 ], [ 103.829825289572938, 1.31886900530771 ], [ 103.829831267566576, 1.318855536214409 ], [ 103.829886938457264, 1.318710641059673 ], [ 103.829907274629548, 1.318602315646124 ], [ 103.829902630570231, 1.318481128157095 ], [ 103.829744155443379, 1.31796637677089 ], [ 103.82968559327081, 1.317882552494919 ], [ 103.829604733886541, 1.317820484379132 ], [ 103.829508782453189, 1.317786216010417 ], [ 103.829388538424993, 1.317782162839992 ], [ 103.828851532958268, 1.318016797767008 ], [ 103.828789788423762, 1.318190381415295 ], [ 103.828787734438848, 1.31821442061545 ], [ 103.828618587818369, 1.31819303571282 ], [ 103.828613496559313, 1.318171472016595 ], [ 103.828613495450512, 1.318171467319323 ], [ 103.828611038601238, 1.318161060671024 ], [ 103.828662067156515, 1.317514124756905 ], [ 103.828687343451065, 1.317289282621501 ], [ 103.828742913270872, 1.317274288149016 ], [ 103.828603286744041, 1.31675011184885 ], [ 103.828392923371183, 1.316806874446172 ], [ 103.828213286667136, 1.316615472500518 ], [ 103.828017300000113, 1.316801800000046 ], [ 103.828206153052164, 1.316608153737346 ], [ 103.827772795716797, 1.31618003631495 ], [ 103.827770272855929, 1.316176746072313 ], [ 103.827878620376623, 1.316245361964575 ], [ 103.8280222, 1.316015700000379 ], [ 103.827918434378617, 1.316266140156007 ], [ 103.828008734385989, 1.31630404016014 ], [ 103.828112499999961, 1.316053599999873 ], [ 103.828068382431283, 1.316321285888089 ], [ 103.828185782443697, 1.316340885890559 ], [ 103.828229899999315, 1.31607320000296 ], [ 103.828225459535645, 1.316344506818229 ], [ 103.828340059548466, 1.316346406818125 ], [ 103.828344499999758, 1.316075100002607 ], [ 103.828386592440822, 1.316343116020622 ], [ 103.828496592452709, 1.3163256160188 ], [ 103.828454500000177, 1.316057600001667 ], [ 103.828557343138698, 1.316308425317097 ], [ 103.828702025726798, 1.316248332548195 ], [ 103.829256005147244, 1.316018341089571 ], [ 103.829153200206434, 1.315767500502368 ], [ 103.829256196833398, 1.316018261421688 ], [ 103.829325837143799, 1.315989286255988 ], [ 103.829505077538613, 1.315914811021314 ], [ 103.829402199997517, 1.315663999994168 ], [ 103.829520394919598, 1.315907876924557 ], [ 103.829630794927056, 1.315853676919172 ], [ 103.829512599999461, 1.315609799999342 ], [ 103.829696937360765, 1.315807804895435 ], [ 103.82975313736209, 1.315754804891861 ], [ 103.829568800001127, 1.315556800000765 ], [ 103.829826970336313, 1.315634967128906 ], [ 103.829843170330463, 1.315580767127208 ], [ 103.82958500000035, 1.315502600000733 ], [ 103.829854502623306, 1.315495339304556 ], [ 103.829852502615154, 1.31542013930503 ], [ 103.829583000000255, 1.315427400000112 ], [ 103.829847274450913, 1.315373737888302 ], [ 103.829829563984262, 1.315285385244102 ], [ 103.830151423449948, 1.314962421474162 ], [ 103.829666303258733, 1.314472682965147 ], [ 103.82965633451424, 1.31442165251289 ], [ 103.829622426174765, 1.314428362475868 ], [ 103.829621423662061, 1.314427349383331 ], [ 103.82965606892094, 1.314420310808789 ], [ 103.829606116169032, 1.314171240969684 ], [ 103.829585949749273, 1.314061206781513 ], [ 103.829571773164446, 1.313983435278355 ], [ 103.829563976178122, 1.313984875006992 ], [ 103.829564125672917, 1.31398465712858 ], [ 103.829571738550783, 1.313983245771393 ], [ 103.829570339446221, 1.313975600994497 ], [ 103.829626533890604, 1.313893701563999 ], [ 103.829626536212473, 1.31389369817987 ], [ 103.829626541409695, 1.313893690605823 ], [ 103.829776333880332, 1.313675401550527 ], [ 103.829672860611026, 1.313603475037972 ], [ 103.829680153689097, 1.313584265807947 ], [ 103.829795764406526, 1.313642291021213 ], [ 103.829812164403933, 1.313609191019673 ], [ 103.829693334115845, 1.31354954989806 ], [ 103.829695167203113, 1.313544721730018 ], [ 103.829816502893976, 1.313600007723179 ], [ 103.829851002887935, 1.313523307719575 ], [ 103.829725080922159, 1.313465932014033 ], [ 103.829725179891511, 1.313465671336478 ], [ 103.829851236612257, 1.31352278664757 ], [ 103.829879236607624, 1.313460186644185 ], [ 103.829749568226603, 1.313401434919334 ], [ 103.829750163490218, 1.313399867054758 ], [ 103.829880662814588, 1.313456941531484 ], [ 103.829907244833549, 1.313395373219604 ], [ 103.829922283864221, 1.313392385498769 ], [ 103.829928716669698, 1.313391356250126 ], [ 103.829930184493676, 1.313391494762827 ], [ 103.829944429293917, 1.313396851278378 ] ], [ [ 103.829133122684723, 1.313657795961884 ], [ 103.829063058609535, 1.31375990936371 ], [ 103.829154317394014, 1.313823338694582 ], [ 103.829152099470519, 1.313826795189011 ], [ 103.829059185642024, 1.3137657124103 ], [ 103.828867085626882, 1.314061712392779 ], [ 103.829061127342044, 1.314189277979106 ], [ 103.829062082963631, 1.314194492146963 ], [ 103.828852132039628, 1.31408781246758 ], [ 103.828758332026155, 1.314274812458706 ], [ 103.828999000020858, 1.31439710001054 ], [ 103.828757289190264, 1.314276914023083 ], [ 103.828750293589763, 1.314291165826506 ], [ 103.828718451220183, 1.31420248059282 ], [ 103.828464900001137, 1.314294699999751 ], [ 103.828699746253818, 1.31416143900666 ], [ 103.828672746250476, 1.31411323900912 ], [ 103.828437899995492, 1.314246500002432 ], [ 103.828661891169233, 1.314095490465253 ], [ 103.828622691166032, 1.314036590468608 ], [ 103.82839869999971, 1.314187599999619 ], [ 103.828510569392677, 1.313994422545435 ], [ 103.82866977669093, 1.313899550410287 ], [ 103.828783647315291, 1.313727502869321 ], [ 103.829133122684723, 1.313657795961884 ] ], [ [ 103.829226252193834, 1.313873336904664 ], [ 103.829226577830667, 1.313873563238748 ], [ 103.829225592224887, 1.313875110292209 ], [ 103.829225258165039, 1.313874890676638 ], [ 103.829226252193834, 1.313873336904664 ] ], [ [ 103.829185909535667, 1.313845296782169 ], [ 103.829184231735539, 1.313847919362839 ], [ 103.82918399241602, 1.313847762031016 ], [ 103.829185677689381, 1.313845135637558 ], [ 103.829185909535667, 1.313845296782169 ] ], [ [ 103.825951786512036, 1.31439633452251 ], [ 103.825953472244137, 1.314396353008215 ], [ 103.825859399989696, 1.314615000024633 ], [ 103.825951786512036, 1.31439633452251 ] ], [ [ 103.826980136437669, 1.314511914126784 ], [ 103.827097078512821, 1.314411774417619 ], [ 103.82729891548901, 1.314278052590248 ], [ 103.827513870854858, 1.314117070498414 ], [ 103.827671679974074, 1.313993245553863 ], [ 103.827726731348335, 1.314113097546269 ], [ 103.827746777581652, 1.314103770193747 ], [ 103.827658833969195, 1.314180024511534 ], [ 103.827818457251027, 1.314366507290683 ], [ 103.827816980978128, 1.314368952390192 ], [ 103.827637208305575, 1.314200997839594 ], [ 103.827556508304994, 1.314288497834024 ], [ 103.827754100000448, 1.314473100000181 ], [ 103.82752706097537, 1.314326773773788 ], [ 103.827389760963754, 1.314542573761355 ], [ 103.827616800000214, 1.314688900000107 ], [ 103.827369878878059, 1.314579970196632 ], [ 103.827218978850439, 1.314926470181735 ], [ 103.827465899999964, 1.315035400000049 ], [ 103.827197494891863, 1.315009890861933 ], [ 103.827185194877899, 1.315140990861171 ], [ 103.82745359999717, 1.315166499999751 ], [ 103.827184486262368, 1.315182775072773 ], [ 103.827187884432689, 1.315239694523092 ], [ 103.82717331436217, 1.315212891592858 ], [ 103.826993924390564, 1.314815517486558 ], [ 103.826989788281736, 1.314806323367218 ], [ 103.826959691563999, 1.314659323271756 ], [ 103.826964806552951, 1.31456431362708 ], [ 103.826973812359199, 1.314533472503529 ], [ 103.826980136437669, 1.314511914126784 ] ], [ [ 103.82807690739628, 1.31395168747221 ], [ 103.828117155767558, 1.313933954826553 ], [ 103.82816609999972, 1.314157799998712 ], [ 103.82807690739628, 1.31395168747221 ] ], [ [ 103.828215135684815, 1.313944762638099 ], [ 103.828287345164597, 1.313977525856083 ], [ 103.828257299999805, 1.314137600000387 ], [ 103.828215135684815, 1.313944762638099 ] ], [ [ 103.828370101582763, 1.313995156360389 ], [ 103.828425913822684, 1.314005733679392 ], [ 103.828340399999846, 1.314153399999888 ], [ 103.828370101582763, 1.313995156360389 ] ], [ [ 103.828225931812639, 1.314427535144501 ], [ 103.82823345429172, 1.314448486258519 ], [ 103.828210340412795, 1.314434369730978 ], [ 103.828225931812639, 1.314427535144501 ] ], [ [ 103.828027400000536, 1.314218599999936 ], [ 103.827877175217935, 1.314043097207937 ], [ 103.827939004168243, 1.314014328683591 ], [ 103.828027400000536, 1.314218599999936 ] ], [ [ 103.827723962670561, 1.315171144544037 ], [ 103.827730228644185, 1.315104358355472 ], [ 103.827843207371913, 1.314844933983754 ], [ 103.827988843011966, 1.314933879236562 ], [ 103.827991032263697, 1.314941729269683 ], [ 103.827998323640017, 1.314939669417535 ], [ 103.828005486142487, 1.314944043831373 ], [ 103.828008901644083, 1.314948943506632 ], [ 103.828011038290327, 1.314947434739708 ], [ 103.82805383977076, 1.314973575236619 ], [ 103.828089875544052, 1.314913805519631 ], [ 103.828250600000572, 1.314868400000065 ], [ 103.828046465585857, 1.315045644100064 ], [ 103.828086665585076, 1.315092544103242 ], [ 103.828290799999905, 1.3149153 ], [ 103.828133254866856, 1.315135492278794 ], [ 103.828176635586004, 1.31516693368851 ], [ 103.828110410297413, 1.315261892464483 ], [ 103.828293033246226, 1.315390909289038 ], [ 103.828307404975334, 1.315414712469006 ], [ 103.828317761001657, 1.315408378594626 ], [ 103.828342410307783, 1.315425792478532 ], [ 103.828381922872808, 1.31536913639808 ], [ 103.828421892421673, 1.315344690524226 ], [ 103.828456936651051, 1.315370089818546 ], [ 103.828363765964554, 1.315481034857896 ], [ 103.828392565965459, 1.315505534859327 ], [ 103.828486181677718, 1.31539405989373 ], [ 103.828489924301266, 1.31539782832901 ], [ 103.828492136995095, 1.315395602259547 ], [ 103.828494054881943, 1.31539699230166 ], [ 103.828502531679959, 1.315385144741043 ], [ 103.828538120754018, 1.31534934053369 ], [ 103.828434589656979, 1.315534889052283 ], [ 103.828475989660006, 1.315558289054517 ], [ 103.828608000000386, 1.315321700000091 ], [ 103.828596028344009, 1.315592775972514 ], [ 103.828634028348432, 1.315594475972797 ], [ 103.828645999999836, 1.315323399999276 ], [ 103.828748186723445, 1.315574496926593 ], [ 103.828772686725301, 1.315564396925661 ], [ 103.828670500000527, 1.31531330000023 ], [ 103.828883097832744, 1.315480161364353 ], [ 103.828903397832462, 1.315453961362421 ], [ 103.828690800000203, 1.3152871 ], [ 103.828959834017184, 1.315304659711619 ], [ 103.828962334013795, 1.315265859711626 ], [ 103.82869330000004, 1.315248300000295 ], [ 103.828951373826598, 1.315169810838206 ], [ 103.828938673822407, 1.315127510839454 ], [ 103.828680599999828, 1.315206000000262 ], [ 103.828724308885754, 1.315162026888048 ], [ 103.828770509523551, 1.31514257256784 ], [ 103.828766830488846, 1.315133722062045 ], [ 103.828768194999327, 1.315132887509586 ], [ 103.828762701210493, 1.315123788423148 ], [ 103.828762588085311, 1.31512351628423 ], [ 103.828871275669272, 1.315014171655549 ], [ 103.828842275669373, 1.314984971657832 ], [ 103.828738567287488, 1.315089306982299 ], [ 103.828737958164737, 1.315088788804621 ], [ 103.828740010314959, 1.315085110938098 ], [ 103.828723770123716, 1.315075931699509 ], [ 103.82880914509029, 1.314956607687659 ], [ 103.828704634550888, 1.314880860734398 ], [ 103.8287549, 1.31468070000044 ], [ 103.828804924703277, 1.314947331585993 ], [ 103.828861224708419, 1.314936631585133 ], [ 103.82881120000026, 1.314669999999768 ], [ 103.828933882748743, 1.314911621377453 ], [ 103.828986182752658, 1.314884721375202 ], [ 103.828863500000466, 1.314643100000038 ], [ 103.829084041245991, 1.314799168625805 ], [ 103.82913364124353, 1.314728168621711 ], [ 103.828913099999326, 1.31457209999937 ], [ 103.829154810845992, 1.314692285961538 ], [ 103.829158870924815, 1.314684014553922 ], [ 103.8292566301145, 1.3151712847542 ], [ 103.829304493895194, 1.315410064261392 ], [ 103.829291556441788, 1.31541641580065 ], [ 103.829120022496625, 1.315487688966514 ], [ 103.829222900467784, 1.315738501139688 ], [ 103.829119903180711, 1.315487738577045 ], [ 103.829050298730465, 1.315516698820585 ], [ 103.828496394920009, 1.315746658883923 ], [ 103.828599200000042, 1.315997500000102 ], [ 103.828496356869948, 1.315746674684004 ], [ 103.828381025795451, 1.315794576532952 ], [ 103.828325532045881, 1.315803405083657 ], [ 103.828254312280123, 1.31580222430243 ], [ 103.828187434262361, 1.315791058977592 ], [ 103.828146734146912, 1.315773976648493 ], [ 103.828021052679674, 1.315694383266334 ], [ 103.82789580848619, 1.31556515839633 ], [ 103.827795174260771, 1.315395013959647 ], [ 103.827727896894771, 1.315237042680351 ], [ 103.827723962670561, 1.315171144544037 ] ], [ [ 103.82822959999794, 1.314793100000585 ], [ 103.828342920994771, 1.314713079717986 ], [ 103.828352070347762, 1.314728515745859 ], [ 103.828583600001252, 1.314589499999409 ], [ 103.828470843884901, 1.314709950297683 ], [ 103.828454734385602, 1.314691155882904 ], [ 103.82844934683375, 1.31469583374209 ], [ 103.828448345105315, 1.314695107710716 ], [ 103.82844533059496, 1.314699320929168 ], [ 103.828389277520287, 1.314747990233225 ], [ 103.82822959999794, 1.314793100000585 ] ], [ [ 103.828522211072453, 1.31474864416484 ], [ 103.828630000000686, 1.314633499998554 ], [ 103.828556941269653, 1.314773815858483 ], [ 103.828522211072453, 1.31474864416484 ] ], [ [ 103.828551000000289, 1.314534500000393 ], [ 103.828429515219895, 1.314607442268983 ], [ 103.828414398325975, 1.314585756476258 ], [ 103.828193699999986, 1.314741600000026 ], [ 103.828284576893211, 1.314590869569457 ], [ 103.82829744873986, 1.314626719389823 ], [ 103.828551000000289, 1.314534500000393 ] ], [ [ 103.82868650000033, 1.314663300000578 ], [ 103.828643070290454, 1.314836240300349 ], [ 103.828609226368201, 1.314811710961759 ], [ 103.82868650000033, 1.314663300000578 ] ], [ [ 103.829210506972913, 1.314578818863013 ], [ 103.829211567285455, 1.314576658737247 ], [ 103.829404399954527, 1.314538500009369 ], [ 103.829210506972913, 1.314578818863013 ] ], [ [ 103.829591193562536, 1.314433490967212 ], [ 103.829589885968844, 1.314434801705308 ], [ 103.82939179989674, 1.314474000021014 ], [ 103.829591193562536, 1.314433490967212 ] ], [ [ 103.829539921839725, 1.315113737531024 ], [ 103.829520900000233, 1.315117600000047 ], [ 103.829539919067713, 1.315113734732011 ], [ 103.829539921839725, 1.315113737531024 ] ], [ [ 103.827461600000277, 1.315300500000382 ], [ 103.827266655801608, 1.315384601400002 ], [ 103.827228598231002, 1.315314591147043 ], [ 103.827461600000277, 1.315300500000382 ] ], [ [ 103.826748400000142, 1.314927600000149 ], [ 103.826641135491272, 1.314976652013379 ], [ 103.826641482842049, 1.314976322717046 ], [ 103.826748400000142, 1.314927600000149 ] ], [ [ 103.826551556756669, 1.315147518209865 ], [ 103.826652382823156, 1.315370862269299 ], [ 103.826586662338912, 1.315402436711916 ], [ 103.826588590824613, 1.315353065822947 ], [ 103.826519457465224, 1.315350330331419 ], [ 103.826510779639634, 1.315338713434789 ], [ 103.826526147476216, 1.31521272517285 ], [ 103.826551556756669, 1.315147518209865 ] ], [ [ 103.820857700004012, 1.314989100002494 ], [ 103.821086559949748, 1.315132524032568 ], [ 103.821314661435622, 1.314763819533012 ], [ 103.821336011831775, 1.314744713593198 ], [ 103.821355710460068, 1.314734548952269 ], [ 103.821371194320136, 1.314734311860951 ], [ 103.821471586512459, 1.314764030470716 ], [ 103.821398200819218, 1.315023514458563 ], [ 103.821657500000256, 1.315097799999927 ], [ 103.821388720524496, 1.315076657568958 ], [ 103.821375620507169, 1.315245357567201 ], [ 103.82164439999994, 1.315266499999724 ], [ 103.821382846302541, 1.315332293895827 ], [ 103.821423646285851, 1.315496593899911 ], [ 103.821685200000246, 1.315430799999737 ], [ 103.821473826782878, 1.315599229982275 ], [ 103.821547926779516, 1.315693429987922 ], [ 103.821759299999954, 1.315525000000126 ], [ 103.821577570584168, 1.315725432059168 ], [ 103.821665870584908, 1.31580653206628 ], [ 103.821847600001433, 1.315606099998173 ], [ 103.821699119875035, 1.315832583527564 ], [ 103.822049819892428, 1.316065483548506 ], [ 103.822198300000437, 1.315839000000187 ], [ 103.822049833212503, 1.316065492394157 ], [ 103.823168333268455, 1.316808192460273 ], [ 103.82331679793829, 1.316581703145551 ], [ 103.823168348139433, 1.316808202333283 ], [ 103.823189075865884, 1.316821963853225 ], [ 103.822973170996534, 1.317125126042448 ], [ 103.822944273310668, 1.317099665300504 ], [ 103.822897226166404, 1.317054888999817 ], [ 103.822661958500106, 1.316631057218452 ], [ 103.822191241475323, 1.316895742759407 ], [ 103.82244664144558, 1.31735584278312 ], [ 103.822682000000853, 1.31722349999911 ], [ 103.822496765608179, 1.31742065516368 ], [ 103.822577565608739, 1.317497555169628 ], [ 103.82276279999455, 1.317300400006366 ], [ 103.82258522145527, 1.317504566254632 ], [ 103.822754221458055, 1.317653466266557 ], [ 103.822931800000603, 1.317449299999154 ], [ 103.822843739459231, 1.317705760590667 ], [ 103.822880539462957, 1.317718560591951 ], [ 103.822968600000124, 1.317462099999129 ], [ 103.82295005178581, 1.317732800678519 ], [ 103.822988951789711, 1.317735500679181 ], [ 103.823007499999846, 1.317464800000376 ], [ 103.823059781125266, 1.31773099271451 ], [ 103.823097981128839, 1.317723392714238 ], [ 103.823045700000421, 1.31745719999996 ], [ 103.823164544072938, 1.317700757177019 ], [ 103.823199544075464, 1.317683457175481 ], [ 103.823080700000347, 1.317439900000048 ], [ 103.823299822829853, 1.317597979868646 ], [ 103.823639427121392, 1.3171211254178 ], [ 103.823943329365946, 1.317323123452879 ], [ 103.824091900000596, 1.317096699999225 ], [ 103.823975129543385, 1.317341271076454 ], [ 103.824510229582955, 1.317600071101674 ], [ 103.824627000000405, 1.317355499999443 ], [ 103.82455090216159, 1.317615810018501 ], [ 103.825153002218656, 1.317794110036678 ], [ 103.825229100000612, 1.317533800000021 ], [ 103.825189227180061, 1.31780215961028 ], [ 103.825468557016023, 1.317844201127709 ], [ 103.825459629071702, 1.317908881179661 ], [ 103.825391557248196, 1.318227912914813 ], [ 103.825363512647172, 1.318365318396466 ], [ 103.825330171683945, 1.31836777647499 ], [ 103.824856086227896, 1.318402490675382 ], [ 103.824834163306448, 1.318138407370486 ], [ 103.8242968366893, 1.318183592599544 ], [ 103.824318710106638, 1.318447080255999 ], [ 103.824212124555572, 1.318456963483108 ], [ 103.824089329103245, 1.318465978583455 ], [ 103.824069968196881, 1.318218408498687 ], [ 103.823532431798682, 1.318260991472095 ], [ 103.823551914570587, 1.318510120548283 ], [ 103.823370422077119, 1.318524330717235 ], [ 103.823340675812616, 1.318116532652397 ], [ 103.822802924182739, 1.318156267318411 ], [ 103.822839724128926, 1.318660767321512 ], [ 103.82293130504452, 1.318654000382881 ], [ 103.822931307353684, 1.318654028508631 ], [ 103.822839727245821, 1.318660810003919 ], [ 103.822852527227099, 1.318835910005727 ], [ 103.822945669726437, 1.318829012814888 ], [ 103.822967995757111, 1.319101022469157 ], [ 103.823142986628412, 1.31908647311416 ], [ 103.823175445780976, 1.319083923453069 ], [ 103.823207454087608, 1.319081417329437 ], [ 103.823247486711253, 1.319602435878926 ], [ 103.823307667102512, 1.319597751880229 ], [ 103.823344210458515, 1.320077449538404 ], [ 103.823751110502457, 1.320046049534694 ], [ 103.823730500000408, 1.319775500000383 ], [ 103.823751203547559, 1.320046042338121 ], [ 103.823854403559238, 1.320038042337611 ], [ 103.823833700000975, 1.319767500008778 ], [ 103.823855448079698, 1.3200379593119 ], [ 103.824339148131045, 1.319998559307753 ], [ 103.824317400000368, 1.319728100003007 ], [ 103.824343325442811, 1.319998186107038 ], [ 103.824448225453622, 1.319987986106024 ], [ 103.824422431007577, 1.319719264815429 ], [ 103.824422476374565, 1.319719260999174 ], [ 103.824457168641402, 1.319986964592274 ], [ 103.824483068644696, 1.319983564591525 ], [ 103.824448532938163, 1.319717069126494 ], [ 103.82458606287345, 1.319705500130711 ], [ 103.824525227652657, 1.318972916254427 ], [ 103.824631749951195, 1.318963038881305 ], [ 103.825275550866493, 1.318915897567715 ], [ 103.825249473941483, 1.319106965698236 ], [ 103.825246473482707, 1.319123729588556 ], [ 103.82518729208428, 1.319128236881596 ], [ 103.824876330105795, 1.319145991966891 ], [ 103.824906869897447, 1.319687808031796 ], [ 103.825152155258365, 1.319673802907109 ], [ 103.82512957495392, 1.319792733079997 ], [ 103.825119938955353, 1.31986531722727 ], [ 103.825091463271164, 1.320038069600225 ], [ 103.825057979427186, 1.320087044372785 ], [ 103.825002655516485, 1.320179469117057 ], [ 103.824991463692825, 1.320198421305679 ], [ 103.824954826200567, 1.320243350436979 ], [ 103.824895289969177, 1.320304651471392 ], [ 103.824032795248471, 1.320580926141091 ], [ 103.824028152669641, 1.320544123506432 ], [ 103.823760700000378, 1.320578300000556 ], [ 103.824026584872271, 1.320533410689086 ], [ 103.824009984862187, 1.320433810691138 ], [ 103.823478215128787, 1.320523589280211 ], [ 103.823493925009032, 1.320617848624028 ], [ 103.823511153223023, 1.320754420293985 ], [ 103.823258067634441, 1.320839033877395 ], [ 103.823221328999324, 1.320740804757613 ], [ 103.823337337847363, 1.320697874241897 ], [ 103.823151262171578, 1.320188525754567 ], [ 103.823088469435149, 1.320211762987122 ], [ 103.822995227103874, 1.319920861585739 ], [ 103.822920828168577, 1.319945018117321 ], [ 103.822810555285884, 1.319615468540413 ], [ 103.823001039507872, 1.319552158035308 ], [ 103.822831960509546, 1.31903684196128 ], [ 103.822638482985411, 1.319101147337032 ], [ 103.822595876434548, 1.318973928458941 ], [ 103.822084923548417, 1.319147271515088 ], [ 103.822177095109964, 1.319422486686755 ], [ 103.822203633589325, 1.319501902612732 ], [ 103.822212901202477, 1.319529705459826 ], [ 103.822303811719564, 1.319499008629098 ], [ 103.822303863039494, 1.319499205341298 ], [ 103.822213000896397, 1.319530003965721 ], [ 103.822416111116581, 1.32013699756992 ], [ 103.822450475554092, 1.320263099977374 ], [ 103.822170089352667, 1.320350966696125 ], [ 103.822192889345772, 1.320424666698345 ], [ 103.822450300001677, 1.320343999999511 ], [ 103.822230025226105, 1.320500450072743 ], [ 103.822236125225459, 1.320509150072589 ], [ 103.822456400000547, 1.320352699999731 ], [ 103.822300829636575, 1.320574310240574 ], [ 103.822309829636993, 1.32058071024139 ], [ 103.822465400000567, 1.320359099999988 ], [ 103.822426878506079, 1.320627659473757 ], [ 103.822438578507459, 1.320629359474068 ], [ 103.82247709999983, 1.32036080000011 ], [ 103.822548410837882, 1.320622479420588 ], [ 103.822593548866934, 1.32061001910584 ], [ 103.822621842627498, 1.320680385296243 ], [ 103.822634155715164, 1.320712546355785 ], [ 103.822689722427867, 1.3208601758623 ], [ 103.822577108588021, 1.320851943606005 ], [ 103.822575708585973, 1.320871343605922 ], [ 103.822697270662857, 1.320880229992512 ], [ 103.822708084312126, 1.320908959667813 ], [ 103.822722293010287, 1.320946949883307 ], [ 103.822599162571947, 1.321003276448077 ], [ 103.822660216455446, 1.321138473027031 ], [ 103.822635983948615, 1.321153978231197 ], [ 103.822258969310397, 1.321267235463173 ], [ 103.822106157756409, 1.32086325609091 ], [ 103.821854198931206, 1.320959800409752 ], [ 103.822106144335791, 1.320863220619859 ], [ 103.822011537933903, 1.320613220061972 ], [ 103.822069513303205, 1.320594961056714 ], [ 103.821908486713028, 1.320077038939887 ], [ 103.821824393931578, 1.320103523472222 ], [ 103.821651403054105, 1.31963765002878 ], [ 103.821581197412868, 1.319429077131259 ], [ 103.821578314462215, 1.319410477460523 ], [ 103.821565653680665, 1.318719397613567 ], [ 103.821296099999984, 1.318724400000628 ], [ 103.821565653245869, 1.318719373953577 ], [ 103.821559853212179, 1.318404273953223 ], [ 103.821290299999291, 1.318409299999964 ], [ 103.821559765113236, 1.318400734712701 ], [ 103.821542265053921, 1.317843034713626 ], [ 103.821272799999889, 1.317851600000475 ], [ 103.821541434355993, 1.317828661732653 ], [ 103.821536514823848, 1.317770300307874 ], [ 103.821696200000275, 1.317564800000299 ], [ 103.821614698556417, 1.317823447724707 ], [ 103.821704298564043, 1.317852047728095 ], [ 103.82178579999966, 1.317593399998913 ], [ 103.821814517012896, 1.317863199901625 ], [ 103.821898685407277, 1.317854124874098 ], [ 103.821918253630443, 1.317852049455673 ], [ 103.821877185181236, 1.317459806085458 ], [ 103.821880662057652, 1.317459630872751 ], [ 103.821865862025732, 1.317162130873897 ], [ 103.821596600012157, 1.317175699999375 ], [ 103.821865178220264, 1.31715210607529 ], [ 103.821834678182555, 1.31680040607836 ], [ 103.821566100000183, 1.316823999999538 ], [ 103.821825285920156, 1.316749314515621 ], [ 103.821802585911911, 1.316669514518379 ], [ 103.821543400000451, 1.316744200000036 ], [ 103.821738484429957, 1.316556915851772 ], [ 103.821593484428476, 1.316403915862883 ], [ 103.821398400002934, 1.316591199997258 ], [ 103.821561879422148, 1.316375434199327 ], [ 103.821526179423401, 1.316348034201113 ], [ 103.821362700000236, 1.316563799999438 ], [ 103.821454405726257, 1.316308636837509 ], [ 103.821412105729976, 1.316293236838842 ], [ 103.821322241082726, 1.316543277348444 ], [ 103.821321731176582, 1.316542356909845 ], [ 103.821378754801358, 1.316283488941134 ], [ 103.821342454805304, 1.316275388942109 ], [ 103.821289649313769, 1.316515107999013 ], [ 103.821277984861808, 1.316521680822154 ], [ 103.82125668445218, 1.31645682600719 ], [ 103.821261485678846, 1.316452172085921 ], [ 103.821251848074922, 1.316442100356687 ], [ 103.821199485057534, 1.316282667078579 ], [ 103.821147185061818, 1.316300067076638 ], [ 103.821163284965593, 1.316349087565007 ], [ 103.820918981970522, 1.316092492139986 ], [ 103.820753357592366, 1.315918433200951 ], [ 103.820649216868276, 1.315790700172306 ], [ 103.820494751484375, 1.315562628074267 ], [ 103.820406790856623, 1.315391532282018 ], [ 103.820535212506755, 1.315600309195297 ], [ 103.820568112508795, 1.315579809193154 ], [ 103.820426200000071, 1.315349099999831 ], [ 103.820568424877393, 1.315579614259862 ], [ 103.820770024889029, 1.315453614248881 ], [ 103.820627800000111, 1.315223100000068 ], [ 103.820791361274331, 1.315438802897521 ], [ 103.82092246127921, 1.315338102889334 ], [ 103.820758900000115, 1.315122400000306 ], [ 103.820974995421636, 1.315284646247327 ], [ 103.821073795417007, 1.315151346239224 ], [ 103.820857700004012, 1.314989100002494 ] ], [ [ 103.820155846653975, 1.314916079069618 ], [ 103.820170427749972, 1.31492576147325 ], [ 103.820157877213177, 1.314923452711032 ], [ 103.820155846653975, 1.314916079069618 ] ], [ [ 103.82019240518261, 1.315026564400164 ], [ 103.820186497360851, 1.315027382052889 ], [ 103.820184059146825, 1.31501852808104 ], [ 103.820195220433476, 1.31501897763203 ], [ 103.82019240518261, 1.315026564400164 ] ], [ [ 103.820218070895152, 1.314957398335309 ], [ 103.82021364003721, 1.314969338975955 ], [ 103.820171343996236, 1.314967635389182 ], [ 103.820178031362161, 1.314930810560741 ], [ 103.820218070895152, 1.314957398335309 ] ], [ [ 103.820149997466785, 1.315140848175928 ], [ 103.820139564368361, 1.315142633925956 ], [ 103.820140235875385, 1.315138936189495 ], [ 103.820151273834313, 1.315137408516703 ], [ 103.820149997466785, 1.315140848175928 ] ], [ [ 103.81938455030442, 1.315435336099755 ], [ 103.819409074089833, 1.3154313703028 ], [ 103.819413299244275, 1.315443479601164 ], [ 103.819394120981201, 1.315451201215775 ], [ 103.81938455030442, 1.315435336099755 ] ], [ [ 103.819719247409594, 1.315430036363457 ], [ 103.819722086600777, 1.315428893238592 ], [ 103.81972479999979, 1.315477099992345 ], [ 103.819719247409594, 1.315430036363457 ] ], [ [ 103.819748341583377, 1.315747536404563 ], [ 103.819976035984624, 1.315734553837468 ], [ 103.820023355492467, 1.315826596965044 ], [ 103.820254949638823, 1.315705988280567 ], [ 103.820257653532266, 1.315705430776622 ], [ 103.820040032100664, 1.315854731745158 ], [ 103.820210432088643, 1.316106331760635 ], [ 103.82043319999751, 1.315953500001912 ], [ 103.820224786384173, 1.316125625559537 ], [ 103.820343086380589, 1.31627072556886 ], [ 103.820551500003475, 1.316098599997006 ], [ 103.820356790800773, 1.316286279245054 ], [ 103.820529590799367, 1.316467879258397 ], [ 103.820724299225333, 1.316280200747677 ], [ 103.820529644823552, 1.316467936018411 ], [ 103.820848934632181, 1.316803291355834 ], [ 103.820849244233244, 1.316803847923302 ], [ 103.820864813894573, 1.316831952907876 ], [ 103.820886562723118, 1.316910473060745 ], [ 103.820924466674995, 1.317168824236882 ], [ 103.820922926076378, 1.317168723803084 ], [ 103.820905500000421, 1.317439500000426 ], [ 103.820922886421542, 1.317168721220924 ], [ 103.820500114208642, 1.317141223029109 ], [ 103.820432522687071, 1.317136814887806 ], [ 103.820427393754059, 1.317133808857875 ], [ 103.820355274902141, 1.317076928681221 ], [ 103.820286235285508, 1.317020565833368 ], [ 103.819946564686632, 1.317442034154526 ], [ 103.820017364687942, 1.317499834159696 ], [ 103.820034271356619, 1.317478856117941 ], [ 103.820034137468596, 1.317485688555087 ], [ 103.820020909229157, 1.317502678475222 ], [ 103.820033608266527, 1.317512694214679 ], [ 103.820032353044326, 1.317576749419264 ], [ 103.82014832433569, 1.317579051484856 ], [ 103.820140031969331, 1.317593383708577 ], [ 103.82014519718004, 1.317596411000905 ], [ 103.820033403690374, 1.317606620618268 ], [ 103.820050803670256, 1.317799620620018 ], [ 103.820319300000747, 1.317775099999736 ], [ 103.820080112008853, 1.317900295045975 ], [ 103.820100212006608, 1.317939195047766 ], [ 103.820339400000364, 1.317814000000556 ], [ 103.820244296545638, 1.318067900140625 ], [ 103.82027249654773, 1.318078600141579 ], [ 103.820367600000026, 1.317824700000424 ], [ 103.820385221322937, 1.318095463395067 ], [ 103.820627921349043, 1.318079463393718 ], [ 103.820602686515272, 1.317691713874991 ], [ 103.820888093454911, 1.317710277469558 ], [ 103.820990884298141, 1.317716978552137 ], [ 103.821003560795717, 1.317867362834193 ], [ 103.821020779366464, 1.3184160959613 ], [ 103.821026546471231, 1.318729410672129 ], [ 103.821039546242588, 1.319439002358052 ], [ 103.82130910000042, 1.319434000000605 ], [ 103.821042722330574, 1.319475824441154 ], [ 103.821052022323741, 1.319535824441884 ], [ 103.821208172716041, 1.319511306989258 ], [ 103.82108803568731, 1.319557913818219 ], [ 103.821092992581171, 1.319570856901497 ], [ 103.82106305545922, 1.319581064524776 ], [ 103.821071188843689, 1.31960522789417 ], [ 103.821053918737164, 1.319573988129965 ], [ 103.82102641873918, 1.319589388128362 ], [ 103.821127251515477, 1.319771783756556 ], [ 103.821140711956403, 1.319811773202178 ], [ 103.820954261671005, 1.319648215381057 ], [ 103.82093746167007, 1.319667615379827 ], [ 103.82114069999939, 1.319845899999539 ], [ 103.820892220560282, 1.319740619704016 ], [ 103.820883520558453, 1.31976141970323 ], [ 103.821166213495729, 1.319881196194719 ], [ 103.821382007078938, 1.32046233981634 ], [ 103.82139352407647, 1.320494078528084 ], [ 103.821425683294322, 1.320708812693237 ], [ 103.821468982335034, 1.320702243938762 ], [ 103.821485122748484, 1.320746780687058 ], [ 103.821728507678216, 1.320657431573604 ], [ 103.821728552686935, 1.32065757629567 ], [ 103.821486468055596, 1.320750412064789 ], [ 103.821491763236807, 1.320764399337253 ], [ 103.821602250315777, 1.321056365274271 ], [ 103.821739377958565, 1.321418882166986 ], [ 103.821511439259723, 1.321483433040468 ], [ 103.821510154550452, 1.321483821047437 ], [ 103.82138128112463, 1.321205523651322 ], [ 103.821262359268275, 1.321110485688252 ], [ 103.821191961938155, 1.321092439260592 ], [ 103.821167405610325, 1.321040373103582 ], [ 103.821267952566785, 1.320936582678008 ], [ 103.821005376914002, 1.320307508141037 ], [ 103.820867850293823, 1.320299800166171 ], [ 103.820723417437293, 1.319940525962023 ], [ 103.82047350003441, 1.320042299985512 ], [ 103.820722273858763, 1.319937726345331 ], [ 103.820445081590364, 1.31926974513775 ], [ 103.82041658472842, 1.319201052718436 ], [ 103.820304146516975, 1.319248302846808 ], [ 103.820304127471516, 1.319248255068219 ], [ 103.820416548757137, 1.31920096605208 ], [ 103.820385142528792, 1.319125334167739 ], [ 103.82038591864702, 1.319124563974178 ], [ 103.820428946225334, 1.31905385622441 ], [ 103.820475161153524, 1.318945581223848 ], [ 103.820466357264735, 1.318760149743344 ], [ 103.820318800049236, 1.31857785573968 ], [ 103.820184123809256, 1.31851965769847 ], [ 103.820133214169758, 1.318514351623993 ], [ 103.819874933955006, 1.317885798869982 ], [ 103.819625799999883, 1.317989500000261 ], [ 103.81987492805878, 1.317885784522205 ], [ 103.819591928001344, 1.317197184549579 ], [ 103.819342800004236, 1.317300899997619 ], [ 103.819587663959311, 1.317187363037165 ], [ 103.819416778780635, 1.316814032434529 ], [ 103.819285192243342, 1.316523651681136 ], [ 103.819253535931679, 1.3164496261144 ], [ 103.819086637668832, 1.316521925097436 ], [ 103.81908378028632, 1.316519190173764 ], [ 103.819248846566211, 1.31643926466341 ], [ 103.819217346561501, 1.316373364666103 ], [ 103.819035103495764, 1.316461607218675 ], [ 103.819032382051375, 1.316457324946794 ], [ 103.819207910102762, 1.316355381031734 ], [ 103.819105110091499, 1.316176081041596 ], [ 103.818931461781787, 1.316276933230517 ], [ 103.818928348950521, 1.316272353433839 ], [ 103.81909361719589, 1.316157765609808 ], [ 103.81905125034541, 1.316095867262903 ], [ 103.819561871565824, 1.315783834376618 ], [ 103.819593179086354, 1.315772768787732 ], [ 103.819621934714192, 1.315762643567128 ], [ 103.819748341583377, 1.315747536404563 ] ], [ [ 103.821056199910885, 1.316628800085927 ], [ 103.821012204065681, 1.316671446098339 ], [ 103.821011670295306, 1.316671746873805 ], [ 103.821056199910885, 1.316628800085927 ] ], [ [ 103.821212679090507, 1.316499481254989 ], [ 103.821229030136294, 1.316549266407941 ], [ 103.821227923850913, 1.316549889791046 ], [ 103.821206080718468, 1.316505877184422 ], [ 103.821212679090507, 1.316499481254989 ] ], [ [ 103.82185705705534, 1.317460820418986 ], [ 103.821857270385834, 1.317460809667983 ], [ 103.821870200000262, 1.317584300000209 ], [ 103.82185705705534, 1.317460820418986 ] ], [ [ 103.821626199999244, 1.317509700000113 ], [ 103.821525474339396, 1.31763932476951 ], [ 103.821518284119747, 1.317554025706561 ], [ 103.821626199999244, 1.317509700000113 ] ], [ [ 103.821611400000506, 1.317473200000425 ], [ 103.821514815065754, 1.317512871597786 ], [ 103.821511893671556, 1.317478214490714 ], [ 103.821611400000506, 1.317473200000425 ] ], [ [ 103.821340443809746, 1.317452714724863 ], [ 103.821239900000307, 1.317461299999842 ], [ 103.821340129859152, 1.317446403878661 ], [ 103.821340443809746, 1.317452714724863 ] ], [ [ 103.82115080000051, 1.316854000000144 ], [ 103.82117055695231, 1.316848456595085 ], [ 103.821171761973801, 1.316850884640146 ], [ 103.82115080000051, 1.316854000000144 ] ], [ [ 103.820482037858966, 1.317422312248764 ], [ 103.820482036083433, 1.317422312213485 ], [ 103.820482043441359, 1.3174221979163 ], [ 103.82048204519802, 1.317422197950675 ], [ 103.820482037858966, 1.317422312248764 ] ], [ [ 103.820119565628005, 1.317373021732088 ], [ 103.820187200000191, 1.317289100000486 ], [ 103.820121825319532, 1.317373065125614 ], [ 103.820119565628005, 1.317373021732088 ] ], [ [ 103.820265903492867, 1.317375831929241 ], [ 103.820262566804274, 1.317375767852769 ], [ 103.820275700000124, 1.317358900000133 ], [ 103.820265903492867, 1.317375831929241 ] ], [ [ 103.820346272846891, 1.317306821023299 ], [ 103.820345133118309, 1.317324523719385 ], [ 103.820305900000889, 1.317376599998039 ], [ 103.820346272846891, 1.317306821023299 ] ], [ [ 103.820197780261836, 1.317591608813857 ], [ 103.820206372579491, 1.31758020375764 ], [ 103.820301900000331, 1.317582100000533 ], [ 103.820197780261836, 1.317591608813857 ] ], [ [ 103.820339021517228, 1.317419451409334 ], [ 103.820339020106388, 1.317419473321177 ], [ 103.820327633631834, 1.317419247296842 ], [ 103.820327644454963, 1.317419232931067 ], [ 103.820339021517228, 1.317419451409334 ] ], [ [ 103.821318399999839, 1.319494000000411 ], [ 103.821308772610195, 1.319497282639892 ], [ 103.821308132820477, 1.319495612069092 ], [ 103.821318399999839, 1.319494000000411 ] ], [ [ 103.821397399999583, 1.319728699999537 ], [ 103.821397400004074, 1.319728699998633 ], [ 103.821397400000464, 1.319728700000442 ], [ 103.821397399999583, 1.319728699999537 ] ], [ [ 103.821679501201118, 1.320351905539654 ], [ 103.821679495162854, 1.320351907758937 ], [ 103.821679388796511, 1.320351565744008 ], [ 103.821679394848289, 1.320351563467751 ], [ 103.821679501201118, 1.320351905539654 ] ], [ [ 103.821638201711167, 1.320367058077074 ], [ 103.821638209604814, 1.32036708345901 ], [ 103.821634900000262, 1.320368300000075 ], [ 103.821638201711167, 1.320367058077074 ] ], [ [ 103.821151466051901, 1.319821206903417 ], [ 103.82114436444256, 1.319814977233984 ], [ 103.821150056922136, 1.31981303627668 ], [ 103.821154038851958, 1.319820239156401 ], [ 103.821151466051901, 1.319821206903417 ] ], [ [ 103.821183852773643, 1.319809024791837 ], [ 103.821180358666069, 1.319802704328461 ], [ 103.82118161995308, 1.319802274268581 ], [ 103.821184160862543, 1.319808908905353 ], [ 103.821183852773643, 1.319809024791837 ] ], [ [ 103.828161809111563, 1.31985975848311 ], [ 103.828088299999933, 1.31963530000094 ], [ 103.828165466040673, 1.319858872693614 ], [ 103.828161809111563, 1.31985975848311 ] ], [ [ 103.828688267948863, 1.319712718592472 ], [ 103.828707316615478, 1.319706071400555 ], [ 103.828619000052697, 1.319449700151641 ], [ 103.828707551837667, 1.319705989196057 ], [ 103.828763482552688, 1.319686413445335 ], [ 103.828972945890754, 1.319613229842928 ], [ 103.829184064852811, 1.319543681280326 ], [ 103.829285765894582, 1.319510149060692 ], [ 103.829429154184297, 1.319462453165176 ], [ 103.829699994689634, 1.319372472929905 ], [ 103.829854660785216, 1.319321097358983 ], [ 103.829857695322247, 1.319332339232765 ], [ 103.829858068497416, 1.319334072900345 ], [ 103.829442199408277, 1.319475087962211 ], [ 103.829236433419879, 1.319541312646712 ], [ 103.829076951842524, 1.319595064940303 ], [ 103.828688267948863, 1.319712718592472 ] ], [ [ 103.830405841339569, 1.319373153895306 ], [ 103.83040584183199, 1.319373146015578 ], [ 103.830424600000597, 1.319429799999894 ], [ 103.830405841339569, 1.319373153895306 ] ], [ [ 103.830923199526211, 1.318985729739062 ], [ 103.830926773347059, 1.318984695959677 ], [ 103.831005700000077, 1.31923490000032 ], [ 103.830923199526211, 1.318985729739062 ] ], [ [ 103.831367360619922, 1.318834642542371 ], [ 103.831286799999887, 1.318584500000634 ], [ 103.831368416318711, 1.31883430520072 ], [ 103.831367360619922, 1.318834642542371 ] ], [ [ 103.831415256525659, 1.318827623447677 ], [ 103.831420490626655, 1.318825891164727 ], [ 103.831494500000076, 1.31907869999986 ], [ 103.831415256525659, 1.318827623447677 ] ], [ [ 103.831510031201944, 1.318791217509413 ], [ 103.83142730000047, 1.318538000000444 ], [ 103.831510258128532, 1.318791150214901 ], [ 103.831510031201944, 1.318791217509413 ] ], [ [ 103.831652392869628, 1.318749000386277 ], [ 103.832116640611758, 1.318594890053848 ], [ 103.832306236842456, 1.318532950645035 ], [ 103.832385086391369, 1.31850753138496 ], [ 103.832862019535895, 1.31835275572253 ], [ 103.832977604714983, 1.318315260530311 ], [ 103.832894900000454, 1.318057 ], [ 103.832979092390232, 1.318314773136751 ], [ 103.833395856210288, 1.318176885105032 ], [ 103.833717118477139, 1.318070697577012 ], [ 103.833633, 1.3178129 ], [ 103.833717190912964, 1.318070673623094 ], [ 103.834545489660968, 1.317796632748456 ], [ 103.834563245643977, 1.317791249285599 ], [ 103.834743185546699, 1.317733335256765 ], [ 103.834860876616602, 1.317694774985438 ], [ 103.834865671361158, 1.317700928564594 ], [ 103.834769293546387, 1.317765772883552 ], [ 103.834581541152787, 1.31786832311997 ], [ 103.834328011571941, 1.317952923653314 ], [ 103.833669000470664, 1.31815369122488 ], [ 103.833668994274262, 1.31815369311229 ], [ 103.833512670225929, 1.318201313039962 ], [ 103.832755245709748, 1.318421954093173 ], [ 103.832798926302701, 1.318573848909243 ], [ 103.832798408450287, 1.318574003356529 ], [ 103.832754003118865, 1.318422319321458 ], [ 103.831652392869628, 1.318749000386277 ] ], [ [ 103.833328418963177, 1.318819947102136 ], [ 103.833465594367411, 1.318779987302671 ], [ 103.833563715689507, 1.319124891995157 ], [ 103.833822900000413, 1.319050200000474 ], [ 103.833563943135516, 1.319125686907258 ], [ 103.833576330420584, 1.319168732920468 ], [ 103.833535249357695, 1.319083344347272 ], [ 103.833292599999851, 1.31920160000021 ], [ 103.833516016418969, 1.319049729778889 ], [ 103.833459916415137, 1.318966129783701 ], [ 103.833240529473159, 1.319115260912967 ], [ 103.833240120883701, 1.319114583423538 ], [ 103.833433181849799, 1.318932415818103 ], [ 103.833328418963177, 1.318819947102136 ] ], [ [ 103.836142082134231, 1.316349123232622 ], [ 103.836134735302707, 1.316342227775851 ], [ 103.836178019026349, 1.316293263644591 ], [ 103.836168813978631, 1.316285020849456 ], [ 103.83620130971525, 1.316282552027608 ], [ 103.836142082134231, 1.316349123232622 ] ], [ [ 103.836113052133086, 1.318100505770934 ], [ 103.836125314654481, 1.318082369646111 ], [ 103.836136966361479, 1.318099124893055 ], [ 103.836119398448972, 1.318133396781564 ], [ 103.836113052133086, 1.318100505770934 ] ], [ [ 103.836140224362282, 1.318060318363491 ], [ 103.836142351275839, 1.318057172683216 ], [ 103.836152646992559, 1.318068534755627 ], [ 103.836149800156008, 1.31807408843066 ], [ 103.836140224362282, 1.318060318363491 ] ], [ [ 103.836265637039006, 1.318021263859195 ], [ 103.836267765591046, 1.318017111431015 ], [ 103.836273214252415, 1.318022536526434 ], [ 103.836271985047986, 1.318028287367462 ], [ 103.836265637039006, 1.318021263859195 ] ], [ [ 103.836200895270906, 1.318147563607155 ], [ 103.836209336667764, 1.318131095935163 ], [ 103.836242247382998, 1.318167415301228 ], [ 103.836235770990584, 1.318197715162631 ], [ 103.836200895270906, 1.318147563607155 ] ], [ [ 103.836565700000278, 1.318067600000304 ], [ 103.83659040952341, 1.31798806591628 ], [ 103.83660578881566, 1.318014100042545 ], [ 103.836565700000278, 1.318067600000304 ] ], [ [ 103.837034557899699, 1.317902878713294 ], [ 103.837062, 1.317924400000068 ], [ 103.83704870738697, 1.317926816824308 ], [ 103.837034557899699, 1.317902878713294 ] ], [ [ 103.837062700002576, 1.317928299999308 ], [ 103.837052140906025, 1.317932625653818 ], [ 103.837050856850411, 1.317930453286797 ], [ 103.837062700002576, 1.317928299999308 ] ], [ [ 103.837083834521124, 1.317951348277092 ], [ 103.837086231673112, 1.317955054584162 ], [ 103.837073700000573, 1.31795550000002 ], [ 103.837083834521124, 1.317951348277092 ] ], [ [ 103.836661182770058, 1.318107871142988 ], [ 103.836662561078313, 1.318110204346817 ], [ 103.836645800002373, 1.318128399997458 ], [ 103.836661182770058, 1.318107871142988 ] ], [ [ 103.836862293229387, 1.318275932605421 ], [ 103.836867678090769, 1.318285042717034 ], [ 103.836867639763071, 1.318285063446031 ], [ 103.836862260452961, 1.318275957331702 ], [ 103.836862293229387, 1.318275932605421 ] ], [ [ 103.83689492349275, 1.318331136504601 ], [ 103.836894943803657, 1.318331170866812 ], [ 103.836894893220645, 1.318331198187742 ], [ 103.836894872934892, 1.31833116384814 ], [ 103.83689492349275, 1.318331136504601 ] ], [ [ 103.837073900000576, 1.317961200000425 ], [ 103.837089839948518, 1.317960633443366 ], [ 103.837093603547899, 1.317966452452749 ], [ 103.837073900000576, 1.317961200000425 ] ], [ [ 103.837146644810161, 1.318893685714582 ], [ 103.837146380186411, 1.318901772141372 ], [ 103.837132679710791, 1.31890577682846 ], [ 103.837131844140231, 1.318900972168184 ], [ 103.837146644810161, 1.318893685714582 ] ], [ [ 103.837113521561548, 1.318909992475921 ], [ 103.837113750661885, 1.318911309841872 ], [ 103.837106600000126, 1.318913400000507 ], [ 103.837113521561548, 1.318909992475921 ] ], [ [ 103.836933666963262, 1.319072999995543 ], [ 103.836933412354114, 1.319072999995914 ], [ 103.837028394050549, 1.319045236591394 ], [ 103.837028439413075, 1.31904526282604 ], [ 103.836933666963262, 1.319072999995543 ] ], [ [ 103.837071505987936, 1.319032658477267 ], [ 103.837071478856146, 1.319032642785676 ], [ 103.837082765356257, 1.319029343711414 ], [ 103.837082775711181, 1.319029360152748 ], [ 103.837071505987936, 1.319032658477267 ] ], [ [ 103.837136976179195, 1.319163274816956 ], [ 103.837137830852555, 1.319163024678324 ], [ 103.837137830731265, 1.319163028386219 ], [ 103.837136975661622, 1.319163278724717 ], [ 103.837136976179195, 1.319163274816956 ] ], [ [ 103.837156125705704, 1.319157670300343 ], [ 103.837156572104263, 1.319157539652421 ], [ 103.837156572409768, 1.319157541407793 ], [ 103.837156125643702, 1.319157672206744 ], [ 103.837156125705704, 1.319157670300343 ] ], [ [ 103.837354145098033, 1.319137225969386 ], [ 103.837354364877413, 1.319137161625292 ], [ 103.837367309021118, 1.319165961883662 ], [ 103.837366593068623, 1.31916604315556 ], [ 103.837354145098033, 1.319137225969386 ] ], [ [ 103.837115691293604, 1.3191695101229 ], [ 103.837109066917193, 1.319171449533093 ], [ 103.837109070373913, 1.319171442044949 ], [ 103.837115692098706, 1.31916950405642 ], [ 103.837115691293604, 1.3191695101229 ] ], [ [ 103.83701016831337, 1.319200387833785 ], [ 103.837080812563613, 1.31917971229386 ], [ 103.837080807635985, 1.319179722968084 ], [ 103.837010124124447, 1.319200416890183 ], [ 103.83701016831337, 1.319200387833785 ] ], [ [ 103.837217967307083, 1.319396193425144 ], [ 103.837253597825324, 1.319392148815008 ], [ 103.837255696301696, 1.319398482929307 ], [ 103.837218185863819, 1.319397450159776 ], [ 103.837217967307083, 1.319396193425144 ] ], [ [ 103.8373324167123, 1.319383201660874 ], [ 103.837353652913663, 1.319380791025249 ], [ 103.837362566191871, 1.319401425358378 ], [ 103.837338232216894, 1.319400755375844 ], [ 103.8373324167123, 1.319383201660874 ] ], [ [ 103.83706509999989, 1.320058700000291 ], [ 103.83714336001627, 1.320096979285377 ], [ 103.837143197107579, 1.320113316538164 ], [ 103.83706509999989, 1.320058700000291 ] ], [ [ 103.837243929405119, 1.319940593640938 ], [ 103.837244123564389, 1.319921122348532 ], [ 103.837244132107841, 1.319921124833713 ], [ 103.837243943922132, 1.319940600741986 ], [ 103.837243929405119, 1.319940593640938 ] ], [ [ 103.837306350350346, 1.319826693391683 ], [ 103.837306370603713, 1.319826696408611 ], [ 103.83730617836305, 1.31984599024479 ], [ 103.837306163934997, 1.319845986046753 ], [ 103.837306350350346, 1.319826693391683 ] ], [ [ 103.837434992673906, 1.319845853622717 ], [ 103.83743499271435, 1.319845853628143 ], [ 103.837434499999731, 1.31989529999988 ], [ 103.837434992673906, 1.319845853622717 ] ], [ [ 103.83660884934099, 1.317928712520865 ], [ 103.836613551056061, 1.317913578816537 ], [ 103.836620863510916, 1.317921523191057 ], [ 103.83660884934099, 1.317928712520865 ] ], [ [ 103.834305579148094, 1.314828046221516 ], [ 103.834300729822843, 1.31482255162638 ], [ 103.834333784864043, 1.314811372889689 ], [ 103.834323843227651, 1.314825773397495 ], [ 103.834305579148094, 1.314828046221516 ] ], [ [ 103.834353192775382, 1.314822121070798 ], [ 103.83433650709901, 1.314810452268844 ], [ 103.834365951859738, 1.31480049447526 ], [ 103.834372286457537, 1.314819745008329 ], [ 103.834353192775382, 1.314822121070798 ] ], [ [ 103.83446054219354, 1.314897193790101 ], [ 103.834464599999791, 1.314896688827183 ], [ 103.834464600000402, 1.314900031537255 ], [ 103.83446054219354, 1.314897193790101 ] ], [ [ 103.834551396139446, 1.315025380558561 ], [ 103.834555030193712, 1.315027921962644 ], [ 103.834551335495675, 1.315027807056787 ], [ 103.834549464583702, 1.315026313427968 ], [ 103.834551396139446, 1.315025380558561 ] ], [ [ 103.834205152794468, 1.315129589634271 ], [ 103.83421237917986, 1.315138795350755 ], [ 103.834211558845723, 1.31513919154146 ], [ 103.834176301361097, 1.315139977451134 ], [ 103.834154502804168, 1.31512304824698 ], [ 103.834205152794468, 1.315129589634271 ] ], [ [ 103.830839775637429, 1.314366008409835 ], [ 103.830920043247872, 1.314271683770242 ], [ 103.830934161352616, 1.31425521480084 ], [ 103.83093585422057, 1.314256580688899 ], [ 103.83084062072345, 1.314372736898507 ], [ 103.830839775637429, 1.314366008409835 ] ], [ [ 103.831314599999786, 1.314214400000246 ], [ 103.831314600027639, 1.314214399964976 ], [ 103.831314600000681, 1.314214400000246 ], [ 103.831314599999786, 1.314214400000246 ] ], [ [ 103.830758485599091, 1.314472917022707 ], [ 103.83062660000013, 1.314546500000432 ], [ 103.830758519691017, 1.314472875440958 ], [ 103.830758485599091, 1.314472917022707 ] ], [ [ 103.832892247152415, 1.315090416422862 ], [ 103.832885209432135, 1.315068341047639 ], [ 103.832885317078933, 1.315045522834864 ], [ 103.832892832508733, 1.315022866780523 ], [ 103.832906662701532, 1.315004212982351 ], [ 103.832916950719664, 1.314996898998844 ], [ 103.832946765201129, 1.315057653334828 ], [ 103.832954142171488, 1.315114944409737 ], [ 103.832911343863671, 1.315113213711971 ], [ 103.832905692308614, 1.315109103191694 ], [ 103.832892247152415, 1.315090416422862 ] ], [ [ 103.833280700000657, 1.31542830000052 ], [ 103.833302683339426, 1.315447044708154 ], [ 103.833280081320765, 1.315429103126093 ], [ 103.833280700000657, 1.31542830000052 ] ], [ [ 103.832815152092863, 1.315406116316966 ], [ 103.832809726284125, 1.315413039377663 ], [ 103.832809725390973, 1.315413038580013 ], [ 103.832815152052419, 1.315406116284409 ], [ 103.832815152092863, 1.315406116316966 ] ], [ [ 103.833692642065145, 1.315949952101658 ], [ 103.833692642194535, 1.315949951937064 ], [ 103.833696406170816, 1.315953205333312 ], [ 103.833692642065145, 1.315949952101658 ] ], [ [ 103.833772, 1.3158646 ], [ 103.833772310665807, 1.315864841269966 ], [ 103.833772297255848, 1.315864856933565 ], [ 103.833772, 1.3158646 ] ], [ [ 103.834039402483896, 1.316042528462345 ], [ 103.83400071395981, 1.316010446208151 ], [ 103.834337462879191, 1.31557120847837 ], [ 103.834385133128265, 1.315683264545032 ], [ 103.83445879236271, 1.315787132354512 ], [ 103.834540246099934, 1.315853794745704 ], [ 103.83468137671727, 1.315942500237456 ], [ 103.834831537629896, 1.31596308681416 ], [ 103.834831917360631, 1.315963967331425 ], [ 103.83483927620243, 1.315983552588666 ], [ 103.834510233655266, 1.316397824663664 ], [ 103.834459046083609, 1.316353972944661 ], [ 103.834284300002906, 1.316560599996256 ], [ 103.83444401987245, 1.316342000498767 ], [ 103.834039402483896, 1.316042528462345 ] ], [ [ 103.834446859948159, 1.315174866597494 ], [ 103.834447965802227, 1.315174841947633 ], [ 103.834448317338655, 1.315175174731977 ], [ 103.834446682156624, 1.315175208050412 ], [ 103.834446859948159, 1.315174866597494 ] ], [ [ 103.834311109863023, 1.315177892553177 ], [ 103.834311031591227, 1.315177972085751 ], [ 103.834310544901285, 1.315177982003207 ], [ 103.834310485606821, 1.315177906467978 ], [ 103.834311109863023, 1.315177892553177 ] ], [ [ 103.834884000000216, 1.315623100000597 ], [ 103.834959204085322, 1.315538946709066 ], [ 103.834960696585981, 1.31554328774361 ], [ 103.834884000000216, 1.315623100000597 ] ], [ [ 103.834989682881925, 1.31551312392528 ], [ 103.834983347177527, 1.315515341195686 ], [ 103.834978922005874, 1.315516882376235 ], [ 103.83502705639151, 1.315463020045994 ], [ 103.835023310615057, 1.315478130117727 ], [ 103.834989682881925, 1.31551312392528 ] ], [ [ 103.835372860041787, 1.315902282793039 ], [ 103.835496202229521, 1.315887804896895 ], [ 103.835470908524258, 1.315916216631571 ], [ 103.835379933044578, 1.31601818582723 ], [ 103.835381138760511, 1.316005149007742 ], [ 103.835258379075952, 1.315993648123147 ], [ 103.835300543553373, 1.315978892057095 ], [ 103.835290085716053, 1.315948621525088 ], [ 103.835378229238628, 1.315933029457021 ], [ 103.835372860041787, 1.315902282793039 ] ], [ [ 103.835427433454001, 1.316777199201165 ], [ 103.835534199999884, 1.316878900000348 ], [ 103.835423912489759, 1.316781145645411 ], [ 103.835427433454001, 1.316777199201165 ] ], [ [ 103.83519947671391, 1.316220448943055 ], [ 103.835075499999874, 1.316120700000556 ], [ 103.835228792239064, 1.316187590861179 ], [ 103.83519947671391, 1.316220448943055 ] ], [ [ 103.835283338680199, 1.316126452896582 ], [ 103.835106300000149, 1.316049200000468 ], [ 103.835333289591119, 1.316070465794184 ], [ 103.835283338680199, 1.316126452896582 ] ], [ [ 103.834765400001515, 1.316925799998505 ], [ 103.834766506440289, 1.316923995115672 ], [ 103.834766742810544, 1.316924203337364 ], [ 103.834765400001515, 1.316925799998505 ] ], [ [ 103.834901000000684, 1.317044099999396 ], [ 103.834901000000684, 1.3170441000003 ], [ 103.834900999999775, 1.3170441000003 ], [ 103.834901000000684, 1.317044099999396 ] ], [ [ 103.834848196464065, 1.317395093597919 ], [ 103.834848210881333, 1.317395105146647 ], [ 103.834853599847165, 1.31741179952626 ], [ 103.834848196464065, 1.317395093597919 ] ], [ [ 103.833274936264118, 1.317806539941746 ], [ 103.833274923221637, 1.317806500009523 ], [ 103.833274955094154, 1.3178064879661 ], [ 103.833274968439454, 1.317806528864184 ], [ 103.833274936264118, 1.317806539941746 ] ], [ [ 103.835141560821938, 1.315974894693625 ], [ 103.835141880004187, 1.315974838232096 ], [ 103.83514469898644, 1.315982997864945 ], [ 103.835144335069799, 1.315982963771567 ], [ 103.835141560821938, 1.315974894693625 ] ], [ [ 103.830828036521396, 1.313970023354802 ], [ 103.830828036354276, 1.313970023565518 ], [ 103.83082627444665, 1.31396849354959 ], [ 103.830826274521229, 1.313968493459154 ], [ 103.830828036521396, 1.313970023354802 ] ], [ [ 103.830956515855789, 1.319537409804407 ], [ 103.831071270404152, 1.319616122927181 ], [ 103.831172789712099, 1.319466198563266 ], [ 103.831172909024545, 1.319466160438069 ], [ 103.831071463342923, 1.319616255145471 ], [ 103.831086758703123, 1.319626727121579 ], [ 103.831056023453925, 1.31963393457864 ], [ 103.831117200000264, 1.319898199999796 ], [ 103.8309192493262, 1.319713987366946 ], [ 103.830858249325971, 1.319780387362405 ], [ 103.831056200000788, 1.319964600000948 ], [ 103.830826069612499, 1.319823249470484 ], [ 103.830787869608997, 1.319886249467639 ], [ 103.831018, 1.320027600000691 ], [ 103.830753431736156, 1.319975422569885 ], [ 103.830738031727734, 1.320054522567909 ], [ 103.83100260000144, 1.320106700000345 ], [ 103.830741692529074, 1.320175045575491 ], [ 103.830758162212817, 1.320238734221025 ], [ 103.830769951157009, 1.320301783274082 ], [ 103.831034899997633, 1.320251600000016 ], [ 103.830772367246155, 1.320313319894742 ], [ 103.830785967241155, 1.320371919895994 ], [ 103.831048500001145, 1.320310199999863 ], [ 103.830848185014489, 1.320491805250974 ], [ 103.830924885012479, 1.320577505256548 ], [ 103.831279676598612, 1.320255851725183 ], [ 103.831299753584787, 1.320251131741468 ], [ 103.831406447527527, 1.320346336872575 ], [ 103.831488015434061, 1.320253739373318 ], [ 103.831491843083967, 1.320266192347252 ], [ 103.831535903078731, 1.32025247392754 ], [ 103.83151370383132, 1.320301537287336 ], [ 103.83150701982764, 1.320304813757567 ], [ 103.83150970795586, 1.320310368716349 ], [ 103.831473567639833, 1.320390243729422 ], [ 103.831564931173929, 1.320432118682638 ], [ 103.831579438744043, 1.320505955762205 ], [ 103.831583133158489, 1.320551604619778 ], [ 103.831579553884026, 1.320578473674541 ], [ 103.831525487745097, 1.320598227568679 ], [ 103.831402218129568, 1.320635780512188 ], [ 103.831336234994978, 1.320654029254211 ], [ 103.831244014300808, 1.320676434447729 ], [ 103.831190272088989, 1.320679256383859 ], [ 103.831158635872015, 1.320679256384242 ], [ 103.831088154917992, 1.320668707681647 ], [ 103.831008845073768, 1.321205492316769 ], [ 103.831099045083491, 1.321218992318706 ], [ 103.831138700000409, 1.320950600000326 ], [ 103.831138699996856, 1.321221943615362 ], [ 103.831197300003453, 1.321221943616112 ], [ 103.831197300000667, 1.320950600000161 ], [ 103.831211346260318, 1.321221575090586 ], [ 103.831297046269441, 1.321217075090388 ], [ 103.831283000000539, 1.320946100000426 ], [ 103.831346261799482, 1.321209867629115 ], [ 103.831466861811393, 1.32118056762537 ], [ 103.831403600000456, 1.32091679999969 ], [ 103.83147503520162, 1.321178445066 ], [ 103.831548435208163, 1.321158145063927 ], [ 103.831476999997193, 1.320896499988835 ], [ 103.831555103798451, 1.321156207495514 ], [ 103.831688703810443, 1.321115507490906 ], [ 103.831610599997475, 1.320855799992873 ], [ 103.831702595251514, 1.321110857626073 ], [ 103.831798874992288, 1.321075680342892 ], [ 103.831984799999887, 1.321155100000483 ], [ 103.831717997395515, 1.321194085619398 ], [ 103.831725397390386, 1.321245385619388 ], [ 103.831992200001935, 1.321206399999696 ], [ 103.831736987878216, 1.321293857474834 ], [ 103.831786748098324, 1.321440948728434 ], [ 103.831892248856903, 1.321758542832472 ], [ 103.831994594471112, 1.322080695736709 ], [ 103.832022640847299, 1.322203249957516 ], [ 103.832038389561447, 1.322311160865601 ], [ 103.832039042936458, 1.322333103453464 ], [ 103.83201626676599, 1.322411648161562 ], [ 103.831643551679818, 1.32242410589102 ], [ 103.83165249999989, 1.322695299994937 ], [ 103.831618457151478, 1.32242612830525 ], [ 103.831590357154482, 1.32242972830525 ], [ 103.831624400000806, 1.322698900000739 ], [ 103.831462031072903, 1.322482286149054 ], [ 103.831421731074613, 1.322512886146722 ], [ 103.831584100000114, 1.3227295000001 ], [ 103.831432479014438, 1.322590750877846 ], [ 103.831392114409269, 1.322542330370528 ], [ 103.831387614409493, 1.322546130370636 ], [ 103.831400145211688, 1.322561162050335 ], [ 103.831384625470065, 1.32254695985514 ], [ 103.831365925469399, 1.322567659853361 ], [ 103.83153306619333, 1.322720611174069 ], [ 103.831560899998934, 1.322753999999316 ], [ 103.831339327143098, 1.322599417601933 ], [ 103.831247727137395, 1.322732417594199 ], [ 103.831357520902387, 1.32280901625881 ], [ 103.831355605368174, 1.32280953443108 ], [ 103.831246046522907, 1.322734886761459 ], [ 103.831200846519181, 1.322802086758034 ], [ 103.831329134675002, 1.32288949560059 ], [ 103.831324016793502, 1.322892047245872 ], [ 103.831330316792048, 1.322904847246416 ], [ 103.831342644904367, 1.322898700763855 ], [ 103.831372318465171, 1.322918918775193 ], [ 103.831361729094695, 1.322926056053152 ], [ 103.831178093012795, 1.322843192977822 ], [ 103.831168293011757, 1.322865192976572 ], [ 103.831358207762833, 1.322950889208683 ], [ 103.831364990579758, 1.322961083268351 ], [ 103.831371330043979, 1.322956810443514 ], [ 103.831414300000446, 1.322976199999954 ], [ 103.831146744967612, 1.323009557162771 ], [ 103.831149144965536, 1.323029057162884 ], [ 103.831416699999536, 1.322995700000721 ], [ 103.831232113054725, 1.323193469726221 ], [ 103.8312541130543, 1.323214269728107 ], [ 103.831427267120048, 1.323028749391404 ], [ 103.83142972990268, 1.323030992600148 ], [ 103.831296150386109, 1.323246811245412 ], [ 103.831473350395527, 1.323357911254878 ], [ 103.831593527564038, 1.323163746182993 ], [ 103.831600917849983, 1.323170577285663 ], [ 103.831526642452573, 1.32338364113212 ], [ 103.831588942457785, 1.323405641134501 ], [ 103.831678199999772, 1.323149599999662 ], [ 103.831749700020524, 1.323411227144331 ], [ 103.831785100023453, 1.323401427142473 ], [ 103.831713600000199, 1.323139800000614 ], [ 103.831858158921165, 1.323368839071539 ], [ 103.831888658923219, 1.323349339069958 ], [ 103.831744099999682, 1.323120299999879 ], [ 103.83194282351586, 1.323303668087534 ], [ 103.8319929235155, 1.323248668083999 ], [ 103.831794200000019, 1.323065300000302 ], [ 103.832017837012614, 1.323216841505494 ], [ 103.832037437011763, 1.323187541504395 ], [ 103.831813800000617, 1.323036 ], [ 103.832083070304407, 1.323049414637148 ], [ 103.832084270302119, 1.323025014636617 ], [ 103.831815, 1.323011599999643 ], [ 103.83195053746023, 1.322956831519192 ], [ 103.832101248369327, 1.322951794106306 ], [ 103.832092299995168, 1.322680599874297 ], [ 103.832102214304143, 1.322951760076452 ], [ 103.832167014311139, 1.322949360076143 ], [ 103.832157100000515, 1.322678199999945 ], [ 103.832215729673891, 1.322943049597825 ], [ 103.832248729677588, 1.322935649596473 ], [ 103.8321901, 1.322670800000262 ], [ 103.832368943953156, 1.322873844631009 ], [ 103.832392143954166, 1.322853144629662 ], [ 103.832213300000589, 1.322650100000563 ], [ 103.832459890209364, 1.322759788320308 ], [ 103.832481890205372, 1.322709688318615 ], [ 103.832235299994295, 1.322599999997411 ], [ 103.832488697131041, 1.322692649790925 ], [ 103.832525297122388, 1.322591249787422 ], [ 103.832271900006248, 1.322498600002119 ], [ 103.832530702987427, 1.322574620821468 ], [ 103.832568602974874, 1.322443920816837 ], [ 103.832309799999777, 1.322367900000489 ], [ 103.832579278907247, 1.322359771666385 ], [ 103.832576878898408, 1.322279171666472 ], [ 103.83230739999604, 1.322287300000324 ], [ 103.832574137746334, 1.322247866573511 ], [ 103.832554537731852, 1.322113566575895 ], [ 103.832287800000984, 1.322152999999737 ], [ 103.832550521055268, 1.322092096320435 ], [ 103.832517521041197, 1.321947896323328 ], [ 103.832254800000371, 1.322008800000102 ], [ 103.832511592212526, 1.321926160208357 ], [ 103.832503718002812, 1.321901374607692 ], [ 103.832545793572848, 1.321891778864946 ], [ 103.832616995977034, 1.321880114900622 ], [ 103.832686417461034, 1.321870040543649 ], [ 103.832788745050237, 1.321858296455622 ], [ 103.832758200000214, 1.321588700000439 ], [ 103.832790853789305, 1.321858045966071 ], [ 103.832910553801995, 1.321843345964526 ], [ 103.832877900000213, 1.321574000002249 ], [ 103.832966795919276, 1.321830168527836 ], [ 103.833029095925355, 1.321808268525271 ], [ 103.832940200000706, 1.321552100001882 ], [ 103.83308383314187, 1.321781728255228 ], [ 103.833130233144544, 1.321752328252057 ], [ 103.832986599999927, 1.321522700000451 ], [ 103.833172040481472, 1.321719659117834 ], [ 103.833200140482049, 1.321692859116112 ], [ 103.833014699999381, 1.321495899999893 ], [ 103.83326230253968, 1.321603253117684 ], [ 103.833273302537265, 1.321577553116785 ], [ 103.833025699999922, 1.321470200000076 ], [ 103.833294892608606, 1.321455292309316 ], [ 103.833292740483955, 1.321415926451158 ], [ 103.833306799297418, 1.32146900017049 ], [ 103.833567299544214, 1.321399100122977 ], [ 103.833306863215967, 1.321469241026309 ], [ 103.833384763187837, 1.321762241034214 ], [ 103.8336452, 1.321692099999832 ], [ 103.83338961805984, 1.321778456717243 ], [ 103.833440018046105, 1.321929556722278 ], [ 103.83369559999997, 1.32184319999975 ], [ 103.833456103212939, 1.3219677963742 ], [ 103.833499603207713, 1.322052496378689 ], [ 103.833739099998894, 1.321927900001006 ], [ 103.833538118980456, 1.322108758435824 ], [ 103.833574718980259, 1.322149958438679 ], [ 103.83377569999935, 1.321969100000939 ], [ 103.833707207893795, 1.322231541056116 ], [ 103.833750707898432, 1.322243041057541 ], [ 103.833819199999738, 1.321980600000278 ], [ 103.833810162893769, 1.322152036679575 ], [ 103.833764738430432, 1.322215697828942 ], [ 103.833805263018732, 1.322244988798636 ], [ 103.833804916491232, 1.322251562525801 ], [ 103.833815111032777, 1.32225210689437 ], [ 103.833837902914283, 1.322268580751806 ], [ 103.83390298984682, 1.322329819360634 ], [ 103.83407763259379, 1.322141792938388 ], [ 103.834077736853786, 1.322141860674363 ], [ 103.833904734590874, 1.32233144648857 ], [ 103.833947977307204, 1.322371418749575 ], [ 103.83403056522998, 1.322477529645895 ], [ 103.834242800000496, 1.322310200000277 ], [ 103.834032441945809, 1.322479913255731 ], [ 103.834140041941808, 1.322615013264694 ], [ 103.834350400030218, 1.322445299974924 ], [ 103.834141553180203, 1.322616893508824 ], [ 103.834210253178185, 1.322701593514546 ], [ 103.834419099999977, 1.322530000000267 ], [ 103.834269006451052, 1.322755403930483 ], [ 103.834353806455454, 1.32281260393552 ], [ 103.834503899998367, 1.322587200002059 ], [ 103.834409183371932, 1.322841246640378 ], [ 103.834512183381548, 1.322880146644379 ], [ 103.834606899989993, 1.322626100026609 ], [ 103.834515916961408, 1.322881525173746 ], [ 103.834679438976707, 1.322940527963129 ], [ 103.834900567009555, 1.323023054564699 ], [ 103.834639422283388, 1.323203999498325 ], [ 103.834792299999989, 1.323427500000345 ], [ 103.834596202447941, 1.32324129017356 ], [ 103.834528802447494, 1.323313190168193 ], [ 103.834724899985801, 1.323499399987571 ], [ 103.834522679244671, 1.323319946751681 ], [ 103.834459779243687, 1.323391746746613 ], [ 103.834662000000492, 1.323571200000219 ], [ 103.834412323060235, 1.323468828877401 ], [ 103.834400430533634, 1.323498210407092 ], [ 103.834342333240784, 1.323641703685046 ], [ 103.834592000000484, 1.323744100000454 ], [ 103.834340316058658, 1.323646834556101 ], [ 103.8342978160493, 1.323758234551965 ], [ 103.834549499999838, 1.323855500000563 ], [ 103.834287126066116, 1.323793098153563 ], [ 103.834254326052076, 1.323932798150379 ], [ 103.834516699817257, 1.323995199956476 ], [ 103.834254148785703, 1.323933558037399 ], [ 103.834202648763167, 1.324155758031506 ], [ 103.834465200038778, 1.324217400009301 ], [ 103.834201992941331, 1.324158659432422 ], [ 103.834145852020512, 1.324413482000157 ], [ 103.834043875784985, 1.324727282148914 ], [ 103.833980637134744, 1.324834627183999 ], [ 103.833912309511234, 1.324924177772966 ], [ 103.833855247551398, 1.324962201738363 ], [ 103.833799761017858, 1.324989236796554 ], [ 103.833701798356188, 1.325019738956323 ], [ 103.833654608253312, 1.325022512610339 ], [ 103.833539048184122, 1.324990558499541 ], [ 103.833413233809694, 1.324955743623335 ], [ 103.833264075518443, 1.324894537579884 ], [ 103.833094229616933, 1.324801524756689 ], [ 103.832942782515701, 1.324678044675466 ], [ 103.832929330640809, 1.324663540045697 ], [ 103.83285725267551, 1.324570334291076 ], [ 103.832748038525082, 1.324416472261259 ], [ 103.832681786668999, 1.324320392316159 ], [ 103.832460299997592, 1.324475100002238 ], [ 103.832666977290046, 1.32430086571342 ], [ 103.832529077286239, 1.324135165725299 ], [ 103.832322399998787, 1.324309400001878 ], [ 103.832502329555552, 1.32410732917151 ], [ 103.832320729558035, 1.323943529184838 ], [ 103.832140799996594, 1.324145600004017 ], [ 103.832308118785591, 1.32393283603013 ], [ 103.832119318792195, 1.323782436042242 ], [ 103.831952, 1.323995199999944 ], [ 103.832083608422849, 1.32375838399487 ], [ 103.831793708441424, 1.323595184010031 ], [ 103.831662100000514, 1.323832 ], [ 103.831752878362408, 1.323576501057116 ], [ 103.831621229037069, 1.323529119295729 ], [ 103.831543579311031, 1.323501137412966 ], [ 103.831452700000497, 1.323756599999884 ], [ 103.831508727806153, 1.323491180510071 ], [ 103.831398827816614, 1.32346768051311 ], [ 103.831342800136397, 1.323733099352934 ], [ 103.831398651436018, 1.323467642858846 ], [ 103.8312715950143, 1.32344056365325 ], [ 103.831081928587594, 1.323396429924405 ], [ 103.831021200000421, 1.323660799999945 ], [ 103.831042622512328, 1.323390314371064 ], [ 103.830814522536585, 1.323372014372698 ], [ 103.83079310000015, 1.323642500002305 ], [ 103.830760268107909, 1.323373175968509 ], [ 103.830718968112421, 1.32337827596821 ], [ 103.830751799999362, 1.32364759999711 ], [ 103.830674603930291, 1.323387617708062 ], [ 103.830623403934581, 1.323403017706833 ], [ 103.830700599998792, 1.323662999998347 ], [ 103.83056549147949, 1.323428189083737 ], [ 103.830306416153249, 1.323579193545027 ], [ 103.830301267046138, 1.323581926442696 ], [ 103.830196561955347, 1.323578499730141 ], [ 103.830188032568884, 1.323842501523541 ], [ 103.830187519917132, 1.323842507780186 ], [ 103.830177241331455, 1.323578564568314 ], [ 103.830131303727057, 1.323580376702036 ], [ 103.830059318314326, 1.323580653569125 ], [ 103.829823166832085, 1.323579360406021 ], [ 103.829821700000394, 1.32385070000022 ], [ 103.829823070839623, 1.323579359897631 ], [ 103.829627670861143, 1.323578359897973 ], [ 103.829626786671838, 1.323753370999547 ], [ 103.829623623566249, 1.323755544649642 ], [ 103.8296185900181, 1.323578467370751 ], [ 103.829470758611507, 1.323582724108991 ], [ 103.829434217269878, 1.323567659626571 ], [ 103.829383556690587, 1.323530798385171 ], [ 103.829340490916351, 1.323475793590155 ], [ 103.829316112591911, 1.323430319573748 ], [ 103.829259583164557, 1.323217132943535 ], [ 103.828999100005134, 1.323287099998457 ], [ 103.829253491837775, 1.323197253694754 ], [ 103.829204191825099, 1.323055853699075 ], [ 103.82894980000421, 1.323145699997834 ], [ 103.829191579268027, 1.32302565187566 ], [ 103.829114379256538, 1.322868151882299 ], [ 103.828872600001631, 1.322988199998903 ], [ 103.829082138976659, 1.322817463365736 ], [ 103.82892793897021, 1.322625763377778 ], [ 103.828836576506546, 1.322700207379688 ], [ 103.828837676183952, 1.322602197698124 ], [ 103.828860104777362, 1.322565661252955 ], [ 103.828838758209628, 1.322552387201428 ], [ 103.82884110338702, 1.322495047469873 ], [ 103.828941196823209, 1.322450076737592 ], [ 103.828905103996817, 1.322368700753734 ], [ 103.829025923976914, 1.322542721049487 ], [ 103.829044123977951, 1.322529921048698 ], [ 103.828889699999749, 1.322307499999732 ], [ 103.82911256644266, 1.322460187014076 ], [ 103.829126566442142, 1.322439487013194 ], [ 103.828903700000197, 1.322286800000094 ], [ 103.829173299888581, 1.32228679998562 ], [ 103.829173299884317, 1.322253199985111 ], [ 103.828903700000453, 1.3222532000005 ], [ 103.829144373433465, 1.322130921847756 ], [ 103.829128273431351, 1.32209882184875 ], [ 103.828887600000641, 1.322221099999964 ], [ 103.829039251340959, 1.321996754806384 ], [ 103.829009751342113, 1.321976554807469 ], [ 103.828858100000403, 1.322200899999268 ], [ 103.828844125740019, 1.321929921140724 ], [ 103.828817325742548, 1.321931321140531 ], [ 103.8288313, 1.322202300000119 ], [ 103.828721403198529, 1.32195452325733 ], [ 103.828602103208226, 1.3220081232523 ], [ 103.828667033566575, 1.322154517277187 ], [ 103.82866683358408, 1.322154812965159 ], [ 103.828667309252225, 1.32215513884843 ], [ 103.82871080246143, 1.322253199992973 ], [ 103.8287107118298, 1.322253199992803 ], [ 103.828595299275506, 1.32201129510559 ], [ 103.828556399277971, 1.322030095103803 ], [ 103.828662842366953, 1.322253199988557 ], [ 103.828660486348539, 1.322253199988616 ], [ 103.828536021228132, 1.32204104874235 ], [ 103.828472921232517, 1.322078548738928 ], [ 103.828610000001106, 1.322312200000267 ], [ 103.828390938201082, 1.322154033892032 ], [ 103.828370838199433, 1.322182233890023 ], [ 103.828589900000637, 1.322340400000011 ], [ 103.828332184191737, 1.322260725737843 ], [ 103.828322784188799, 1.322291525737587 ], [ 103.828580499997869, 1.322371199999823 ], [ 103.828371711208533, 1.32235318096437 ], [ 103.828348773594783, 1.322343383491064 ], [ 103.828325823179625, 1.322333547599206 ], [ 103.82831942577738, 1.322348668588269 ], [ 103.82831188582027, 1.32234801786901 ], [ 103.828309915207555, 1.322371147903097 ], [ 103.828300368979214, 1.322393711501881 ], [ 103.828287854865451, 1.322395666168234 ], [ 103.828290976604364, 1.322415911450492 ], [ 103.828290588125697, 1.322416829664679 ], [ 103.828287293190584, 1.322395754509945 ], [ 103.828243093195439, 1.322402754509808 ], [ 103.828257515238334, 1.322495001195703 ], [ 103.828241477934839, 1.322532907184024 ], [ 103.828226617962088, 1.322485825692508 ], [ 103.828238045094068, 1.322312451452978 ], [ 103.828103245108196, 1.32230345145401 ], [ 103.82808935448378, 1.322514202010903 ], [ 103.828070090222766, 1.322486491077131 ], [ 103.828038750819474, 1.322306949239681 ], [ 103.827886050834536, 1.322333949237082 ], [ 103.827928002145384, 1.32257428622457 ], [ 103.827923242992441, 1.322579641157908 ], [ 103.827823812388857, 1.322352972325791 ], [ 103.827702512399114, 1.32240687232076 ], [ 103.827811400000755, 1.322655100000866 ], [ 103.827630703015885, 1.322453724158463 ], [ 103.827427503018725, 1.322638424143312 ], [ 103.827608200018418, 1.322839800020184 ], [ 103.827425313701966, 1.322640436245377 ], [ 103.82735003510335, 1.32271038920367 ], [ 103.827320290313665, 1.322672536274042 ], [ 103.827220410593526, 1.322542801756525 ], [ 103.827007300005221, 1.322708999995772 ], [ 103.827204009993821, 1.322523445741543 ], [ 103.8271661288817, 1.322482766028102 ], [ 103.827096630844679, 1.322408101476565 ], [ 103.826989498194763, 1.322251319933422 ], [ 103.826811454417779, 1.321930029261369 ], [ 103.826576000002518, 1.322062199998381 ], [ 103.826804548501229, 1.321918272746089 ], [ 103.826774239170149, 1.321869518598685 ], [ 103.82675261712528, 1.321834640187753 ], [ 103.826753025578697, 1.321832906530873 ], [ 103.826751284842217, 1.321832491087343 ], [ 103.826745377181055, 1.321822961469377 ], [ 103.826733273535581, 1.321777075222388 ], [ 103.826645690744627, 1.321800477189661 ], [ 103.8262949968599, 1.321574673570556 ], [ 103.826263596857331, 1.321624073568127 ], [ 103.826490700000278, 1.321770300000593 ], [ 103.826228374434251, 1.321707693441562 ], [ 103.826214689263821, 1.321765779362776 ], [ 103.826214515588561, 1.321765252981359 ], [ 103.826142668148307, 1.32154482111104 ], [ 103.82605913778643, 1.321572400285314 ], [ 103.826059130326712, 1.321572379435165 ], [ 103.826142657965988, 1.321544789878778 ], [ 103.82609325795211, 1.321393289883487 ], [ 103.826005291844893, 1.321422345485181 ], [ 103.826005280287802, 1.321422313287052 ], [ 103.826093241800763, 1.321393240365858 ], [ 103.826082441797311, 1.321360140367651 ], [ 103.825993514342173, 1.321389532550738 ], [ 103.82596195410656, 1.321301603556139 ], [ 103.825946064400725, 1.321216432086356 ], [ 103.825945371867689, 1.321197773337907 ], [ 103.826777087804871, 1.32093306762619 ], [ 103.826850242347163, 1.320953451097817 ], [ 103.826907943411683, 1.320972073221804 ], [ 103.827032294407147, 1.321012243613757 ], [ 103.827171265160715, 1.321012243614473 ], [ 103.827456685890724, 1.320936231691219 ], [ 103.828298375874127, 1.320678190955015 ], [ 103.828557405816753, 1.320604667174173 ], [ 103.828916055560754, 1.321639006935475 ], [ 103.829425144421165, 1.321460193038162 ], [ 103.829042444322283, 1.320356493076295 ], [ 103.828819269476583, 1.320434881690799 ], [ 103.828827798382108, 1.320419448430569 ], [ 103.829013043594287, 1.320296635749529 ], [ 103.828977243590828, 1.320241935752225 ], [ 103.828866678443902, 1.320315237525871 ], [ 103.828875962677472, 1.320259754914066 ], [ 103.828924941726015, 1.320207777545135 ], [ 103.829240248174699, 1.320112335056702 ], [ 103.829404166597243, 1.320057087350487 ], [ 103.829610400608701, 1.319990712033896 ], [ 103.830092976152656, 1.319827077789373 ], [ 103.830211165688468, 1.319787415533609 ], [ 103.830509833970865, 1.319687226172469 ], [ 103.830956515855789, 1.319537409804407 ] ], [ [ 103.831418431771553, 1.319387705160238 ], [ 103.831441165380483, 1.319380440774541 ], [ 103.831354700001839, 1.319481999997384 ], [ 103.831418431771553, 1.319387705160238 ] ], [ [ 103.831594885388924, 1.319331807621403 ], [ 103.831614983722034, 1.319325847494303 ], [ 103.83162475385015, 1.319357567064246 ], [ 103.831594885388924, 1.319331807621403 ] ], [ [ 103.832898060959252, 1.319151400032673 ], [ 103.832756790322335, 1.319254854059698 ], [ 103.832528578597476, 1.319355079877813 ], [ 103.831972689297331, 1.319533019141465 ], [ 103.832054399998654, 1.319791599995998 ], [ 103.831963725475106, 1.3195360637534 ], [ 103.831800132477568, 1.319594866573526 ], [ 103.831776065520813, 1.319554438833684 ], [ 103.831544800000273, 1.319693899999899 ], [ 103.831772645809778, 1.319548848893871 ], [ 103.831724325034301, 1.319471961592658 ], [ 103.832577065986001, 1.319205894447703 ], [ 103.832868089684354, 1.31911922421291 ], [ 103.832898060959252, 1.319151400032673 ] ], [ [ 103.831660508629327, 1.319473648055643 ], [ 103.831479000000584, 1.31958919999883 ], [ 103.831638423482204, 1.319401946711108 ], [ 103.831660508629327, 1.319473648055643 ] ], [ [ 103.831260911666305, 1.319758449550028 ], [ 103.831228499999483, 1.31987210000012 ], [ 103.83118769479475, 1.319695833065573 ], [ 103.831190664309773, 1.319697866145018 ], [ 103.831260911666305, 1.319758449550028 ] ], [ [ 103.831305000000214, 1.319894199998821 ], [ 103.831319495011826, 1.319843373709418 ], [ 103.831328868550756, 1.319859119410241 ], [ 103.831305000000214, 1.319894199998821 ] ], [ [ 103.832639085711151, 1.319645118260558 ], [ 103.832639086651923, 1.319645120429225 ], [ 103.832635244897887, 1.31964625129455 ], [ 103.832635244770287, 1.319646250891203 ], [ 103.832639085711151, 1.319645118260558 ] ], [ [ 103.832949012823065, 1.319762537031104 ], [ 103.832999423369927, 1.319740397769221 ], [ 103.83289160000065, 1.319491700000132 ], [ 103.833050218091728, 1.319711110791528 ], [ 103.833171136710192, 1.319622560766009 ], [ 103.833190392151167, 1.319702834430839 ], [ 103.833180209349905, 1.319995020997445 ], [ 103.833097149448818, 1.320143903363793 ], [ 103.833038594378166, 1.320248763837109 ], [ 103.833012579074506, 1.320283540572596 ], [ 103.832813199999123, 1.320261800000313 ], [ 103.83307195974686, 1.32018563103953 ], [ 103.832949012823065, 1.319762537031104 ] ], [ [ 103.833426315449088, 1.319423315983935 ], [ 103.833423557343778, 1.319418742721369 ], [ 103.833620636137113, 1.319322695973196 ], [ 103.833634999442154, 1.319372608675666 ], [ 103.833426315449088, 1.319423315983935 ] ], [ [ 103.833697534488863, 1.319589918894025 ], [ 103.833702312872191, 1.319606523846033 ], [ 103.833454799993845, 1.319648900001112 ], [ 103.833697534488863, 1.319589918894025 ] ], [ [ 103.833712330705183, 1.319641335960362 ], [ 103.833727431885436, 1.31969381277552 ], [ 103.833460800000353, 1.319684399999917 ], [ 103.833712330705183, 1.319641335960362 ] ], [ [ 103.832518903251525, 1.320215676367459 ], [ 103.832474955032609, 1.320245653390238 ], [ 103.832390688273861, 1.319968691010482 ], [ 103.832442328384076, 1.319952161094926 ], [ 103.832518903251525, 1.320215676367459 ] ], [ [ 103.831629870028877, 1.31978776151225 ], [ 103.831609876180408, 1.319794741969047 ], [ 103.831609252469832, 1.319794057737164 ], [ 103.831628076252841, 1.319782706341374 ], [ 103.831629870028877, 1.31978776151225 ] ], [ [ 103.831922126370898, 1.320282087084391 ], [ 103.831930648597549, 1.320310097391498 ], [ 103.831820100000243, 1.320332100000121 ], [ 103.831922126370898, 1.320282087084391 ] ], [ [ 103.831971309391562, 1.320443738662141 ], [ 103.831975632118585, 1.320457946323677 ], [ 103.83184689999598, 1.320468500000596 ], [ 103.831971309391562, 1.320443738662141 ] ], [ [ 103.832002585546817, 1.320546535100837 ], [ 103.832012798183811, 1.320580101331159 ], [ 103.831854199998133, 1.320558699999802 ], [ 103.832002585546817, 1.320546535100837 ] ], [ [ 103.831684756177438, 1.320217688137739 ], [ 103.831666370407532, 1.320226700766724 ], [ 103.83167419062049, 1.320209417027667 ], [ 103.831684343905849, 1.320206255722903 ], [ 103.831684756177438, 1.320217688137739 ] ], [ [ 103.831419775512217, 1.320075128417803 ], [ 103.831311237928205, 1.320198342427722 ], [ 103.831296114374695, 1.32018144427398 ], [ 103.831296044362503, 1.32018106983892 ], [ 103.831417223664559, 1.320069175399297 ], [ 103.831419775512217, 1.320075128417803 ] ], [ [ 103.831171654220555, 1.320140040395421 ], [ 103.831173258482778, 1.320140356783372 ], [ 103.831175538323123, 1.320150205045161 ], [ 103.831021399998207, 1.320179399999874 ], [ 103.831171654220555, 1.320140040395421 ] ], [ [ 103.831710500000142, 1.320819299999977 ], [ 103.831868709861794, 1.321039009213584 ], [ 103.831950231134115, 1.32097954488375 ], [ 103.831998800000122, 1.321121900000442 ], [ 103.831787013090292, 1.321031433180821 ], [ 103.831710500000142, 1.320819299999977 ] ], [ [ 103.832080237266496, 1.321141154548008 ], [ 103.83207170000037, 1.321101500000494 ], [ 103.832085869804914, 1.321140331512106 ], [ 103.832080237266496, 1.321141154548008 ] ], [ [ 103.832120339153136, 1.321327422845014 ], [ 103.832150383378888, 1.321317127122971 ], [ 103.832150600903816, 1.321317723236841 ], [ 103.832120436201095, 1.321327873621098 ], [ 103.832120339153136, 1.321327422845014 ] ], [ [ 103.832309365707175, 1.321302713924052 ], [ 103.832502976093551, 1.321231147621217 ], [ 103.832654568733972, 1.321184334524733 ], [ 103.832710889688883, 1.32132102768534 ], [ 103.832621354968069, 1.32133130354244 ], [ 103.832651900000215, 1.321600900001677 ], [ 103.832613425328105, 1.321332333722711 ], [ 103.832537625336201, 1.321343333720887 ], [ 103.832576100004815, 1.321611900028137 ], [ 103.832532789475806, 1.321344080636799 ], [ 103.832450989484343, 1.321357480635072 ], [ 103.832494299999439, 1.321625299998871 ], [ 103.832434720678449, 1.321360665169343 ], [ 103.832336088618803, 1.32138315916907 ], [ 103.832309365707175, 1.321302713924052 ] ], [ [ 103.832859054380378, 1.321014496148314 ], [ 103.832859054118018, 1.321014495287359 ], [ 103.8328739, 1.321008299999815 ], [ 103.832859054380378, 1.321014496148314 ] ], [ [ 103.832908875580685, 1.320422169307252 ], [ 103.832806300000343, 1.320325900000055 ], [ 103.832967724022623, 1.320343501901884 ], [ 103.832908875580685, 1.320422169307252 ] ], [ [ 103.83275210000032, 1.320384400001245 ], [ 103.832860336896232, 1.320485982571648 ], [ 103.832835422001338, 1.32050814077503 ], [ 103.83275210000032, 1.320384400001245 ] ], [ [ 103.832707133759001, 1.32059848886474 ], [ 103.832700247361444, 1.320602571261797 ], [ 103.832593571412986, 1.320635513713066 ], [ 103.832479411421659, 1.320260300351521 ], [ 103.832707133759001, 1.32059848886474 ] ], [ [ 103.833112602140247, 1.320723597978879 ], [ 103.833116503282184, 1.320719913999167 ], [ 103.833116503313633, 1.320719914743459 ], [ 103.833112602140247, 1.320723597978879 ] ], [ [ 103.832845757070089, 1.320914212313515 ], [ 103.832845760884453, 1.320914218831272 ], [ 103.832836700714481, 1.320917999701337 ], [ 103.832845757070089, 1.320914212313515 ] ], [ [ 103.832992184200805, 1.320734646109732 ], [ 103.832992010041565, 1.320734810573847 ], [ 103.832990300000517, 1.320732499999698 ], [ 103.832992184200805, 1.320734646109732 ] ], [ [ 103.832915956010666, 1.320806630948713 ], [ 103.832914775934384, 1.320807745333769 ], [ 103.832907200002055, 1.320794800002718 ], [ 103.832915956010666, 1.320806630948713 ] ], [ [ 103.832401000000303, 1.32092930000047 ], [ 103.832400668875579, 1.320929419579056 ], [ 103.832400663126649, 1.320929403825022 ], [ 103.832401000000303, 1.32092930000047 ] ], [ [ 103.832082294970832, 1.320808518819538 ], [ 103.832080475486293, 1.320809191375615 ], [ 103.832081439515278, 1.320805707166585 ], [ 103.832082294970832, 1.320808518819538 ] ], [ [ 103.832058280946711, 1.320729591104838 ], [ 103.831839600000023, 1.320668300000299 ], [ 103.832048197111291, 1.32069644821333 ], [ 103.832058280946711, 1.320729591104838 ] ], [ [ 103.831819900000283, 1.320739500000615 ], [ 103.832075333635871, 1.320811092012884 ], [ 103.831996319963224, 1.320840298683731 ], [ 103.831977007111874, 1.320844510529091 ], [ 103.83203409999885, 1.321109699996354 ], [ 103.831946541150188, 1.320853065424653 ], [ 103.831911241153762, 1.320865265423901 ], [ 103.831911942630015, 1.3208673214476 ], [ 103.831819900000283, 1.320739500000615 ] ], [ [ 103.833571063584358, 1.321091634921168 ], [ 103.833490000003806, 1.321134299997642 ], [ 103.833545864577303, 1.321092828189211 ], [ 103.833571063584358, 1.321091634921168 ] ], [ [ 103.833484325889259, 1.321095742276404 ], [ 103.833469700002027, 1.321106599997848 ], [ 103.833481030836026, 1.321095898309349 ], [ 103.833484325889259, 1.321095742276404 ] ], [ [ 103.833153080892188, 1.321163551383032 ], [ 103.832967100004893, 1.321234499998203 ], [ 103.833148600788562, 1.321158746608173 ], [ 103.833153080892188, 1.321163551383032 ] ], [ [ 103.833002500001641, 1.32132849999938 ], [ 103.833227019576199, 1.321242849513627 ], [ 103.833247845790538, 1.321265186273101 ], [ 103.833002500001641, 1.32132849999938 ] ], [ [ 103.833291553205754, 1.321411444333126 ], [ 103.833023299999937, 1.32142630000007 ], [ 103.833284034260657, 1.321383059407868 ], [ 103.833291553205754, 1.321411444333126 ] ], [ [ 103.833272253578969, 1.321338585907738 ], [ 103.83301590000049, 1.321381100000549 ], [ 103.833266392126731, 1.321316458213624 ], [ 103.833272253578969, 1.321338585907738 ] ], [ [ 103.83231648283278, 1.321617673993805 ], [ 103.83231700061566, 1.321619973843053 ], [ 103.832148500031209, 1.321674199990271 ], [ 103.83231648283278, 1.321617673993805 ] ], [ [ 103.832042200073047, 1.321354199975456 ], [ 103.832074302959327, 1.321343198781357 ], [ 103.83207436374451, 1.321343376942127 ], [ 103.832042200073047, 1.321354199975456 ] ], [ [ 103.831893207716234, 1.322958747726513 ], [ 103.83180769999953, 1.322993300000385 ], [ 103.831837530621783, 1.322960608693105 ], [ 103.831893207716234, 1.322958747726513 ] ], [ [ 103.831567156833131, 1.322752307458255 ], [ 103.831565399999718, 1.322750199999803 ], [ 103.831567578362453, 1.322752193429933 ], [ 103.831567156833131, 1.322752307458255 ] ], [ [ 103.831444915612579, 1.322869988003249 ], [ 103.831444622144062, 1.32287018580204 ], [ 103.831425698613387, 1.322857292298835 ], [ 103.831426293159282, 1.322856995873889 ], [ 103.831444915612579, 1.322869988003249 ] ], [ [ 103.831412967154861, 1.322847698861238 ], [ 103.831412188383936, 1.322848087136022 ], [ 103.831375431214823, 1.322823042725337 ], [ 103.831377012721731, 1.322822614911475 ], [ 103.831412967154861, 1.322847698861238 ] ], [ [ 103.831394811365683, 1.322940983938071 ], [ 103.831399784008369, 1.322937632357591 ], [ 103.831424099999765, 1.322954200000244 ], [ 103.831394811365683, 1.322940983938071 ] ], [ [ 103.834184235725289, 1.322156927325025 ], [ 103.834184231029454, 1.322156931027496 ], [ 103.834177603130087, 1.322152624983444 ], [ 103.834177605046705, 1.322152622883509 ], [ 103.834184235725289, 1.322156927325025 ] ], [ [ 103.833885600002588, 1.321987199988833 ], [ 103.833909468477188, 1.321848724640402 ], [ 103.833917633962628, 1.321841376695643 ], [ 103.833885600002588, 1.321987199988833 ] ], [ [ 103.833865376067436, 1.321888402448974 ], [ 103.833878744514365, 1.321876372471801 ], [ 103.833860399999779, 1.321982800000802 ], [ 103.833865376067436, 1.321888402448974 ] ], [ [ 103.835078600000358, 1.322800100000645 ], [ 103.835042778350228, 1.32292398779599 ], [ 103.835031332042746, 1.322932448578208 ], [ 103.83502932763929, 1.322933837412359 ], [ 103.835078600000358, 1.322800100000645 ] ], [ [ 103.835258837955664, 1.323027187241943 ], [ 103.835258842911173, 1.323027170101517 ], [ 103.835263627356326, 1.323033730086626 ], [ 103.835263623519523, 1.323033745485245 ], [ 103.835258837955664, 1.323027187241943 ] ], [ [ 103.836258580371577, 1.322353770560903 ], [ 103.836258576014487, 1.322353756100118 ], [ 103.836258742333797, 1.322353630031489 ], [ 103.836258746693602, 1.322353644761775 ], [ 103.836258580371577, 1.322353770560903 ] ], [ [ 103.83631630316448, 1.322310111551744 ], [ 103.836316276086492, 1.322310020074388 ], [ 103.836318647907447, 1.32230822225973 ], [ 103.836318672333832, 1.322308319615458 ], [ 103.83631630316448, 1.322310111551744 ] ], [ [ 103.836442504626604, 1.322214658246712 ], [ 103.836442437581653, 1.322214391025132 ], [ 103.836442727342231, 1.322214171389867 ], [ 103.836442793856151, 1.322214439485967 ], [ 103.836442504626604, 1.322214658246712 ] ], [ [ 103.836452600002318, 1.322253964928244 ], [ 103.836473300010283, 1.322337400039895 ], [ 103.836452403745071, 1.322254113369095 ], [ 103.836452600002318, 1.322253964928244 ] ], [ [ 103.836328571450707, 1.322347774738312 ], [ 103.836334799999989, 1.322372600000414 ], [ 103.836327656471212, 1.322348466789089 ], [ 103.836328571450707, 1.322347774738312 ] ], [ [ 103.836009399999924, 1.322533700000187 ], [ 103.836152397002266, 1.322729435810399 ], [ 103.836152130187472, 1.32272923050727 ], [ 103.836009399999924, 1.322533700000187 ] ], [ [ 103.835948989563022, 1.322572921912596 ], [ 103.835950063243359, 1.322572224818151 ], [ 103.835952599998876, 1.322575699999366 ], [ 103.835948989563022, 1.322572921912596 ] ], [ [ 103.835473828445259, 1.322854716769321 ], [ 103.83546987949336, 1.322869012048274 ], [ 103.835469143889256, 1.322868003457154 ], [ 103.83547290953382, 1.322852892123124 ], [ 103.835473828445259, 1.322854716769321 ] ], [ [ 103.834650100000388, 1.323600600000026 ], [ 103.834733804137414, 1.323634919888038 ], [ 103.834733824765522, 1.323634938193272 ], [ 103.834650100000388, 1.323600600000026 ] ], [ [ 103.830448751591376, 1.323839319577861 ], [ 103.830436900002226, 1.323816700004638 ], [ 103.830449907027869, 1.323839305475647 ], [ 103.830448751591376, 1.323839319577861 ] ], [ [ 103.830473622799246, 1.323880522137373 ], [ 103.830473689982171, 1.323880638897255 ], [ 103.830470419366776, 1.323880674018075 ], [ 103.83047036064913, 1.323880561950046 ], [ 103.830473622799246, 1.323880522137373 ] ], [ [ 103.830414609057001, 1.3238812423738 ], [ 103.830414625183295, 1.323881273152061 ], [ 103.830406164438187, 1.323881364006251 ], [ 103.830406158550872, 1.32388134550837 ], [ 103.830414609057001, 1.3238812423738 ] ], [ [ 103.830370869979077, 1.323966652671263 ], [ 103.830394399999861, 1.323966400000069 ], [ 103.830371174620097, 1.323969756758515 ], [ 103.830370869979077, 1.323966652671263 ] ], [ [ 103.830405799999852, 1.324046299999938 ], [ 103.830379068827412, 1.324050193573372 ], [ 103.830379065911643, 1.324050163870417 ], [ 103.830405799999852, 1.324046299999938 ] ], [ [ 103.830337123925077, 1.323974678096007 ], [ 103.830321333860667, 1.323976960230039 ], [ 103.830321649801192, 1.323967181210001 ], [ 103.830336372651843, 1.323967023112459 ], [ 103.830337123925077, 1.323974678096007 ] ], [ [ 103.83014167237657, 1.323969113843059 ], [ 103.830142981758854, 1.324002737402629 ], [ 103.83013767638576, 1.32400350418572 ], [ 103.830137545976839, 1.323969158152481 ], [ 103.83014167237657, 1.323969113843059 ] ], [ [ 103.830318686858305, 1.324058890439324 ], [ 103.830345015216437, 1.324055085208916 ], [ 103.830345021844096, 1.324055152743257 ], [ 103.830318683671905, 1.324058989073848 ], [ 103.830318686858305, 1.324058890439324 ] ], [ [ 103.828512072692163, 1.322461788160894 ], [ 103.828512294246622, 1.322459904083105 ], [ 103.828572499999922, 1.322465100000068 ], [ 103.828512792187112, 1.322462626271374 ], [ 103.828512072692163, 1.322461788160894 ] ], [ [ 103.828412012615331, 1.322451249507987 ], [ 103.828411169886081, 1.322458415997361 ], [ 103.828357506402028, 1.322456192684679 ], [ 103.828355998778946, 1.322446415361321 ], [ 103.828412012615331, 1.322451249507987 ] ], [ [ 103.8283120030205, 1.322552273172255 ], [ 103.828313194192489, 1.322559998231172 ], [ 103.828312971009893, 1.322559995693975 ], [ 103.828311762094188, 1.322552263190292 ], [ 103.8283120030205, 1.322552273172255 ] ], [ [ 103.828500273829306, 1.32256212455359 ], [ 103.82850051386643, 1.322560083295457 ], [ 103.828539146517571, 1.322561683868359 ], [ 103.828538718261896, 1.322562561506379 ], [ 103.828500273829306, 1.32256212455359 ] ], [ [ 103.822774293247221, 1.321488489739658 ], [ 103.822775047917133, 1.321486627228345 ], [ 103.822807789409126, 1.321591492878558 ], [ 103.822805106604633, 1.321592393483155 ], [ 103.822774293247221, 1.321488489739658 ] ], [ [ 103.822935507832966, 1.322120696088398 ], [ 103.823086933028407, 1.322135325135387 ], [ 103.823629425302983, 1.321974149091344 ], [ 103.824047072685261, 1.32182965141161 ], [ 103.824071903633268, 1.321870684491674 ], [ 103.824220417351057, 1.32214100501759 ], [ 103.823873666487543, 1.32222534980326 ], [ 103.823936999996008, 1.322489099983736 ], [ 103.823867036710496, 1.322227052351864 ], [ 103.823742034972767, 1.322260859280691 ], [ 103.823702316149266, 1.322107187199233 ], [ 103.823180483836865, 1.322243812772764 ], [ 103.823221189803803, 1.322401304236844 ], [ 103.823141427476997, 1.322422746984405 ], [ 103.823211000047891, 1.322684900179088 ], [ 103.823140814455627, 1.322422912562895 ], [ 103.822770387348868, 1.322523436507085 ], [ 103.822699387114682, 1.322199960676329 ], [ 103.822935507832966, 1.322120696088398 ] ], [ [ 103.822412290952229, 1.322111201057895 ], [ 103.822408271212709, 1.322112094806476 ], [ 103.822408251360386, 1.322112024982204 ], [ 103.822412245448319, 1.322111063748013 ], [ 103.822412290952229, 1.322111201057895 ] ], [ [ 103.822143300163717, 1.321806971699034 ], [ 103.82214060907917, 1.321807746774343 ], [ 103.822082900000055, 1.321603300000149 ], [ 103.822143300163717, 1.321806971699034 ] ], [ [ 103.819560800000474, 1.315496699999949 ], [ 103.819559925168434, 1.315494183222386 ], [ 103.819560476863487, 1.315493961098115 ], [ 103.819560800000474, 1.315496699999949 ] ], [ [ 103.818794400788249, 1.315893865759981 ], [ 103.81879413782768, 1.315894129483834 ], [ 103.818770458056392, 1.315855768513002 ], [ 103.818770962531346, 1.315855012627183 ], [ 103.818794400788249, 1.315893865759981 ] ], [ [ 103.818587999999579, 1.314913999998786 ], [ 103.818590889972882, 1.314915963603271 ], [ 103.818589659003564, 1.314916941930414 ], [ 103.818587999999579, 1.314913999998786 ] ], [ [ 103.818829394485277, 1.314787454955596 ], [ 103.818824268220396, 1.314802675296143 ], [ 103.818766299998614, 1.314837600001441 ], [ 103.818829394485277, 1.314787454955596 ] ], [ [ 103.8187958, 1.314887200000326 ], [ 103.818791049457374, 1.314901304786565 ], [ 103.81878366631571, 1.314894510303994 ], [ 103.8187958, 1.314887200000326 ] ], [ [ 103.818629415825484, 1.314987443155509 ], [ 103.818660032331451, 1.314968997320932 ], [ 103.818654582773846, 1.315032071989688 ], [ 103.818629415825484, 1.314987443155509 ] ], [ [ 103.818694315558631, 1.315068649338348 ], [ 103.818694054025116, 1.315076455832481 ], [ 103.818731628476428, 1.315077730995606 ], [ 103.818712446839328, 1.31513468298506 ], [ 103.818674217428324, 1.315066890344331 ], [ 103.818694315558631, 1.315068649338348 ] ], [ [ 103.818847315341756, 1.314923277187984 ], [ 103.818840586369504, 1.314923048827352 ], [ 103.818846800000543, 1.314904599999909 ], [ 103.818847315341756, 1.314923277187984 ] ], [ [ 103.817985432974652, 1.315125695692551 ], [ 103.817985436226493, 1.315125697114232 ], [ 103.817984989802682, 1.31512653614754 ], [ 103.817984987222061, 1.315126534969137 ], [ 103.817985432974652, 1.315125695692551 ] ], [ [ 103.817702873319064, 1.315435519623108 ], [ 103.817710816687793, 1.315425811912735 ], [ 103.817711410723206, 1.315426082751987 ], [ 103.817704088276784, 1.315435843610361 ], [ 103.817702873319064, 1.315435519623108 ] ], [ [ 103.817773300000766, 1.315454300000305 ], [ 103.817773299999857, 1.315454300000305 ], [ 103.817773299999857, 1.3154542999994 ], [ 103.817773300000766, 1.315454300000305 ] ], [ [ 103.817096590435199, 1.315637662009027 ], [ 103.817097739145069, 1.315635968074631 ], [ 103.817100883094938, 1.315638515889405 ], [ 103.817098860449562, 1.315641994203698 ], [ 103.817096590435199, 1.315637662009027 ] ], [ [ 103.816895758866465, 1.315837833985807 ], [ 103.816913081060861, 1.315847520612916 ], [ 103.816913612292197, 1.315849975822668 ], [ 103.816895858846635, 1.315839307122328 ], [ 103.816895758866465, 1.315837833985807 ] ], [ [ 103.816862341272767, 1.31581914676056 ], [ 103.816862342575547, 1.315819165960231 ], [ 103.816861899988993, 1.315818899993594 ], [ 103.816862341272767, 1.31581914676056 ] ], [ [ 103.816656793149747, 1.315975473669718 ], [ 103.816638233953469, 1.315963709836225 ], [ 103.816654456481487, 1.315966794654571 ], [ 103.816656793149747, 1.315975473669718 ] ], [ [ 103.816678754083128, 1.315886000315415 ], [ 103.816672087475311, 1.315861238732147 ], [ 103.816676864190896, 1.315864109236637 ], [ 103.816678754083128, 1.315886000315415 ] ], [ [ 103.81745180617726, 1.315782779904781 ], [ 103.817477865113531, 1.315760645782852 ], [ 103.817528748095896, 1.315748361277072 ], [ 103.81757984609601, 1.315760207041075 ], [ 103.817592639137743, 1.315770867909438 ], [ 103.817532728179771, 1.315824923254925 ], [ 103.817477480303651, 1.315801239449465 ], [ 103.81745180617726, 1.315782779904781 ] ], [ [ 103.817606429881835, 1.315782360194528 ], [ 103.817620948310747, 1.315794458885072 ], [ 103.817638118882385, 1.315834101001817 ], [ 103.817581515577132, 1.315830800416317 ], [ 103.817606429881835, 1.315782360194528 ] ], [ [ 103.817455192443489, 1.315894880750936 ], [ 103.817431014648548, 1.315916695439543 ], [ 103.817422719851749, 1.315895280503421 ], [ 103.817455192443489, 1.315894880750936 ] ], [ [ 103.817550547031857, 1.315947221040931 ], [ 103.817567478670156, 1.315970773753372 ], [ 103.81754737640162, 1.315976078519058 ], [ 103.817550547031857, 1.315947221040931 ] ], [ [ 103.819038909677772, 1.317285482825781 ], [ 103.819095707614622, 1.317409568571154 ], [ 103.819376666024382, 1.318093201104254 ], [ 103.819376668606765, 1.318093207388698 ], [ 103.819376671920594, 1.318093215452032 ], [ 103.819643265970598, 1.318742001130248 ], [ 103.819892400000128, 1.318638300000515 ], [ 103.819643302317431, 1.318742089541136 ], [ 103.819706640569848, 1.318896076257216 ], [ 103.819538920503945, 1.318966153351412 ], [ 103.819545782138846, 1.318904439548496 ], [ 103.819516482142149, 1.318901139548333 ], [ 103.819507808264177, 1.318979152720292 ], [ 103.81947133268298, 1.31899439300918 ], [ 103.819498728862541, 1.319060813178918 ], [ 103.819498618735068, 1.319061803671915 ], [ 103.81947072837319, 1.318994646368972 ], [ 103.81942244050353, 1.319014960576626 ], [ 103.819383433660107, 1.318920067469901 ], [ 103.819167533678652, 1.31900996746099 ], [ 103.819206842926761, 1.319105596257964 ], [ 103.819156644663551, 1.319127323863756 ], [ 103.819090269168342, 1.319154434346332 ], [ 103.819037944696689, 1.319123600489993 ], [ 103.81901374469426, 1.31916520048745 ], [ 103.81903428105737, 1.31917730219164 ], [ 103.819012322016235, 1.319186271165947 ], [ 103.819052697550475, 1.319286407050694 ], [ 103.819047204453952, 1.319285956351455 ], [ 103.81900490602267, 1.319189430803905 ], [ 103.818918329113515, 1.319227862088894 ], [ 103.818903511838258, 1.319131796819602 ], [ 103.818888863654109, 1.319036727296402 ], [ 103.818841169407335, 1.318912417855739 ], [ 103.818780035848533, 1.318845516986206 ], [ 103.81874540560986, 1.318877572621612 ], [ 103.818730472887182, 1.318807749304528 ], [ 103.818732680643294, 1.318804465233141 ], [ 103.818729274469348, 1.318802145668767 ], [ 103.818727342604447, 1.318793112540506 ], [ 103.818629026661341, 1.318638221833525 ], [ 103.81849991022716, 1.318506001672949 ], [ 103.818432300000239, 1.318345000001016 ], [ 103.818594405925822, 1.318561813088261 ], [ 103.818672305929027, 1.318502813083366 ], [ 103.818510200000404, 1.318286000000185 ], [ 103.818704270892042, 1.318474347938859 ], [ 103.818765970892485, 1.318409947934401 ], [ 103.818573579717565, 1.318223230184732 ], [ 103.818573846464218, 1.318222625139247 ], [ 103.818810771481893, 1.318347405776724 ], [ 103.818861671475403, 1.318249505771871 ], [ 103.818622799998579, 1.318123699999605 ], [ 103.818872703135753, 1.31822550915184 ], [ 103.818928203124031, 1.318087509146675 ], [ 103.81867830000003, 1.31798570000006 ], [ 103.818928245317011, 1.318087404170082 ], [ 103.819042245293915, 1.317803604158739 ], [ 103.818861864676478, 1.317730206265257 ], [ 103.81886994039948, 1.317702869469154 ], [ 103.819061878641094, 1.3177052661257 ], [ 103.819062678633898, 1.317640366125165 ], [ 103.818902817495228, 1.317638370003679 ], [ 103.818897320716459, 1.317631369403377 ], [ 103.819062311807912, 1.317622455636114 ], [ 103.819058311800163, 1.317547455637253 ], [ 103.818840665359517, 1.317559214146424 ], [ 103.81883183383853, 1.31754796647814 ], [ 103.819045401369735, 1.317477832244586 ], [ 103.819007601359488, 1.317361232248654 ], [ 103.818751299999974, 1.317445400000138 ], [ 103.818997399649305, 1.317334602464411 ], [ 103.818983947251908, 1.31730433458137 ], [ 103.819038909677772, 1.317285482825781 ] ], [ [ 103.816463261885019, 1.31828194653735 ], [ 103.816463479324469, 1.318281699364223 ], [ 103.816466500000502, 1.318283800000474 ], [ 103.816466499999592, 1.318283800000474 ], [ 103.816463261885019, 1.31828194653735 ] ], [ [ 103.817059025662104, 1.318222573772817 ], [ 103.817314763780487, 1.31844099220074 ], [ 103.817442359940699, 1.318289655227527 ], [ 103.817528241678687, 1.318360213665247 ], [ 103.817841986918594, 1.318606466090936 ], [ 103.818161206868055, 1.31893335963432 ], [ 103.818101493865385, 1.31905150146385 ], [ 103.818114080469186, 1.31910093802896 ], [ 103.81802343815653, 1.319114063824678 ], [ 103.817935367693437, 1.319212949954059 ], [ 103.817894587637568, 1.319258615637007 ], [ 103.81785952697949, 1.31929789561379 ], [ 103.81779322405464, 1.319372372862802 ], [ 103.817779595462483, 1.319511939599913 ], [ 103.817649247762262, 1.319659352672226 ], [ 103.817465701570057, 1.319551677215383 ], [ 103.817452765757864, 1.319544112674784 ], [ 103.817281765966314, 1.319409301860509 ], [ 103.817233828883801, 1.319371496295758 ], [ 103.817090123306173, 1.319251078597173 ], [ 103.816914333330985, 1.319099905183601 ], [ 103.816904108557637, 1.319111949252973 ], [ 103.816903894530952, 1.319111771407343 ], [ 103.816914109161544, 1.31909971261937 ], [ 103.81689884504614, 1.319086615023801 ], [ 103.816870141332686, 1.319061870445391 ], [ 103.81651958984682, 1.318741527926666 ], [ 103.816521091843072, 1.318736068989404 ], [ 103.816592992968225, 1.318608822667025 ], [ 103.816696756806508, 1.31859748423348 ], [ 103.816812695976679, 1.31853312429899 ], [ 103.817053958045406, 1.31824766263763 ], [ 103.817059025662104, 1.318222573772817 ] ], [ [ 103.816781134315249, 1.319617715704828 ], [ 103.816783155099472, 1.319619456503594 ], [ 103.816783154606156, 1.319619457100471 ], [ 103.816781134283801, 1.319617715741906 ], [ 103.816781134315249, 1.319617715704828 ] ], [ [ 103.817736827260788, 1.320188379135021 ], [ 103.817785799999768, 1.320002 ], [ 103.81776433311326, 1.320188001767913 ], [ 103.817736827260788, 1.320188379135021 ] ], [ [ 103.818300787541162, 1.320343625760658 ], [ 103.818377448666595, 1.320319899138382 ], [ 103.818377613102555, 1.320320198191054 ], [ 103.818310832806389, 1.32034776667676 ], [ 103.818300787541162, 1.320343625760658 ] ], [ [ 103.819066923528183, 1.319330955521565 ], [ 103.819061892569337, 1.319319474812299 ], [ 103.819066172302485, 1.319319825957472 ], [ 103.819071587367702, 1.319333255928339 ], [ 103.819066923528183, 1.319330955521565 ] ], [ [ 103.818647357236316, 1.318931385111391 ], [ 103.818699466813868, 1.318920096071924 ], [ 103.81858160000084, 1.319029199999531 ], [ 103.818647357236316, 1.318931385111391 ] ], [ [ 103.818060900000091, 1.31962210000061 ], [ 103.818108671313695, 1.319726241221142 ], [ 103.818108382253016, 1.319726255862834 ], [ 103.818060900000091, 1.31962210000061 ] ], [ [ 103.818456518127192, 1.319627389025895 ], [ 103.818477687770198, 1.319610694356953 ], [ 103.818509205486265, 1.319642212076768 ], [ 103.818446087831802, 1.319640274595428 ], [ 103.818456518127192, 1.319627389025895 ] ], [ [ 103.818372717463717, 1.319730864263305 ], [ 103.818378221894633, 1.319724071168941 ], [ 103.818437800004475, 1.319725900000237 ], [ 103.818372717463717, 1.319730864263305 ] ], [ [ 103.818448500000258, 1.319868000000206 ], [ 103.818434923034644, 1.319871075905773 ], [ 103.818433207015545, 1.31986916649411 ], [ 103.818448500000258, 1.319868000000206 ] ], [ [ 103.819560969958303, 1.319211939388647 ], [ 103.819560925495836, 1.319211832329713 ], [ 103.819560995617351, 1.319211774665102 ], [ 103.819561049344642, 1.319211904923753 ], [ 103.819560969958303, 1.319211939388647 ] ], [ [ 103.819551311806478, 1.319437461588912 ], [ 103.819552264439011, 1.319437064916379 ], [ 103.819591671640254, 1.319531953629925 ], [ 103.819678369673895, 1.319495480664053 ], [ 103.819913631821493, 1.319397183021161 ], [ 103.819919034047984, 1.31941019256459 ], [ 103.81994751524509, 1.319478847259232 ], [ 103.820193237287683, 1.319375587049252 ], [ 103.820193237408077, 1.319375587379346 ], [ 103.819947526175824, 1.319478873602529 ], [ 103.820224146573125, 1.320145477030387 ], [ 103.820443029627128, 1.320689945025631 ], [ 103.820540264129008, 1.320935336773837 ], [ 103.82008781830865, 1.321129924268682 ], [ 103.819875546654103, 1.321213460272345 ], [ 103.819807649204222, 1.321239977502646 ], [ 103.81974840657513, 1.321143780294008 ], [ 103.81971484073668, 1.321096764321171 ], [ 103.819652244600661, 1.321142033204347 ], [ 103.81964400396518, 1.321131765639408 ], [ 103.819703616770667, 1.321082122755143 ], [ 103.819652133880936, 1.32101949805176 ], [ 103.819600865056074, 1.320971575759743 ], [ 103.819516852598284, 1.320893102566079 ], [ 103.81920910098178, 1.320705770564075 ], [ 103.818986182717126, 1.320603023069452 ], [ 103.81885966824585, 1.320524617278119 ], [ 103.818771007144932, 1.320464938400153 ], [ 103.818768352614697, 1.320456935630283 ], [ 103.818873410549699, 1.320399824243091 ], [ 103.819012700142011, 1.32029007659778 ], [ 103.819142923560349, 1.320129359670563 ], [ 103.819238214963065, 1.319913539824428 ], [ 103.819263194434413, 1.319743530167096 ], [ 103.819251731400712, 1.31967415807607 ], [ 103.819361978016161, 1.319629128823833 ], [ 103.819260600000263, 1.319377700000074 ], [ 103.8193671105589, 1.319626970148927 ], [ 103.819478981210239, 1.319578548523031 ], [ 103.819590137916407, 1.319532593275793 ], [ 103.819551311806478, 1.319437461588912 ] ], [ [ 103.819953400955882, 1.319084614517328 ], [ 103.819953229072254, 1.319084216981216 ], [ 103.819953231412981, 1.319084216007227 ], [ 103.819953402771873, 1.319084613753149 ], [ 103.819953400955882, 1.319084614517328 ] ], [ [ 103.819546935365864, 1.319178145449474 ], [ 103.819544547981266, 1.319172396858622 ], [ 103.819544657671457, 1.319172164435713 ], [ 103.819547076706002, 1.31917802921951 ], [ 103.819546935365864, 1.319178145449474 ] ], [ [ 103.819531625195211, 1.319140568088209 ], [ 103.819531467920754, 1.319140901336656 ], [ 103.81952202047664, 1.319118152806277 ], [ 103.819522096730623, 1.319117466978162 ], [ 103.819531625195211, 1.319140568088209 ] ], [ [ 103.818296980892143, 1.320827775451525 ], [ 103.818298924445401, 1.320752469644491 ], [ 103.818309257817759, 1.320747638497511 ], [ 103.81831364378246, 1.320754328326338 ], [ 103.818296980892143, 1.320827775451525 ] ], [ [ 103.818402319919926, 1.320752998473117 ], [ 103.81839196589543, 1.320763388652019 ], [ 103.818391265241019, 1.32075648635069 ], [ 103.818401433335993, 1.320749733454634 ], [ 103.818402319919926, 1.320752998473117 ] ], [ [ 103.818354441682203, 1.320780941832728 ], [ 103.818356293602676, 1.320799185506449 ], [ 103.818309828082135, 1.320845813273791 ], [ 103.818326228419934, 1.32077352343611 ], [ 103.818338174830643, 1.320791745070298 ], [ 103.818354441682203, 1.320780941832728 ] ], [ [ 103.819988293855232, 1.321751539415456 ], [ 103.820071253365555, 1.321719139723149 ], [ 103.820291981712188, 1.321632275726048 ], [ 103.82075565268002, 1.321432860524461 ], [ 103.820779755845294, 1.321483965865275 ], [ 103.82086016978262, 1.321655162755959 ], [ 103.820675213270846, 1.321695906530811 ], [ 103.820016834166978, 1.321874225333936 ], [ 103.820006301998518, 1.321828947058682 ], [ 103.819988293855232, 1.321751539415456 ] ], [ [ 103.821085496252437, 1.322099223825203 ], [ 103.821084730110201, 1.322099431197634 ], [ 103.821032600000322, 1.321891800000756 ], [ 103.821085496252437, 1.322099223825203 ] ], [ [ 103.820201125408261, 1.32290056624755 ], [ 103.821945299082401, 1.322428469554582 ], [ 103.822182356807659, 1.322360193218464 ], [ 103.822248695046653, 1.322662429362619 ], [ 103.822079836646637, 1.322709501578574 ], [ 103.822100511901397, 1.322784630746255 ], [ 103.822100500778191, 1.322784633644693 ], [ 103.822079821112439, 1.322709505909505 ], [ 103.821946441175498, 1.322746696519929 ], [ 103.821380687754143, 1.32288748903879 ], [ 103.821400780203462, 1.322969275287817 ], [ 103.821400704696188, 1.322969290064769 ], [ 103.821380579600557, 1.322887515976574 ], [ 103.821344879604254, 1.322896415976508 ], [ 103.821364555435423, 1.322976364575689 ], [ 103.8213580642892, 1.322977634911479 ], [ 103.821335737178003, 1.322898867319955 ], [ 103.821144576440318, 1.322953756046694 ], [ 103.820621377751152, 1.323103810745408 ], [ 103.820273161097148, 1.323198260581783 ], [ 103.820201125408261, 1.32290056624755 ] ], [ [ 103.82255789274717, 1.322821379590714 ], [ 103.822558883007588, 1.322821159416622 ], [ 103.822558883466755, 1.322821161295894 ], [ 103.822557893970981, 1.322821384037481 ], [ 103.82255789274717, 1.322821379590714 ] ], [ [ 103.823549500055094, 1.322593900205678 ], [ 103.823619463265999, 1.322855947655693 ], [ 103.824003659169989, 1.322752041254006 ], [ 103.824490772772236, 1.322633554173798 ], [ 103.8245659929146, 1.322768936375571 ], [ 103.824801299999905, 1.322636500000018 ], [ 103.824567204631961, 1.322771094048277 ], [ 103.824636146935646, 1.322892559398682 ], [ 103.824686055613924, 1.322997913004975 ], [ 103.82471879251257, 1.323091559447992 ], [ 103.824739012496039, 1.323172279574325 ], [ 103.824760839419369, 1.323290161685329 ], [ 103.824815084466721, 1.324068436582959 ], [ 103.824799447866326, 1.324214664424044 ], [ 103.825067499739248, 1.324243699972267 ], [ 103.82479944258894, 1.324214713823135 ], [ 103.824777225069923, 1.324422842187624 ], [ 103.824663423229069, 1.324881953856244 ], [ 103.824638599196064, 1.32496837095587 ], [ 103.824622494940556, 1.324960984877198 ], [ 103.824477334981964, 1.325281591404959 ], [ 103.824466434972607, 1.325275020278699 ], [ 103.824189365001359, 1.325740579713319 ], [ 103.8242509672111, 1.325777716922429 ], [ 103.824205201705524, 1.325849964703074 ], [ 103.824119634084454, 1.325984100406716 ], [ 103.824129334166813, 1.325990368550676 ], [ 103.824121300432523, 1.326002622203357 ], [ 103.824111781816313, 1.325997208677361 ], [ 103.824096978384489, 1.326023575300354 ], [ 103.82400744060962, 1.326144034514186 ], [ 103.823969459111723, 1.326195109627724 ], [ 103.823986624446263, 1.326208040071073 ], [ 103.823986558541421, 1.326208140593661 ], [ 103.823969381374681, 1.326195214215385 ], [ 103.823911895258519, 1.326272595518765 ], [ 103.823863032358076, 1.326338345590226 ], [ 103.823823720300354, 1.326391211500052 ], [ 103.823668881434898, 1.326495477989416 ], [ 103.823681120596362, 1.326513889322573 ], [ 103.823680710460565, 1.326514017268657 ], [ 103.823668509351506, 1.326495728996157 ], [ 103.823628600717342, 1.326522699669096 ], [ 103.823607641726426, 1.326536811802429 ], [ 103.823269386033814, 1.326642334064554 ], [ 103.823271819796986, 1.326650236803033 ], [ 103.82326208592967, 1.326653484501038 ], [ 103.822955706910903, 1.326702622931742 ], [ 103.822747411329658, 1.326643695981013 ], [ 103.822563269349303, 1.32659151242366 ], [ 103.822490199999947, 1.326852699999944 ], [ 103.82252267186071, 1.326583331763126 ], [ 103.822401471873206, 1.326568531764662 ], [ 103.822368999999554, 1.326837899999803 ], [ 103.822290061901555, 1.326578448112057 ], [ 103.822198561909957, 1.326606648108922 ], [ 103.822277499999245, 1.326866099997665 ], [ 103.82215103388242, 1.326626462417452 ], [ 103.822033933889955, 1.326689062411535 ], [ 103.822160399756868, 1.326928699539972 ], [ 103.822033848418329, 1.326689108124059 ], [ 103.821807310270742, 1.326810317148532 ], [ 103.821780016678801, 1.326766639666318 ], [ 103.821551799960375, 1.32691110002551 ], [ 103.821779276410084, 1.32676546175057 ], [ 103.821764801118903, 1.326742559067079 ], [ 103.821756425698993, 1.32672925693148 ], [ 103.8215287000004, 1.326874500000366 ], [ 103.821749552780858, 1.326718876766938 ], [ 103.821742935218055, 1.32670936360887 ], [ 103.822107899103273, 1.32655924715936 ], [ 103.822510169895878, 1.326424025331867 ], [ 103.822558997678428, 1.326414172680312 ], [ 103.822589644655551, 1.326413747564974 ], [ 103.82265521936479, 1.326424542057888 ], [ 103.822682555110802, 1.326429098016173 ], [ 103.822726599999598, 1.326161400002528 ], [ 103.822689891253987, 1.326430216543457 ], [ 103.8229327912792, 1.326463816547031 ], [ 103.822969500000056, 1.32619499999963 ], [ 103.822993093616148, 1.326465302549365 ], [ 103.823073393625151, 1.326458202549233 ], [ 103.823049800002181, 1.326187900017368 ], [ 103.823080545006434, 1.326457473422441 ], [ 103.823133345011755, 1.326451373421548 ], [ 103.823102600000055, 1.326181800000799 ], [ 103.823184804679912, 1.32644022226279 ], [ 103.823497004708898, 1.326339622252241 ], [ 103.823414799998929, 1.326081199997537 ], [ 103.823536594625637, 1.326323276351146 ], [ 103.823588394628914, 1.326296876349193 ], [ 103.823466600000216, 1.326054800000783 ], [ 103.823671854361322, 1.326230730096039 ], [ 103.823711454360463, 1.326183930092263 ], [ 103.823506200000367, 1.326008000000252 ], [ 103.823734339097939, 1.32615258430324 ], [ 103.823930103586179, 1.325839680366849 ], [ 103.824028263792258, 1.325684873935022 ], [ 103.823801000003328, 1.325538900002103 ], [ 103.824032923918509, 1.32567725011019 ], [ 103.824281023892922, 1.325255950086654 ], [ 103.824049100003734, 1.325117600001654 ], [ 103.82429740636185, 1.325223294412653 ], [ 103.824418006338462, 1.324936294400769 ], [ 103.824169699999146, 1.324830600000043 ], [ 103.824430935137642, 1.324897667635967 ], [ 103.824519235103764, 1.3245492676264 ], [ 103.824258000011824, 1.3244822000026 ], [ 103.824521473416056, 1.324539718391476 ], [ 103.824589273383893, 1.324225118383393 ], [ 103.824325800000452, 1.32416760000003 ], [ 103.824595310701085, 1.324174586818434 ], [ 103.824602010672166, 1.323912786817361 ], [ 103.824332499996189, 1.323905799999866 ], [ 103.824600274057502, 1.323874272574591 ], [ 103.824550074011938, 1.323442372579667 ], [ 103.824282300003588, 1.323473899999908 ], [ 103.824544461402738, 1.323410599969573 ], [ 103.8245316613976, 1.323356899970799 ], [ 103.824269499986713, 1.323420200003454 ], [ 103.824529507185275, 1.323348461918319 ], [ 103.824515507180749, 1.32329706191968 ], [ 103.824255500003332, 1.32336879999888 ], [ 103.82450881871749, 1.323275933074028 ], [ 103.824493618713831, 1.323233933075728 ], [ 103.824240300000696, 1.323326799999979 ], [ 103.824430104781968, 1.32313409815347 ], [ 103.82438570478179, 1.323089798156462 ], [ 103.82419590000049, 1.323282500000526 ], [ 103.824270431564955, 1.323021731301728 ], [ 103.824217931569734, 1.323006531302729 ], [ 103.824143400000253, 1.323267299999937 ], [ 103.824104585172947, 1.322998783311432 ], [ 103.824048585179014, 1.323006983310754 ], [ 103.824087400000437, 1.323275500000081 ], [ 103.824023494998812, 1.323011889474716 ], [ 103.823606105384599, 1.323114386923614 ], [ 103.82325861963723, 1.323199683424784 ], [ 103.823322501764466, 1.323463307280265 ], [ 103.823258615892058, 1.323199684344508 ], [ 103.823131091867779, 1.323230989294887 ], [ 103.823074012340385, 1.323003108676255 ], [ 103.823280879139887, 1.322946970588886 ], [ 103.823619072571091, 1.322856053004494 ], [ 103.823549500055094, 1.322593900205678 ] ], [ [ 103.822756800380546, 1.322846699903859 ], [ 103.822756600955444, 1.322846750504013 ], [ 103.822756600901528, 1.322846750280635 ], [ 103.822756800380546, 1.322846699903859 ] ], [ [ 103.822014799996978, 1.323009199988864 ], [ 103.822014800000574, 1.32300920000062 ], [ 103.822014799999664, 1.32300920000062 ], [ 103.822014799996978, 1.323009199988864 ] ], [ [ 103.822023499654875, 1.323043400088914 ], [ 103.822024166611257, 1.323043228222904 ], [ 103.822024166835902, 1.323043229038641 ], [ 103.822023499654875, 1.323043400088914 ] ], [ [ 103.822341277820172, 1.323199739222201 ], [ 103.822552448909946, 1.323140871593468 ], [ 103.82265197923671, 1.323538230343408 ], [ 103.82291339999982, 1.323471900000415 ], [ 103.822652003395703, 1.32353832672165 ], [ 103.822673703387366, 1.323624826723625 ], [ 103.8229351, 1.323558400000202 ], [ 103.822674821000518, 1.323629132644432 ], [ 103.822947696392816, 1.324646277562086 ], [ 103.822960186322916, 1.324695756920906 ], [ 103.823055927976753, 1.325075760861508 ], [ 103.822828290693309, 1.32512397708894 ], [ 103.822341277820172, 1.323199739222201 ] ], [ [ 103.823670000000476, 1.323378000000503 ], [ 103.823733904972897, 1.323641610534047 ], [ 103.824022128019436, 1.323570832242918 ], [ 103.824062494904652, 1.323918132518091 ], [ 103.824056943230843, 1.324135061178883 ], [ 103.823995559973767, 1.324419886591358 ], [ 103.823913483946129, 1.324743728906802 ], [ 103.823807888822756, 1.324995020725148 ], [ 103.823708396730254, 1.325163968797307 ], [ 103.823620742181191, 1.32510968849833 ], [ 103.823482829025252, 1.324562304020845 ], [ 103.823221499763036, 1.324629000060598 ], [ 103.823482799046374, 1.324562185146518 ], [ 103.823469799041504, 1.324510685148239 ], [ 103.823208500000462, 1.324577500000415 ], [ 103.82346877908347, 1.324506767300099 ], [ 103.823267399539034, 1.323756124318052 ], [ 103.823386380376448, 1.323726916572441 ], [ 103.823386384121619, 1.323726915653622 ], [ 103.823386384121619, 1.323726915652718 ], [ 103.823733880410927, 1.323641616564255 ], [ 103.823670000000476, 1.323378000000503 ] ], [ [ 103.823331878692414, 1.325296989315783 ], [ 103.823331879622415, 1.325296989078843 ], [ 103.823343603461637, 1.325352943102397 ], [ 103.823343584905473, 1.325352973455511 ], [ 103.823331878692414, 1.325296989315783 ] ], [ [ 103.823336566725246, 1.325570892977319 ], [ 103.823426306513213, 1.325626464569075 ], [ 103.823296135251169, 1.325834526246904 ], [ 103.823045581758265, 1.325915261932102 ], [ 103.823022625862478, 1.32591791403441 ], [ 103.82297614065611, 1.32592202418349 ], [ 103.822766984441756, 1.325893091909967 ], [ 103.822743044882756, 1.325889101982844 ], [ 103.822699000006168, 1.326156799963063 ], [ 103.822742516551202, 1.325889014470633 ], [ 103.822653216560411, 1.325874314471862 ], [ 103.822609699999774, 1.326142099999747 ], [ 103.822605984649087, 1.325870782167334 ], [ 103.822526684656992, 1.325871882167028 ], [ 103.822530399999934, 1.326143199997678 ], [ 103.822477403172769, 1.325877150671504 ], [ 103.822387703181548, 1.325895250670274 ], [ 103.822440700000399, 1.326161300000074 ], [ 103.82235529454357, 1.325903931351629 ], [ 103.822232837412628, 1.325945094868629 ], [ 103.822123786574636, 1.325217742189876 ], [ 103.822108490989407, 1.325115571752569 ], [ 103.821841899998574, 1.325156 ], [ 103.822105316266146, 1.325098216773354 ], [ 103.822061618074216, 1.324896425221219 ], [ 103.822061616245705, 1.324896416778062 ], [ 103.822013144234376, 1.32467254615669 ], [ 103.822002370288246, 1.324622567039281 ], [ 103.82173889989339, 1.324680100023107 ], [ 103.822002320255137, 1.324622335430371 ], [ 103.821924020219086, 1.324260635438934 ], [ 103.821660599981016, 1.324318400004794 ], [ 103.821922359524464, 1.324253436746836 ], [ 103.821902800558917, 1.32417360427093 ], [ 103.821881723265506, 1.324087101567911 ], [ 103.82179558629602, 1.32368017884194 ], [ 103.821727884190949, 1.323360116591815 ], [ 103.821819668568708, 1.323337275275352 ], [ 103.822355342754989, 1.325453780571447 ], [ 103.822616600000529, 1.3253868000003 ], [ 103.822431246935849, 1.32558384271531 ], [ 103.822450346936321, 1.325602042716911 ], [ 103.822635699999964, 1.32540500000049 ], [ 103.822481557542218, 1.325627618896093 ], [ 103.822510357543607, 1.325647818897985 ], [ 103.822664500000045, 1.325425200000604 ], [ 103.822649934426551, 1.325696147303397 ], [ 103.822690334430774, 1.325698347303764 ], [ 103.822704899999891, 1.325427399999797 ], [ 103.822760421356648, 1.32569292727317 ], [ 103.823336566725246, 1.325570892977319 ] ], [ [ 103.821206264314711, 1.323500354652704 ], [ 103.821268209570761, 1.323793201643068 ], [ 103.821531902957616, 1.323736699365915 ], [ 103.82126821773214, 1.323793240213355 ], [ 103.82135521769095, 1.324204240221758 ], [ 103.8216189, 1.324147700000422 ], [ 103.821357058630369, 1.324212328229274 ], [ 103.821379158621141, 1.32430302823149 ], [ 103.821640999999758, 1.324238400000417 ], [ 103.821379240469696, 1.324303363223007 ], [ 103.821397961413197, 1.324379775268852 ], [ 103.821475454836943, 1.324737749538668 ], [ 103.821486229694855, 1.324787732933183 ], [ 103.821749700470619, 1.32473019989701 ], [ 103.821486281936515, 1.324787974745155 ], [ 103.821534781914423, 1.325011974750304 ], [ 103.821798197064723, 1.324954200643362 ], [ 103.821534783742052, 1.32501198319346 ], [ 103.821576615860934, 1.325205157698213 ], [ 103.821590608991997, 1.325298628219962 ], [ 103.821857202012893, 1.325258199695132 ], [ 103.821590617766105, 1.325298686786655 ], [ 103.821715889431886, 1.326134231098728 ], [ 103.821484036395631, 1.326229596556782 ], [ 103.821456206110639, 1.325955240578341 ], [ 103.821188000000532, 1.325982800000517 ], [ 103.821456196950294, 1.325955150423999 ], [ 103.821421230890536, 1.325611584270212 ], [ 103.821419864048821, 1.325597818241839 ], [ 103.821151600000462, 1.325624800000024 ], [ 103.821418292055242, 1.325585052374602 ], [ 103.821357792012421, 1.325173852381041 ], [ 103.821091099998981, 1.325213600000437 ], [ 103.821354948274688, 1.325157849075802 ], [ 103.821284551839625, 1.324820366337414 ], [ 103.821185756397725, 1.32434638844175 ], [ 103.820921899999945, 1.324402100000441 ], [ 103.821185734926388, 1.324346285533091 ], [ 103.821139434904453, 1.324124585537451 ], [ 103.820875600000491, 1.324180400000153 ], [ 103.821138628835627, 1.324120856292854 ], [ 103.821012387150034, 1.323555959118092 ], [ 103.821206264314711, 1.323500354652704 ] ], [ [ 103.820700978044556, 1.323392065404465 ], [ 103.820700590317443, 1.323392153177394 ], [ 103.820700589867286, 1.323392151495273 ], [ 103.820700977402097, 1.323392063132698 ], [ 103.820700978044556, 1.323392065404465 ] ], [ [ 103.820066936824702, 1.323496511579826 ], [ 103.820066936922629, 1.323496511946095 ], [ 103.820066585156496, 1.323496598329109 ], [ 103.820066585013635, 1.323496597815428 ], [ 103.820066936824702, 1.323496511579826 ] ], [ [ 103.820395980628149, 1.323726996124416 ], [ 103.820492112066063, 1.323700921563614 ], [ 103.82061215508277, 1.32423808188065 ], [ 103.820658054063898, 1.32445786177547 ], [ 103.820756843543023, 1.324931811539881 ], [ 103.821020700000489, 1.324876100000583 ], [ 103.820756851747518, 1.324931850888826 ], [ 103.820825591576096, 1.3252613921361 ], [ 103.820883971574261, 1.325658183424315 ], [ 103.82088473594392, 1.3256658817287 ], [ 103.821153000179933, 1.3256388999816 ], [ 103.820884803080546, 1.325666549543509 ], [ 103.82091979843031, 1.3260104042092 ], [ 103.82096069384059, 1.326413559396186 ], [ 103.821228900001202, 1.326385999999345 ], [ 103.820987696931695, 1.326507217213609 ], [ 103.821083496917453, 1.326700317222673 ], [ 103.821324700000275, 1.326579100000236 ], [ 103.821083874349767, 1.326701075033242 ], [ 103.821087674349826, 1.326708675033728 ], [ 103.8213285, 1.326586700000363 ], [ 103.821107647205366, 1.326742323195099 ], [ 103.821304292175512, 1.327025012655349 ], [ 103.821309474273832, 1.327033243047773 ], [ 103.821537199814514, 1.326888000118099 ], [ 103.821309723565136, 1.327033638226473 ], [ 103.821323951983175, 1.327056150316296 ], [ 103.821329632070842, 1.327065240069086 ], [ 103.821185757075099, 1.327143784379721 ], [ 103.821314300020589, 1.327382300038133 ], [ 103.821183569545894, 1.327144991814102 ], [ 103.820959530191175, 1.327270013778881 ], [ 103.820954782021204, 1.327268946311749 ], [ 103.820946992439673, 1.327152587456773 ], [ 103.820935294169857, 1.326977313662421 ], [ 103.820666300000056, 1.326995500000654 ], [ 103.820932827287521, 1.326954647220329 ], [ 103.820828171235902, 1.326263003396342 ], [ 103.820675780639505, 1.324984578005254 ], [ 103.82040810000116, 1.325016899999733 ], [ 103.820671135931349, 1.324957387658289 ], [ 103.820464935838089, 1.32403418767903 ], [ 103.820201899999844, 1.324093700000713 ], [ 103.820464872441192, 1.324033904547464 ], [ 103.820395980628149, 1.323726996124416 ] ], [ [ 103.822674400000508, 1.326904899999882 ], [ 103.822601446996231, 1.327166120520812 ], [ 103.822824847017756, 1.327229320527503 ], [ 103.822897800000547, 1.326968099999901 ], [ 103.822834394577029, 1.327231832713167 ], [ 103.822880794581053, 1.327243132714066 ], [ 103.822941693081574, 1.326989827442966 ], [ 103.82294392841564, 1.326989468930638 ], [ 103.822936883883258, 1.327250643670044 ], [ 103.822991783889123, 1.327252143670057 ], [ 103.822999099999862, 1.326980899997587 ], [ 103.823041890217212, 1.327248804070995 ], [ 103.823240290237678, 1.32721670406746 ], [ 103.823197500000376, 1.326948799999986 ], [ 103.823253751823302, 1.327214171493076 ], [ 103.823286059034942, 1.327207234361243 ], [ 103.823353566451701, 1.327192896502721 ], [ 103.823298974565787, 1.326932525053252 ], [ 103.823299557286916, 1.326932431594072 ], [ 103.823382734107668, 1.32718496000143 ], [ 103.823488234117022, 1.327149759998822 ], [ 103.82341077599375, 1.326914593832825 ], [ 103.823410793348444, 1.326914591049261 ], [ 103.823488423418482, 1.327149696760077 ], [ 103.823692525470165, 1.327081429520545 ], [ 103.82380842755903, 1.3270427621857 ], [ 103.823724333582788, 1.326787427381552 ], [ 103.823724952084703, 1.326787234134821 ], [ 103.823873508476225, 1.327010728814837 ], [ 103.823928608479832, 1.326973628811756 ], [ 103.823790996286633, 1.326766599068254 ], [ 103.82379103390376, 1.326766587315278 ], [ 103.823928990673835, 1.32697337099696 ], [ 103.823968904735736, 1.326946396653904 ], [ 103.824142195973678, 1.326829704566692 ], [ 103.824161573452756, 1.326816686875018 ], [ 103.824011899998922, 1.326591 ], [ 103.824227743205881, 1.326753587301459 ], [ 103.824294743203012, 1.326663487295519 ], [ 103.824090288716818, 1.326509478731211 ], [ 103.824090291031496, 1.326509475201484 ], [ 103.824294790833818, 1.326663423222366 ], [ 103.824298787436049, 1.326658045380521 ], [ 103.824060004832504, 1.327046682653867 ], [ 103.824127533275842, 1.32708871108084 ], [ 103.824101239897658, 1.327106803832332 ], [ 103.82425340000033, 1.327330800000018 ], [ 103.824099240100651, 1.327108193266165 ], [ 103.823977093038565, 1.327193880109591 ], [ 103.82387360736324, 1.327041430008105 ], [ 103.823428392609884, 1.327347569971218 ], [ 103.823495442847261, 1.327446345172616 ], [ 103.8234922565169, 1.327447308481785 ], [ 103.823228031228496, 1.32740932723753 ], [ 103.823215995520144, 1.327407568171751 ], [ 103.822665647038932, 1.327324366668925 ], [ 103.822625600000109, 1.327592700000523 ], [ 103.822665619656391, 1.327324362530434 ], [ 103.822654885796865, 1.327322740922841 ], [ 103.822669239907896, 1.327247691911744 ], [ 103.822279632991481, 1.327172207688495 ], [ 103.822286910103173, 1.327168314076242 ], [ 103.822381145578774, 1.327117937126274 ], [ 103.822393277688249, 1.327114198049638 ], [ 103.822437116395591, 1.327119551291417 ], [ 103.822601330652404, 1.327166087578823 ], [ 103.822674400000508, 1.326904899999882 ] ], [ [ 103.822300545583403, 1.327542021634671 ], [ 103.822300631669378, 1.327542038349524 ], [ 103.822300400000643, 1.327543600000728 ], [ 103.822300545583403, 1.327542021634671 ] ], [ [ 103.823914983695232, 1.327584692427365 ], [ 103.823908, 1.327573100000239 ], [ 103.823915772955758, 1.327584324140572 ], [ 103.823914983695232, 1.327584692427365 ] ], [ [ 103.824572832922854, 1.326727790576607 ], [ 103.824350013683173, 1.326589112115804 ], [ 103.824401180264118, 1.326520237440815 ], [ 103.824439140914365, 1.326469190350519 ], [ 103.824223300000341, 1.326306600000524 ], [ 103.824439175959952, 1.326469143212449 ], [ 103.82453907595486, 1.326334743204638 ], [ 103.824323200000251, 1.326172200000435 ], [ 103.824557918212051, 1.326305691302524 ], [ 103.824577475819282, 1.326270856931715 ], [ 103.824659165935088, 1.326142799564314 ], [ 103.824432299963689, 1.325996199976612 ], [ 103.824659629353548, 1.326142070554024 ], [ 103.824679913358494, 1.326110049173012 ], [ 103.824478060458844, 1.32656099644288 ], [ 103.824652063677306, 1.326639894229792 ], [ 103.824572832922854, 1.326727790576607 ] ], [ [ 103.82499868955405, 1.326201846288919 ], [ 103.824705869363456, 1.326069073675176 ], [ 103.824712823013144, 1.326058096283248 ], [ 103.824804215641294, 1.325914721583927 ], [ 103.824577300000612, 1.325768200000734 ], [ 103.824809446615816, 1.325906171283285 ], [ 103.824857146610697, 1.325824871278558 ], [ 103.824625000000367, 1.325686900000448 ], [ 103.824857172150459, 1.32582482773982 ], [ 103.824888372147029, 1.325771627737327 ], [ 103.824656527333744, 1.325633894461205 ], [ 103.824656542090793, 1.325633869650014 ], [ 103.824898036401905, 1.325753632000964 ], [ 103.82498611061277, 1.325573730819496 ], [ 103.824783335349821, 1.326014089082388 ], [ 103.825035815849105, 1.326131859211394 ], [ 103.825028878029443, 1.326146111729953 ], [ 103.82499868955405, 1.326201846288919 ] ], [ [ 103.825406381314025, 1.325987477681083 ], [ 103.825406024349491, 1.325987311346481 ], [ 103.825406024366572, 1.325987311309402 ], [ 103.825406381596181, 1.325987477105908 ], [ 103.825406381314025, 1.325987477681083 ] ], [ [ 103.825800323116169, 1.325535370666177 ], [ 103.825800321236386, 1.32553536979346 ], [ 103.825800711890892, 1.325534471673779 ], [ 103.825800713241421, 1.325534472291465 ], [ 103.825800323116169, 1.325535370666177 ] ], [ [ 103.825400753185164, 1.325350778598819 ], [ 103.82526743262946, 1.32564176082269 ], [ 103.825011296648569, 1.325522285590516 ], [ 103.825013036384291, 1.325518731989725 ], [ 103.824771200000527, 1.325398799999903 ], [ 103.82502220761485, 1.325497820450338 ], [ 103.825045779229228, 1.325437293323846 ], [ 103.82507083986485, 1.325373050565833 ], [ 103.825113727493203, 1.325263836694569 ], [ 103.824872004838682, 1.325167682028682 ], [ 103.824872387879836, 1.325166836027655 ], [ 103.825121961658894, 1.325239572433264 ], [ 103.825132261655085, 1.325203772432123 ], [ 103.824887908087263, 1.325132557418264 ], [ 103.824887910758676, 1.325132551518199 ], [ 103.825132293056328, 1.32520366320307 ], [ 103.825182793039687, 1.325027863197869 ], [ 103.824923800007852, 1.324952500002175 ], [ 103.825185382760367, 1.325018180843771 ], [ 103.825304882713155, 1.324536080830555 ], [ 103.825043300000701, 1.324470399999886 ], [ 103.825311357442047, 1.324499386150648 ], [ 103.825335555024196, 1.324272708572048 ], [ 103.825353752122055, 1.324102535545427 ], [ 103.825085699997459, 1.324073500000357 ], [ 103.82535463916237, 1.324054511903227 ], [ 103.825297639074719, 1.323236711908762 ], [ 103.82502870000026, 1.323255700000343 ], [ 103.825293737060392, 1.323205989164645 ], [ 103.825267537045249, 1.3230644891673 ], [ 103.825002500006832, 1.323114199998521 ], [ 103.825263919766257, 1.323047865847486 ], [ 103.825238619756902, 1.322946865850038 ], [ 103.824977199995729, 1.323013200001219 ], [ 103.825231517860843, 1.322923141882666 ], [ 103.825189917849585, 1.32280414188652 ], [ 103.82493559999962, 1.322894200000032 ], [ 103.825178954538131, 1.322777420699857 ], [ 103.825118554528913, 1.322649920705125 ], [ 103.824875200000065, 1.322766700000425 ], [ 103.825109295351183, 1.322632105922816 ], [ 103.825036006104483, 1.322502981993155 ], [ 103.824930244061079, 1.322312630135666 ], [ 103.824862973166503, 1.322189200964533 ], [ 103.824726479688422, 1.32226455752243 ], [ 103.824726316315505, 1.322264244542062 ], [ 103.824862572322729, 1.322188468173678 ], [ 103.824774072311811, 1.322027268182492 ], [ 103.824641191303485, 1.322101167604392 ], [ 103.824641174768431, 1.322101135928059 ], [ 103.824774032954537, 1.322027196519598 ], [ 103.82456937064201, 1.32165467604737 ], [ 103.824953240699458, 1.321523192686935 ], [ 103.825155460145808, 1.321498610774579 ], [ 103.825248751812993, 1.321496695280366 ], [ 103.825251936849824, 1.32149833162918 ], [ 103.825269539064806, 1.3215073915936 ], [ 103.825311083577347, 1.321544112720743 ], [ 103.825484662814532, 1.322015559345081 ], [ 103.825560299873104, 1.322211145133011 ], [ 103.825589235704484, 1.322293130010043 ], [ 103.8255971489057, 1.322314231886853 ], [ 103.825807802693532, 1.322883878790378 ], [ 103.825886941998405, 1.323062507548508 ], [ 103.825981264519015, 1.323254598198342 ], [ 103.826064439659874, 1.323396832 ], [ 103.826149658301929, 1.323539752704909 ], [ 103.825910891483943, 1.323367123738732 ], [ 103.825596308488571, 1.323807876251095 ], [ 103.825975937434961, 1.324082348865985 ], [ 103.825871685610764, 1.324319563360464 ], [ 103.825640973253485, 1.324818511076669 ], [ 103.825885399999933, 1.324932999999479 ], [ 103.825639933951223, 1.324820786094854 ], [ 103.825400753185164, 1.325350778598819 ] ], [ [ 103.826245213883226, 1.324797948063049 ], [ 103.826249190625774, 1.32478934779761 ], [ 103.826362301060371, 1.324840724074945 ], [ 103.826406273871655, 1.324742657004528 ], [ 103.826391550635122, 1.32486395071164 ], [ 103.826245213883226, 1.324797948063049 ] ], [ [ 103.826373727789459, 1.325026155578705 ], [ 103.826373726764984, 1.325026196473165 ], [ 103.826326601232211, 1.325131997233991 ], [ 103.826373727789459, 1.325026155578705 ] ], [ [ 103.826365954912447, 1.325336461006257 ], [ 103.826362292475338, 1.32548267122246 ], [ 103.826004478473109, 1.325325272004859 ], [ 103.826019932812684, 1.325291027244789 ], [ 103.826216325696166, 1.325379606842472 ], [ 103.826324913891739, 1.325428601516588 ], [ 103.826365954912447, 1.325336461006257 ] ], [ [ 103.827009351192217, 1.32767593334813 ], [ 103.827009799418832, 1.327675388409926 ], [ 103.82702235503973, 1.327695184430651 ], [ 103.827021675299648, 1.327696747643909 ], [ 103.827009351192217, 1.32767593334813 ] ], [ [ 103.827096812693483, 1.327823647850797 ], [ 103.827090925127621, 1.32781370428924 ], [ 103.827093610033359, 1.327807529750404 ], [ 103.82709940090686, 1.32781666002296 ], [ 103.827096812693483, 1.327823647850797 ] ], [ [ 103.828456906967531, 1.322930912080388 ], [ 103.828566899999672, 1.322705500000054 ], [ 103.828456887690535, 1.322931076008196 ], [ 103.828456906967531, 1.322930912080388 ] ], [ [ 103.828597875718728, 1.322705852063765 ], [ 103.828599385324765, 1.322705869221556 ], [ 103.828592000000484, 1.322717899999951 ], [ 103.828597875718728, 1.322705852063765 ] ], [ [ 103.828772825333175, 1.322707840498064 ], [ 103.828826460509831, 1.322708450100446 ], [ 103.828718399999914, 1.322796499999934 ], [ 103.828772825333175, 1.322707840498064 ] ], [ [ 103.829302299999867, 1.323806499999268 ], [ 103.829269458953661, 1.323887194968519 ], [ 103.829239926445183, 1.323893336024817 ], [ 103.829302299999867, 1.323806499999268 ] ], [ [ 103.829820280973166, 1.324122039854346 ], [ 103.829835836895938, 1.324122125039593 ], [ 103.829697800001355, 1.324197699998703 ], [ 103.829781806701035, 1.324121842956081 ], [ 103.829820280973166, 1.324122039854346 ] ], [ [ 103.829422484859165, 1.323893764814728 ], [ 103.829399416144355, 1.323909617363851 ], [ 103.829405591861132, 1.323894442777358 ], [ 103.829422404751242, 1.323890946666107 ], [ 103.829422484859165, 1.323893764814728 ] ], [ [ 103.82969608064586, 1.324513937354283 ], [ 103.829697898215812, 1.324512942238449 ], [ 103.829704, 1.324523200000472 ], [ 103.82969608064586, 1.324513937354283 ] ], [ [ 103.829885800001477, 1.324525799998866 ], [ 103.829885739865688, 1.324525856540563 ], [ 103.829885732541598, 1.324525845528105 ], [ 103.829885800001477, 1.324525799998866 ] ], [ [ 103.829791682974772, 1.324589321358421 ], [ 103.829793352482355, 1.324591831439301 ], [ 103.829789702614249, 1.32459065794137 ], [ 103.829791682974772, 1.324589321358421 ] ], [ [ 103.829735250434766, 1.324504475827949 ], [ 103.829735246632083, 1.324504478393626 ], [ 103.829735200001736, 1.324504400002328 ], [ 103.829735250434766, 1.324504475827949 ] ], [ [ 103.829506187759733, 1.324821893785455 ], [ 103.829510000000511, 1.32482470000043 ], [ 103.829506275921233, 1.324823721622249 ], [ 103.829506187759733, 1.324821893785455 ] ], [ [ 103.829496807916613, 1.324627422958524 ], [ 103.829496208037867, 1.324614985768135 ], [ 103.829500177093024, 1.324618371499319 ], [ 103.829501996335608, 1.324631242187933 ], [ 103.829496807916613, 1.324627422958524 ] ], [ [ 103.829283942511594, 1.324765310888016 ], [ 103.829277507713243, 1.324763620356779 ], [ 103.82927540000027, 1.324588200012446 ], [ 103.829283942511594, 1.324765310888016 ] ], [ [ 103.829694437176343, 1.324705725140671 ], [ 103.829691763987427, 1.324703444825639 ], [ 103.829687469520508, 1.32467306255778 ], [ 103.829718548448227, 1.324683054993419 ], [ 103.829694437176343, 1.324705725140671 ] ], [ [ 103.829928424819869, 1.324590032760801 ], [ 103.829937500000085, 1.324581499999063 ], [ 103.829931519421976, 1.324594685449752 ], [ 103.829928424819869, 1.324590032760801 ] ], [ [ 103.82980121937949, 1.324709635185463 ], [ 103.829806320245325, 1.324711275205563 ], [ 103.829837726285589, 1.324748008372609 ], [ 103.829842485671492, 1.324756009415256 ], [ 103.829843859322466, 1.324755181702005 ], [ 103.829846249393611, 1.324757977179637 ], [ 103.829862323510667, 1.324744055844748 ], [ 103.829864312473845, 1.324742857367276 ], [ 103.829829065293609, 1.324820567215974 ], [ 103.829752604859607, 1.324755344031055 ], [ 103.82980121937949, 1.324709635185463 ] ], [ [ 103.828073747699364, 1.322999017265981 ], [ 103.828129126833872, 1.323045235479727 ], [ 103.828129105978476, 1.323045227534839 ], [ 103.828073743553432, 1.322999019639929 ], [ 103.828073747699364, 1.322999017265981 ] ], [ [ 103.827567533505757, 1.323006693697916 ], [ 103.827551827679201, 1.323025957162262 ], [ 103.827503599998849, 1.322936999997681 ], [ 103.827567533505757, 1.323006693697916 ] ], [ [ 103.82717439999989, 1.3229243000007 ], [ 103.827025577293341, 1.323150555923524 ], [ 103.827116077298498, 1.323210855928469 ], [ 103.827264900000486, 1.322984600000271 ], [ 103.827209152292724, 1.323250079224119 ], [ 103.827250052297188, 1.323258779225395 ], [ 103.827305799999934, 1.322993299999718 ], [ 103.827324914292731, 1.323263960778937 ], [ 103.827354522625726, 1.323261842679744 ], [ 103.82730225972962, 1.323312670433769 ], [ 103.827420380513118, 1.32343570248715 ], [ 103.827420380180669, 1.323435702810912 ], [ 103.827302258829263, 1.323312671309191 ], [ 103.827280321160643, 1.323334006766183 ], [ 103.827132682838226, 1.323467391674447 ], [ 103.827130381734193, 1.323469389693185 ], [ 103.827098091283148, 1.323416837034764 ], [ 103.826984384178999, 1.323231223742732 ], [ 103.826880816826574, 1.323210027767882 ], [ 103.826764097924624, 1.322966197193699 ], [ 103.826697861620474, 1.322997870782255 ], [ 103.826683447816222, 1.322969144593945 ], [ 103.826446102792573, 1.322414785731849 ], [ 103.826414799884432, 1.322332439364609 ], [ 103.826333370119428, 1.322363795544924 ], [ 103.826333349584075, 1.322363735456166 ], [ 103.826414766545668, 1.322332351707165 ], [ 103.826409854012638, 1.322319442031118 ], [ 103.826524745536091, 1.322526770733146 ], [ 103.826760200003321, 1.322394599998143 ], [ 103.826538063653516, 1.322548360978761 ], [ 103.826663863644669, 1.322732460989077 ], [ 103.826886000002318, 1.322578699998305 ], [ 103.826689250433461, 1.322764211756976 ], [ 103.826772650431721, 1.322853811763228 ], [ 103.826969401044721, 1.322668299014096 ], [ 103.826772689977815, 1.322853854239531 ], [ 103.826801938434457, 1.322885263535673 ], [ 103.826894889373648, 1.323005998232676 ], [ 103.827108000000194, 1.322839800000083 ], [ 103.826896540447123, 1.323008120960742 ], [ 103.826962940444076, 1.323092620966927 ], [ 103.82717439999989, 1.3229243000007 ] ], [ [ 103.826342119097333, 1.322141441028697 ], [ 103.826342008267929, 1.322141149778657 ], [ 103.826545599999804, 1.322013300000202 ], [ 103.826342119097333, 1.322141441028697 ] ], [ [ 103.826472700000437, 1.321846700000594 ], [ 103.826260128565295, 1.321903498679887 ], [ 103.826221617127686, 1.321786776620663 ], [ 103.826472700000437, 1.321846700000594 ] ], [ [ 103.826287815305463, 1.321987412793077 ], [ 103.82649519999903, 1.32193200000064 ], [ 103.826307796987763, 1.322049683725375 ], [ 103.82630023728963, 1.322025218882346 ], [ 103.826225858461925, 1.322048500396368 ], [ 103.826224697876725, 1.322045005503924 ], [ 103.826298661278642, 1.322020285212444 ], [ 103.826287815305463, 1.321987412793077 ] ], [ [ 103.827504281591402, 1.323084273243639 ], [ 103.82747898855412, 1.323115295582828 ], [ 103.827442600000367, 1.322970500002039 ], [ 103.827504281591402, 1.323084273243639 ] ], [ [ 103.827421163567692, 1.323186218900677 ], [ 103.827388302379163, 1.323226523698879 ], [ 103.827371500000552, 1.322988600002829 ], [ 103.827421163567692, 1.323186218900677 ] ], [ [ 103.824694399999871, 1.322444100000622 ], [ 103.824663169541267, 1.322461677240458 ], [ 103.824663093940728, 1.322461383729556 ], [ 103.824694399999871, 1.322444100000622 ] ], [ [ 103.82457535951761, 1.322509820933204 ], [ 103.824575646986872, 1.322510936998857 ], [ 103.824573084412805, 1.322512379275893 ], [ 103.824572808303188, 1.322511229430453 ], [ 103.82457535951761, 1.322509820933204 ] ], [ [ 103.824466107174246, 1.325899327858788 ], [ 103.824466141196396, 1.325899270692215 ], [ 103.824466196914727, 1.325899306670753 ], [ 103.824466163003976, 1.325899363683585 ], [ 103.824466107174246, 1.325899327858788 ] ], [ [ 103.824340967403842, 1.326127124865154 ], [ 103.824346499996636, 1.326130699997813 ], [ 103.824340762733598, 1.326127437043832 ], [ 103.824340967403842, 1.326127124865154 ] ], [ [ 103.823955399261706, 1.326548439920451 ], [ 103.823955574092054, 1.326548571614691 ], [ 103.823992399873219, 1.326604099808978 ], [ 103.823955399261706, 1.326548439920451 ] ], [ [ 103.824135334303932, 1.326440771845394 ], [ 103.824135335198903, 1.326440770481615 ], [ 103.824338395599085, 1.326593579998003 ], [ 103.824338371672241, 1.326593618940759 ], [ 103.824135334303932, 1.326440771845394 ] ], [ [ 103.823577277924343, 1.326732068414468 ], [ 103.823577348245323, 1.326732046477574 ], [ 103.823577348498702, 1.326732047244477 ], [ 103.823577278188523, 1.326732069213023 ], [ 103.823577277924343, 1.326732068414468 ] ], [ [ 103.826237912369081, 1.323955691031405 ], [ 103.826237923358363, 1.323955696258664 ], [ 103.826236718918892, 1.323957386589544 ], [ 103.826236706160358, 1.323957380910098 ], [ 103.826237912369081, 1.323955691031405 ] ], [ [ 103.828098367013482, 1.331041756097385 ], [ 103.828098396058351, 1.331041789066057 ], [ 103.828134899999881, 1.331104599999959 ], [ 103.828098367013482, 1.331041756097385 ] ], [ [ 103.827452193127229, 1.330988780488617 ], [ 103.827452430525781, 1.330988014032072 ], [ 103.827438099965619, 1.331200400511996 ], [ 103.827452193127229, 1.330988780488617 ] ], [ [ 103.828221486672703, 1.331502914220903 ], [ 103.828243539271995, 1.331477454566503 ], [ 103.828362799997663, 1.33148559999981 ], [ 103.828221486672703, 1.331502914220903 ] ], [ [ 103.828972199999924, 1.332723199999954 ], [ 103.828845285326665, 1.332777395114644 ], [ 103.828845632666955, 1.332777123093273 ], [ 103.828972199999924, 1.332723199999954 ] ], [ [ 103.8289988, 1.332786299999937 ], [ 103.829058728869484, 1.332760709165682 ], [ 103.829073800838344, 1.332767242672445 ], [ 103.8289988, 1.332786299999937 ] ], [ [ 103.829136091951426, 1.33311508972648 ], [ 103.829134674295375, 1.333122632037652 ], [ 103.829126678712569, 1.333122119906688 ], [ 103.829127377599335, 1.333115227406447 ], [ 103.829136091951426, 1.33311508972648 ] ], [ [ 103.829074877737838, 1.333118801958548 ], [ 103.8290405, 1.333116600000485 ], [ 103.829075156532411, 1.333116052455638 ], [ 103.829074877737838, 1.333118801958548 ] ], [ [ 103.828958419356127, 1.333154215519776 ], [ 103.829037799995334, 1.333159299999778 ], [ 103.828972041254914, 1.333161757988827 ], [ 103.828958419356127, 1.333154215519776 ] ], [ [ 103.829120470371265, 1.333183347249584 ], [ 103.829123281993702, 1.333183242153696 ], [ 103.829117200000624, 1.333215599995124 ], [ 103.829120470371265, 1.333183347249584 ] ], [ [ 103.829065286857869, 1.333213388237276 ], [ 103.829064551525434, 1.33321298108293 ], [ 103.829065600000391, 1.333210299999258 ], [ 103.829065286857869, 1.333213388237276 ] ], [ [ 103.829038799999964, 1.333186399999982 ], [ 103.829025791724007, 1.33319151971511 ], [ 103.829017952723902, 1.333187179247912 ], [ 103.829038799999964, 1.333186399999982 ] ], [ [ 103.830433062313887, 1.333688117943073 ], [ 103.830432833332935, 1.333690299999933 ], [ 103.830431857097381, 1.33369029999968 ], [ 103.830432472889171, 1.333688144792053 ], [ 103.830433062313887, 1.333688117943073 ] ], [ [ 103.830281026464817, 1.333609293320718 ], [ 103.830281030802936, 1.333609389796526 ], [ 103.830226886021521, 1.33369029998669 ], [ 103.830225263870815, 1.333690299986438 ], [ 103.830281026464817, 1.333609293320718 ] ], [ [ 103.83048419999966, 1.333690300000621 ], [ 103.83048419999966, 1.333690299997907 ], [ 103.830484200000569, 1.333690300000621 ], [ 103.83048419999966, 1.333690300000621 ] ], [ [ 103.830484199999958, 1.333938500000476 ], [ 103.830458097108618, 1.333939044958092 ], [ 103.830458154296124, 1.333938499999835 ], [ 103.830484199999958, 1.333938500000476 ] ], [ [ 103.830406787623346, 1.33393849999859 ], [ 103.830406617653949, 1.333940119710782 ], [ 103.830360201019985, 1.333941088763706 ], [ 103.830360940690198, 1.33393849999665 ], [ 103.830406787623346, 1.33393849999859 ] ], [ [ 103.825114199943613, 1.326557254985346 ], [ 103.82511395431051, 1.326557719965393 ], [ 103.825100900008337, 1.326545800007412 ], [ 103.825114199943613, 1.326557254985346 ] ], [ [ 103.821541224965586, 1.32724065875311 ], [ 103.821541017163355, 1.327240800907373 ], [ 103.821537899000106, 1.327235015054475 ], [ 103.821538200461632, 1.327234824230473 ], [ 103.821541224965586, 1.32724065875311 ] ], [ [ 103.819938895698556, 1.324153353546131 ], [ 103.820142054101851, 1.325062936120283 ], [ 103.820274293647273, 1.326172313672101 ], [ 103.820205173368194, 1.326222016340892 ], [ 103.82029588840534, 1.326349808271374 ], [ 103.820296134338349, 1.32635143357501 ], [ 103.820203731288089, 1.326223060545106 ], [ 103.820132824911241, 1.326274761213154 ], [ 103.819883628461838, 1.326433022811955 ], [ 103.820027499999853, 1.326662500000063 ], [ 103.81987669476716, 1.326437577629773 ], [ 103.819698541534336, 1.3265585749324 ], [ 103.819589671347217, 1.326617703257289 ], [ 103.819386692540505, 1.326634129285676 ], [ 103.819407584873957, 1.326895648433253 ], [ 103.819407583607898, 1.326895648585179 ], [ 103.819386654161448, 1.326634132394663 ], [ 103.819154811582806, 1.326652927740308 ], [ 103.819068108101106, 1.326659919956679 ], [ 103.81903204971033, 1.326662816614171 ], [ 103.819042889401231, 1.326799502710654 ], [ 103.818885954935837, 1.326836202178708 ], [ 103.818864037433002, 1.326543601272986 ], [ 103.81859519999837, 1.3265640000007 ], [ 103.818827495557656, 1.326426282797391 ], [ 103.818746495549817, 1.326287882804908 ], [ 103.81851420000001, 1.32642559999991 ], [ 103.818675978523558, 1.326208538964691 ], [ 103.818555578527992, 1.326117638972012 ], [ 103.818393800000052, 1.326334700000323 ], [ 103.81845343707694, 1.326070078341965 ], [ 103.818382037083907, 1.326053778343584 ], [ 103.818322399999843, 1.326318400000164 ], [ 103.8183366111342, 1.326129420546903 ], [ 103.818340792189019, 1.326126459756907 ], [ 103.818337218233495, 1.326121347344956 ], [ 103.818342746671732, 1.326047830252349 ], [ 103.81831856746048, 1.326045988400779 ], [ 103.818308465811739, 1.325917067525942 ], [ 103.818039699996945, 1.325938400000366 ], [ 103.818308209859879, 1.325914020195566 ], [ 103.818298503405714, 1.325805730064989 ], [ 103.818359583350855, 1.32580028570145 ], [ 103.818335800000511, 1.325530000000402 ], [ 103.81846525058819, 1.325768017793612 ], [ 103.818530050592216, 1.325732317790014 ], [ 103.818400600000132, 1.325494300000095 ], [ 103.818668876328701, 1.325521157651254 ], [ 103.81867647632096, 1.32544425765022 ], [ 103.818408200000547, 1.325417399999965 ], [ 103.818675609040753, 1.325382875387194 ], [ 103.818554208940171, 1.324430375398819 ], [ 103.818286800005225, 1.324464899998907 ], [ 103.818551386183856, 1.324412812330234 ], [ 103.818520087900012, 1.324251765682226 ], [ 103.818575523817728, 1.324236919751419 ], [ 103.818506200005999, 1.323974700021102 ], [ 103.818579284526891, 1.324235883253648 ], [ 103.819141284581889, 1.324076583237878 ], [ 103.819068200031651, 1.323815400113311 ], [ 103.819142244805661, 1.32407630912869 ], [ 103.819198044963059, 1.324060267813922 ], [ 103.819875435471971, 1.323870642218843 ], [ 103.819938895698556, 1.324153353546131 ] ], [ [ 103.820002896740789, 1.323593459829222 ], [ 103.820002508863439, 1.323592056257776 ], [ 103.82000252807903, 1.323592052233457 ], [ 103.820002916615024, 1.32359345531022 ], [ 103.820002896740789, 1.323593459829222 ] ], [ [ 103.820058576448929, 1.323580799216987 ], [ 103.820058450097662, 1.323580342937231 ], [ 103.820058497199881, 1.323580333074485 ], [ 103.820058623870125, 1.323580788434503 ], [ 103.820058576448929, 1.323580799216987 ] ], [ [ 103.819752899421928, 1.323341657038912 ], [ 103.819249432618477, 1.323482595253884 ], [ 103.819239739815245, 1.323450490879011 ], [ 103.819298956920036, 1.323440050869249 ], [ 103.819506583142385, 1.323389254469706 ], [ 103.81956300332206, 1.323372002017556 ], [ 103.819659012389678, 1.323308676884794 ], [ 103.819719223225547, 1.323202486847837 ], [ 103.819752899421928, 1.323341657038912 ] ], [ [ 103.818944404828031, 1.323283261368131 ], [ 103.818652646255515, 1.323372490752075 ], [ 103.818730184458801, 1.323629311980709 ], [ 103.818701545920788, 1.323637429630782 ], [ 103.818634786608541, 1.323364447790278 ], [ 103.818111213377477, 1.323494152181165 ], [ 103.818138887824105, 1.323607314345776 ], [ 103.817835897553678, 1.323682795496257 ], [ 103.817937097512882, 1.324094295506126 ], [ 103.818198800001582, 1.324029099999025 ], [ 103.817988995841048, 1.324097736978807 ], [ 103.817942513846987, 1.324106887633143 ], [ 103.81794362039949, 1.324112581453527 ], [ 103.817942404593836, 1.324112979201759 ], [ 103.817945651644806, 1.324123033326311 ], [ 103.818020516233688, 1.324508252707279 ], [ 103.818131268734135, 1.325377213565456 ], [ 103.818135965634127, 1.325430591505714 ], [ 103.818132323676764, 1.325467442319751 ], [ 103.818139269444288, 1.325468137675216 ], [ 103.818146200000839, 1.3255469 ], [ 103.818028071110078, 1.325302990476245 ], [ 103.817969571114247, 1.325331690473723 ], [ 103.818087699999666, 1.325575599999278 ], [ 103.817901206734561, 1.325379650138718 ], [ 103.817865006734678, 1.325414550136656 ], [ 103.818051500000379, 1.325610499999901 ], [ 103.817809519782969, 1.325490862250458 ], [ 103.81777471977793, 1.325562162246631 ], [ 103.818016700000513, 1.325681800000394 ], [ 103.817748190161936, 1.325706179773686 ], [ 103.81777052834417, 1.325955396486717 ], [ 103.817617492953659, 1.325967953700376 ], [ 103.817639399997731, 1.326238399975357 ], [ 103.817612656141165, 1.325968394754305 ], [ 103.817605238695137, 1.325969138979952 ], [ 103.817566639401306, 1.325645149396447 ], [ 103.81753206425013, 1.325309631694082 ], [ 103.817521049613887, 1.325202564483467 ], [ 103.81793896696945, 1.325132803149682 ], [ 103.817719260719244, 1.323799537107569 ], [ 103.817712743890823, 1.323672057513467 ], [ 103.817444390169086, 1.323685953903863 ], [ 103.817438636591817, 1.323557732700675 ], [ 103.817385836597623, 1.323560132700587 ], [ 103.817391605133693, 1.323688687313341 ], [ 103.817391359390029, 1.323688700038874 ], [ 103.817385369060403, 1.323560154361616 ], [ 103.817327410627144, 1.323562890317328 ], [ 103.81731624122645, 1.323412082405504 ], [ 103.817605633663902, 1.323368230844666 ], [ 103.817581741066405, 1.32340671701103 ], [ 103.817591441067464, 1.323412817011311 ], [ 103.81762052108374, 1.323365974956901 ], [ 103.817690120910527, 1.323355428507903 ], [ 103.817667089191374, 1.323445476402362 ], [ 103.817689089192825, 1.323451176403079 ], [ 103.817714306383834, 1.323352583891083 ], [ 103.81777752483633, 1.323347203970817 ], [ 103.817792242508915, 1.323457321404599 ], [ 103.817937067094149, 1.323437713786202 ], [ 103.817988574762126, 1.323432461662713 ], [ 103.817978272910466, 1.323330120204996 ], [ 103.818000135152346, 1.323328259715824 ], [ 103.818023124074017, 1.32342663642203 ], [ 103.818043824076355, 1.323421736421859 ], [ 103.818021554247267, 1.323326436938422 ], [ 103.81805631463628, 1.32332347880837 ], [ 103.818049755965262, 1.323245409082002 ], [ 103.818057020516704, 1.323254837571144 ], [ 103.818064888496124, 1.323322610067359 ], [ 103.818105553826342, 1.323317827803761 ], [ 103.818147312196899, 1.323372025000464 ], [ 103.818159612197576, 1.323362424999982 ], [ 103.818123614086659, 1.323315703908281 ], [ 103.818160835475084, 1.323311326653055 ], [ 103.818187432149301, 1.323337426528515 ], [ 103.81819983214929, 1.323324626527445 ], [ 103.818183556279408, 1.323308654673944 ], [ 103.818696360349676, 1.323248348579889 ], [ 103.818872163440957, 1.323230386313746 ], [ 103.818920813105208, 1.323222618209789 ], [ 103.818927369652485, 1.323244586906706 ], [ 103.818944404828031, 1.323283261368131 ] ], [ [ 103.819141954536377, 1.323049402092802 ], [ 103.819141905579158, 1.323049163145825 ], [ 103.819149900000454, 1.323047000000523 ], [ 103.819141954536377, 1.323049402092802 ] ], [ [ 103.819113700000514, 1.322911500000365 ], [ 103.819113699999619, 1.322911500000365 ], [ 103.819113699999619, 1.322911499998556 ], [ 103.819113700000514, 1.322911500000365 ] ], [ [ 103.817653379406707, 1.32288020830043 ], [ 103.817670499999494, 1.323083999998765 ], [ 103.817640249838135, 1.322881777690125 ], [ 103.817653379406707, 1.32288020830043 ] ], [ [ 103.817012841900677, 1.322955600757631 ], [ 103.817046199999965, 1.323178599999507 ], [ 103.817000352564136, 1.323080251414451 ], [ 103.816973431052403, 1.322959731775025 ], [ 103.817012841900677, 1.322955600757631 ] ], [ [ 103.816848825114235, 1.322934679591736 ], [ 103.816847749946419, 1.322934747051052 ], [ 103.816824800000433, 1.32270250000006 ], [ 103.816848825114235, 1.322934679591736 ] ], [ [ 103.8143045864865, 1.321023625769893 ], [ 103.814315765782894, 1.321020546781236 ], [ 103.814313096654615, 1.321051477898422 ], [ 103.814317431978083, 1.321057727467415 ], [ 103.814316974941661, 1.321057766453766 ], [ 103.814313048833029, 1.321052032082733 ], [ 103.81431252121493, 1.321058146371971 ], [ 103.814276719569037, 1.321061200376645 ], [ 103.814277064128945, 1.321057414867353 ], [ 103.81428458906106, 1.321041372432525 ], [ 103.814297173061945, 1.321028844350487 ], [ 103.814296570606302, 1.321027964419886 ], [ 103.814296726742114, 1.321027879910027 ], [ 103.814297304796128, 1.321028713201452 ], [ 103.814299827727694, 1.321026201480261 ], [ 103.8143045864865, 1.321023625769893 ] ], [ [ 103.814350209079947, 1.321054931465875 ], [ 103.814360186203388, 1.321033214780378 ], [ 103.814361518739688, 1.321034152048766 ], [ 103.81437238613799, 1.321049767827447 ], [ 103.814373228456347, 1.321052967833095 ], [ 103.814350209079947, 1.321054931465875 ] ], [ [ 103.814369103327905, 1.321098339783357 ], [ 103.814367705327442, 1.321101323735373 ], [ 103.814355852751177, 1.3211131127902 ], [ 103.814356084189711, 1.321113446419315 ], [ 103.814355335339712, 1.321113794638244 ], [ 103.814355267236465, 1.321113695167563 ], [ 103.814355019634874, 1.321113941442227 ], [ 103.814338608416961, 1.321121572729784 ], [ 103.814321431845528, 1.321123011035604 ], [ 103.814319207229104, 1.321122411582104 ], [ 103.814334612426762, 1.321088879890722 ], [ 103.814339124426766, 1.321090117406405 ], [ 103.81433608404194, 1.321085676701415 ], [ 103.814336377398121, 1.321085038168003 ], [ 103.814340083301573, 1.321090380399389 ], [ 103.814369103327905, 1.321098339783357 ] ], [ [ 103.814301981025139, 1.321079930007557 ], [ 103.814283860834749, 1.32109916466827 ], [ 103.814281162417856, 1.321095505080932 ], [ 103.81427545371983, 1.321075107605202 ], [ 103.814275671582223, 1.321072714060368 ], [ 103.814301981025139, 1.321079930007557 ] ], [ [ 103.814066653825932, 1.32136380973277 ], [ 103.814086232935395, 1.321480996531035 ], [ 103.814352100010183, 1.321435999998396 ], [ 103.81408891909669, 1.321494857791546 ], [ 103.814134783925212, 1.321702602672697 ], [ 103.814066343899924, 1.321674921248383 ], [ 103.814055243897442, 1.32170272124703 ], [ 103.81414261161413, 1.321738058212744 ], [ 103.814155019066462, 1.321794257797733 ], [ 103.814236504554543, 1.321776034382444 ], [ 103.814236531243282, 1.321776045176243 ], [ 103.814155024176358, 1.321794280938654 ], [ 103.814158154607384, 1.321808454387367 ], [ 103.814035927398464, 1.321812234940216 ], [ 103.814036727396086, 1.321838434940392 ], [ 103.814163907458948, 1.321834501192273 ], [ 103.814168272599773, 1.321854264954973 ], [ 103.814040594327622, 1.321876634250307 ], [ 103.814046094324979, 1.321908434250229 ], [ 103.814175239377548, 1.321885807974549 ], [ 103.814231024141492, 1.322138380945736 ], [ 103.814442285724724, 1.322091114904242 ], [ 103.814442286998826, 1.322091121180543 ], [ 103.814231031144587, 1.322138412645578 ], [ 103.814237645119448, 1.322168341387679 ], [ 103.814071263358244, 1.32219788246863 ], [ 103.814141447595787, 1.322598305236547 ], [ 103.813902812972202, 1.322633408595575 ], [ 103.813746099620204, 1.322656458521272 ], [ 103.813697633168445, 1.322632283802183 ], [ 103.813654866702095, 1.322542526609262 ], [ 103.813675062503208, 1.322547513735076 ], [ 103.813835591955637, 1.322530482393892 ], [ 103.813977592274426, 1.322430210234702 ], [ 103.814045755074829, 1.322272730626381 ], [ 103.814030462373012, 1.322143592380091 ], [ 103.814011685714817, 1.32209406555641 ], [ 103.814004785712868, 1.322075865555659 ], [ 103.813817061921043, 1.322147959193717 ], [ 103.813804985690211, 1.322075435273771 ], [ 103.813821761927016, 1.322056067164548 ], [ 103.813806261926956, 1.322042467165621 ], [ 103.813798339121163, 1.322035519235125 ], [ 103.81377473901172, 1.321893788533495 ], [ 103.813708353713409, 1.321904986054089 ], [ 103.81353336556117, 1.32193448405694 ], [ 103.813545438444265, 1.322007032319115 ], [ 103.813545433806127, 1.322007009089569 ], [ 103.813533364530528, 1.32193448423057 ], [ 103.813530052722939, 1.321935042519803 ], [ 103.813460328846801, 1.321738516948326 ], [ 103.813456235865544, 1.32172970019624 ], [ 103.813936727277422, 1.321600223207627 ], [ 103.813880986268614, 1.321390682814582 ], [ 103.813882955193549, 1.321390410103578 ], [ 103.81384619999983, 1.321121600000046 ], [ 103.813884600365157, 1.321390177034653 ], [ 103.814066653825932, 1.32136380973277 ] ], [ [ 103.814341292706104, 1.321752599554795 ], [ 103.814341294644223, 1.321752606217264 ], [ 103.814340623359513, 1.321752756405352 ], [ 103.814340618167719, 1.321752750408471 ], [ 103.814341292706104, 1.321752599554795 ] ], [ [ 103.814303476373993, 1.321761056801596 ], [ 103.814303484051152, 1.321761065669854 ], [ 103.81428793175823, 1.321764545220177 ], [ 103.814287912620927, 1.321764537480477 ], [ 103.814303476373993, 1.321761056801596 ] ], [ [ 103.814709060199604, 1.323216710950188 ], [ 103.814733756858246, 1.323359792505398 ], [ 103.814732711334145, 1.32336037120312 ], [ 103.814705759443115, 1.323217101434399 ], [ 103.814709060199604, 1.323216710950188 ] ], [ [ 103.815886977214021, 1.323366447803747 ], [ 103.81589804452932, 1.323546525983055 ], [ 103.816390457569824, 1.323515870311839 ], [ 103.8165947222315, 1.323494363504686 ], [ 103.816780774689335, 1.323482689988572 ], [ 103.816790845901963, 1.323618670691854 ], [ 103.817059700007007, 1.323598499999223 ], [ 103.816792470059696, 1.323634400429176 ], [ 103.816818570038592, 1.323831200431415 ], [ 103.817085800000385, 1.323795299999853 ], [ 103.816818585673545, 1.32383131812191 ], [ 103.816825185668279, 1.323880918122669 ], [ 103.817092400000348, 1.323844899999976 ], [ 103.816825331081262, 1.323881994543598 ], [ 103.816831115085932, 1.323924177920809 ], [ 103.81688732505043, 1.324336781200256 ], [ 103.816926433618818, 1.324691918953932 ], [ 103.816995733431042, 1.325365545788022 ], [ 103.817263899734257, 1.325337600028159 ], [ 103.816995738251478, 1.325365592612434 ], [ 103.817003575006311, 1.32544164074992 ], [ 103.816390843096769, 1.325525003836935 ], [ 103.816330317276368, 1.325029282263439 ], [ 103.81563123052733, 1.325115745632629 ], [ 103.815280246856346, 1.325154036569349 ], [ 103.815335033118203, 1.325662736377248 ], [ 103.815282154532156, 1.325669056186024 ], [ 103.815244324738714, 1.325343192045096 ], [ 103.815228405257287, 1.325173580966707 ], [ 103.8149599999022, 1.325199100009638 ], [ 103.815228394249942, 1.325173463968981 ], [ 103.815216999228184, 1.325052616901794 ], [ 103.815151203967545, 1.324351968172697 ], [ 103.814886118285969, 1.324377184349113 ], [ 103.814886117775615, 1.324377181186546 ], [ 103.815151179665335, 1.3243517106954 ], [ 103.815146379660405, 1.324301110695691 ], [ 103.814878, 1.324326899999804 ], [ 103.815145675399535, 1.324294534754472 ], [ 103.815136675391912, 1.324219134755238 ], [ 103.814869002261148, 1.324251499726621 ], [ 103.815136669088048, 1.324219081990039 ], [ 103.815107269062409, 1.323973181992444 ], [ 103.814839599999033, 1.324005600000266 ], [ 103.815105345561335, 1.323959880595686 ], [ 103.815053783352184, 1.323656284576157 ], [ 103.815415424273809, 1.323599737085665 ], [ 103.81551514786419, 1.323584193315221 ], [ 103.815844118221534, 1.323549879383697 ], [ 103.815898025612967, 1.323546527159499 ], [ 103.815886970902582, 1.323366448649283 ], [ 103.815886977214021, 1.323366447803747 ] ], [ [ 103.814478172831741, 1.323244025218957 ], [ 103.814521098515812, 1.323472207926656 ], [ 103.814520194301352, 1.323472360330509 ], [ 103.814433391100678, 1.32324932295125 ], [ 103.814478172831741, 1.323244025218957 ] ], [ [ 103.814328991917264, 1.323261673497983 ], [ 103.814275451310081, 1.323282781188254 ], [ 103.814188791833331, 1.323313402911077 ], [ 103.813970609482809, 1.323402940007241 ], [ 103.81405293414592, 1.323606150436038 ], [ 103.814051845633259, 1.323606694692214 ], [ 103.813964759858152, 1.323405421793627 ], [ 103.81385439553847, 1.323453793336032 ], [ 103.813831362168315, 1.323347229946382 ], [ 103.813825811412144, 1.323321445806267 ], [ 103.813995162530361, 1.323301165876821 ], [ 103.814328991917264, 1.323261673497983 ] ], [ [ 103.811634840131902, 1.320792909045491 ], [ 103.811636235458124, 1.320791642865031 ], [ 103.811838690037987, 1.321011730591489 ], [ 103.812414573404098, 1.321675714488038 ], [ 103.812424299889813, 1.321689812291252 ], [ 103.812397370920976, 1.32165772072908 ], [ 103.812191399990695, 1.321832800008172 ], [ 103.812393034350308, 1.321652679763189 ], [ 103.811634840131902, 1.320792909045491 ] ], [ [ 103.812565099999873, 1.322310900000257 ], [ 103.812685456588312, 1.322277964662945 ], [ 103.81268982466662, 1.322295295218861 ], [ 103.812565099999873, 1.322310900000257 ] ], [ [ 103.81261734084616, 1.322844069951135 ], [ 103.812561845471237, 1.322848764424266 ], [ 103.81256249658928, 1.322848173999962 ], [ 103.812521397599497, 1.322802261997605 ], [ 103.812664934019764, 1.322784303611344 ], [ 103.81261734084616, 1.322844069951135 ] ], [ [ 103.807946999999757, 1.323458600000333 ], [ 103.807944850863535, 1.32345540176353 ], [ 103.807944874478565, 1.323455386584015 ], [ 103.807946999999757, 1.323458600000333 ] ], [ [ 103.80822500007514, 1.324834499947563 ], [ 103.808350498065792, 1.324747651220696 ], [ 103.808351354282223, 1.324747577743433 ], [ 103.80822500007514, 1.324834499947563 ] ], [ [ 103.801806699994671, 1.329347099983291 ], [ 103.801806700000057, 1.329347100000474 ], [ 103.801806699999162, 1.32934709999957 ], [ 103.801806699994671, 1.329347099983291 ] ], [ [ 103.814303501904675, 1.323892239363395 ], [ 103.814528413377204, 1.323783764127792 ], [ 103.814572728962503, 1.324044692667654 ], [ 103.814579440149799, 1.324100824731739 ], [ 103.814228360661147, 1.324158241075335 ], [ 103.81422987087339, 1.324123647061936 ], [ 103.814319147843648, 1.324079008575709 ], [ 103.814263402968848, 1.323966072139962 ], [ 103.81426366716407, 1.323962803304481 ], [ 103.81432200826697, 1.324077556975069 ], [ 103.814382008271352, 1.324046656971877 ], [ 103.814303501904675, 1.323892239363395 ] ], [ [ 103.814948599890599, 1.325078200010726 ], [ 103.814680205757327, 1.325103836000201 ], [ 103.814683225360781, 1.325135859724516 ], [ 103.814665392479526, 1.325138155292584 ], [ 103.814189325952938, 1.32516871479968 ], [ 103.81417982440604, 1.325085807779413 ], [ 103.814130838679219, 1.325091494623713 ], [ 103.814129834081868, 1.325085854088629 ], [ 103.814178937144618, 1.325078855872321 ], [ 103.814155994622297, 1.324915790705584 ], [ 103.814565649760596, 1.324882965140787 ], [ 103.814547682072913, 1.324655823450729 ], [ 103.814636766549043, 1.324641254367736 ], [ 103.814680195953102, 1.325103731803762 ], [ 103.814948599890599, 1.325078200010726 ] ], [ [ 103.814248815096704, 1.323933590119992 ], [ 103.814248611767155, 1.32393610587528 ], [ 103.814241677501812, 1.323922057386923 ], [ 103.814242700885231, 1.323921563807136 ], [ 103.814248815096704, 1.323933590119992 ] ], [ [ 103.814200950365858, 1.324390743303901 ], [ 103.814201010949745, 1.324391119659308 ], [ 103.81419393399635, 1.324392814099568 ], [ 103.814193818987761, 1.324392465168595 ], [ 103.814200950365858, 1.324390743303901 ] ], [ [ 103.814128660138692, 1.324408442664507 ], [ 103.814128574182988, 1.324408218466432 ], [ 103.814130994790432, 1.324407634012568 ], [ 103.814131071060586, 1.324407865415639 ], [ 103.814128660138692, 1.324408442664507 ] ], [ [ 103.814273362931942, 1.324515824788792 ], [ 103.814273363131406, 1.324515826020538 ], [ 103.814273322316367, 1.324515829290404 ], [ 103.814273322119604, 1.324515828066797 ], [ 103.814273362931942, 1.324515824788792 ] ], [ [ 103.814691099999223, 1.325408399992982 ], [ 103.814725303154034, 1.32567755109251 ], [ 103.814740051750888, 1.325675652553892 ], [ 103.814747461468471, 1.325739479638713 ], [ 103.814252601184705, 1.325781647559871 ], [ 103.814245699444172, 1.325708885924641 ], [ 103.81470826005885, 1.325679193383676 ], [ 103.814691099999223, 1.325408399992982 ] ], [ [ 103.814965809956547, 1.32579814880066 ], [ 103.815024900030139, 1.325791199996103 ], [ 103.814965873584782, 1.325798905187242 ], [ 103.814965809956547, 1.32579814880066 ] ], [ [ 103.818047345508475, 1.323216716728141 ], [ 103.818045810970389, 1.323198450676208 ], [ 103.818051073921552, 1.323203615321652 ], [ 103.818053526194831, 1.323224738494043 ], [ 103.818047345508475, 1.323216716728141 ] ], [ [ 103.818043524899437, 1.323171238923508 ], [ 103.818042213389433, 1.323155627646997 ], [ 103.818045738936874, 1.323157661302691 ], [ 103.818047802550581, 1.323175436672286 ], [ 103.818043524899437, 1.323171238923508 ] ], [ [ 103.818039679934316, 1.323125471206543 ], [ 103.818039090352954, 1.323118453249463 ], [ 103.818041247929699, 1.323118977065398 ], [ 103.818042168513628, 1.32312690670273 ], [ 103.818039679934316, 1.323125471206543 ] ], [ [ 103.817048875231137, 1.323240873457338 ], [ 103.817049490286749, 1.323242192830773 ], [ 103.817036740491645, 1.323243149380678 ], [ 103.817036676965785, 1.323242864991054 ], [ 103.817048875231137, 1.323240873457338 ] ], [ [ 103.817134318302536, 1.323882215662219 ], [ 103.817134317368243, 1.323882183475877 ], [ 103.817134989008849, 1.32388209018785 ], [ 103.817134990533475, 1.323882122894205 ], [ 103.817134318302536, 1.323882215662219 ] ], [ [ 103.817253483506235, 1.324289795441906 ], [ 103.817253905424479, 1.32429235581748 ], [ 103.817154900017428, 1.324303399997587 ], [ 103.817253483506235, 1.324289795441906 ] ], [ [ 103.817312808279738, 1.324649802558551 ], [ 103.8173129489752, 1.324650656356508 ], [ 103.817194499993036, 1.324663000000528 ], [ 103.817312808279738, 1.324649802558551 ] ], [ [ 103.819187556072563, 1.32706279673024 ], [ 103.819188538808646, 1.327075076158349 ], [ 103.81918847489986, 1.327075071248186 ], [ 103.819187497785123, 1.327062797827803 ], [ 103.819187556072563, 1.32706279673024 ] ], [ [ 103.819053499999939, 1.326933300000175 ], [ 103.818894656589876, 1.326952370119947 ], [ 103.818894008888165, 1.326943723239519 ], [ 103.819053499999939, 1.326933300000175 ] ], [ [ 103.819059999999808, 1.327065200000108 ], [ 103.819063954230174, 1.327065125498903 ], [ 103.81906398441582, 1.327065506138895 ], [ 103.819059999999808, 1.327065200000108 ] ], [ [ 103.819100230011301, 1.327064442031305 ], [ 103.819100271330441, 1.327064441252887 ], [ 103.819100579960917, 1.32706831792377 ], [ 103.819100537122338, 1.32706831463254 ], [ 103.819100230011301, 1.327064442031305 ] ], [ [ 103.819073189634835, 1.32718158186968 ], [ 103.819073210596599, 1.327181846190245 ], [ 103.819051299958943, 1.327179899997066 ], [ 103.819073189634835, 1.32718158186968 ] ], [ [ 103.818348671700178, 1.326882228808929 ], [ 103.81832667885466, 1.326884259261744 ], [ 103.818289939126927, 1.326595487908816 ], [ 103.818309277596299, 1.326610088132211 ], [ 103.818331076864467, 1.326647335281937 ], [ 103.818348671700178, 1.326882228808929 ] ], [ [ 103.818183830562347, 1.326510722788796 ], [ 103.818175595061746, 1.326511784166335 ], [ 103.818199000001556, 1.326308999987488 ], [ 103.818183830562347, 1.326510722788796 ] ], [ [ 103.818009882248518, 1.326200170004861 ], [ 103.818009897992098, 1.326200168755127 ], [ 103.818010000000427, 1.32620119999998 ], [ 103.818009882248518, 1.326200170004861 ] ], [ [ 103.818071840873245, 1.326316916039098 ], [ 103.818120300000047, 1.326282599999253 ], [ 103.818076273279004, 1.326361725357271 ], [ 103.818071840873245, 1.326316916039098 ] ], [ [ 103.818013864995251, 1.326473886272022 ], [ 103.817988569642282, 1.326519347379422 ], [ 103.818012454051541, 1.326532809501528 ], [ 103.817742783144482, 1.32656756420399 ], [ 103.81778919533663, 1.326932360994611 ], [ 103.817718021523063, 1.326938539467981 ], [ 103.817712017197039, 1.326874506304979 ], [ 103.817708826479588, 1.32684020612846 ], [ 103.817440400000379, 1.326865499999542 ], [ 103.817708156188985, 1.326833816556063 ], [ 103.817670110734099, 1.326508123919169 ], [ 103.817830707068481, 1.326494946297477 ], [ 103.817808799999881, 1.326224500000975 ], [ 103.817839617191026, 1.326494065067534 ], [ 103.818013864995251, 1.326473886272022 ] ], [ [ 103.818067654385231, 1.326468108001738 ], [ 103.818086608472626, 1.326466208794542 ], [ 103.818083907024487, 1.326438898562822 ], [ 103.818158799999495, 1.326304300000341 ], [ 103.818134237404649, 1.326517114272058 ], [ 103.818033136484019, 1.326530143985865 ], [ 103.818067654385231, 1.326468108001738 ] ], [ [ 103.818092300000316, 1.327178400000163 ], [ 103.818117042660688, 1.327448598452675 ], [ 103.818161183854428, 1.327444503907526 ], [ 103.81843604691241, 1.327419127644275 ], [ 103.81843852202455, 1.327428610137063 ], [ 103.817802156326636, 1.327502126430197 ], [ 103.81783030455874, 1.327748942070921 ], [ 103.817801422491328, 1.327567784192228 ], [ 103.817791510533198, 1.327503573102924 ], [ 103.817791193205551, 1.327503622722496 ], [ 103.817786989311756, 1.327477254508938 ], [ 103.818115467209338, 1.327448739901817 ], [ 103.818092300000316, 1.327178400000163 ] ], [ [ 103.818136355517282, 1.327172722201893 ], [ 103.818136356190294, 1.327172722115078 ], [ 103.818136499990743, 1.327174299903864 ], [ 103.818136355517282, 1.327172722201893 ] ], [ [ 103.818434676216953, 1.327174169087139 ], [ 103.818432200000572, 1.327147000000546 ], [ 103.818435614528781, 1.327173920992162 ], [ 103.818434676216953, 1.327174169087139 ] ], [ [ 103.818968461786454, 1.327323034985144 ], [ 103.818956120135141, 1.327275752481988 ], [ 103.819311168479942, 1.327305542034379 ], [ 103.819315214127485, 1.327256698175834 ], [ 103.819319856589217, 1.32720375429884 ], [ 103.81920353771261, 1.327193422382665 ], [ 103.819215097580113, 1.32719248523076 ], [ 103.819320118231317, 1.327200554387146 ], [ 103.819321383842478, 1.327183868667128 ], [ 103.819429930695364, 1.327175068833154 ], [ 103.819689407491893, 1.327154070711996 ], [ 103.819667800000289, 1.326883600001447 ], [ 103.819795830402057, 1.327122394687528 ], [ 103.819966330414459, 1.327029794678952 ], [ 103.819838300000015, 1.326791000000548 ], [ 103.819989105250315, 1.327015922372731 ], [ 103.820174873157001, 1.326889753361307 ], [ 103.820359817264944, 1.326772297630736 ], [ 103.820398065719161, 1.327025071736269 ], [ 103.820409005807136, 1.327188986309879 ], [ 103.820678000000356, 1.327170800000052 ], [ 103.820409009463077, 1.327189041000442 ], [ 103.820429554063324, 1.327495932176285 ], [ 103.820429151002415, 1.327498659267472 ], [ 103.82041712997713, 1.32757951128785 ], [ 103.820393409212159, 1.32762044767066 ], [ 103.820368245435176, 1.327642479791772 ], [ 103.82013361046711, 1.327503952717925 ], [ 103.819860789506421, 1.327972047274226 ], [ 103.819943262236563, 1.32802073868493 ], [ 103.819930061175938, 1.328032587389579 ], [ 103.82010950000037, 1.32823510000002 ], [ 103.819868340177436, 1.328113795324426 ], [ 103.819839440173524, 1.328171995321826 ], [ 103.820080600000651, 1.328293300000243 ], [ 103.819823366362328, 1.32821206072737 ], [ 103.81980456635651, 1.32827236072522 ], [ 103.820061799997717, 1.328353599999175 ], [ 103.819793449579365, 1.328327499711298 ], [ 103.819784049569307, 1.328425399710756 ], [ 103.820052399999881, 1.328451500000651 ], [ 103.819782858994685, 1.328457202524467 ], [ 103.819785358982145, 1.328576902524411 ], [ 103.82005489999942, 1.328571200000459 ], [ 103.819794715162033, 1.328642284629976 ], [ 103.819864915123418, 1.328902564588141 ], [ 103.81987347856942, 1.329093618485049 ], [ 103.819834902397247, 1.329257883034758 ], [ 103.819691897015758, 1.329615586311095 ], [ 103.819629083658214, 1.329772619667819 ], [ 103.81960194422571, 1.329828065267067 ], [ 103.819522110634892, 1.329826844788572 ], [ 103.819423664509102, 1.329812903242812 ], [ 103.819386100743785, 1.330081594680254 ], [ 103.819423661378551, 1.329812902799656 ], [ 103.819337109393089, 1.329800646692543 ], [ 103.819502109274509, 1.32953163439939 ], [ 103.819272704071651, 1.329389102529306 ], [ 103.819502116259045, 1.329531623010766 ], [ 103.81958981625074, 1.329388623002316 ], [ 103.819130983775722, 1.329103576976145 ], [ 103.81904328376713, 1.329246576968354 ], [ 103.818870433160711, 1.329528388831731 ], [ 103.818764402748386, 1.329456698044729 ], [ 103.818915664490774, 1.329203032186056 ], [ 103.818684500000586, 1.329063400000065 ], [ 103.818915701304945, 1.329202970430833 ], [ 103.819074401289328, 1.328936670416088 ], [ 103.818843200000515, 1.328797100000142 ], [ 103.819074892929649, 1.328935842104205 ], [ 103.819241892912743, 1.328653342087835 ], [ 103.819010200002069, 1.328514600001208 ], [ 103.819269108682349, 1.3285902575067 ], [ 103.819310908669081, 1.32844535750191 ], [ 103.819077693087451, 1.32837720795692 ], [ 103.81907660013124, 1.328369452046783 ], [ 103.819321587019729, 1.328366982729259 ], [ 103.819320987013157, 1.328306682729572 ], [ 103.819068113909182, 1.328309231535646 ], [ 103.819068113417686, 1.328309228052031 ], [ 103.81932098644829, 1.328306626478996 ], [ 103.819319686433531, 1.328178626478784 ], [ 103.81905010000068, 1.328181399999192 ], [ 103.819296138079508, 1.328070461670113 ], [ 103.81907793804011, 1.327580261690992 ], [ 103.818831900303323, 1.327691199862524 ], [ 103.819077877149425, 1.327580124995933 ], [ 103.819064146797047, 1.327549324482668 ], [ 103.818968461786454, 1.327323034985144 ] ], [ [ 103.818942818575934, 1.327224792441511 ], [ 103.818942682098381, 1.32722426957781 ], [ 103.819046599991964, 1.327233499999616 ], [ 103.818942818575934, 1.327224792441511 ] ], [ [ 103.820329546768505, 1.326572247732366 ], [ 103.820284000002971, 1.326499600005035 ], [ 103.820327751401791, 1.326560382616857 ], [ 103.820329546768505, 1.326572247732366 ] ], [ [ 103.820722677591689, 1.327505396074633 ], [ 103.820722769588457, 1.327505389835894 ], [ 103.8207227, 1.327505900000258 ], [ 103.820722677591689, 1.327505396074633 ] ], [ [ 103.82085450245286, 1.327496456650652 ], [ 103.820856859598351, 1.327496296805329 ], [ 103.820850800000429, 1.327523599998873 ], [ 103.82085450245286, 1.327496456650652 ] ], [ [ 103.820285566897269, 1.328097892072493 ], [ 103.820285571292132, 1.328097884531925 ], [ 103.820285625959002, 1.328097946188174 ], [ 103.820285621543462, 1.328097953772152 ], [ 103.820285566897269, 1.328097892072493 ] ], [ [ 103.819723929319295, 1.330079950209658 ], [ 103.819723778382908, 1.330089735432437 ], [ 103.819723774547882, 1.330089734378831 ], [ 103.819723922262952, 1.330079946711537 ], [ 103.819723929319295, 1.330079950209658 ] ], [ [ 103.818651778523162, 1.327950224088704 ], [ 103.818657627914519, 1.327963365116033 ], [ 103.81797704882753, 1.328060515680731 ], [ 103.817881324662082, 1.328072484918793 ], [ 103.817876178910524, 1.328039825435005 ], [ 103.818651778523162, 1.327950224088704 ] ], [ [ 103.817832801523508, 1.327770836516823 ], [ 103.817832767545511, 1.327770841942796 ], [ 103.817832694909256, 1.32777037139241 ], [ 103.817832747508916, 1.327770362898045 ], [ 103.817832801523508, 1.327770836516823 ] ], [ [ 103.817366200000293, 1.326234100000041 ], [ 103.817359825823772, 1.326234945789137 ], [ 103.81735982567551, 1.326234942912353 ], [ 103.817366200000293, 1.326234100000041 ] ], [ [ 103.817188192552877, 1.32617310324296 ], [ 103.81718829323961, 1.32617502389603 ], [ 103.817188291734539, 1.326175024094981 ], [ 103.817188191266141, 1.326173103398503 ], [ 103.817188192552877, 1.32617310324296 ] ], [ [ 103.816234025637741, 1.326093962027071 ], [ 103.816242085020804, 1.326248036767951 ], [ 103.816154814094872, 1.326227910742804 ], [ 103.816094599999246, 1.326492400003241 ], [ 103.816121784628422, 1.326222439349515 ], [ 103.815637712295995, 1.326173061523131 ], [ 103.815758291074459, 1.326158650477264 ], [ 103.815726500000764, 1.325889199999893 ], [ 103.815762615278416, 1.326158097953161 ], [ 103.816234025637741, 1.326093962027071 ] ], [ [ 103.815372836227596, 1.326204718324752 ], [ 103.815365573454827, 1.32627684206403 ], [ 103.815343555712758, 1.326277495701691 ], [ 103.815339626054268, 1.326208687453871 ], [ 103.815372836227596, 1.326204718324752 ] ], [ [ 103.815313149056834, 1.326147027182792 ], [ 103.815311829028786, 1.326147103547614 ], [ 103.815319316855266, 1.326278215278195 ], [ 103.815308232013237, 1.326278544352223 ], [ 103.815290545173511, 1.326149189843844 ], [ 103.815158711860875, 1.326167449481577 ], [ 103.815011200000825, 1.325969800001261 ], [ 103.815250388937685, 1.326094994709111 ], [ 103.815270488934672, 1.326056094706454 ], [ 103.815031300001365, 1.325930900000557 ], [ 103.815289874422589, 1.325949758895815 ], [ 103.815313149056834, 1.326147027182792 ] ], [ [ 103.815285388159168, 1.325911734771387 ], [ 103.815034, 1.325893400000297 ], [ 103.81528214648776, 1.325884259403167 ], [ 103.815285388159168, 1.325911734771387 ] ], [ [ 103.815276970702939, 1.325840391119671 ], [ 103.815032399999822, 1.325849400000541 ], [ 103.815274307873523, 1.325817821827657 ], [ 103.815276970702939, 1.325840391119671 ] ], [ [ 103.814982099999824, 1.325991799999831 ], [ 103.815117457121289, 1.326173163488026 ], [ 103.815084065083013, 1.326177788467481 ], [ 103.814998542604783, 1.326187264784429 ], [ 103.814982099999824, 1.325991799999831 ] ], [ [ 103.815552324595274, 1.326709818780904 ], [ 103.815401068781199, 1.326911290709425 ], [ 103.815441568782589, 1.326942090712393 ], [ 103.815604099998865, 1.326725600001732 ], [ 103.815495043782363, 1.326973752746996 ], [ 103.816074143827962, 1.327231552772988 ], [ 103.816183200206297, 1.326983399530759 ], [ 103.816074254718259, 1.327231602107758 ], [ 103.816192395642091, 1.327284131378456 ], [ 103.816287936467631, 1.327326760358248 ], [ 103.816492421431022, 1.326862519297552 ], [ 103.816818311766156, 1.326937674565861 ], [ 103.816965775619394, 1.326990910286099 ], [ 103.816980690781278, 1.326949059021156 ], [ 103.816980724411422, 1.326949068686325 ], [ 103.816965814905913, 1.326990924465892 ], [ 103.817095514916986, 1.327037724470645 ], [ 103.817113502677941, 1.326987227029623 ], [ 103.817119568595842, 1.326988970277567 ], [ 103.817102950059805, 1.327040284861761 ], [ 103.817172450065925, 1.327063084864163 ], [ 103.817184588706681, 1.327025603264028 ], [ 103.817184613940839, 1.327025872375959 ], [ 103.817172568811458, 1.327063123788795 ], [ 103.817188599308565, 1.327068374447627 ], [ 103.817206192245223, 1.327255994807206 ], [ 103.81747459999913, 1.327230499999728 ], [ 103.817474600000011, 1.327230500000633 ], [ 103.817208404766276, 1.327273490129615 ], [ 103.817255809446365, 1.327570828435649 ], [ 103.816891924004651, 1.327588372370642 ], [ 103.816838035038671, 1.327572360280058 ], [ 103.81676170000047, 1.327832599999874 ], [ 103.81675881177361, 1.327696465894098 ], [ 103.816762579352613, 1.327694105479166 ], [ 103.816758626084422, 1.327687713606342 ], [ 103.81675594447583, 1.327561318249284 ], [ 103.816714304478836, 1.327562213146032 ], [ 103.816710084663839, 1.327547455584386 ], [ 103.81665471398577, 1.327563493819888 ], [ 103.81657923293109, 1.327565115999574 ], [ 103.816591082140704, 1.327548624577418 ], [ 103.816558382141821, 1.327524824579239 ], [ 103.816528703765769, 1.327566130172495 ], [ 103.816522183165688, 1.327566099738529 ], [ 103.816552952883981, 1.327520974615194 ], [ 103.816514152885361, 1.327494174617539 ], [ 103.816465289971106, 1.327565834193453 ], [ 103.816449250252262, 1.327565759328514 ], [ 103.816449140781003, 1.327589517676668 ], [ 103.816420658239124, 1.327631288552453 ], [ 103.816383662471566, 1.327642004450543 ], [ 103.816437304637148, 1.327457473809716 ], [ 103.816386704642326, 1.327442573811824 ], [ 103.816325213886714, 1.32765410381775 ], [ 103.816310999998976, 1.327625307248613 ], [ 103.816310999997057, 1.327431656410016 ], [ 103.816263300002163, 1.327431656410132 ], [ 103.816263300000088, 1.327645526821736 ], [ 103.816253047723293, 1.327649917151036 ], [ 103.816263300000429, 1.327674168811585 ], [ 103.816263299999875, 1.327676867677806 ], [ 103.816191915321156, 1.327697544387638 ], [ 103.81619994952014, 1.327725641651529 ], [ 103.816199346218056, 1.327726648284662 ], [ 103.816200424553998, 1.327727302944504 ], [ 103.81620981531556, 1.327760144389501 ], [ 103.816240080369553, 1.327751378058285 ], [ 103.816243741094752, 1.327753600490928 ], [ 103.81621083190683, 1.327763612508968 ], [ 103.816228731901234, 1.327823212510952 ], [ 103.816263299999122, 1.327812695800057 ], [ 103.816263299998951, 1.327820582296736 ], [ 103.81617656064968, 1.32782835080627 ], [ 103.816178900203639, 1.327854811997859 ], [ 103.816177645006633, 1.327855238192597 ], [ 103.816179401086487, 1.327860477166144 ], [ 103.816179460646154, 1.32786115080692 ], [ 103.816179622042895, 1.327861136351779 ], [ 103.816189645003263, 1.327891038194078 ], [ 103.816247163586155, 1.327871508110518 ], [ 103.816250809888118, 1.327880378442824 ], [ 103.816209047087227, 1.327941625371838 ], [ 103.816236183939026, 1.327960369384543 ], [ 103.816235295341514, 1.327963426184829 ], [ 103.816244558498056, 1.327966153873392 ], [ 103.816245108890016, 1.327966534041332 ], [ 103.816275117831708, 1.327988375411871 ], [ 103.816282959444806, 1.327977461662642 ], [ 103.816285895346837, 1.327978326186807 ], [ 103.816287053068748, 1.327974343589465 ], [ 103.816300768992789, 1.327974343589652 ], [ 103.816304820621269, 1.327980894499091 ], [ 103.816374509561825, 1.327937233904403 ], [ 103.816446751220454, 1.328108120783348 ], [ 103.816446749746447, 1.328108440671552 ], [ 103.816446886722161, 1.328108441310975 ], [ 103.816464152297641, 1.328149282844202 ], [ 103.816505952301185, 1.328131382842459 ], [ 103.816496351471699, 1.328108672185745 ], [ 103.816512469853549, 1.328108747417228 ], [ 103.81652034818984, 1.328124708495466 ], [ 103.816550148192022, 1.328109808493703 ], [ 103.81654953447746, 1.328108565141078 ], [ 103.816725557544729, 1.328104782190512 ], [ 103.816782964954939, 1.328121839719311 ], [ 103.816859300000189, 1.327861600000434 ], [ 103.816872199877182, 1.328132632798565 ], [ 103.817341299589657, 1.328110016189956 ], [ 103.817346528358328, 1.328143202620498 ], [ 103.817110686296857, 1.328176011895143 ], [ 103.817147599999956, 1.32844479999924 ], [ 103.817041088734456, 1.328195530014623 ], [ 103.817000888737212, 1.328212930012974 ], [ 103.817107399999387, 1.328462199999259 ], [ 103.816864919224372, 1.328343592753773 ], [ 103.816836719219836, 1.328401992751465 ], [ 103.817079200000023, 1.328520600000638 ], [ 103.816810616685174, 1.328497050869159 ], [ 103.816801216672886, 1.328605650867576 ], [ 103.81706980000024, 1.328629200000209 ], [ 103.816801021513115, 1.328650373823376 ], [ 103.816841321456593, 1.329168573826806 ], [ 103.817110100000406, 1.329147400000011 ], [ 103.816852859606144, 1.329228617899179 ], [ 103.816962759573627, 1.329581217909573 ], [ 103.817220000000177, 1.32950000000043 ], [ 103.816975443372968, 1.329614208590772 ], [ 103.817138757500857, 1.329968451856691 ], [ 103.817244480317257, 1.330216846342079 ], [ 103.817492300000893, 1.330109999999857 ], [ 103.817326482033693, 1.33032395116452 ], [ 103.817382782035523, 1.330368151167522 ], [ 103.8175486, 1.330154199999107 ], [ 103.817468146371326, 1.330413179917284 ], [ 103.817511046375415, 1.330426679919015 ], [ 103.817591500000105, 1.330167700000315 ], [ 103.817608480596149, 1.330438504839176 ], [ 103.818090621063902, 1.330407880429978 ], [ 103.818574459527312, 1.330669360206335 ], [ 103.818829540447908, 1.330191239786673 ], [ 103.818494844784396, 1.330010360958648 ], [ 103.818521840426101, 1.329946468913697 ], [ 103.818802359423699, 1.330136137381701 ], [ 103.818952699998675, 1.329910900001703 ], [ 103.81882507200514, 1.330149912872127 ], [ 103.819098872023332, 1.330298012886969 ], [ 103.819226500000227, 1.330059000000571 ], [ 103.819188938596142, 1.330327697196813 ], [ 103.819348538613426, 1.330350297199445 ], [ 103.819348538613426, 1.33035029719854 ], [ 103.819420024706773, 1.330360420773553 ], [ 103.819354655729569, 1.330448079285068 ], [ 103.81929640002673, 1.330466190173709 ], [ 103.81926034656891, 1.330396602160502 ], [ 103.819081927939578, 1.330490239599216 ], [ 103.818807889684933, 1.330631483107139 ], [ 103.818395173280024, 1.330840819057411 ], [ 103.818033199896561, 1.331015756327249 ], [ 103.817862614535144, 1.331096982840591 ], [ 103.817686498335576, 1.331172258948719 ], [ 103.817640324513164, 1.331175057362366 ], [ 103.817522399726855, 1.331147164971803 ], [ 103.817402392833969, 1.331108246070256 ], [ 103.817244860618601, 1.331037882912334 ], [ 103.81713549999246, 1.331285900016851 ], [ 103.817239234392886, 1.331035446518223 ], [ 103.81708073440592, 1.330968946524712 ], [ 103.816977000000534, 1.331219399996706 ], [ 103.817043644107443, 1.330956477393966 ], [ 103.816781144132975, 1.330889077401228 ], [ 103.816714500000273, 1.331152000000265 ], [ 103.816767727410081, 1.330885997300896 ], [ 103.816552627431761, 1.330842397305889 ], [ 103.816499400003551, 1.331108399982312 ], [ 103.816551375555349, 1.330842146657207 ], [ 103.816347644366644, 1.330801860264032 ], [ 103.816248865141446, 1.330782273916612 ], [ 103.816178913650404, 1.330765024416304 ], [ 103.816092313348634, 1.330740281472967 ], [ 103.816049565375707, 1.330724061498848 ], [ 103.816026289097806, 1.330707789011246 ], [ 103.815993881826458, 1.330677273216592 ], [ 103.81597665169258, 1.330659425517476 ], [ 103.815742686657188, 1.330382740146598 ], [ 103.815749120254026, 1.330382241017885 ], [ 103.815729469096368, 1.330125659022737 ], [ 103.815774841525894, 1.330118272436038 ], [ 103.815770341523063, 1.330090272436564 ], [ 103.815727295618359, 1.330097280266699 ], [ 103.815707679750531, 1.329841158981525 ], [ 103.815520779770537, 1.329855658980295 ], [ 103.81552727987274, 1.329940529869406 ], [ 103.815495205519184, 1.329889824016461 ], [ 103.815489360373775, 1.329859979157282 ], [ 103.815477780183627, 1.329862276567721 ], [ 103.815459401628331, 1.329833222190075 ], [ 103.815652360435209, 1.329727332418713 ], [ 103.81552330000045, 1.329489100000435 ], [ 103.815652360817097, 1.329727332208903 ], [ 103.81617313741819, 1.329441545042191 ], [ 103.816213348333051, 1.329419487598636 ], [ 103.816383936758925, 1.329327731700719 ], [ 103.816674699914316, 1.329171451500926 ], [ 103.816420700110498, 1.328692748492555 ], [ 103.816177360556466, 1.328823539319391 ], [ 103.815986613329656, 1.328525704865983 ], [ 103.815986609588109, 1.328525699022858 ], [ 103.815560737867926, 1.327860641901583 ], [ 103.815425105927147, 1.327638114605238 ], [ 103.815195300002344, 1.327779999998674 ], [ 103.815413121250913, 1.327620107137263 ], [ 103.815350221246845, 1.327533307142096 ], [ 103.8151323999993, 1.327693200000806 ], [ 103.815268272163976, 1.327458835757002 ], [ 103.815219572166868, 1.327430235760156 ], [ 103.815083700152897, 1.327664599735398 ], [ 103.815219275366516, 1.327430061713009 ], [ 103.815192975368348, 1.327414661714436 ], [ 103.815057399999489, 1.327649200000359 ], [ 103.815074307915353, 1.327378390553422 ], [ 103.814965207927003, 1.327371490553901 ], [ 103.814948300000225, 1.327642299999936 ], [ 103.814910841742602, 1.327373588223886 ], [ 103.814798241754076, 1.327389488222316 ], [ 103.814835700000614, 1.327658200002594 ], [ 103.814745374929984, 1.327402538346166 ], [ 103.814658474937971, 1.327433638343047 ], [ 103.814748799999819, 1.327689300000686 ], [ 103.814628305798976, 1.327446565298596 ], [ 103.814470005810804, 1.327526165290703 ], [ 103.81459049966918, 1.327768899334618 ], [ 103.814469940227738, 1.327526198280514 ], [ 103.814407140232532, 1.327557798277461 ], [ 103.814527700004447, 1.327800500007369 ], [ 103.81440737662507, 1.327584880163133 ], [ 103.814404101971363, 1.327501354457592 ], [ 103.81447947316363, 1.327493812323762 ], [ 103.81442612684215, 1.326953787675889 ], [ 103.814376631475682, 1.326958740505718 ], [ 103.814358511451232, 1.326804118449835 ], [ 103.814420972570559, 1.326797228385814 ], [ 103.814391600100421, 1.326527500919785 ], [ 103.81442110281165, 1.326797213986619 ], [ 103.815146702889649, 1.326716813979682 ], [ 103.815117199998127, 1.326447099983356 ], [ 103.815153954812502, 1.32671591015801 ], [ 103.815231663530867, 1.326705147077467 ], [ 103.815349712493756, 1.326859984614838 ], [ 103.815545106469031, 1.326709082494544 ], [ 103.815552324595274, 1.326709818780904 ] ], [ [ 103.814461415500901, 1.328149196308156 ], [ 103.814506552688172, 1.32812366545216 ], [ 103.814654063848778, 1.328040281204207 ], [ 103.814711029127409, 1.328011617145739 ], [ 103.814854600902393, 1.327939423126156 ], [ 103.814900249523404, 1.327923086278127 ], [ 103.814958680854758, 1.327914835317225 ], [ 103.814959351409172, 1.327914877726086 ], [ 103.814971128809688, 1.327931130166717 ], [ 103.815102694033484, 1.328146985384599 ], [ 103.815332500005709, 1.328005099996268 ], [ 103.815105886680669, 1.32815209507525 ], [ 103.815533386643736, 1.328819695112696 ], [ 103.815759995213369, 1.328672703104714 ], [ 103.815533396329158, 1.32881971023555 ], [ 103.815701529876321, 1.32908223556506 ], [ 103.815394239589324, 1.329250867574337 ], [ 103.815394239207436, 1.329250867784146 ], [ 103.815184352220413, 1.329366047207109 ], [ 103.814875613344853, 1.328789639900575 ], [ 103.814769789557772, 1.328847057162404 ], [ 103.814769776848763, 1.32884703702211 ], [ 103.814875593091685, 1.328789602095272 ], [ 103.814625144481724, 1.328322198087512 ], [ 103.814581395814301, 1.328240394086231 ], [ 103.814492003775086, 1.328288820996768 ], [ 103.814461415500901, 1.328149196308156 ] ], [ [ 103.81625690032584, 1.329088400613847 ], [ 103.816249510077611, 1.329074482770907 ], [ 103.816249514130106, 1.329074480150086 ], [ 103.81625690032584, 1.329088400613847 ] ], [ [ 103.816235615350706, 1.329048285684841 ], [ 103.816235603673931, 1.329048293237108 ], [ 103.816235477801442, 1.3290480561851 ], [ 103.816235489537519, 1.329048048570432 ], [ 103.816235615350706, 1.329048285684841 ] ], [ [ 103.81607139208792, 1.329154507623136 ], [ 103.816071393597468, 1.329154510466468 ], [ 103.816071189391749, 1.329154642553805 ], [ 103.816071188016991, 1.329154640015244 ], [ 103.81607139208792, 1.329154507623136 ] ], [ [ 103.813429800000463, 1.328754599999758 ], [ 103.813583649041121, 1.328964254392122 ], [ 103.813563003045061, 1.328961462779965 ], [ 103.813429800000463, 1.328754599999758 ] ], [ [ 103.813423055234651, 1.32893818844688 ], [ 103.813421393623855, 1.328937131723231 ], [ 103.813341800000089, 1.328812000000124 ], [ 103.813423055234651, 1.32893818844688 ] ], [ [ 103.813063060252006, 1.32903921753494 ], [ 103.813067999998594, 1.329044099998388 ], [ 103.81305424679114, 1.329034332683609 ], [ 103.813063060252006, 1.32903921753494 ] ], [ [ 103.8134139456524, 1.329154173320254 ], [ 103.813416541658697, 1.329154083558725 ], [ 103.813416392100507, 1.329149702072312 ], [ 103.813431775862327, 1.329121585964004 ], [ 103.813419199999558, 1.329215799998171 ], [ 103.813411662664706, 1.329158345819026 ], [ 103.8134139456524, 1.329154173320254 ] ], [ [ 103.81335609151779, 1.329201629768776 ], [ 103.813359000000318, 1.329223800000536 ], [ 103.813355122816503, 1.329201092867701 ], [ 103.81335609151779, 1.329201629768776 ] ], [ [ 103.813557500001153, 1.32923449999553 ], [ 103.813592693588717, 1.328970841612901 ], [ 103.813705072394001, 1.328887305795527 ], [ 103.813703221338528, 1.328933192368351 ], [ 103.813873189775066, 1.328940137799855 ], [ 103.813895952170313, 1.328988420217779 ], [ 103.813819572453767, 1.329032485749714 ], [ 103.813795818574192, 1.329020074487769 ], [ 103.813776641325475, 1.329057253880831 ], [ 103.813738701962691, 1.329079142126583 ], [ 103.813752686342141, 1.329103695980484 ], [ 103.813671600000077, 1.329260900000486 ], [ 103.813732002835806, 1.328996454335796 ], [ 103.813617902846502, 1.328970054338287 ], [ 103.813557500001153, 1.32923449999553 ] ], [ [ 103.813783908387208, 1.328828703731779 ], [ 103.813804088434054, 1.328817063003382 ], [ 103.813827860127304, 1.328828227826761 ], [ 103.813836209458501, 1.328855310791267 ], [ 103.813865829498923, 1.328846060857544 ], [ 103.813905588286147, 1.328864734319736 ], [ 103.813850127802837, 1.328891219932114 ], [ 103.81385051132952, 1.328892033449045 ], [ 103.813706622279796, 1.328886153701758 ], [ 103.813783908387208, 1.328828703731779 ] ], [ [ 103.813970702307969, 1.328813310509488 ], [ 103.813982816727986, 1.328827853234497 ], [ 103.813971025796107, 1.328833484092279 ], [ 103.813945097705911, 1.328821306478005 ], [ 103.813970702307969, 1.328813310509488 ] ], [ [ 103.813847387883385, 1.329269973471267 ], [ 103.813798300000343, 1.329327099999954 ], [ 103.813837091220691, 1.329251894533745 ], [ 103.813847387883385, 1.329269973471267 ] ], [ [ 103.814094400000599, 1.329542800000015 ], [ 103.814239696106256, 1.329590195141805 ], [ 103.814246282437907, 1.329599504093065 ], [ 103.814094400000599, 1.329542800000015 ] ], [ [ 103.814052900000561, 1.329655399999979 ], [ 103.814305670450878, 1.329749769819172 ], [ 103.814321692584244, 1.329706297707163 ], [ 103.814436835983599, 1.329874159676294 ], [ 103.814557813995094, 1.330050527641917 ], [ 103.814591842903923, 1.330100167180104 ], [ 103.8146198390926, 1.330137007299103 ], [ 103.814602948158253, 1.330224996276632 ], [ 103.814565479293108, 1.330379185783188 ], [ 103.814510777489303, 1.330483882607573 ], [ 103.814364969582428, 1.33060508329865 ], [ 103.814263904261736, 1.330652039097905 ], [ 103.814485429985936, 1.331135024316944 ], [ 103.814255887689555, 1.331648341311382 ], [ 103.814221161177784, 1.331702903942379 ], [ 103.813870664093358, 1.331678028547374 ], [ 103.813851699999574, 1.331948700005218 ], [ 103.8138690861269, 1.331677921236507 ], [ 103.813697016172114, 1.331666729695249 ], [ 103.813809495275208, 1.331529782722083 ], [ 103.813601699999879, 1.331356899999897 ], [ 103.813844521520977, 1.331474799578868 ], [ 103.813921021509699, 1.33131519957135 ], [ 103.813678200000354, 1.331197299999986 ], [ 103.8139341943684, 1.331282413177976 ], [ 103.813970594357713, 1.33117151317427 ], [ 103.813714599997951, 1.331086399999252 ], [ 103.81398380233145, 1.331101147719953 ], [ 103.813999702299384, 1.330807147717679 ], [ 103.813730500006599, 1.330792400000066 ], [ 103.814000086522796, 1.33078960814679 ], [ 103.813997478068714, 1.330534465451307 ], [ 103.814007537644542, 1.330352922665133 ], [ 103.814014623486315, 1.330258017488945 ], [ 103.814032309069006, 1.330197046174587 ], [ 103.814280957780269, 1.329800114704855 ], [ 103.814052900000561, 1.329655399999979 ] ], [ [ 103.814558307070428, 1.330942676372595 ], [ 103.814509700000045, 1.330836700000384 ], [ 103.814570147398797, 1.330910363161423 ], [ 103.814558307070428, 1.330942676372595 ] ], [ [ 103.815504200000277, 1.330133600000449 ], [ 103.815494327147633, 1.330087696531579 ], [ 103.815495110968598, 1.330087192115297 ], [ 103.815504200000277, 1.330133599999545 ], [ 103.815504200000277, 1.330133600000449 ] ], [ [ 103.815541499999952, 1.330126200000105 ], [ 103.815529523069344, 1.330065046737773 ], [ 103.815536473804585, 1.330060573699916 ], [ 103.815541499999952, 1.330126200000105 ] ], [ [ 103.816007800000463, 1.330998199997887 ], [ 103.815991956326016, 1.331054372091476 ], [ 103.815989036833088, 1.331048291977402 ], [ 103.816007800000463, 1.330998199997887 ] ], [ [ 103.817507712887604, 1.334040327428953 ], [ 103.817510673808627, 1.334042728175978 ], [ 103.817467300007038, 1.334080799993459 ], [ 103.817507712887604, 1.334040327428953 ] ], [ [ 103.820207260256893, 1.332927034638794 ], [ 103.820187027231725, 1.332976903575674 ], [ 103.820101507240565, 1.333067639514635 ], [ 103.819914867669368, 1.333566351963563 ], [ 103.819892512282877, 1.333628596355862 ], [ 103.819866901689437, 1.333684977874003 ], [ 103.819833386731901, 1.33373358644088 ], [ 103.819779458763492, 1.333794730117352 ], [ 103.819716389341266, 1.333856720107519 ], [ 103.819169562197146, 1.334275795672586 ], [ 103.819135504009452, 1.334300272809023 ], [ 103.819113803568811, 1.334312703157921 ], [ 103.819106845459217, 1.334315388237211 ], [ 103.819085586013301, 1.334319514248512 ], [ 103.819031977962439, 1.334323188993476 ], [ 103.819017661165432, 1.334323708690478 ], [ 103.81888731946411, 1.334260361272044 ], [ 103.818536199357396, 1.334080702545451 ], [ 103.81835207322699, 1.333974083311292 ], [ 103.818121177536412, 1.333827846226427 ], [ 103.817920896782539, 1.333678458804543 ], [ 103.817715957040974, 1.333512291455168 ], [ 103.817541002188065, 1.333354776142533 ], [ 103.817403462469997, 1.33321110933486 ], [ 103.817242574996357, 1.333020248067082 ], [ 103.817063754306133, 1.332776497891897 ], [ 103.81662125672446, 1.33214626515668 ], [ 103.816548978838568, 1.332032880455848 ], [ 103.816434056837096, 1.331859675138424 ], [ 103.816381444971725, 1.33178425572161 ], [ 103.816133009749947, 1.331348128864144 ], [ 103.816113573104886, 1.331307650262794 ], [ 103.816126543077047, 1.331310848557691 ], [ 103.816190699999225, 1.331047300002526 ], [ 103.816138587477084, 1.33131352622145 ], [ 103.816243487487412, 1.331334326223659 ], [ 103.816295600000601, 1.331068099999695 ], [ 103.81624362441282, 1.331334353336558 ], [ 103.816446798357703, 1.331374529539897 ], [ 103.816654525146873, 1.331416635016616 ], [ 103.816891360289731, 1.33147744526048 ], [ 103.817028938736811, 1.331535167449068 ], [ 103.817196739372847, 1.331610117090107 ], [ 103.817306099999485, 1.3313621000017 ], [ 103.817223414972361, 1.331620367019525 ], [ 103.817367414985895, 1.331667067024586 ], [ 103.817450099998808, 1.331408800005452 ], [ 103.817388421975295, 1.331672947348679 ], [ 103.817555421992751, 1.331712447352487 ], [ 103.81761710000049, 1.331448300000416 ], [ 103.817633305146643, 1.331719152961725 ], [ 103.817765305161402, 1.331711152961698 ], [ 103.817749100000867, 1.331440300001073 ], [ 103.817854484132212, 1.33169005484958 ], [ 103.81807838415132, 1.331594354840325 ], [ 103.817973000000379, 1.331344600000132 ], [ 103.818088297198216, 1.331589878377143 ], [ 103.818264497211729, 1.331505978369153 ], [ 103.818149200029836, 1.33126070006432 ], [ 103.818265900938613, 1.331505304972574 ], [ 103.818630900967264, 1.331328904955974 ], [ 103.818514200000749, 1.331084300000228 ], [ 103.818635530743094, 1.331326612313819 ], [ 103.819051330773647, 1.331115712293799 ], [ 103.818930000000577, 1.330873400000044 ], [ 103.819052887351475, 1.33111491640238 ], [ 103.819328587371359, 1.330972816389151 ], [ 103.819205700000381, 1.330731300000144 ], [ 103.819330353441757, 1.330971897841594 ], [ 103.819509653455171, 1.330877797832356 ], [ 103.819385, 1.33063720000061 ], [ 103.819472915688721, 1.330657794199599 ], [ 103.819518927920384, 1.330896647282782 ], [ 103.81978359999988, 1.330845000000529 ], [ 103.819523565596555, 1.330916640933499 ], [ 103.81957258035284, 1.331096856876955 ], [ 103.819720319279611, 1.331670666327715 ], [ 103.819981299998119, 1.331602600000473 ], [ 103.819726193453846, 1.33169037204058 ], [ 103.819785293437761, 1.331864372047145 ], [ 103.820040399999755, 1.331776600000266 ], [ 103.819792607310973, 1.331883510138865 ], [ 103.819824807304911, 1.331959110141777 ], [ 103.820072599999918, 1.331852200000049 ], [ 103.819824842520688, 1.331959192784613 ], [ 103.819863348850859, 1.332049516296179 ], [ 103.819952730788017, 1.332282967865998 ], [ 103.820204300002928, 1.332185399998749 ], [ 103.81995871623009, 1.332297354282054 ], [ 103.820025816218546, 1.332446454288817 ], [ 103.820271398845009, 1.332334500527179 ], [ 103.82002585213344, 1.332446534059391 ], [ 103.820177113827484, 1.332782357675361 ], [ 103.820204164311249, 1.332886943651994 ], [ 103.820207260256893, 1.332927034638794 ] ], [ [ 103.820471099997675, 1.332841900000207 ], [ 103.820552084993281, 1.332820682099717 ], [ 103.820544730834058, 1.33283614025859 ], [ 103.820471099997675, 1.332841900000207 ] ], [ [ 103.820621863618527, 1.332959081000751 ], [ 103.820586973776798, 1.333013653689079 ], [ 103.820586187518785, 1.333013330547394 ], [ 103.820611615133927, 1.332959882683843 ], [ 103.820621863618527, 1.332959081000751 ] ], [ [ 103.82062218345169, 1.338523697599836 ], [ 103.820622468058801, 1.338523642039879 ], [ 103.820634893395436, 1.338539402909731 ], [ 103.82063471099444, 1.338539547974272 ], [ 103.82062218345169, 1.338523697599836 ] ], [ [ 103.820662434213844, 1.338515839931007 ], [ 103.820665200000406, 1.338515299999987 ], [ 103.820663238433127, 1.338516860038447 ], [ 103.820662434213844, 1.338515839931007 ] ], [ [ 103.820870255490263, 1.338548772613871 ], [ 103.820877962615086, 1.338551659250008 ], [ 103.8208736968068, 1.33855664628474 ], [ 103.820760199996698, 1.338636300002558 ], [ 103.820870255490263, 1.338548772613871 ] ], [ [ 103.820750807743408, 1.338686438458178 ], [ 103.820750810006885, 1.338686436869222 ], [ 103.820752200000172, 1.338688200000103 ], [ 103.820750807743408, 1.338686438458178 ] ], [ [ 103.820808642449222, 1.338701297172736 ], [ 103.820814200000527, 1.338694799999845 ], [ 103.820809640485606, 1.338702563128091 ], [ 103.820808642449222, 1.338701297172736 ] ], [ [ 103.820198891223214, 1.338784461150019 ], [ 103.820191565123395, 1.33877128112754 ], [ 103.820189644691141, 1.338767196940194 ], [ 103.820274281313118, 1.338724103207941 ], [ 103.820198891223214, 1.338784461150019 ] ], [ [ 103.819475621609669, 1.330280860770584 ], [ 103.819478707015477, 1.330281728944531 ], [ 103.81947476034459, 1.330287021354047 ], [ 103.819475621609669, 1.330280860770584 ] ], [ [ 103.819496668259987, 1.330286782895543 ], [ 103.819498342259664, 1.330287253926989 ], [ 103.819497893986224, 1.330316956538413 ], [ 103.819476345933751, 1.330314034738619 ], [ 103.819496668259987, 1.330286782895543 ] ], [ [ 103.818401651594456, 1.329595824488594 ], [ 103.81840159782773, 1.329595801475807 ], [ 103.818401602085117, 1.329595795112724 ], [ 103.818401655854544, 1.329595818104711 ], [ 103.818401651594456, 1.329595824488594 ] ], [ [ 103.818467140638845, 1.329439865546181 ], [ 103.818467138953139, 1.329439868064827 ], [ 103.818461899329591, 1.329436699595464 ], [ 103.818467140638845, 1.329439865546181 ] ], [ [ 103.818263379608211, 1.329242323669719 ], [ 103.81810820437606, 1.329218409673371 ], [ 103.81804470205455, 1.329200386761627 ], [ 103.818043332476989, 1.329198389236068 ], [ 103.818021554302561, 1.329138859144976 ], [ 103.818348306891039, 1.32909990072418 ], [ 103.818263379608211, 1.329242323669719 ] ], [ [ 103.818668842659591, 1.328561368098664 ], [ 103.818663483956627, 1.328515840563782 ], [ 103.818442667580371, 1.3285421683438 ], [ 103.818702083398023, 1.328505137517368 ], [ 103.818668842659591, 1.328561368098664 ] ], [ [ 103.818012599996038, 1.328329499971077 ], [ 103.818049180176914, 1.328589083518373 ], [ 103.818044708174938, 1.328589616711112 ], [ 103.818012599996038, 1.328329499971077 ] ], [ [ 103.81761068384354, 1.328359989880725 ], [ 103.817610690027109, 1.328360035434512 ], [ 103.817610658873264, 1.328360040440875 ], [ 103.817610652613325, 1.328359994864478 ], [ 103.81761068384354, 1.328359989880725 ] ], [ [ 103.817428821402729, 1.326901303751548 ], [ 103.817428825125518, 1.326901292238106 ], [ 103.817443600541907, 1.326899899948634 ], [ 103.817428821402729, 1.326901303751548 ] ], [ [ 103.817122869137322, 1.326471080659132 ], [ 103.817040425386949, 1.326441317756519 ], [ 103.817118906650421, 1.326437159249054 ], [ 103.817122869137322, 1.326471080659132 ] ], [ [ 103.817192582836029, 1.326257058355586 ], [ 103.817192593678897, 1.326257056922239 ], [ 103.817192597785677, 1.326257135255612 ], [ 103.817192586934723, 1.32625713669529 ], [ 103.817192582836029, 1.326257058355586 ] ], [ [ 103.816976923156446, 1.326444682564188 ], [ 103.816894200001059, 1.326676799996765 ], [ 103.816946679359518, 1.326446285098545 ], [ 103.816976923156446, 1.326444682564188 ] ], [ [ 103.816301500000037, 1.327036000000638 ], [ 103.816388197367772, 1.326838483633344 ], [ 103.816388472395133, 1.326838547059231 ], [ 103.816301500000037, 1.327036000000638 ] ], [ [ 103.817056799999889, 1.326735499999661 ], [ 103.817056801252491, 1.3267354964835 ], [ 103.817056800000771, 1.326735500000566 ], [ 103.817056799999889, 1.326735499999661 ] ], [ [ 103.816434182939261, 1.327695155866601 ], [ 103.816436474813983, 1.327694492020896 ], [ 103.816436040116002, 1.327695097022424 ], [ 103.816433747455704, 1.327695794522242 ], [ 103.816434182939261, 1.327695155866601 ] ], [ [ 103.816439962036313, 1.327758949598041 ], [ 103.816448371881407, 1.327756391056577 ], [ 103.816448351982345, 1.327760709751733 ], [ 103.816434575664601, 1.327766446208732 ], [ 103.816439962036313, 1.327758949598041 ] ], [ [ 103.816361734153858, 1.327717703257578 ], [ 103.816361649725465, 1.327717728942758 ], [ 103.816362146074567, 1.327716021488711 ], [ 103.816363061766694, 1.327715756256667 ], [ 103.816361734153858, 1.327717703257578 ] ], [ [ 103.816337088044577, 1.327902126910819 ], [ 103.816351304035848, 1.327882341470509 ], [ 103.816354940077659, 1.327890942490967 ], [ 103.816337088044577, 1.327902126910819 ] ], [ [ 103.816413539510336, 1.327912781374924 ], [ 103.816415221516209, 1.327911727586557 ], [ 103.816447356164176, 1.327976830636584 ], [ 103.816447283493432, 1.327992602409447 ], [ 103.816413539510336, 1.327912781374924 ] ], [ [ 103.816443600226052, 1.327893948130132 ], [ 103.816447750040879, 1.327891348242585 ], [ 103.816447699792462, 1.3279022536272 ], [ 103.816443600226052, 1.327893948130132 ] ], [ [ 103.816533699999596, 1.327837500000495 ], [ 103.816533700000491, 1.327837500000495 ], [ 103.816534809642206, 1.32788980226845 ], [ 103.816533462776775, 1.327888984584351 ], [ 103.816533699999596, 1.327837500000495 ] ], [ [ 103.816533276657736, 1.327929377998154 ], [ 103.816535680237465, 1.327930837215854 ], [ 103.816538998023418, 1.328087218862191 ], [ 103.816532609021678, 1.328074275095312 ], [ 103.816533276657736, 1.327929377998154 ] ], [ [ 103.817345051122714, 1.328691254871848 ], [ 103.817423448452686, 1.328680348589016 ], [ 103.817455955668109, 1.328933022849894 ], [ 103.817487142929494, 1.329225094322491 ], [ 103.81775520000086, 1.329196100000247 ], [ 103.817502203939583, 1.329289855296273 ], [ 103.817549103928087, 1.329418055300723 ], [ 103.817802099998957, 1.329324300000093 ], [ 103.817580204259428, 1.329478413374255 ], [ 103.817656104254667, 1.329589113380468 ], [ 103.817878000000434, 1.329435000000547 ], [ 103.817804828397328, 1.329696158589332 ], [ 103.81797782841403, 1.329745258594896 ], [ 103.818051000000537, 1.329484099999956 ], [ 103.818010194391462, 1.329752317535358 ], [ 103.818017468816777, 1.329753438594913 ], [ 103.8179673994686, 1.329871940365233 ], [ 103.817691724806778, 1.329889450562521 ], [ 103.81763281964065, 1.329751053642828 ], [ 103.81738500000607, 1.329857899997353 ], [ 103.817629556633676, 1.329743691369185 ], [ 103.817471969107274, 1.329401869774345 ], [ 103.817376492532333, 1.329095545578738 ], [ 103.817345051122714, 1.328691254871848 ] ], [ [ 103.817750830936077, 1.328898165387233 ], [ 103.817750799994201, 1.328897899953326 ], [ 103.817750831232615, 1.328898165355582 ], [ 103.817750830936077, 1.328898165387233 ] ], [ [ 103.818422499999983, 1.329502700000246 ], [ 103.81840810764561, 1.329494010230025 ], [ 103.818408109522778, 1.329493997887269 ], [ 103.818422499999983, 1.329502700000246 ] ], [ [ 103.819399299999958, 1.330434200000443 ], [ 103.819492603191108, 1.330363314945598 ], [ 103.819497184837601, 1.330363944708532 ], [ 103.819497105339082, 1.330369212290673 ], [ 103.819540313187716, 1.330369872844134 ], [ 103.819586010928688, 1.330376154150459 ], [ 103.819399299999958, 1.330434200000443 ] ], [ [ 103.819667074545364, 1.330387296610986 ], [ 103.819696200000195, 1.33039129999983 ], [ 103.819639426608404, 1.330402378585121 ], [ 103.819668891921083, 1.330393218223875 ], [ 103.819667074545364, 1.330387296610986 ] ], [ [ 103.819439679163537, 1.330363204159163 ], [ 103.819463635495282, 1.330366596757963 ], [ 103.81946463180887, 1.330359470185508 ], [ 103.819477905732867, 1.330361294731031 ], [ 103.819393000000531, 1.330425800000558 ], [ 103.819439679163537, 1.330363204159163 ] ], [ [ 103.819764327606492, 1.33036601399391 ], [ 103.819791194985172, 1.33036965706215 ], [ 103.819792362388043, 1.33036998554737 ], [ 103.819764325788981, 1.330366131826271 ], [ 103.819764327606492, 1.33036601399391 ] ], [ [ 103.819435901701283, 1.330465651672317 ], [ 103.819437340256457, 1.330473119327889 ], [ 103.819411300001633, 1.330473299999715 ], [ 103.819435901701283, 1.330465651672317 ] ], [ [ 103.819445766946586, 1.330516862944696 ], [ 103.819447276967281, 1.330524701580953 ], [ 103.819411600000478, 1.330517100000108 ], [ 103.819445766946586, 1.330516862944696 ] ], [ [ 103.81611, 1.331027400000226 ], [ 103.81606593078962, 1.331208430747882 ], [ 103.816061526381958, 1.331199258163377 ], [ 103.81611, 1.331027400000226 ] ], [ [ 103.819399800000582, 1.330573200000504 ], [ 103.819459051585426, 1.330585824551265 ], [ 103.819459304791152, 1.330587138963375 ], [ 103.819399800000582, 1.330573200000504 ] ], [ [ 103.819197828998995, 1.327191158416914 ], [ 103.819197970611953, 1.327192927889321 ], [ 103.819197856938544, 1.327192917792342 ], [ 103.819197716180113, 1.32719114974793 ], [ 103.819197828998995, 1.327191158416914 ] ], [ [ 103.819109821237021, 1.327184396424711 ], [ 103.819109877496885, 1.327185103096422 ], [ 103.819109798307295, 1.327185096062721 ], [ 103.81910974234215, 1.327184390363203 ], [ 103.819109821237021, 1.327184396424711 ] ], [ [ 103.819124612386162, 1.32379808654444 ], [ 103.819124619341878, 1.323798084410179 ], [ 103.819124900000176, 1.323799100000585 ], [ 103.819124612386162, 1.32379808654444 ] ], [ [ 103.808448556843402, 1.324677280638127 ], [ 103.808446329037778, 1.324678789644611 ], [ 103.808445833802153, 1.324678832143835 ], [ 103.808444182089531, 1.32467641442069 ], [ 103.808448556843402, 1.324677280638127 ] ], [ [ 103.812674771018862, 1.322235569161056 ], [ 103.812553699999398, 1.32226870000012 ], [ 103.81266248280842, 1.322186815102619 ], [ 103.812674771018862, 1.322235569161056 ] ], [ [ 103.812650524072552, 1.322139368253422 ], [ 103.812526799996647, 1.322232500002674 ], [ 103.812648025692468, 1.32212945580881 ], [ 103.812650524072552, 1.322139368253422 ] ], [ [ 103.813575133244171, 1.322185474433329 ], [ 103.81357513330795, 1.322185474417955 ], [ 103.813577899999629, 1.322202099999244 ], [ 103.813575133244171, 1.322185474433329 ] ], [ [ 103.823663015568144, 1.325669102959222 ], [ 103.823665632589837, 1.325670783900237 ], [ 103.823665497812115, 1.32567101304942 ], [ 103.823662867100893, 1.32566934582304 ], [ 103.823663015568144, 1.325669102959222 ] ], [ [ 103.816996443908423, 1.315894137379394 ], [ 103.817000738350259, 1.315902333076686 ], [ 103.816939979198665, 1.315865820666621 ], [ 103.8169391771047, 1.315862113602786 ], [ 103.816996443908423, 1.315894137379394 ] ], [ [ 103.828827491114893, 1.320311193725632 ], [ 103.828863556743897, 1.320317307130698 ], [ 103.828779560185879, 1.320372994624408 ], [ 103.828772813929717, 1.320369218042151 ], [ 103.828827491114893, 1.320311193725632 ] ], [ [ 103.828748218377584, 1.320297756376937 ], [ 103.828712627848617, 1.320335525623519 ], [ 103.828710910451946, 1.320334564217376 ], [ 103.828737587383785, 1.320295954340074 ], [ 103.828748218377584, 1.320297756376937 ] ], [ [ 103.834612800000329, 1.320639 ], [ 103.83469506092392, 1.320871586193604 ], [ 103.834685653409537, 1.320853286929908 ], [ 103.834612800000329, 1.320639 ] ], [ [ 103.834706332979934, 1.320893512315701 ], [ 103.835082706459374, 1.320758669094356 ], [ 103.835178532838114, 1.320735502277079 ], [ 103.835209538961522, 1.320732327186786 ], [ 103.835252844508972, 1.320737660139409 ], [ 103.83568308953889, 1.320838759675878 ], [ 103.83565471464027, 1.320904637876197 ], [ 103.835605220990502, 1.320974906635929 ], [ 103.83518999779875, 1.32113725952698 ], [ 103.835261745480409, 1.321323138274324 ], [ 103.835209147677006, 1.321350588018398 ], [ 103.835156946185137, 1.32136294625016 ], [ 103.835139988506285, 1.321361049771979 ], [ 103.835053390232588, 1.321320335261431 ], [ 103.834934159113757, 1.321213555728832 ], [ 103.834800198414285, 1.321048409338497 ], [ 103.834738182929968, 1.320955466041468 ], [ 103.834706332979934, 1.320893512315701 ] ], [ [ 103.83522055495591, 1.320391396684004 ], [ 103.835204978519144, 1.320386874618455 ], [ 103.835204764832838, 1.320384760797369 ], [ 103.835220649452481, 1.320390619381607 ], [ 103.83522055495591, 1.320391396684004 ] ], [ [ 103.835104666285361, 1.320347842332907 ], [ 103.835121750905216, 1.320354143503036 ], [ 103.835122643329385, 1.320362971517656 ], [ 103.835107207531692, 1.320358490281642 ], [ 103.835104666285361, 1.320347842332907 ] ], [ [ 103.834966838284885, 1.320388038895524 ], [ 103.834980452139817, 1.320391991196065 ], [ 103.835005800001269, 1.320498200003685 ], [ 103.834966838284885, 1.320388038895524 ] ], [ [ 103.835125234361115, 1.320434023582333 ], [ 103.83512996480772, 1.320435396900034 ], [ 103.835133199999987, 1.320467400000589 ], [ 103.835125234361115, 1.320434023582333 ] ], [ [ 103.827721480484044, 1.31611311245499 ], [ 103.827686640681208, 1.316067675376851 ], [ 103.827850400000486, 1.315906900000543 ], [ 103.827721480484044, 1.31611311245499 ] ], [ [ 103.82753447843055, 1.315874960828926 ], [ 103.827323799860977, 1.316038600108949 ], [ 103.827535240901028, 1.315874212251886 ], [ 103.82753447843055, 1.315874960828926 ] ], [ [ 103.827536985435685, 1.315872499505014 ], [ 103.827519446656808, 1.315849647678683 ], [ 103.827510611871404, 1.315833387167373 ], [ 103.82768050000081, 1.315731599999528 ], [ 103.827536985435685, 1.315872499505014 ] ], [ [ 103.827400907758829, 1.315789355687919 ], [ 103.827230402276243, 1.315883198747279 ], [ 103.827400884377752, 1.315789316158083 ], [ 103.827400907758829, 1.315789355687919 ] ], [ [ 103.827392222639432, 1.315615567317905 ], [ 103.827380244130296, 1.315593533053166 ], [ 103.827554400003109, 1.315518399998362 ], [ 103.827392222639432, 1.315615567317905 ] ], [ [ 103.827291715524694, 1.315590339558983 ], [ 103.827121999999818, 1.315683800000728 ], [ 103.827291701954863, 1.315590307696374 ], [ 103.827291715524694, 1.315590339558983 ] ], [ [ 103.827097199221924, 1.315638200428637 ], [ 103.826860711619815, 1.31576848628955 ], [ 103.826885500700101, 1.315814066221113 ], [ 103.826931969029957, 1.315899543960272 ], [ 103.82690264734201, 1.315900360069888 ], [ 103.826910100000092, 1.316171600000336 ], [ 103.826902647212634, 1.315900360073505 ], [ 103.826433805425808, 1.315913409516042 ], [ 103.826446923076375, 1.315832615168294 ], [ 103.826487444271876, 1.315804092576182 ], [ 103.826484009164105, 1.315892034175767 ], [ 103.826567409173407, 1.315895334175588 ], [ 103.826573334730838, 1.315743634866232 ], [ 103.826634864843228, 1.315700324235349 ], [ 103.826740012337311, 1.315841083819238 ], [ 103.826833312340739, 1.315770483812941 ], [ 103.826730576869053, 1.315632953178486 ], [ 103.826771411158646, 1.315604210193336 ], [ 103.826860685587135, 1.31576843841332 ], [ 103.827097199221924, 1.315638200428637 ] ], [ [ 103.826725745015906, 1.315520203269374 ], [ 103.826673712024203, 1.315556828946684 ], [ 103.826661628900439, 1.315540653423948 ], [ 103.826721282350391, 1.315511993798427 ], [ 103.826725745015906, 1.315520203269374 ] ], [ [ 103.826714273999116, 1.315454192432318 ], [ 103.82670635183878, 1.315437488801757 ], [ 103.826931999995153, 1.315334300001995 ], [ 103.826714273999116, 1.315454192432318 ] ], [ [ 103.826475222302548, 1.315630209728106 ], [ 103.826494600000359, 1.315620899999262 ], [ 103.826492109545015, 1.315684657710688 ], [ 103.826466370445686, 1.315702775287283 ], [ 103.826475222302548, 1.315630209728106 ] ], [ [ 103.827059888723767, 1.316126955137366 ], [ 103.827293099998954, 1.315998600000726 ], [ 103.827079743207946, 1.316164477242867 ], [ 103.827092156794706, 1.316180651299274 ], [ 103.82706132197508, 1.316179118288933 ], [ 103.827059888723767, 1.316126955137366 ] ], [ [ 103.825827900424926, 1.316145692031818 ], [ 103.825826677073351, 1.316150765144976 ], [ 103.825826557887822, 1.316150749236841 ], [ 103.825827827214653, 1.316145679226697 ], [ 103.825827900424926, 1.316145692031818 ] ], [ [ 103.825387565569429, 1.315942717210542 ], [ 103.825387124431984, 1.315943659676499 ], [ 103.825381855192404, 1.315942822611308 ], [ 103.825382064607822, 1.315942223133052 ], [ 103.825387565569429, 1.315942717210542 ] ], [ [ 103.82505529999996, 1.315812299999966 ], [ 103.824892718833866, 1.316028752209933 ], [ 103.825007718837767, 1.31611625221734 ], [ 103.825130212692244, 1.315953170188541 ], [ 103.825141086391611, 1.315954897571888 ], [ 103.825043371769951, 1.316139189695634 ], [ 103.825161971777746, 1.316202889700991 ], [ 103.825212334360359, 1.316107904656152 ], [ 103.825236329184719, 1.316113989936877 ], [ 103.825199477288763, 1.316219482668832 ], [ 103.825262773626747, 1.316241881112013 ], [ 103.825387604065, 1.316301068741437 ], [ 103.825449826262826, 1.316168134501582 ], [ 103.825469800000533, 1.316173200000221 ], [ 103.825408912736862, 1.316437533074759 ], [ 103.825573912752532, 1.316476033078543 ], [ 103.825600773981634, 1.316359418988502 ], [ 103.825653921088559, 1.316372595347378 ], [ 103.82565530852095, 1.31637294721465 ], [ 103.825628028541743, 1.316579978449721 ], [ 103.825615221666766, 1.316682130836621 ], [ 103.825601707021704, 1.316790176713413 ], [ 103.825577209325175, 1.316921511006789 ], [ 103.825428810558563, 1.316895177832277 ], [ 103.82536151015529, 1.317279368049616 ], [ 103.82528736107237, 1.317268207979634 ], [ 103.824724068063205, 1.317101399903838 ], [ 103.824225183154013, 1.316860115261844 ], [ 103.823720070632859, 1.316524376568335 ], [ 103.823571500257856, 1.316750799606432 ], [ 103.823719951821388, 1.316524297642161 ], [ 103.823465258352712, 1.316355201984972 ], [ 103.823465251833724, 1.316355197656657 ], [ 103.82234676926933, 1.315612509262534 ], [ 103.822346766760589, 1.315612507596683 ], [ 103.822013719219186, 1.315391330611749 ], [ 103.821957137222014, 1.315339362324668 ], [ 103.821932657901726, 1.315308242870082 ], [ 103.821916600900636, 1.315243581982692 ], [ 103.821924179089038, 1.31514599098096 ], [ 103.821997148756566, 1.314887977821502 ], [ 103.822512846670904, 1.314978727769683 ], [ 103.822664506248174, 1.315008531065491 ], [ 103.822766064883666, 1.315038416149623 ], [ 103.82292532026338, 1.31509468274868 ], [ 103.823235135033102, 1.315230120599329 ], [ 103.823134501842233, 1.315628785318198 ], [ 103.823395800000085, 1.315695600000444 ], [ 103.823133610066336, 1.315632423209159 ], [ 103.823093410049339, 1.315801423204902 ], [ 103.823617789964231, 1.315927776767495 ], [ 103.823657556539558, 1.315760598803074 ], [ 103.823740503676746, 1.315431998235321 ], [ 103.824128917476713, 1.315530516898948 ], [ 103.824194800012833, 1.315267399947839 ], [ 103.824131578289069, 1.315531177339218 ], [ 103.824261537844166, 1.315562730229931 ], [ 103.824442282635786, 1.31563591971362 ], [ 103.824495377982061, 1.315670455714879 ], [ 103.824634939795274, 1.315787244592391 ], [ 103.824736230467806, 1.31588158210749 ], [ 103.824869684205083, 1.316009091367206 ], [ 103.82505529999996, 1.315812299999966 ] ], [ [ 103.825247077780418, 1.316042377725664 ], [ 103.825254602314899, 1.316028186268856 ], [ 103.825265117371671, 1.316031580481413 ], [ 103.825260184400605, 1.31604570166942 ], [ 103.825247077780418, 1.316042377725664 ] ], [ [ 103.82527841887611, 1.315983267655232 ], [ 103.825281623754435, 1.31597722317701 ], [ 103.825283975556019, 1.315977596781314 ], [ 103.825281632200586, 1.315984304902321 ], [ 103.82527841887611, 1.315983267655232 ] ], [ [ 103.825480929408826, 1.316101684367205 ], [ 103.825481108635856, 1.316101301457055 ], [ 103.825485997794615, 1.316102879654016 ], [ 103.825485978187061, 1.316102964777279 ], [ 103.825480929408826, 1.316101684367205 ] ], [ [ 103.826290855907587, 1.316797759342155 ], [ 103.826410319210225, 1.316811245671639 ], [ 103.826437100414537, 1.316570935186581 ], [ 103.826504498246564, 1.316571651287329 ], [ 103.826745063112128, 1.316570355785149 ], [ 103.826839529526467, 1.316571948603556 ], [ 103.826916201753292, 1.316561552369886 ], [ 103.827005766934064, 1.316530132326077 ], [ 103.827125182773059, 1.316440709296582 ], [ 103.827177099243087, 1.316297290010993 ], [ 103.827177099242235, 1.316291408231121 ], [ 103.827357267357868, 1.316526378408695 ], [ 103.827570699998091, 1.316360600002195 ], [ 103.827381846917717, 1.316554246214907 ], [ 103.827647929830931, 1.316817111871701 ], [ 103.827546549190089, 1.316929555668816 ], [ 103.827746199999922, 1.317111899999644 ], [ 103.82754647475123, 1.316929638265172 ], [ 103.827473842846345, 1.317010262670058 ], [ 103.827421310988001, 1.31706848713918 ], [ 103.82762090004303, 1.317250900039653 ], [ 103.827420275355735, 1.31706964162966 ], [ 103.827320986244729, 1.317180965779862 ], [ 103.827331511003948, 1.317080572354397 ], [ 103.826795289001922, 1.317023627616458 ], [ 103.826776710742109, 1.317200841292351 ], [ 103.826665990161445, 1.317192734858745 ], [ 103.826677378503774, 1.317085280679165 ], [ 103.826252873995955, 1.317039706223803 ], [ 103.826267870479725, 1.316923954042939 ], [ 103.826280088610545, 1.316863982576891 ], [ 103.826290855907587, 1.316797759342155 ] ], [ [ 103.821888444171748, 1.314785928771501 ], [ 103.821882791121823, 1.314784309253466 ], [ 103.821884340334933, 1.31477678007378 ], [ 103.821889820086824, 1.314778008456002 ], [ 103.821888444171748, 1.314785928771501 ] ], [ [ 103.821920549585158, 1.314601117130055 ], [ 103.821920487814381, 1.314601103225164 ], [ 103.821920900000137, 1.314599100000512 ], [ 103.821920549585158, 1.314601117130055 ] ], [ [ 103.821599300007776, 1.314518999971847 ], [ 103.821596791191041, 1.314528236677776 ], [ 103.821596612512721, 1.314528196455311 ], [ 103.821599300007776, 1.314518999971847 ] ], [ [ 103.821587543359371, 1.314559230673005 ], [ 103.821588325001954, 1.314559406626279 ], [ 103.821588276903526, 1.314559583710604 ], [ 103.821587491632599, 1.314559407678633 ], [ 103.821587543359371, 1.314559230673005 ] ], [ [ 103.826349050563849, 1.317713651267117 ], [ 103.826896361330427, 1.317753722769865 ], [ 103.826965382781964, 1.317758816972296 ], [ 103.826985100000527, 1.317488200000026 ], [ 103.826965642398562, 1.317758836007127 ], [ 103.827001342402383, 1.317761436006949 ], [ 103.827020800000511, 1.317490800000459 ], [ 103.827001449831357, 1.317761443809178 ], [ 103.827187849851697, 1.317774943810858 ], [ 103.827206872957461, 1.31750887422838 ], [ 103.827207496760337, 1.317508934821452 ], [ 103.827224537744598, 1.317775081944796 ], [ 103.827302619638488, 1.317770017582873 ], [ 103.826815624664277, 1.317955931707413 ], [ 103.82686611265845, 1.318089899887968 ], [ 103.826926660483522, 1.318250694205525 ], [ 103.826867669624136, 1.318271840508987 ], [ 103.826771872745425, 1.318002998846636 ], [ 103.826264327236444, 1.318186201127784 ], [ 103.826359767573564, 1.318454042354727 ], [ 103.826019951095404, 1.318576036447638 ], [ 103.826012188422268, 1.318552466777926 ], [ 103.826027976959779, 1.318457835418664 ], [ 103.825978253843886, 1.318449431800959 ], [ 103.825978220126046, 1.318449329424066 ], [ 103.826027996235851, 1.31845771973149 ], [ 103.82607861894779, 1.318153498376098 ], [ 103.826126284222582, 1.317954660303268 ], [ 103.826169608445852, 1.317700932635134 ], [ 103.826349050563849, 1.317713651267117 ] ], [ [ 103.826039074635418, 1.317669938665719 ], [ 103.826038833644077, 1.317669896981937 ], [ 103.826039028440022, 1.317667151458896 ], [ 103.826039267115803, 1.317667187781597 ], [ 103.826039074635418, 1.317669938665719 ] ], [ [ 103.826001090671355, 1.318618983085097 ], [ 103.826016504846365, 1.318613840528017 ], [ 103.826038933602632, 1.318775909097205 ], [ 103.826015524166323, 1.318755338522249 ], [ 103.825992127589274, 1.31868426901944 ], [ 103.825997365245939, 1.318641312074462 ], [ 103.826001090671355, 1.318618983085097 ] ], [ [ 103.826063607896572, 1.318717751497124 ], [ 103.826104700000386, 1.318833699999835 ], [ 103.826076186621705, 1.318808644441003 ], [ 103.826063607896572, 1.318717751497124 ] ], [ [ 103.826035849853696, 1.318817079882258 ], [ 103.826045846980549, 1.31882586465681 ], [ 103.82604956424052, 1.31885272530469 ], [ 103.826047463424075, 1.318852357289914 ], [ 103.826035849853696, 1.318817079882258 ] ], [ [ 103.826407112250592, 1.31901322243562 ], [ 103.82653300190789, 1.318968028050157 ], [ 103.826679577807269, 1.319428059034113 ], [ 103.826936300016555, 1.31934519999505 ], [ 103.826680258892367, 1.319430166980635 ], [ 103.826759581843106, 1.319672302898872 ], [ 103.826644660976257, 1.319709923906953 ], [ 103.826630597219705, 1.319669421523423 ], [ 103.826611983732349, 1.319614664404238 ], [ 103.826356899367767, 1.319702500217565 ], [ 103.826611928189678, 1.319614501178023 ], [ 103.826407112250592, 1.31901322243562 ] ], [ [ 103.827041163167792, 1.318785729130594 ], [ 103.827366755482672, 1.318669014858853 ], [ 103.827276299999752, 1.318413400000366 ], [ 103.827370732699521, 1.318667553635813 ], [ 103.827588821695201, 1.31858546916312 ], [ 103.827544416503159, 1.31888957860254 ], [ 103.827189848566562, 1.319005284808044 ], [ 103.827345869818657, 1.319489599390021 ], [ 103.827273965065785, 1.319509392704925 ], [ 103.827192685896179, 1.319261285521235 ], [ 103.827041163167792, 1.318785729130594 ] ], [ [ 103.827511201029481, 1.318323457084129 ], [ 103.827511202672056, 1.3183234564556 ], [ 103.827511700045051, 1.318324800120189 ], [ 103.827511201029481, 1.318323457084129 ] ], [ [ 103.82743323213063, 1.318064659880322 ], [ 103.82737030149417, 1.317897537722227 ], [ 103.827118200000456, 1.317993700000434 ], [ 103.827370275328519, 1.317897468261531 ], [ 103.827321775300234, 1.317768775152693 ], [ 103.82732783775603, 1.317768381944223 ], [ 103.82731050000028, 1.3174976000007 ], [ 103.827369557413519, 1.317762353295171 ], [ 103.827405982228399, 1.317754122688358 ], [ 103.827522141153807, 1.31803132202749 ], [ 103.82743323213063, 1.318064659880322 ] ], [ [ 103.827800290307479, 1.317973823341142 ], [ 103.827876034184357, 1.317941671233652 ], [ 103.827876034581465, 1.317941701982052 ], [ 103.827800291272524, 1.317973825948428 ], [ 103.827800290307479, 1.317973823341142 ] ], [ [ 103.827891253396487, 1.317935210912829 ], [ 103.827891420245052, 1.317935140087877 ], [ 103.827891420690662, 1.317935176483129 ], [ 103.827891253865445, 1.317935247236636 ], [ 103.827891253396487, 1.317935210912829 ] ], [ [ 103.827939143336167, 1.317914882369497 ], [ 103.828040509825669, 1.317871853850673 ], [ 103.827896609797435, 1.31752845386549 ], [ 103.827593919491164, 1.317656941236058 ], [ 103.827449300001092, 1.317443300000574 ], [ 103.827649924676237, 1.31762455836802 ], [ 103.827821008520601, 1.317432737071753 ], [ 103.82787308904031, 1.317375012840831 ], [ 103.827673499672173, 1.317192599700286 ], [ 103.827873225278978, 1.317374861723603 ], [ 103.827945887767541, 1.317294203355639 ], [ 103.828025599365546, 1.317205793219792 ], [ 103.828110335826352, 1.317296079462482 ], [ 103.82813617542449, 1.317324261464466 ], [ 103.828126350936429, 1.31744846624323 ], [ 103.828395099839881, 1.317469999987089 ], [ 103.828126346200946, 1.317448526201693 ], [ 103.828089708417522, 1.317913015864617 ], [ 103.828057908657996, 1.317913410076526 ], [ 103.828040542370132, 1.317871931548328 ], [ 103.827939274888578, 1.317914880739215 ], [ 103.827939143336167, 1.317914882369497 ] ], [ [ 103.827894029916934, 1.318148387525161 ], [ 103.827894037909033, 1.318149040616645 ], [ 103.827894012866366, 1.318149050598967 ], [ 103.827894004449263, 1.318148398325932 ], [ 103.827894029916934, 1.318148387525161 ] ], [ [ 103.827894499999744, 1.318186800000328 ], [ 103.827894424269985, 1.318180931456652 ], [ 103.827894428162523, 1.318180929904771 ], [ 103.827894499999744, 1.318186800000328 ] ], [ [ 103.827878785163989, 1.318154853072252 ], [ 103.827878788597673, 1.318155119142675 ], [ 103.827868863407829, 1.318159075420471 ], [ 103.827868858809978, 1.318159062999916 ], [ 103.827878785163989, 1.318154853072252 ] ], [ [ 103.828339033428222, 1.318237109853978 ], [ 103.828339033427312, 1.318237109623365 ], [ 103.828351200000142, 1.318234200000177 ], [ 103.828339033428222, 1.318237109853978 ] ], [ [ 103.828449309532118, 1.318155695665002 ], [ 103.828341699501237, 1.318146999959582 ], [ 103.828449615200597, 1.318155622564904 ], [ 103.828449309532118, 1.318155695665002 ] ], [ [ 103.828257416972534, 1.318175515551041 ], [ 103.828257483556982, 1.318175520932147 ], [ 103.828257499999339, 1.318182299953867 ], [ 103.828257416972534, 1.318175515551041 ] ], [ [ 103.828403607276883, 1.318406019578561 ], [ 103.828403606950701, 1.318406022185844 ], [ 103.82839240000007, 1.318408699999926 ], [ 103.828403607276883, 1.318406019578561 ] ], [ [ 103.828399500000543, 1.318438799999552 ], [ 103.828399500000543, 1.318438800000456 ], [ 103.828399499996948, 1.318438800000456 ], [ 103.828399500000543, 1.318438799999552 ] ], [ [ 103.828737707870744, 1.318755047931551 ], [ 103.828767497445568, 1.318758814172666 ], [ 103.828807405981536, 1.318843530916088 ], [ 103.828767013684555, 1.318857728125367 ], [ 103.828799262500041, 1.318950669768245 ], [ 103.82877414363108, 1.318937398496213 ], [ 103.828737707870744, 1.318755047931551 ] ], [ [ 103.828395139643078, 1.318473600266049 ], [ 103.828142678640148, 1.318524747868163 ], [ 103.828142703259914, 1.318524579256658 ], [ 103.828395140511091, 1.318473593342235 ], [ 103.828395139643078, 1.318473600266049 ] ], [ [ 103.828128048333383, 1.318462723805545 ], [ 103.828081545495408, 1.318455845463232 ], [ 103.828126293362573, 1.318455290737326 ], [ 103.828128048333383, 1.318462723805545 ] ], [ [ 103.827615893185978, 1.319070520757342 ], [ 103.827615913051147, 1.319070523695669 ], [ 103.827616166737485, 1.319071311806647 ], [ 103.827616147114014, 1.31907130899041 ], [ 103.827615893185978, 1.319070520757342 ] ], [ [ 103.828022874704558, 1.319351681069776 ], [ 103.82805361841082, 1.319134678692674 ], [ 103.82814224977156, 1.318527684984142 ], [ 103.82817839708585, 1.318708421650564 ], [ 103.828263192163661, 1.319132797242447 ], [ 103.828527499990386, 1.319079300001838 ], [ 103.82826579995303, 1.319144503359333 ], [ 103.828293199941854, 1.319255903362563 ], [ 103.828496566515483, 1.319205233966773 ], [ 103.828496001864238, 1.319205431006832 ], [ 103.828293258066907, 1.319256139225507 ], [ 103.82829785877405, 1.319274772739911 ], [ 103.828269792511563, 1.319284595284698 ], [ 103.828061790309718, 1.319357319020218 ], [ 103.828022874704558, 1.319351681069776 ] ], [ [ 103.828785654536972, 1.31899500728799 ], [ 103.828781409980522, 1.318973764494935 ], [ 103.828813082105711, 1.318990498105526 ], [ 103.828817838499219, 1.319004206112925 ], [ 103.828785654536972, 1.31899500728799 ] ], [ [ 103.828901873682256, 1.318810327114235 ], [ 103.828851699510921, 1.318703818771016 ], [ 103.828798627239408, 1.31872914469408 ], [ 103.828830459721217, 1.318474093197632 ], [ 103.828863174454412, 1.318562688559179 ], [ 103.828906102326016, 1.318679054439748 ], [ 103.828856296700081, 1.318701678011621 ], [ 103.828904588828649, 1.318809372786478 ], [ 103.828901873682256, 1.318810327114235 ] ], [ [ 103.828827869933193, 1.319033116876117 ], [ 103.828830610894599, 1.319041016374396 ], [ 103.828795664893917, 1.319040380745646 ], [ 103.828791307942765, 1.319022666722729 ], [ 103.828827869933193, 1.319033116876117 ] ], [ [ 103.828849021401751, 1.319246568041819 ], [ 103.828851156570479, 1.319246497743999 ], [ 103.828851734714434, 1.319248275517965 ], [ 103.828849775967555, 1.319248755762798 ], [ 103.828849021401751, 1.319246568041819 ] ], [ [ 103.826101843910465, 1.319790416943322 ], [ 103.826120716245114, 1.31984593557095 ], [ 103.826375800040353, 1.319758099985702 ], [ 103.826121294817952, 1.319847619545743 ], [ 103.826132186835807, 1.319878987619189 ], [ 103.825835733025102, 1.319974974926343 ], [ 103.825836446785345, 1.319969621721929 ], [ 103.82585998345823, 1.319763276720863 ], [ 103.825865054472118, 1.319726396585609 ], [ 103.825889054633365, 1.319551700010777 ], [ 103.825918754210534, 1.319252919674969 ], [ 103.826101843910465, 1.319790416943322 ] ], [ [ 103.822459331233929, 1.319415455576718 ], [ 103.822459331266273, 1.319415455677103 ], [ 103.822459200179026, 1.31941549993975 ], [ 103.822459331233929, 1.319415455576718 ] ], [ [ 103.822468500000198, 1.319443399999841 ], [ 103.822466450425409, 1.319444094723753 ], [ 103.822466449803628, 1.319444092269305 ], [ 103.822468500000198, 1.319443399999841 ] ], [ [ 103.822920246753242, 1.320602418211172 ], [ 103.822920318659982, 1.320602615041916 ], [ 103.822920273663087, 1.320602632198428 ], [ 103.822920202104115, 1.320602435526853 ], [ 103.822920246753242, 1.320602418211172 ] ], [ [ 103.822992700215337, 1.320800746502717 ], [ 103.822992725321498, 1.320800815224586 ], [ 103.822992423929477, 1.320800929411116 ], [ 103.822992399144979, 1.320800861294269 ], [ 103.822992700215337, 1.320800746502717 ] ], [ [ 103.828351915845275, 1.317069554313002 ], [ 103.828351906343087, 1.317069563137773 ], [ 103.828351698629263, 1.317068784619546 ], [ 103.828351708356095, 1.317068775372436 ], [ 103.828351915845275, 1.317069554313002 ] ], [ [ 103.826931087745848, 1.31727435074578 ], [ 103.826931208589272, 1.317274363579026 ], [ 103.826931063995644, 1.317276348111967 ], [ 103.826930944141523, 1.317276337606557 ], [ 103.826931087745848, 1.31727435074578 ] ], [ [ 103.826917258597277, 1.317465686445336 ], [ 103.826917268682607, 1.317465687455536 ], [ 103.826917245529728, 1.317466005222996 ], [ 103.826917235626809, 1.317466004260726 ], [ 103.826917258597277, 1.317465686445336 ] ], [ [ 103.826916177980195, 1.317480637515932 ], [ 103.826916179407092, 1.317480637654304 ], [ 103.826915999943935, 1.317483100770603 ], [ 103.826916177980195, 1.317480637515932 ] ], [ [ 103.82741780000174, 1.31746490000285 ], [ 103.827558092556444, 1.317672149214012 ], [ 103.827540140727493, 1.317679769487146 ], [ 103.82741780000174, 1.31746490000285 ] ], [ [ 103.827514357895694, 1.317690713899597 ], [ 103.827447318574755, 1.317719171047749 ], [ 103.827393699999234, 1.317478799998501 ], [ 103.827514357895694, 1.317690713899597 ] ], [ [ 103.826691831292763, 1.318581988734739 ], [ 103.826691831281067, 1.318581988703086 ], [ 103.826691848216981, 1.318581982587817 ], [ 103.826691848234063, 1.318581982635749 ], [ 103.826691831292763, 1.318581988734739 ] ], [ [ 103.824607133078572, 1.318658472294622 ], [ 103.824606800535292, 1.318658499955251 ], [ 103.824607133056119, 1.318658471992564 ], [ 103.824607133078572, 1.318658472294622 ] ], [ [ 103.823987855674218, 1.319017557386853 ], [ 103.824026223437187, 1.319479587117645 ], [ 103.823977439085013, 1.319483560867324 ], [ 103.823960515562661, 1.319273744435876 ], [ 103.823691800008902, 1.319295699999008 ], [ 103.823960415216021, 1.319272533942506 ], [ 103.823939012439553, 1.319021143237352 ], [ 103.823987855674218, 1.319017557386853 ] ], [ [ 103.82388560000102, 1.318753000021019 ], [ 103.823885586336544, 1.31875281545642 ], [ 103.823885586623163, 1.318752815432907 ], [ 103.82388560000102, 1.318753000021019 ] ], [ [ 103.823650632125577, 1.318815322780307 ], [ 103.82365089996776, 1.318815300003123 ], [ 103.823650632150745, 1.318815323099548 ], [ 103.823650632125577, 1.318815322780307 ] ], [ [ 103.823107037594127, 1.318641015446636 ], [ 103.82310782659998, 1.318640957147317 ], [ 103.823107826609871, 1.318640957269406 ], [ 103.823107037613894, 1.318641015694432 ], [ 103.823107037594127, 1.318641015446636 ] ], [ [ 103.823121400000659, 1.318815999999782 ], [ 103.823121400008731, 1.318816000107402 ], [ 103.823121399999749, 1.318816000000687 ], [ 103.823121400000659, 1.318815999999782 ] ], [ [ 103.821759029351071, 1.314748689415407 ], [ 103.821758997512035, 1.314748844150246 ], [ 103.821756400007089, 1.314748100001548 ], [ 103.821759029351071, 1.314748689415407 ] ], [ [ 103.82284859999902, 1.314780000001876 ], [ 103.822854541426153, 1.314759547069099 ], [ 103.822855686334961, 1.314759682627348 ], [ 103.82284859999902, 1.314780000001876 ] ], [ [ 103.823586424029472, 1.31512988719855 ], [ 103.823586438445943, 1.315129853897187 ], [ 103.823588802884586, 1.315130456544351 ], [ 103.823588790059446, 1.315130492198878 ], [ 103.823586424029472, 1.31512988719855 ] ], [ [ 103.823798019562503, 1.3151839927495 ], [ 103.823798089128104, 1.315183799343241 ], [ 103.823799691758595, 1.315184207821084 ], [ 103.82379964174811, 1.315184407547118 ], [ 103.823798019562503, 1.3151839927495 ] ], [ [ 103.834719889138057, 1.312128046467181 ], [ 103.834710089966535, 1.312125366785715 ], [ 103.834708119969022, 1.312122036069439 ], [ 103.834719889138057, 1.312128046467181 ] ], [ [ 103.834676838904144, 1.312106061140419 ], [ 103.834665135075724, 1.312113073421601 ], [ 103.834652258639352, 1.31210955223109 ], [ 103.834643035386691, 1.312104805761865 ], [ 103.834642043236514, 1.312106758727137 ], [ 103.834625187733053, 1.312102149420517 ], [ 103.834613961921562, 1.312143733515877 ], [ 103.834461299999973, 1.312235199999754 ], [ 103.834626169481254, 1.312080184768701 ], [ 103.834676838904144, 1.312106061140419 ] ], [ [ 103.834579446215741, 1.312056323659502 ], [ 103.834427699999708, 1.312199 ], [ 103.83453917279607, 1.312035756420753 ], [ 103.834579446215741, 1.312056323659502 ] ], [ [ 103.834495615562375, 1.312013512170557 ], [ 103.834387800000584, 1.312171399998093 ], [ 103.834451422631716, 1.31199094327465 ], [ 103.834495615562375, 1.312013512170557 ] ], [ [ 103.834414020950376, 1.311971842601941 ], [ 103.834348600000197, 1.312157400000062 ], [ 103.834372350842543, 1.311950562085011 ], [ 103.834414020950376, 1.311971842601941 ] ], [ [ 103.834594884269237, 1.312199587174513 ], [ 103.834578826434395, 1.312231195665393 ], [ 103.83448070000108, 1.312267999999484 ], [ 103.834594884269237, 1.312199587174513 ] ], [ [ 103.834349621780461, 1.31235622696504 ], [ 103.834493399998678, 1.312302300000494 ], [ 103.834356339176423, 1.312379778036557 ], [ 103.834349621780461, 1.31235622696504 ] ], [ [ 103.834867599999569, 1.313071800000473 ], [ 103.834882630381983, 1.312992885168302 ], [ 103.834893502999762, 1.31300181167617 ], [ 103.834867599999569, 1.313071800000473 ] ], [ [ 103.835015338630598, 1.313101839720684 ], [ 103.835015829801492, 1.313102242976575 ], [ 103.835007099994471, 1.313124100015098 ], [ 103.835015338630598, 1.313101839720684 ] ], [ [ 103.833621299999493, 1.313429600001175 ], [ 103.833639203102152, 1.313403866578971 ], [ 103.833637250026541, 1.313415544738329 ], [ 103.833621299999493, 1.313429600001175 ] ], [ [ 103.833924982265202, 1.313641107307644 ], [ 103.833932448889726, 1.313639209131158 ], [ 103.833912799999979, 1.313713999999161 ], [ 103.833924982265202, 1.313641107307644 ] ], [ [ 103.834003531212716, 1.313621138474591 ], [ 103.834003584700682, 1.313621124876549 ], [ 103.833974800000291, 1.313730500000366 ], [ 103.834003531212716, 1.313621138474591 ] ], [ [ 103.833728538482319, 1.313802548107146 ], [ 103.833728524324769, 1.313802552249138 ], [ 103.833747999999474, 1.313686100000304 ], [ 103.833728538482319, 1.313802548107146 ] ], [ [ 103.82305821684713, 1.308256188303224 ], [ 103.823101962290494, 1.308289543210581 ], [ 103.822962600000139, 1.308263799999537 ], [ 103.82305821684713, 1.308256188303224 ] ], [ [ 103.823015351491037, 1.308326262244765 ], [ 103.822992173070489, 1.308334078808214 ], [ 103.822953299998289, 1.308314799999908 ], [ 103.823015351491037, 1.308326262244765 ] ], [ [ 103.823182096951285, 1.308357063709909 ], [ 103.823194457572782, 1.3083593469818 ], [ 103.823241699998889, 1.308536099997912 ], [ 103.823182096951285, 1.308357063709909 ] ], [ [ 103.822925100000788, 1.308372400000492 ], [ 103.822931690231059, 1.308375668375895 ], [ 103.822932749101938, 1.308378849024727 ], [ 103.822925100000788, 1.308372400000492 ] ], [ [ 103.818747200001255, 1.311054299999721 ], [ 103.81876057336558, 1.311052998182708 ], [ 103.818759579287743, 1.311056675599561 ], [ 103.818747200001255, 1.311054299999721 ] ], [ [ 103.818425637564999, 1.311697512185734 ], [ 103.818425710739007, 1.311697399276242 ], [ 103.818425950904796, 1.311697437506985 ], [ 103.818425879888196, 1.311697550607312 ], [ 103.818425637564999, 1.311697512185734 ] ], [ [ 103.818443982094706, 1.311366758641687 ], [ 103.818432783040137, 1.311359406606994 ], [ 103.818664988807967, 1.311406596455199 ], [ 103.81866491714085, 1.311406861573807 ], [ 103.818443982094706, 1.311366758641687 ] ], [ [ 103.818977215078391, 1.311957968104216 ], [ 103.818977219127319, 1.311957955333706 ], [ 103.818978985242154, 1.311958560680407 ], [ 103.818978981824898, 1.311958573450016 ], [ 103.818977215078391, 1.311957968104216 ] ], [ [ 103.819454116989817, 1.312013437859807 ], [ 103.819455532118653, 1.312014248452491 ], [ 103.819447732249785, 1.312037300660347 ], [ 103.8194471994194, 1.312037075508547 ], [ 103.819454116989817, 1.312013437859807 ] ], [ [ 103.819656800000644, 1.312805 ], [ 103.81965224348059, 1.312811046550028 ], [ 103.819653205930805, 1.312808505179327 ], [ 103.819656800000644, 1.312805 ] ], [ [ 103.820064721189283, 1.314421849524256 ], [ 103.820052251980641, 1.314362984936988 ], [ 103.820123500000349, 1.31424899999937 ], [ 103.820064721189283, 1.314421849524256 ] ], [ [ 103.820010098847789, 1.314163988589206 ], [ 103.820010098847789, 1.314163988587398 ], [ 103.820026585507264, 1.31415366156739 ], [ 103.820026585506355, 1.314153661571008 ], [ 103.820010098847789, 1.314163988589206 ] ], [ [ 103.820074218699702, 1.314123824785947 ], [ 103.820074218700611, 1.314123824781426 ], [ 103.820129359083509, 1.314089285591375 ], [ 103.820129359084405, 1.314089285596802 ], [ 103.820074218699702, 1.314123824785947 ] ], [ [ 103.820074087766102, 1.314181342292734 ], [ 103.820073966683651, 1.314181536005192 ], [ 103.820061328119735, 1.314189441006461 ], [ 103.820061351920273, 1.314189319853374 ], [ 103.820074087766102, 1.314181342292734 ] ], [ [ 103.819630429807987, 1.31213510130572 ], [ 103.819624805489141, 1.312132712092424 ], [ 103.819624806288871, 1.312132709729323 ], [ 103.819630440996789, 1.312135090730141 ], [ 103.819630429807987, 1.31213510130572 ] ], [ [ 103.819681894898224, 1.312156833080756 ], [ 103.819681715237493, 1.312156887381442 ], [ 103.819661199981752, 1.312148172491314 ], [ 103.819661261581217, 1.312148114270463 ], [ 103.819681894898224, 1.312156833080756 ] ], [ [ 103.81974604250081, 1.312184213632957 ], [ 103.81974642102611, 1.312184099226562 ], [ 103.819767907619479, 1.312193178595636 ], [ 103.819770092352741, 1.312194430020387 ], [ 103.81974604250081, 1.312184213632957 ] ], [ [ 103.819028391606793, 1.313462403739649 ], [ 103.81908379986055, 1.313515399866247 ], [ 103.819028093159517, 1.313462289246266 ], [ 103.819028391606793, 1.313462403739649 ] ], [ [ 103.818290126509481, 1.314575781022683 ], [ 103.818290131159443, 1.314575784833704 ], [ 103.818290125229893, 1.314575789728994 ], [ 103.818290120582603, 1.314575785919782 ], [ 103.818290126509481, 1.314575781022683 ] ], [ [ 103.818353885552938, 1.314628037697835 ], [ 103.818363912790304, 1.314636255983238 ], [ 103.818363894427492, 1.314636262442099 ], [ 103.818353873450306, 1.314628047690087 ], [ 103.818353885552938, 1.314628037697835 ] ], [ [ 103.818471591359241, 1.314676595708836 ], [ 103.818483474692371, 1.314672416217984 ], [ 103.818491141657859, 1.314679471896319 ], [ 103.818471591359241, 1.314676595708836 ] ], [ [ 103.817255500000329, 1.31479319999992 ], [ 103.817024321909798, 1.314896821887746 ], [ 103.817030363263086, 1.314854861170817 ], [ 103.817014754458, 1.314852584692818 ], [ 103.817255500000329, 1.31479319999992 ] ], [ [ 103.817019879157428, 1.314927679382976 ], [ 103.81704746990431, 1.314990032918225 ], [ 103.817004355582938, 1.315093135682532 ], [ 103.816998817789056, 1.315073962824141 ], [ 103.817019879157428, 1.314927679382976 ] ], [ [ 103.816641895746059, 1.315186896294269 ], [ 103.816650784133017, 1.315213778236194 ], [ 103.816650836441255, 1.315218239361575 ], [ 103.816620438547361, 1.31521282283833 ], [ 103.816626114407086, 1.315202420300047 ], [ 103.816625529948055, 1.315201957949629 ], [ 103.816641895746059, 1.315186896294269 ] ], [ [ 103.816628390868928, 1.315167053718435 ], [ 103.816601028570702, 1.315182575546095 ], [ 103.816591519514716, 1.315175053178406 ], [ 103.816576723824312, 1.315188669842962 ], [ 103.816528604193323, 1.315148684212609 ], [ 103.816537687894751, 1.315143345546413 ], [ 103.816561939771304, 1.315138956403798 ], [ 103.816589517478761, 1.315142850354747 ], [ 103.816610342105079, 1.315151999248853 ], [ 103.816628356899557, 1.315167004089387 ], [ 103.816628390868928, 1.315167053718435 ] ], [ [ 103.816642028246008, 1.315242935394749 ], [ 103.816649066271211, 1.315242553166261 ], [ 103.816647651933692, 1.315247608470152 ], [ 103.816642028246008, 1.315242935394749 ] ], [ [ 103.816634497649602, 1.315276068494903 ], [ 103.81662777028059, 1.315285977469104 ], [ 103.816605118431426, 1.315302819997529 ], [ 103.816572437807892, 1.315313166124517 ], [ 103.816565954619804, 1.315312679276574 ], [ 103.816595063187236, 1.315259330005692 ], [ 103.816634497649602, 1.315276068494903 ] ], [ [ 103.817282986423322, 1.314971535327802 ], [ 103.817325899999943, 1.314952300000309 ], [ 103.817286947593772, 1.314974847509407 ], [ 103.817282986423322, 1.314971535327802 ] ], [ [ 103.817704800094603, 1.312304100205671 ], [ 103.817742470559949, 1.312385870867335 ], [ 103.817742736767158, 1.312386840852577 ], [ 103.817704800094603, 1.312304100205671 ] ], [ [ 103.817354291120935, 1.312294261116645 ], [ 103.817555999997722, 1.312440499997809 ], [ 103.817354070273822, 1.312330627946781 ], [ 103.817354291120935, 1.312294261116645 ] ], [ [ 103.817742557994663, 1.312476194834656 ], [ 103.817711029127409, 1.312447427726829 ], [ 103.817639000000142, 1.312346400000186 ], [ 103.81771799601762, 1.312435836163154 ], [ 103.817743210843901, 1.312474730052846 ], [ 103.817742557994663, 1.312476194834656 ] ], [ [ 103.819081901895544, 1.308358763174192 ], [ 103.819114736721886, 1.308283909046293 ], [ 103.819120969981654, 1.308274084741841 ], [ 103.819122302962271, 1.308279346192322 ], [ 103.819081901895544, 1.308358763174192 ] ], [ [ 103.819060590692587, 1.308035759778823 ], [ 103.819051842708745, 1.308049547567398 ], [ 103.819051797044793, 1.30804950304074 ], [ 103.819060566563522, 1.30803566453642 ], [ 103.819060590692587, 1.308035759778823 ] ], [ [ 103.818963668282933, 1.308119046439323 ], [ 103.818963945247091, 1.308119316505928 ], [ 103.818963501303855, 1.308120017059549 ], [ 103.8189631955198, 1.308119881185127 ], [ 103.818963668282933, 1.308119046439323 ] ], [ [ 103.820111877538466, 1.308079377378893 ], [ 103.820113581281419, 1.308093613156677 ], [ 103.820072549408806, 1.308092073720916 ], [ 103.820072746798232, 1.308081798768633 ], [ 103.820111877538466, 1.308079377378893 ] ], [ [ 103.820091818070253, 1.30838209808656 ], [ 103.820091822139787, 1.30838209823942 ], [ 103.820091800000142, 1.308382500000615 ], [ 103.820091818070253, 1.30838209808656 ] ], [ [ 103.819493556111041, 1.308366861687277 ], [ 103.819493204238682, 1.308366876642611 ], [ 103.81949370000028, 1.308363700000089 ], [ 103.819493556111041, 1.308366861687277 ] ], [ [ 103.819382935347733, 1.308371563159544 ], [ 103.819379096242272, 1.308371726324342 ], [ 103.819386799999961, 1.308346800000371 ], [ 103.819382935347733, 1.308371563159544 ] ], [ [ 103.81925840281383, 1.30837685588626 ], [ 103.819245330815917, 1.308377411455918 ], [ 103.819278200000454, 1.308312799998909 ], [ 103.81925840281383, 1.30837685588626 ] ], [ [ 103.819034800000026, 1.308647799981222 ], [ 103.819037708161432, 1.308493710935942 ], [ 103.819037778269532, 1.308493747063906 ], [ 103.819034800000026, 1.308647799981222 ] ], [ [ 103.820351454308607, 1.308286056531986 ], [ 103.820343810423367, 1.308287457496015 ], [ 103.820345189296319, 1.308283624461858 ], [ 103.820352951290218, 1.308282411413671 ], [ 103.820351454308607, 1.308286056531986 ] ], [ [ 103.820645674958314, 1.308466028962705 ], [ 103.820618468581529, 1.308455591574381 ], [ 103.820622913317621, 1.308432526577951 ], [ 103.820642157716932, 1.308436559893941 ], [ 103.820645674958314, 1.308466028962705 ] ], [ [ 103.820634749722842, 1.308374492290801 ], [ 103.820634122151546, 1.308374360762226 ], [ 103.820634499999912, 1.308372400001053 ], [ 103.820634749722842, 1.308374492290801 ] ], [ [ 103.820463404877785, 1.308496201709581 ], [ 103.820462474778722, 1.308501028252254 ], [ 103.820447500000029, 1.308490099999849 ], [ 103.820463404877785, 1.308496201709581 ] ], [ [ 103.820396140187711, 1.308620590161762 ], [ 103.820394588355171, 1.308618938689679 ], [ 103.820396975340103, 1.308613126434135 ], [ 103.820402553303339, 1.308617197104533 ], [ 103.820396140187711, 1.308620590161762 ] ], [ [ 103.820516983103559, 1.308700705359798 ], [ 103.820530246214432, 1.308710384474549 ], [ 103.820523725482261, 1.308713614451078 ], [ 103.820516983103559, 1.308700705359798 ] ], [ [ 103.820241368510111, 1.308035628444705 ], [ 103.820277058731151, 1.308038990389716 ], [ 103.820297949807966, 1.308090986782239 ], [ 103.820249541549728, 1.308103918982212 ], [ 103.820241368510111, 1.308035628444705 ] ], [ [ 103.820412060422129, 1.308060502285907 ], [ 103.82040838776598, 1.308051361307301 ], [ 103.82043639999867, 1.30805399999971 ], [ 103.820412060422129, 1.308060502285907 ] ], [ [ 103.820458500004591, 1.30813779999869 ], [ 103.820536485392154, 1.308116966303141 ], [ 103.820534767511262, 1.308125880874224 ], [ 103.820458500004591, 1.30813779999869 ] ], [ [ 103.820154585248886, 1.308384452988753 ], [ 103.820154852894831, 1.308384463030425 ], [ 103.820154500000058, 1.308385999997302 ], [ 103.820154585248886, 1.308384452988753 ] ], [ [ 103.820274479766653, 1.308294674976301 ], [ 103.820273037837978, 1.308298683292249 ], [ 103.820262698023598, 1.308296516231882 ], [ 103.820274479766653, 1.308294674976301 ] ], [ [ 103.820557973466009, 1.303031723601499 ], [ 103.82058490000037, 1.303059000000273 ], [ 103.820461227335258, 1.302983832249474 ], [ 103.820557973466009, 1.303031723601499 ] ], [ [ 103.819691412658145, 1.29960178164595 ], [ 103.819691416228054, 1.299601786024904 ], [ 103.819691415599962, 1.299601786648008 ], [ 103.819691412030068, 1.29960178226815 ], [ 103.819691412658145, 1.29960178164595 ] ], [ [ 103.820276399999955, 1.298363699999865 ], [ 103.820280170623576, 1.298429452215173 ], [ 103.820279704580486, 1.298429363093932 ], [ 103.820276399999955, 1.298363699999865 ] ], [ [ 103.816704666123755, 1.295764595728382 ], [ 103.816704662704794, 1.295764595896572 ], [ 103.816704663415692, 1.29576457203672 ], [ 103.816704666874188, 1.295764571864009 ], [ 103.816704666123755, 1.295764595728382 ] ], [ [ 103.815790761621358, 1.294655270776996 ], [ 103.81579348912004, 1.294666793233724 ], [ 103.815777000000992, 1.294680599999281 ], [ 103.815790761621358, 1.294655270776996 ] ], [ [ 103.815831299612782, 1.294826525590654 ], [ 103.815731901462357, 1.294865123542174 ], [ 103.815731772386584, 1.294861874069025 ], [ 103.815831162179208, 1.294825944992925 ], [ 103.815831299612782, 1.294826525590654 ] ], [ [ 103.815269290753321, 1.294337563778836 ], [ 103.815269285571659, 1.29433752985517 ], [ 103.815270100010125, 1.29433739999784 ], [ 103.815269290753321, 1.294337563778836 ] ], [ [ 103.815498824599558, 1.294667058820071 ], [ 103.815505744402316, 1.294664452099917 ], [ 103.81551409999993, 1.29468600000053 ], [ 103.815498824599558, 1.294667058820071 ] ], [ [ 103.815581253628991, 1.294636007438186 ], [ 103.815588280842817, 1.294633360255469 ], [ 103.815589200000247, 1.294656499999839 ], [ 103.815581253628991, 1.294636007438186 ] ], [ [ 103.81554935161914, 1.29485107005267 ], [ 103.815511499999431, 1.295119000000338 ], [ 103.815520434928331, 1.294847805400748 ], [ 103.815462037143533, 1.294845856382164 ], [ 103.8154551, 1.294734200000568 ], [ 103.81554935161914, 1.29485107005267 ] ], [ [ 103.815137705661968, 1.294803093887875 ], [ 103.815377399999875, 1.294712800000114 ], [ 103.815290354341315, 1.294840126483102 ], [ 103.815240166196901, 1.294838451456593 ], [ 103.815137705661968, 1.294803093887875 ] ], [ [ 103.815412199999827, 1.294736899998828 ], [ 103.815418879903262, 1.294844416013969 ], [ 103.815340486267573, 1.294841799633464 ], [ 103.815412199999827, 1.294736899998828 ] ], [ [ 103.816067001571781, 1.295872776825236 ], [ 103.816067188707621, 1.295874005151962 ], [ 103.816029300014179, 1.295872999999614 ], [ 103.816067001571781, 1.295872776825236 ] ], [ [ 103.814122889234923, 1.296968350087535 ], [ 103.814122945644939, 1.296940777828316 ], [ 103.814123031465414, 1.296940823549132 ], [ 103.814122985682317, 1.296968418068467 ], [ 103.814122889234923, 1.296968350087535 ] ], [ [ 103.814123152595556, 1.296839625574987 ], [ 103.8141231848346, 1.296823867702739 ], [ 103.814123225485503, 1.29682388397438 ], [ 103.814123199325934, 1.296839650471602 ], [ 103.814123152595556, 1.296839625574987 ] ], [ [ 103.814123321444924, 1.296757095920245 ], [ 103.814123400000227, 1.296718699997428 ], [ 103.81412333628613, 1.29675710186113 ], [ 103.814123321444924, 1.296757095920245 ] ], [ [ 103.815256699998855, 1.296500433910794 ], [ 103.81525669999877, 1.296495378295516 ], [ 103.815257111493935, 1.29649514252786 ], [ 103.81525710223076, 1.296500222297751 ], [ 103.815256699998855, 1.296500433910794 ] ], [ [ 103.815256699999381, 1.296708745318168 ], [ 103.815256722002999, 1.296708733735223 ], [ 103.81525670000012, 1.296720800246574 ], [ 103.815256699999381, 1.296708745318168 ] ], [ [ 103.816684900000354, 1.295499599999928 ], [ 103.816615408363475, 1.295496911516806 ], [ 103.816613249553271, 1.295486693381269 ], [ 103.816684900000354, 1.295499599999928 ] ], [ [ 103.816578705650656, 1.295323189270628 ], [ 103.816573640107563, 1.295299212906421 ], [ 103.816712000001701, 1.295347200000216 ], [ 103.816578705650656, 1.295323189270628 ] ], [ [ 103.816664230641194, 1.29572799837345 ], [ 103.816664004539618, 1.295726928183733 ], [ 103.816676199995285, 1.295727400000124 ], [ 103.816664230641194, 1.29572799837345 ] ], [ [ 103.81663529999507, 1.299113200001218 ], [ 103.816816105141228, 1.299044286548592 ], [ 103.816821557492489, 1.299060011149145 ], [ 103.81663529999507, 1.299113200001218 ] ], [ [ 103.816781420565491, 1.298943851571337 ], [ 103.816597899999849, 1.29901380000015 ], [ 103.816731652089445, 1.298793480789237 ], [ 103.816742430050098, 1.298830872994967 ], [ 103.816781420565491, 1.298943851571337 ] ], [ [ 103.816951852811499, 1.295017048417976 ], [ 103.81693749999981, 1.294989900000466 ], [ 103.816951958298304, 1.295015007863282 ], [ 103.816951852811499, 1.295017048417976 ] ], [ [ 103.812124542648178, 1.2988279730991 ], [ 103.812124161632013, 1.298826575934642 ], [ 103.812131900000438, 1.298826200000388 ], [ 103.812124542648178, 1.2988279730991 ] ], [ [ 103.812126499999835, 1.298713600000428 ], [ 103.812099356924691, 1.298714918628828 ], [ 103.812101900213136, 1.298706571421568 ], [ 103.812126499999835, 1.298713600000428 ] ], [ [ 103.81218549999943, 1.299051500000112 ], [ 103.812185500000339, 1.299051499999208 ], [ 103.812185500000339, 1.299051500000112 ], [ 103.81218549999943, 1.299051500000112 ] ], [ [ 103.812271479995999, 1.299171414566755 ], [ 103.812273999996535, 1.299169500003408 ], [ 103.812271613790742, 1.299171566015511 ], [ 103.812271479995999, 1.299171414566755 ] ], [ [ 103.812490039481403, 1.299237536411014 ], [ 103.812524644863103, 1.299207574555855 ], [ 103.812485700000792, 1.299303899998639 ], [ 103.812490039481403, 1.299237536411014 ] ], [ [ 103.812438899999989, 1.299300800000692 ], [ 103.812433456202399, 1.299286527054793 ], [ 103.812440216008568, 1.299280674313825 ], [ 103.812438899999989, 1.299300800000692 ] ], [ [ 103.812241684077577, 1.29919747960175 ], [ 103.812228437390687, 1.299208948778001 ], [ 103.812227345669669, 1.299204945504218 ], [ 103.812239872122646, 1.299195428565057 ], [ 103.812241684077577, 1.29919747960175 ] ], [ [ 103.812003959647981, 1.299189424787938 ], [ 103.811972520038992, 1.29921331094235 ], [ 103.811981700000644, 1.299107800000121 ], [ 103.812003959647981, 1.299189424787938 ] ], [ [ 103.812369212000974, 1.299342150634113 ], [ 103.812369370287058, 1.299342013588001 ], [ 103.812369800000369, 1.299342500000551 ], [ 103.812369212000974, 1.299342150634113 ] ], [ [ 103.812345399997724, 1.299384099998933 ], [ 103.812328400218547, 1.299377486076385 ], [ 103.812330788400388, 1.299375418354097 ], [ 103.812345399997724, 1.299384099998933 ] ], [ [ 103.812951420415871, 1.301086434611732 ], [ 103.812951614156006, 1.301086622536682 ], [ 103.812951900000115, 1.301087100000177 ], [ 103.812951420415871, 1.301086434611732 ] ], [ [ 103.812689896991913, 1.301613663363784 ], [ 103.812820800000082, 1.301806599999944 ], [ 103.812673883009381, 1.301625359483997 ], [ 103.812689896991913, 1.301613663363784 ] ], [ [ 103.812276781820799, 1.301903126357443 ], [ 103.812265237652923, 1.301912605874778 ], [ 103.812071000002348, 1.301803400001027 ], [ 103.812276781820799, 1.301903126357443 ] ], [ [ 103.810715399999722, 1.301967034358793 ], [ 103.810715399999935, 1.301977999999852 ], [ 103.810711534311139, 1.301964779584387 ], [ 103.810715399999722, 1.301967034358793 ] ], [ [ 103.810632999999697, 1.302005799999384 ], [ 103.810650248171044, 1.302052356613385 ], [ 103.81063959800656, 1.302058898608091 ], [ 103.810632999999697, 1.302005799999384 ] ], [ [ 103.810751600000444, 1.301990100000114 ], [ 103.810752556356547, 1.301988706873773 ], [ 103.810753229129219, 1.301989099287305 ], [ 103.810751600000444, 1.301990100000114 ] ], [ [ 103.810796321746338, 1.30201423429595 ], [ 103.810801051029117, 1.302016992785629 ], [ 103.810774400002359, 1.302027699998864 ], [ 103.810796321746338, 1.30201423429595 ] ], [ [ 103.810828100126031, 1.302163099949704 ], [ 103.810775701337761, 1.302184226782976 ], [ 103.810775681634141, 1.302184159399488 ], [ 103.810828100126031, 1.302163099949704 ] ], [ [ 103.810709002714134, 1.3022109480616 ], [ 103.810709057879919, 1.302211096966654 ], [ 103.810660921746702, 1.302230505123394 ], [ 103.810660893314278, 1.302230276304394 ], [ 103.810709002714134, 1.3022109480616 ] ], [ [ 103.810599116846575, 1.30208376465873 ], [ 103.81053155923054, 1.302125262753251 ], [ 103.810524150158997, 1.30212823939141 ], [ 103.810590099999743, 1.302011199999796 ], [ 103.810599116846575, 1.30208376465873 ] ], [ [ 103.810524524694912, 1.302129583801701 ], [ 103.810522793334258, 1.302130647311607 ], [ 103.810524057039416, 1.30212840464784 ], [ 103.810524524694912, 1.302129583801701 ] ], [ [ 103.811241969141179, 1.302734747456589 ], [ 103.811241978371939, 1.302734748433384 ], [ 103.811182507238783, 1.302806079310411 ], [ 103.811182460352484, 1.302806099782101 ], [ 103.811241969141179, 1.302734747456589 ] ], [ [ 103.811904808258703, 1.303117834699271 ], [ 103.811904816640421, 1.3031178244547 ], [ 103.811967598799669, 1.303218198080822 ], [ 103.811904808258703, 1.303117834699271 ] ], [ [ 103.811980626400725, 1.303025164859423 ], [ 103.811980654093304, 1.303025131012001 ], [ 103.812063400760934, 1.303157501217072 ], [ 103.811980626400725, 1.303025164859423 ] ], [ [ 103.811609009154168, 1.302625656584068 ], [ 103.811614420844819, 1.302573867448335 ], [ 103.811628358013635, 1.302551381858091 ], [ 103.811807775250458, 1.30237702306871 ], [ 103.8118166697449, 1.302371840359337 ], [ 103.811609009154168, 1.302625656584068 ] ], [ [ 103.811830491382864, 1.302363786666147 ], [ 103.811832473118301, 1.302362631933308 ], [ 103.812034299972979, 1.302532699977341 ], [ 103.811830491382864, 1.302363786666147 ] ], [ [ 103.811953502796328, 1.302275472282448 ], [ 103.811959958939894, 1.302270379509801 ], [ 103.812077248913923, 1.302376617859797 ], [ 103.812086503732672, 1.30238754462484 ], [ 103.811953502796328, 1.302275472282448 ] ], [ [ 103.812126800000243, 1.302421500000072 ], [ 103.812108116798342, 1.302405756727632 ], [ 103.812108785541369, 1.302405182951866 ], [ 103.812126800000243, 1.302421500000072 ] ], [ [ 103.811643702593187, 1.303448925721574 ], [ 103.811643706080389, 1.303448931297013 ], [ 103.811643690535504, 1.303448935001156 ], [ 103.811643687052793, 1.303448929425718 ], [ 103.811643702593187, 1.303448925721574 ] ], [ [ 103.811579198921848, 1.303464300257123 ], [ 103.811579200000097, 1.303464299999389 ], [ 103.811579200000097, 1.303464300000293 ], [ 103.811579198921848, 1.303464300257123 ] ], [ [ 103.811603329998078, 1.304029232805596 ], [ 103.811603332000047, 1.304029232328108 ], [ 103.811604999754152, 1.304034899164207 ], [ 103.811603329998078, 1.304029232805596 ] ], [ [ 103.811842959500424, 1.303972140597959 ], [ 103.811848649362631, 1.303970784977001 ], [ 103.811844089655452, 1.303994784942287 ], [ 103.811841782104906, 1.303993927132536 ], [ 103.811842959500424, 1.303972140597959 ] ], [ [ 103.811960911681368, 1.303944038246281 ], [ 103.811960927885778, 1.303944034385687 ], [ 103.811944200485613, 1.304031997445422 ], [ 103.811960911681368, 1.303944038246281 ] ], [ [ 103.811599707620275, 1.304165359872493 ], [ 103.811595628110467, 1.304173985524731 ], [ 103.811564800001634, 1.304046900006586 ], [ 103.811599707620275, 1.304165359872493 ] ], [ [ 103.811201899999517, 1.304130099996564 ], [ 103.811217766973826, 1.30420404339899 ], [ 103.811207739563542, 1.304200291648286 ], [ 103.811201899999517, 1.304130099996564 ] ], [ [ 103.811106609470244, 1.3041624538742 ], [ 103.811102342065354, 1.304160857226511 ], [ 103.811104600000419, 1.30413829999971 ], [ 103.811106609470244, 1.3041624538742 ] ], [ [ 103.810024200000342, 1.303911799999817 ], [ 103.810098134916103, 1.303951173647268 ], [ 103.810096158716092, 1.303954416950225 ], [ 103.810024200000342, 1.303911799999817 ] ], [ [ 103.807095846623113, 1.304066377217489 ], [ 103.807165800000263, 1.304090100000107 ], [ 103.807097690700502, 1.304076301158728 ], [ 103.807095846623113, 1.304066377217489 ] ], [ [ 103.807150291109764, 1.304359371390884 ], [ 103.807150290913881, 1.304359370335489 ], [ 103.807152299367772, 1.304358900148381 ], [ 103.807150291109764, 1.304359371390884 ] ], [ [ 103.807243098257018, 1.304288838846147 ], [ 103.807142800000165, 1.304284499999979 ], [ 103.807243130566121, 1.304288831282378 ], [ 103.807243098257018, 1.304288838846147 ] ], [ [ 103.807117390758222, 1.304182317448166 ], [ 103.807116476185954, 1.304177395661723 ], [ 103.807147100002794, 1.304183600000185 ], [ 103.807117390758222, 1.304182317448166 ] ], [ [ 103.80707076887461, 1.304168135428454 ], [ 103.807073048481882, 1.304180403184557 ], [ 103.80707291082463, 1.30418039724234 ], [ 103.807070614537921, 1.304168104160233 ], [ 103.80707076887461, 1.304168135428454 ] ], [ [ 103.807097247239952, 1.304310681323955 ], [ 103.80709725697929, 1.304310681744587 ], [ 103.80709910008558, 1.304320600461285 ], [ 103.807097247239952, 1.304310681323955 ] ], [ [ 103.807501095665558, 1.304638683022648 ], [ 103.807670499793517, 1.304642299995693 ], [ 103.807501210376415, 1.304639064351912 ], [ 103.807501095665558, 1.304638683022648 ] ], [ [ 103.807628262824352, 1.305061422943277 ], [ 103.807633071158435, 1.305064044681704 ], [ 103.807878462081746, 1.305134995651658 ], [ 103.807914843583546, 1.305007531892645 ], [ 103.807914853926491, 1.305007554359882 ], [ 103.80787849235459, 1.3051350044026 ], [ 103.807962302130207, 1.305159226021883 ], [ 103.808078545052837, 1.305167294297617 ], [ 103.808089523215571, 1.305167234389459 ], [ 103.808026507266206, 1.305225400295091 ], [ 103.808050107265842, 1.305251300297503 ], [ 103.80814149006352, 1.305166950805836 ], [ 103.808161861720805, 1.305166839636773 ], [ 103.808161761520978, 1.30514823954573 ], [ 103.808248800000285, 1.305067899999855 ], [ 103.808265139219941, 1.305321511595465 ], [ 103.808228533235948, 1.305399617647357 ], [ 103.808139670115111, 1.305572082226593 ], [ 103.80861832990864, 1.305821917751179 ], [ 103.808709529896916, 1.305644917741947 ], [ 103.808470200009964, 1.305520000005173 ], [ 103.808714032403373, 1.305635761560605 ], [ 103.808926699927, 1.305181993385974 ], [ 103.808983520163238, 1.305092051795776 ], [ 103.809284187772349, 1.304907266484497 ], [ 103.809392192145523, 1.304864843031218 ], [ 103.809402787719804, 1.304864159747684 ], [ 103.809468165095836, 1.304984765846116 ], [ 103.809469079761698, 1.305006775046356 ], [ 103.809501084649469, 1.305086675382227 ], [ 103.809281143556703, 1.305156012071628 ], [ 103.809169166421881, 1.305311287014595 ], [ 103.809157857483711, 1.305454344887996 ], [ 103.809235697396431, 1.305794641460098 ], [ 103.809363864460991, 1.305946610991031 ], [ 103.809537911378555, 1.305961911822334 ], [ 103.809640978086534, 1.305935612047609 ], [ 103.809658192495647, 1.305971912004699 ], [ 103.809750465048268, 1.306114377545478 ], [ 103.809818951040953, 1.306183179147025 ], [ 103.809924660859508, 1.306242036969587 ], [ 103.810021466139489, 1.306261643103321 ], [ 103.810032734495252, 1.306261811288282 ], [ 103.810031402127521, 1.306272759781483 ], [ 103.809969749168985, 1.30628117820393 ], [ 103.810013468626337, 1.306605520357899 ], [ 103.810016256858688, 1.30664570376382 ], [ 103.810159833898666, 1.306635611870872 ], [ 103.810167293784204, 1.306678339872136 ], [ 103.809914480959222, 1.30670560032447 ], [ 103.809946871807838, 1.307009894619516 ], [ 103.809565527157687, 1.30665537530823 ], [ 103.809406595399523, 1.306828553662788 ], [ 103.809385932453253, 1.306809465037648 ], [ 103.809402535124235, 1.306584099204654 ], [ 103.809375735127176, 1.306582099204691 ], [ 103.809357172142683, 1.306834074443402 ], [ 103.809351389950066, 1.306840414824373 ], [ 103.809264190710223, 1.306597501876864 ], [ 103.809236690713178, 1.30660750187539 ], [ 103.809328299999748, 1.306862699999212 ], [ 103.809127755968035, 1.306681352232005 ], [ 103.809002287833223, 1.306821903956544 ], [ 103.80895710093813, 1.306869641720687 ], [ 103.80888991150411, 1.306938078870881 ], [ 103.808392814350483, 1.306565890172973 ], [ 103.808231899994922, 1.306783600006212 ], [ 103.808385640484872, 1.306560700508645 ], [ 103.80827568646707, 1.306483876744417 ], [ 103.808071499096911, 1.306328338051184 ], [ 103.80807038096502, 1.30632982497546 ], [ 103.808053749105156, 1.306315505568148 ], [ 103.808051495455871, 1.306318157164245 ], [ 103.808049219195922, 1.306315377554684 ], [ 103.808051026818802, 1.306313192954422 ], [ 103.808039557878701, 1.306303579829821 ], [ 103.807893563717499, 1.306125301965221 ], [ 103.807722461090052, 1.305912736991828 ], [ 103.807712541249515, 1.30589668251534 ], [ 103.807723622648439, 1.305425217217367 ], [ 103.807454099998438, 1.305418799999865 ], [ 103.80771211983577, 1.305340134663638 ], [ 103.807681125432339, 1.305237153293037 ], [ 103.807628262824352, 1.305061422943277 ] ], [ [ 103.807847600001594, 1.306495799998308 ], [ 103.807847600000684, 1.306495800000116 ], [ 103.807847599999803, 1.306495800000116 ], [ 103.807847600001594, 1.306495799998308 ] ], [ [ 103.808022909480968, 1.306350371718783 ], [ 103.808026998810291, 1.306346979407871 ], [ 103.808020213704538, 1.306354962622728 ], [ 103.808022909480968, 1.306350371718783 ] ], [ [ 103.807908800000106, 1.306544700000505 ], [ 103.807947834112213, 1.306478224967077 ], [ 103.808042883869078, 1.306366391409139 ], [ 103.807908800000106, 1.306544700000505 ] ], [ [ 103.807969579595422, 1.306414537658641 ], [ 103.807878500016272, 1.306521699980014 ], [ 103.807975468502946, 1.306404508856911 ], [ 103.807969579595422, 1.306414537658641 ] ], [ [ 103.807686989649795, 1.306629034566089 ], [ 103.807710012151048, 1.306662081566084 ], [ 103.807694327928346, 1.306681036704815 ], [ 103.807682121372267, 1.306633073052341 ], [ 103.807686989649795, 1.306629034566089 ] ], [ [ 103.807886022010763, 1.30655095178698 ], [ 103.807897200000696, 1.306537800000478 ], [ 103.807887896939093, 1.306553643098568 ], [ 103.807886022010763, 1.30655095178698 ] ], [ [ 103.807380888257867, 1.306855678947569 ], [ 103.807380436655833, 1.306852899364525 ], [ 103.807386580330842, 1.30685391500278 ], [ 103.807380888257867, 1.306855678947569 ] ], [ [ 103.807402184469353, 1.30688236138105 ], [ 103.807402185508948, 1.306882365459745 ], [ 103.807386036940557, 1.306887368835008 ], [ 103.807386036413135, 1.306887365583811 ], [ 103.807402184469353, 1.30688236138105 ] ], [ [ 103.807441277321274, 1.307046532258433 ], [ 103.80745810001568, 1.307065956866318 ], [ 103.807352200000608, 1.307051800000212 ], [ 103.807441277321274, 1.307046532258433 ] ], [ [ 103.805684537541495, 1.302887161402253 ], [ 103.805684530676658, 1.302887157268326 ], [ 103.805685493178387, 1.302885673110711 ], [ 103.805685494810149, 1.302885674154366 ], [ 103.805684537541495, 1.302887161402253 ] ], [ [ 103.806207899999634, 1.301581500000026 ], [ 103.806220527285419, 1.301576937036205 ], [ 103.806220019072271, 1.301581930756172 ], [ 103.806207899999634, 1.301581500000026 ] ], [ [ 103.806201500000256, 1.301763899999515 ], [ 103.806201500000256, 1.301763900000419 ], [ 103.806201499999347, 1.301763899999515 ], [ 103.806201500000256, 1.301763899999515 ] ], [ [ 103.806165300003286, 1.301985100001054 ], [ 103.806178761284428, 1.301987331602644 ], [ 103.806178609605681, 1.301988822005759 ], [ 103.806165300003286, 1.301985100001054 ] ], [ [ 103.806240056576698, 1.3017702918839 ], [ 103.80624029999845, 1.301767900011047 ], [ 103.806240065937729, 1.301770293435891 ], [ 103.806240056576698, 1.3017702918839 ] ], [ [ 103.806369549020388, 1.301769873072129 ], [ 103.806372712774674, 1.301769985523224 ], [ 103.80636850000009, 1.301780599999921 ], [ 103.806369549020388, 1.301769873072129 ] ], [ [ 103.806217317865105, 1.301993723487438 ], [ 103.806218201660442, 1.301993870002274 ], [ 103.806217628250209, 1.301999733496062 ], [ 103.806216731738871, 1.301999482788328 ], [ 103.806217317865105, 1.301993723487438 ] ], [ [ 103.80546800765643, 1.303315758711598 ], [ 103.805468028733486, 1.303315771550193 ], [ 103.805467703726109, 1.303316723026837 ], [ 103.80546768223391, 1.303316710841188 ], [ 103.80546800765643, 1.303315758711598 ] ], [ [ 103.805341800036345, 1.303529099828226 ], [ 103.805341756801425, 1.303529304923179 ], [ 103.805341756692698, 1.303529304900569 ], [ 103.805341800036345, 1.303529099828226 ] ], [ [ 103.805317078725309, 1.303646063902761 ], [ 103.805317140959374, 1.303646076845821 ], [ 103.805316288515115, 1.303650120645008 ], [ 103.805316222720947, 1.303650113919416 ], [ 103.805317078725309, 1.303646063902761 ] ], [ [ 103.805295299579683, 1.303749107685255 ], [ 103.805295419195815, 1.303749119911797 ], [ 103.805295072282149, 1.303750765592051 ], [ 103.805294950943463, 1.303750757188239 ], [ 103.805295299579683, 1.303749107685255 ] ], [ [ 103.805355584159273, 1.303654071922933 ], [ 103.805356200000759, 1.303654200000517 ], [ 103.80535557071812, 1.303654135681396 ], [ 103.805355584159273, 1.303654071922933 ] ], [ [ 103.805334701400298, 1.303753134948542 ], [ 103.805346099999923, 1.303754299999957 ], [ 103.805334623376339, 1.3037535050779 ], [ 103.805334701400298, 1.303753134948542 ] ], [ [ 103.805193792080516, 1.304292774531965 ], [ 103.805195082450226, 1.30429257490708 ], [ 103.805195086169121, 1.304292590839314 ], [ 103.805193796139079, 1.304292790522987 ], [ 103.805193792080516, 1.304292774531965 ] ], [ [ 103.805382877935799, 1.304263522228913 ], [ 103.805386899999959, 1.30426290000043 ], [ 103.805382878013972, 1.304263522562624 ], [ 103.805382877935799, 1.304263522228913 ] ], [ [ 103.805206722423804, 1.304343712506044 ], [ 103.805207008151271, 1.304343668277687 ], [ 103.805207411368301, 1.304345395781511 ], [ 103.805207160192651, 1.30434543706022 ], [ 103.805206722423804, 1.304343712506044 ] ], [ [ 103.804998856696642, 1.304308675381021 ], [ 103.805040400000678, 1.30440649999996 ], [ 103.805020195918885, 1.30439849492768 ], [ 103.804998856696642, 1.304308675381021 ] ], [ [ 103.80502770807621, 1.30443011456755 ], [ 103.80503069999898, 1.304431300000105 ], [ 103.805028092176883, 1.30443173129827 ], [ 103.80502770807621, 1.30443011456755 ] ], [ [ 103.805048621421008, 1.304438400657409 ], [ 103.805049198594389, 1.304438629339777 ], [ 103.805032300000391, 1.304441100000352 ], [ 103.805048621421008, 1.304438400657409 ] ], [ [ 103.805063519050265, 1.304460939870387 ], [ 103.805064030245973, 1.304462143615372 ], [ 103.805036400000333, 1.304466700000271 ], [ 103.805036400000333, 1.304466699999367 ], [ 103.805063519050265, 1.304460939870387 ] ], [ [ 103.805035100000424, 1.30446050000059 ], [ 103.805034935321615, 1.304460534977743 ], [ 103.805034932818401, 1.30446052444277 ], [ 103.805035100000424, 1.30446050000059 ] ], [ [ 103.805618556922397, 1.305350182244945 ], [ 103.805618563312549, 1.3053502110635 ], [ 103.805613225323086, 1.305351328516847 ], [ 103.805613220347198, 1.305351304155017 ], [ 103.805618556922397, 1.305350182244945 ] ], [ [ 103.805636885272904, 1.305467170581843 ], [ 103.805636884369903, 1.305467166160394 ], [ 103.805647404142107, 1.305464951364034 ], [ 103.805647405626445, 1.305464957384405 ], [ 103.805636885272904, 1.305467170581843 ] ], [ [ 103.80574733004859, 1.305443935991391 ], [ 103.805747909223797, 1.305443791369076 ], [ 103.805750980371386, 1.305443144780439 ], [ 103.805751021602845, 1.305443159388192 ], [ 103.80574733004859, 1.305443935991391 ] ], [ [ 103.805654483164972, 1.305694645616163 ], [ 103.805654700000105, 1.305694600000603 ], [ 103.805654483182934, 1.305694645699364 ], [ 103.805654483164972, 1.305694645616163 ] ], [ [ 103.806114233725722, 1.306890654166078 ], [ 103.806114237354961, 1.306890652815901 ], [ 103.80611550001818, 1.30690140015086 ], [ 103.806114233725722, 1.306890654166078 ] ], [ [ 103.804842499999282, 1.30651799999835 ], [ 103.804860283992923, 1.306700499936183 ], [ 103.804857802330801, 1.306703801773933 ], [ 103.804855785292304, 1.30670517967345 ], [ 103.804842499999282, 1.30651799999835 ] ], [ [ 103.804376001315447, 1.306841199813801 ], [ 103.804382148416181, 1.306840327187702 ], [ 103.804401704491539, 1.30686304079549 ], [ 103.804393784854682, 1.306864664992309 ], [ 103.804376001315447, 1.306841199813801 ] ], [ [ 103.804718369178417, 1.306798959846203 ], [ 103.804718521159728, 1.306798948918699 ], [ 103.80471830000036, 1.306799100000224 ], [ 103.804718369178417, 1.306798959846203 ] ], [ [ 103.805212987764293, 1.306489869521226 ], [ 103.805162092094406, 1.306475921147685 ], [ 103.805170225390555, 1.306447190439199 ], [ 103.805231010916913, 1.306473269335118 ], [ 103.805212987764293, 1.306489869521226 ] ], [ [ 103.80525333074668, 1.306452711702929 ], [ 103.805177831967114, 1.306420320360944 ], [ 103.805188557348984, 1.306382433159574 ], [ 103.805271262669251, 1.306436195543625 ], [ 103.80525333074668, 1.306452711702929 ] ], [ [ 103.805440698084269, 1.306637240222946 ], [ 103.805441542803905, 1.306639859845769 ], [ 103.805428153218998, 1.306635846283193 ], [ 103.805429863595904, 1.306634270944314 ], [ 103.805440698084269, 1.306637240222946 ] ], [ [ 103.804750400001168, 1.30684669999922 ], [ 103.804737354221217, 1.306864057337516 ], [ 103.804733708244072, 1.306858102637904 ], [ 103.804750400001168, 1.30684669999922 ] ], [ [ 103.80477219999942, 1.306856000000379 ], [ 103.804777478298789, 1.306880220499536 ], [ 103.804767370047301, 1.306880463473469 ], [ 103.80477219999942, 1.306856000000379 ] ], [ [ 103.804783877289296, 1.306909583512813 ], [ 103.804789220237794, 1.306934100673221 ], [ 103.804777916704055, 1.306930304971653 ], [ 103.804765499723061, 1.306910025256492 ], [ 103.804783877289296, 1.306909583512813 ] ], [ [ 103.804753792278063, 1.306880789843413 ], [ 103.804747689120035, 1.306880936546478 ], [ 103.804743565455141, 1.306874201675879 ], [ 103.804759200000561, 1.306853399999498 ], [ 103.804753792278063, 1.306880789843413 ] ], [ [ 103.804423815212147, 1.306888721521055 ], [ 103.804420736310988, 1.306888795528439 ], [ 103.804419770161189, 1.306884023355076 ], [ 103.804423815212147, 1.306888721521055 ] ], [ [ 103.804156065701136, 1.306889750270182 ], [ 103.804155839217742, 1.30688991052547 ], [ 103.804139755987251, 1.306869720023427 ], [ 103.804140824269297, 1.306869639369309 ], [ 103.804156065701136, 1.306889750270182 ] ], [ [ 103.804045299999885, 1.306961799997218 ], [ 103.804046823693923, 1.306967047854055 ], [ 103.804045865627003, 1.306967725763587 ], [ 103.804045299999885, 1.306961799997218 ] ], [ [ 103.804070937588293, 1.30705010011394 ], [ 103.804073123533072, 1.307057628869332 ], [ 103.804056033283629, 1.307074246646672 ], [ 103.804054817215814, 1.30706150658465 ], [ 103.804070937588293, 1.30705010011394 ] ], [ [ 103.804084713895463, 1.307040352259277 ], [ 103.804084898903398, 1.307040221351047 ], [ 103.804086257582796, 1.307044857919643 ], [ 103.804086073941022, 1.307045036484288 ], [ 103.804084713895463, 1.307040352259277 ] ], [ [ 103.804196599999187, 1.307099400000748 ], [ 103.804171500165978, 1.307159556546275 ], [ 103.804166324396888, 1.307141893949673 ], [ 103.804196599999187, 1.307099400000748 ] ], [ [ 103.804569399997874, 1.307007599999368 ], [ 103.804598846160474, 1.307013830530974 ], [ 103.804596716891098, 1.307018144388181 ], [ 103.804569399997874, 1.307007599999368 ] ], [ [ 103.804616719439466, 1.306977619623879 ], [ 103.804577400000483, 1.306969300000443 ], [ 103.804618540333692, 1.306973930527136 ], [ 103.804616719439466, 1.306977619623879 ] ], [ [ 103.804664703967291, 1.306979126449092 ], [ 103.804682215953093, 1.306981097500389 ], [ 103.804689517812008, 1.306993023073521 ], [ 103.804659097110616, 1.306986586340269 ], [ 103.804664703967291, 1.306979126449092 ] ], [ [ 103.80465194739908, 1.306977690640847 ], [ 103.804647159797199, 1.306984060517043 ], [ 103.804628911494873, 1.306980199348502 ], [ 103.80463129700702, 1.306975366347308 ], [ 103.80465194739908, 1.306977690640847 ] ], [ [ 103.804611038216038, 1.307016410254782 ], [ 103.804621225606454, 1.307018565811168 ], [ 103.804615959647407, 1.307025572140166 ], [ 103.804608027330985, 1.307022510246431 ], [ 103.804611038216038, 1.307016410254782 ] ], [ [ 103.804633162919998, 1.30702109163452 ], [ 103.804717649335899, 1.307038968163061 ], [ 103.804721364360859, 1.307045035633233 ], [ 103.804717470915065, 1.307064755739753 ], [ 103.804626684018686, 1.307029711774723 ], [ 103.804633162919998, 1.30702109163452 ] ], [ [ 103.804731582720819, 1.307061724505621 ], [ 103.804738380569106, 1.307072826917429 ], [ 103.804730027318016, 1.307069602542006 ], [ 103.804731582720819, 1.307061724505621 ] ], [ [ 103.804105160032279, 1.30710936356919 ], [ 103.804104869467892, 1.307109771397158 ], [ 103.804101351550443, 1.307097655105457 ], [ 103.804101645328444, 1.307097369449051 ], [ 103.804105160032279, 1.30710936356919 ] ], [ [ 103.804064793355678, 1.307166021048348 ], [ 103.804061926815933, 1.307135989913123 ], [ 103.804088401141428, 1.307110247490571 ], [ 103.804093071025292, 1.307126331343814 ], [ 103.804064793355678, 1.307166021048348 ] ], [ [ 103.803809500000199, 1.3069846 ], [ 103.803796553268469, 1.306893326314563 ], [ 103.803800771661741, 1.30689315795641 ], [ 103.803809500000199, 1.3069846 ] ], [ [ 103.803849380914187, 1.306708150918047 ], [ 103.803845900000042, 1.306619800000439 ], [ 103.803852462687701, 1.306707852935549 ], [ 103.803849380914187, 1.306708150918047 ] ], [ [ 103.803509033111439, 1.30523134510118 ], [ 103.803509033319003, 1.305231344043076 ], [ 103.80351, 1.305231400000417 ], [ 103.803509033111439, 1.30523134510118 ] ], [ [ 103.803797380814828, 1.304921051046083 ], [ 103.803798406351405, 1.304902704338322 ], [ 103.803848500000086, 1.305014500000291 ], [ 103.803797380814828, 1.304921051046083 ] ], [ [ 103.802897296663303, 1.306201123777577 ], [ 103.802896546711295, 1.306194955061123 ], [ 103.802932600000489, 1.306199699999701 ], [ 103.802897296663303, 1.306201123777577 ] ], [ [ 103.803043391843204, 1.306409074584467 ], [ 103.803039518571566, 1.30643087678542 ], [ 103.802941099999984, 1.306413199999773 ], [ 103.803043391843204, 1.306409074584467 ] ], [ [ 103.802938600000459, 1.306427299999657 ], [ 103.803037013787829, 1.306444975925305 ], [ 103.80303121088167, 1.306477639818646 ], [ 103.80329660000001, 1.306525400000238 ], [ 103.803028394273042, 1.306552942425135 ], [ 103.803028548436544, 1.306554463155016 ], [ 103.802938600000459, 1.306427299999657 ] ], [ [ 103.803577800000213, 1.306630499995598 ], [ 103.803582238642008, 1.306743159821924 ], [ 103.80357169178528, 1.306744675274765 ], [ 103.803577800000213, 1.306630499995598 ] ], [ [ 103.803551910311867, 1.306900833622205 ], [ 103.803568699999687, 1.307019199998093 ], [ 103.803524345786897, 1.306899339802798 ], [ 103.803551910311867, 1.306900833622205 ] ], [ [ 103.803490575038737, 1.30680807972478 ], [ 103.803490483816631, 1.306807833211978 ], [ 103.803500300042003, 1.306626299218505 ], [ 103.803490575038737, 1.30680807972478 ] ], [ [ 103.80519417462709, 1.303220077558361 ], [ 103.805175251299573, 1.30321602599079 ], [ 103.805237299999405, 1.303093900001431 ], [ 103.80519417462709, 1.303220077558361 ] ], [ [ 103.807370196120388, 1.306789869381256 ], [ 103.807378498615961, 1.306789428664888 ], [ 103.807379561975139, 1.306793600813086 ], [ 103.807370560602962, 1.306792112756545 ], [ 103.807370196120388, 1.306789869381256 ] ], [ [ 103.809150600012401, 1.307058600011824 ], [ 103.809151567288936, 1.307059527496002 ], [ 103.809151550793231, 1.30705954558404 ], [ 103.809150600012401, 1.307058600011824 ] ], [ [ 103.809372700026444, 1.304594200411191 ], [ 103.809380629563279, 1.304718760110906 ], [ 103.809380477656902, 1.304718368354041 ], [ 103.809372700026444, 1.304594200411191 ] ], [ [ 103.810118198074406, 1.304282594238424 ], [ 103.81012031856767, 1.304279061365556 ], [ 103.810172702434528, 1.30431813694832 ], [ 103.810172587705864, 1.304318285762277 ], [ 103.810118198074406, 1.304282594238424 ] ], [ [ 103.80833497913811, 1.305172494401486 ], [ 103.808307074302107, 1.305232034857334 ], [ 103.808296299999768, 1.305064799999272 ], [ 103.80833497913811, 1.305172494401486 ] ], [ [ 103.808225199999356, 1.30504200000018 ], [ 103.808161505917681, 1.305100791854977 ], [ 103.808161343338156, 1.305070612082611 ], [ 103.808225199999356, 1.30504200000018 ] ], [ [ 103.810341975130896, 1.304936408658391 ], [ 103.810358899994966, 1.30495349999539 ], [ 103.810341340626749, 1.304937287635349 ], [ 103.810341975130896, 1.304936408658391 ] ], [ [ 103.810368869132915, 1.304899152436298 ], [ 103.810368898121283, 1.30489911227825 ], [ 103.810390899857268, 1.304921399855426 ], [ 103.810368869132915, 1.304899152436298 ] ], [ [ 103.810413100000076, 1.304899200000334 ], [ 103.810479245073822, 1.304963655331596 ], [ 103.810478238518783, 1.304965184779443 ], [ 103.810413100000076, 1.304899200000334 ] ], [ [ 103.81040581910483, 1.304856457265139 ], [ 103.810417257915844, 1.304859509633427 ], [ 103.81043080000039, 1.304880800000079 ], [ 103.81040581910483, 1.304856457265139 ] ], [ [ 103.810225399999752, 1.305097900000197 ], [ 103.810225400000647, 1.305097900000197 ], [ 103.81029262850987, 1.305161281294775 ], [ 103.810202130418602, 1.305226695669285 ], [ 103.810225399999752, 1.305097900001101 ], [ 103.810225399999752, 1.305097900000197 ] ], [ [ 103.810559569115554, 1.304917442610949 ], [ 103.810517827564311, 1.304965604356644 ], [ 103.810517804477257, 1.304965581860362 ], [ 103.810559560785194, 1.304917436891671 ], [ 103.810559569115554, 1.304917442610949 ] ], [ [ 103.810398197918289, 1.305075046073981 ], [ 103.810397440180282, 1.305075919743914 ], [ 103.810316700000683, 1.304999800000123 ], [ 103.810398197918289, 1.305075046073981 ] ], [ [ 103.810816051808189, 1.305038555572651 ], [ 103.810801315223344, 1.305060440364613 ], [ 103.810772868611721, 1.305040913610832 ], [ 103.810777961977379, 1.305035036843591 ], [ 103.810816051808189, 1.305038555572651 ] ], [ [ 103.810746841148912, 1.305070944315784 ], [ 103.810780951394392, 1.305078046958779 ], [ 103.810750640239831, 1.305098316235436 ], [ 103.810730414914531, 1.305089897042217 ], [ 103.810746841148912, 1.305070944315784 ] ], [ [ 103.810826247224298, 1.305069087704842 ], [ 103.810865126215617, 1.305043089054581 ], [ 103.81088420591071, 1.305044851631137 ], [ 103.810888053885876, 1.305054277535164 ], [ 103.810858702300209, 1.305075883451089 ], [ 103.810826247224298, 1.305069087704842 ] ], [ [ 103.810800200825483, 1.305118946810516 ], [ 103.810788137587963, 1.305113925249316 ], [ 103.810806245598073, 1.305086770028549 ], [ 103.81082573688542, 1.305100149531913 ], [ 103.810800200825483, 1.305118946810516 ] ], [ [ 103.810262677665833, 1.305632206883377 ], [ 103.810285103902558, 1.305665711145955 ], [ 103.810304186943398, 1.305689508822275 ], [ 103.810215373622256, 1.30572483605443 ], [ 103.810197518675153, 1.305721523832536 ], [ 103.810139099371753, 1.305720651903806 ], [ 103.810129407480375, 1.305705687972315 ], [ 103.810120806849554, 1.305687551864271 ], [ 103.810119269029173, 1.30568152263239 ], [ 103.810106783168067, 1.305573768041714 ], [ 103.809839, 1.305605200000127 ], [ 103.810106535146787, 1.305571696819991 ], [ 103.810096435138732, 1.305489996820786 ], [ 103.810083757148746, 1.305388185003793 ], [ 103.810079973218919, 1.305349338870541 ], [ 103.810220065807812, 1.305569751261296 ], [ 103.810262677665833, 1.305632206883377 ] ], [ [ 103.810415529937231, 1.306017933280242 ], [ 103.810422187207365, 1.306029392756075 ], [ 103.810406748836883, 1.306030686202282 ], [ 103.810402188128862, 1.306025855452127 ], [ 103.810407072273179, 1.306010084995643 ], [ 103.810415529937231, 1.306017933280242 ] ], [ [ 103.810414712576801, 1.306074646454307 ], [ 103.810410092930354, 1.306080021753932 ], [ 103.810407405301177, 1.30608163487078 ], [ 103.810414712576801, 1.306074646454307 ] ], [ [ 103.810367824698233, 1.306027249305899 ], [ 103.810347112753803, 1.306021052066689 ], [ 103.810347803233597, 1.30601963712576 ], [ 103.810356414282111, 1.306010871090468 ], [ 103.810367747625151, 1.306004998336343 ], [ 103.810367824698233, 1.306027249305899 ] ], [ [ 103.810539112209611, 1.306906939982347 ], [ 103.810542652141805, 1.306906284296018 ], [ 103.810542654284689, 1.30690630148801 ], [ 103.810539114975214, 1.306906955983297 ], [ 103.810539112209611, 1.306906939982347 ] ], [ [ 103.811524400001218, 1.306821200003896 ], [ 103.811560363984754, 1.306940475591008 ], [ 103.811545303578271, 1.306949321327321 ], [ 103.811524400001218, 1.306821200003896 ] ], [ [ 103.811379602561146, 1.307120108946264 ], [ 103.811409020922639, 1.307175128622525 ], [ 103.811406936021257, 1.30717624998838 ], [ 103.811376018948309, 1.307120701223864 ], [ 103.811379602561146, 1.307120108946264 ] ], [ [ 103.811180612523998, 1.307153972847066 ], [ 103.810952414514333, 1.307282632033875 ], [ 103.810858792817413, 1.307338758334383 ], [ 103.810854753834391, 1.30733079052412 ], [ 103.810827505471863, 1.307214326677006 ], [ 103.811180612523998, 1.307153972847066 ] ], [ [ 103.81048550377443, 1.306916869856813 ], [ 103.810484800000381, 1.306917000000204 ], [ 103.810485503738491, 1.306916869649713 ], [ 103.81048550377443, 1.306916869856813 ] ], [ [ 103.810492839679171, 1.306992528223916 ], [ 103.81049840000054, 1.306991500000398 ], [ 103.810492869746511, 1.30699281068803 ], [ 103.810492839679171, 1.306992528223916 ] ], [ [ 103.810273184219938, 1.307212714672089 ], [ 103.810304422942693, 1.307346234081787 ], [ 103.810175855850858, 1.307223209458214 ], [ 103.810273184219938, 1.307212714672089 ] ], [ [ 103.810144705861276, 1.307226568318483 ], [ 103.809975399999885, 1.307405799999656 ], [ 103.810139357839631, 1.307227144988464 ], [ 103.810144705861276, 1.307226568318483 ] ], [ [ 103.809203216574502, 1.30710905196846 ], [ 103.809202320050161, 1.307110036699872 ], [ 103.809202275435013, 1.307109992329501 ], [ 103.809203171993474, 1.307109009221424 ], [ 103.809203216574502, 1.30710905196846 ] ], [ [ 103.80893288647151, 1.307275699145998 ], [ 103.808932885995262, 1.307275699751013 ], [ 103.808932799551343, 1.307275613821055 ], [ 103.808932800043749, 1.307275613191622 ], [ 103.80893288647151, 1.307275699145998 ] ], [ [ 103.808828950338196, 1.307172332411245 ], [ 103.808828928547243, 1.307172360279028 ], [ 103.808828021559464, 1.307171458682757 ], [ 103.808828042842748, 1.307171429887091 ], [ 103.808828950338196, 1.307172332411245 ] ], [ [ 103.808810009212934, 1.307195828576061 ], [ 103.808810328994809, 1.307196146457055 ], [ 103.80880019999978, 1.307209099999485 ], [ 103.808810009212934, 1.307195828576061 ] ], [ [ 103.809386175452076, 1.307227408002323 ], [ 103.809386178103665, 1.307227410467647 ], [ 103.809332093297755, 1.307286763436627 ], [ 103.809332084210823, 1.307286756179013 ], [ 103.809386175452076, 1.307227408002323 ] ], [ [ 103.809393046302631, 1.307335444869983 ], [ 103.80944319245323, 1.307280414201492 ], [ 103.809443196651202, 1.307280418104771 ], [ 103.80939305989935, 1.307335455729724 ], [ 103.809393046302631, 1.307335444869983 ] ], [ [ 103.809678413885891, 1.3075633598091 ], [ 103.809710121908779, 1.307528566730842 ], [ 103.809710132392951, 1.307528576477279 ], [ 103.809678438987532, 1.30756337985639 ], [ 103.809678413885891, 1.3075633598091 ] ], [ [ 103.809785962741088, 1.307599072589426 ], [ 103.80979104620782, 1.307603798462822 ], [ 103.810032807109565, 1.307835137185888 ], [ 103.809974550334047, 1.307870167191115 ], [ 103.809963570164797, 1.307854090426313 ], [ 103.809741400000661, 1.308007800000487 ], [ 103.8099417318207, 1.30782621468911 ], [ 103.809792031818034, 1.30765891470026 ], [ 103.809591700000041, 1.307840499999903 ], [ 103.809756797178395, 1.307631100078578 ], [ 103.809785962741088, 1.307599072589426 ] ], [ [ 103.810208353603457, 1.307729580443581 ], [ 103.810366643781052, 1.307562010249191 ], [ 103.810394766870061, 1.307617489447159 ], [ 103.810208353603457, 1.307729580443581 ] ], [ [ 103.807727315144689, 1.308563100933793 ], [ 103.80772230000052, 1.308584299999981 ], [ 103.807723857107405, 1.308561832307088 ], [ 103.807727315144689, 1.308563100933793 ] ], [ [ 103.807354259476341, 1.308830464810772 ], [ 103.807412540502852, 1.308834556406035 ], [ 103.80740709999958, 1.309067600000225 ], [ 103.807338241059909, 1.308830841996227 ], [ 103.807354259476341, 1.308830464810772 ] ], [ [ 103.808271371460577, 1.308937557741236 ], [ 103.808189300006134, 1.308979099997217 ], [ 103.808312049114534, 1.308912477438562 ], [ 103.808271371460577, 1.308937557741236 ] ], [ [ 103.808423189204561, 1.308843952656355 ], [ 103.808409042289597, 1.308817549051679 ], [ 103.808441388198474, 1.308809597068647 ], [ 103.808473134220151, 1.308813158443419 ], [ 103.808423189204561, 1.308843952656355 ] ], [ [ 103.808477155582267, 1.308810679023132 ], [ 103.808506699999768, 1.308543900000386 ], [ 103.808477176542823, 1.30881066609997 ], [ 103.808477155582267, 1.308810679023132 ] ], [ [ 103.808175729508704, 1.308316265161343 ], [ 103.808034900000422, 1.308264599999988 ], [ 103.808230689859357, 1.308302753600269 ], [ 103.808175729508704, 1.308316265161343 ] ], [ [ 103.807835092461076, 1.308890259704622 ], [ 103.807837257798425, 1.308893728164163 ], [ 103.807945198389888, 1.30909518706994 ], [ 103.80792574678793, 1.309103717651153 ], [ 103.807758299069476, 1.309162001029537 ], [ 103.807719953172509, 1.309017625575468 ], [ 103.807459500000292, 1.309087699999354 ], [ 103.807633555108936, 1.308880483471181 ], [ 103.807610755109309, 1.308861083472971 ], [ 103.807436700000196, 1.309068300000478 ], [ 103.807442108382403, 1.308836632206729 ], [ 103.807681422014554, 1.308853433104583 ], [ 103.807835092461076, 1.308890259704622 ] ], [ [ 103.804746239319996, 1.310341243563996 ], [ 103.804745944635599, 1.310341323556184 ], [ 103.804737700000516, 1.310310100000042 ], [ 103.804746239319996, 1.310341243563996 ] ], [ [ 103.804930429537961, 1.309974631389945 ], [ 103.804810799999942, 1.309793600000711 ], [ 103.804932392049622, 1.309974064012159 ], [ 103.804930429537961, 1.309974631389945 ] ], [ [ 103.805416204084224, 1.309178770365954 ], [ 103.805416506683045, 1.309178756681786 ], [ 103.805489699763669, 1.309209399901214 ], [ 103.805416204084224, 1.309178770365954 ] ], [ [ 103.805400699999225, 1.308123200002298 ], [ 103.805401458796567, 1.308116230877431 ], [ 103.805402683444001, 1.308116673708771 ], [ 103.805400699999225, 1.308123200002298 ] ], [ [ 103.805387099999976, 1.308121700000058 ], [ 103.805385983781903, 1.308110635132349 ], [ 103.805388216824156, 1.308111442597635 ], [ 103.805387099999976, 1.308121700000058 ] ], [ [ 103.805366510883658, 1.308103593757068 ], [ 103.805371618537663, 1.308105440677962 ], [ 103.805373399999809, 1.308123099998284 ], [ 103.805366510883658, 1.308103593757068 ] ], [ [ 103.804198859247364, 1.310173467191472 ], [ 103.804235700000433, 1.310051100000015 ], [ 103.804232345504019, 1.310164510257676 ], [ 103.804198859247364, 1.310173467191472 ] ], [ [ 103.804313155840006, 1.310142895035421 ], [ 103.804315756559944, 1.310054968632218 ], [ 103.804316145565494, 1.310055857441772 ], [ 103.804328309807275, 1.310138841637284 ], [ 103.804313155840006, 1.310142895035421 ] ], [ [ 103.804125200000612, 1.310017399999871 ], [ 103.804073716809242, 1.310188402272239 ], [ 103.803978789480794, 1.310187035726139 ], [ 103.804125200000612, 1.310017399999871 ] ], [ [ 103.804391900000013, 1.310042200000398 ], [ 103.804396118600749, 1.310050956455804 ], [ 103.804393402984118, 1.310052453324031 ], [ 103.804391900000013, 1.310042200000398 ] ], [ [ 103.803906940792032, 1.310186001409896 ], [ 103.803891988572644, 1.310185786161658 ], [ 103.80386163173867, 1.310182154103936 ], [ 103.803854596674228, 1.310180019991481 ], [ 103.803850160930679, 1.310175753228125 ], [ 103.80381864840075, 1.310120455874146 ], [ 103.803827008418139, 1.310116116756776 ], [ 103.803906940792032, 1.310186001409896 ] ], [ [ 103.803224200000486, 1.308230800000701 ], [ 103.803224199997786, 1.308230800000701 ], [ 103.803224200000486, 1.308230799999797 ], [ 103.803224200000486, 1.308230800000701 ] ], [ [ 103.803200500001537, 1.308191099998707 ], [ 103.803019302068151, 1.308300676086186 ], [ 103.803008929329479, 1.308285596125938 ], [ 103.803006548186929, 1.308279069112151 ], [ 103.803200500001537, 1.308191099998707 ] ], [ [ 103.804699978565623, 1.310600952245467 ], [ 103.804700134935118, 1.310600910419499 ], [ 103.804708599976848, 1.310632499914908 ], [ 103.804699978565623, 1.310600952245467 ] ], [ [ 103.80418333711259, 1.310505111973222 ], [ 103.80417280000016, 1.310461200001143 ], [ 103.804184304313409, 1.31050476843633 ], [ 103.80418333711259, 1.310505111973222 ] ], [ [ 103.806588599999273, 1.315601299999418 ], [ 103.80662975002673, 1.315620856601018 ], [ 103.806625022059649, 1.315631698033922 ], [ 103.806588599999273, 1.315601299999418 ] ], [ [ 103.80669707683748, 1.315466473287306 ], [ 103.806660100000471, 1.31544890000057 ], [ 103.806697211008782, 1.315456496946294 ], [ 103.806697266937633, 1.315466037379284 ], [ 103.80669707683748, 1.315466473287306 ] ], [ [ 103.806562900000571, 1.313234600000374 ], [ 103.806697205571083, 1.313361764647393 ], [ 103.806697207074706, 1.313361816547085 ], [ 103.806562900000571, 1.313234600000374 ] ], [ [ 103.806606975114377, 1.314337782946922 ], [ 103.806654200001077, 1.31432749999931 ], [ 103.806570233563662, 1.314375998556287 ], [ 103.806453300001053, 1.314412000000182 ], [ 103.806606975114377, 1.314337782946922 ] ], [ [ 103.80668530000051, 1.315324199999822 ], [ 103.806696436238738, 1.315324333732997 ], [ 103.806696448834316, 1.315326482262846 ], [ 103.80668530000051, 1.315324199999822 ] ], [ [ 103.806260144016633, 1.316960333050975 ], [ 103.806281159329927, 1.316936400995731 ], [ 103.806284900000392, 1.316940132377007 ], [ 103.8062849, 1.317013100000245 ], [ 103.806260144016633, 1.316960333050975 ] ], [ [ 103.806130139291241, 1.317108381283513 ], [ 103.806145929782076, 1.317125312172857 ], [ 103.806141747843711, 1.317134866216876 ], [ 103.806122919830017, 1.317116602741872 ], [ 103.806130139291241, 1.317108381283513 ] ], [ [ 103.803638765465848, 1.316648909103717 ], [ 103.803689959032042, 1.316646688760206 ], [ 103.803706637234569, 1.316647105716217 ], [ 103.803745473651162, 1.316675538734705 ], [ 103.803808142230551, 1.316732720512792 ], [ 103.803653743317241, 1.316888494160857 ], [ 103.803646874438897, 1.316778619886389 ], [ 103.803680065859751, 1.316758721545993 ], [ 103.803641563331794, 1.316693663653227 ], [ 103.803638765465848, 1.316648909103717 ] ], [ [ 103.805373009604793, 1.317372911562313 ], [ 103.805373177852189, 1.317372991901631 ], [ 103.805372390649097, 1.317374082048159 ], [ 103.805372329394558, 1.317374029741734 ], [ 103.805373009604793, 1.317372911562313 ] ], [ [ 103.805354713994788, 1.317421417529882 ], [ 103.805356466388176, 1.317422913931194 ], [ 103.805356463905426, 1.317422917742158 ], [ 103.805354712384556, 1.317421419759123 ], [ 103.805354713994788, 1.317421417529882 ] ], [ [ 103.806041541429593, 1.317542607343426 ], [ 103.806028500001162, 1.317529800000945 ], [ 103.806041626078411, 1.317542532505478 ], [ 103.806041541429593, 1.317542607343426 ] ], [ [ 103.806230638587294, 1.317709722818174 ], [ 103.806279861719048, 1.317658319414423 ], [ 103.806408844822911, 1.317791988420584 ], [ 103.806448792640708, 1.317833434285177 ], [ 103.806610181808409, 1.31767585915942 ], [ 103.806610199088055, 1.317675895479792 ], [ 103.80644895179752, 1.317833599270135 ], [ 103.806706336107283, 1.318100183041244 ], [ 103.807165857251078, 1.31857628949133 ], [ 103.807307605918268, 1.318733407330178 ], [ 103.807409746990984, 1.318640061480347 ], [ 103.807409883697758, 1.318640212231215 ], [ 103.807307885358298, 1.318733716589627 ], [ 103.807327514479695, 1.318755406771231 ], [ 103.807920415446432, 1.319415964339129 ], [ 103.807910299794827, 1.31942466748436 ], [ 103.807303163001308, 1.318887866383004 ], [ 103.806960309872125, 1.318545590961149 ], [ 103.806583463958205, 1.318105790115878 ], [ 103.806379300000472, 1.318283000000289 ], [ 103.806578740836869, 1.318100422995698 ], [ 103.806371011493155, 1.317870561018845 ], [ 103.806230638587294, 1.317709722818174 ] ], [ [ 103.806679735892345, 1.317293777395839 ], [ 103.806670635876188, 1.317284346781195 ], [ 103.806686130961651, 1.317268611460102 ], [ 103.806774475101278, 1.317184493045352 ], [ 103.806795947602552, 1.31717703731591 ], [ 103.806847687234665, 1.317175422913404 ], [ 103.806865853762957, 1.317180184696574 ], [ 103.806900284839656, 1.317047122530971 ], [ 103.80701687682938, 1.317157960907021 ], [ 103.807178674184385, 1.316985555192431 ], [ 103.80717903899648, 1.316985946263425 ], [ 103.807019965747017, 1.317160851710483 ], [ 103.807076525355811, 1.317212959403296 ], [ 103.807137126962616, 1.317268051776768 ], [ 103.807211353211358, 1.317337818509559 ], [ 103.807272932424198, 1.317394574021074 ], [ 103.807334141514815, 1.317450300217417 ], [ 103.808182345674311, 1.318235063954129 ], [ 103.80836480000049, 1.318035300000545 ], [ 103.808186111609189, 1.31823848300059 ], [ 103.809019911620837, 1.318981283059812 ], [ 103.809198599999732, 1.318778099999581 ], [ 103.809198600000641, 1.318778100000485 ], [ 103.809036081639206, 1.318994600095743 ], [ 103.809228786503255, 1.319141133951236 ], [ 103.809300232149369, 1.319190087451199 ], [ 103.809383709535567, 1.319234963194446 ], [ 103.809589195874338, 1.319363456149704 ], [ 103.809828128596422, 1.31947927959405 ], [ 103.809995057685455, 1.319555285606831 ], [ 103.810592498982899, 1.319830382821317 ], [ 103.811047520001182, 1.320075948181451 ], [ 103.811260721819266, 1.320202856223595 ], [ 103.811372913760621, 1.320288655057871 ], [ 103.811555332972446, 1.320449796025926 ], [ 103.811559200000389, 1.320496200000054 ], [ 103.811378669079176, 1.320294673502523 ], [ 103.811076169651301, 1.320569174777273 ], [ 103.810568289434272, 1.321019959545679 ], [ 103.810266481461781, 1.321284078472961 ], [ 103.809997441455209, 1.320987763763217 ], [ 103.810017028893327, 1.320971474046963 ], [ 103.80967357113569, 1.320553125940817 ], [ 103.809639344205465, 1.320581590454315 ], [ 103.809610106194341, 1.320547372972923 ], [ 103.809405698595768, 1.320724301215801 ], [ 103.809610078393447, 1.320547340442662 ], [ 103.808931532764788, 1.319753486588715 ], [ 103.808975119809617, 1.319753239283346 ], [ 103.808973599999433, 1.319481899998345 ], [ 103.809089784124595, 1.319726753805075 ], [ 103.809125984127107, 1.319709353803736 ], [ 103.809009800000055, 1.31946450000043 ], [ 103.809228861470487, 1.319622666203469 ], [ 103.809248961468541, 1.319594466200987 ], [ 103.809029900000141, 1.319436300000619 ], [ 103.80929949955798, 1.319436299985508 ], [ 103.809299499552779, 1.319394799985363 ], [ 103.809299499542334, 1.319294199984904 ], [ 103.808972548665778, 1.319294199999325 ], [ 103.808972080189932, 1.319210560716371 ], [ 103.808643485181634, 1.319212425092119 ], [ 103.808613563887434, 1.319188663350011 ], [ 103.807832898839465, 1.318301766776684 ], [ 103.807729627596686, 1.31839384822202 ], [ 103.807728421367969, 1.318392504349095 ], [ 103.80783043612135, 1.318299007169605 ], [ 103.807809536121113, 1.318275907171174 ], [ 103.807707525568688, 1.318369400499986 ], [ 103.807707424328242, 1.31836928862904 ], [ 103.807809328664092, 1.318275678139609 ], [ 103.807271028654952, 1.317682078181208 ], [ 103.807156266121069, 1.31778750033834 ], [ 103.807151115825675, 1.317782164154829 ], [ 103.807186911380228, 1.317750890140955 ], [ 103.807245293253899, 1.317638656003285 ], [ 103.807259963607535, 1.317512187316921 ], [ 103.807227081720995, 1.317388753820859 ], [ 103.807153113564667, 1.317286797726142 ], [ 103.807047484237046, 1.317218213758208 ], [ 103.806924076554992, 1.317192732819627 ], [ 103.806800419033053, 1.317213590715739 ], [ 103.806757954441096, 1.317238754918392 ], [ 103.806757990544909, 1.317238158332074 ], [ 103.806731890547184, 1.317236558332192 ], [ 103.806730783201672, 1.317254856393052 ], [ 103.806692550345929, 1.317277512898522 ], [ 103.806679735892345, 1.317293777395839 ] ], [ [ 103.80617, 1.318051400000117 ], [ 103.806066763777295, 1.31814590700165 ], [ 103.806065182071933, 1.318144068241034 ], [ 103.80617, 1.318051400000117 ] ], [ [ 103.805876383499623, 1.318126132872723 ], [ 103.805771499999963, 1.318217200000436 ], [ 103.805876204908486, 1.318125928244693 ], [ 103.805876383499623, 1.318126132872723 ] ], [ [ 103.806730121911315, 1.318759337467299 ], [ 103.806730123098319, 1.318759336437241 ], [ 103.80673099998458, 1.31876029998291 ], [ 103.806730121911315, 1.318759337467299 ] ], [ [ 103.806611335292772, 1.318884692627598 ], [ 103.806611243609851, 1.318884785657686 ], [ 103.806606985198314, 1.318879995514516 ], [ 103.806607021519, 1.318879964007751 ], [ 103.806611335292772, 1.318884692627598 ] ], [ [ 103.806523136219312, 1.319276975928904 ], [ 103.806523159013523, 1.319276999558388 ], [ 103.80652270000472, 1.319277399996091 ], [ 103.806523136219312, 1.319276975928904 ] ], [ [ 103.80784621305888, 1.319769882685357 ], [ 103.807846671172754, 1.319769378830596 ], [ 103.807846939666859, 1.319769684689462 ], [ 103.807846489232844, 1.319770194926403 ], [ 103.80784621305888, 1.319769882685357 ] ], [ [ 103.807915599114168, 1.319527251583788 ], [ 103.807912878735053, 1.319530243579079 ], [ 103.807910256842803, 1.319527286209427 ], [ 103.807912979305158, 1.319524167060501 ], [ 103.807915599114168, 1.319527251583788 ] ], [ [ 103.807794861511354, 1.319659495597706 ], [ 103.807795107762956, 1.319659773357741 ], [ 103.80778290000012, 1.319673200000452 ], [ 103.807794861511354, 1.319659495597706 ] ], [ [ 103.80811592743683, 1.319528162641193 ], [ 103.808116543898421, 1.319527608210501 ], [ 103.808124490595191, 1.319537239821281 ], [ 103.808124033163807, 1.319537706199235 ], [ 103.80811592743683, 1.319528162641193 ] ], [ [ 103.808025043607969, 1.319656109865496 ], [ 103.808030577327187, 1.319662625181569 ], [ 103.808030402541746, 1.319662804839037 ], [ 103.808024755933275, 1.319656435733142 ], [ 103.808025043607969, 1.319656109865496 ] ], [ [ 103.808498800030605, 1.320423799971648 ], [ 103.808663152336919, 1.320271636780765 ], [ 103.808665380898461, 1.32027424405352 ], [ 103.808498800030605, 1.320423799971648 ] ], [ [ 103.808750922782195, 1.320374322482885 ], [ 103.808751681913492, 1.32037521061624 ], [ 103.80858610000044, 1.320522299999683 ], [ 103.808750922782195, 1.320374322482885 ] ], [ [ 103.808891800000083, 1.320870900000137 ], [ 103.808695789246414, 1.321057202146178 ], [ 103.808881790144213, 1.321255435764799 ], [ 103.808619241634503, 1.321485208063069 ], [ 103.808620648171029, 1.321045842272481 ], [ 103.808628375711649, 1.32098056059556 ], [ 103.808689669581355, 1.3210504560545 ], [ 103.808891800000083, 1.320870900000137 ] ], [ [ 103.809790300981646, 1.321160647029141 ], [ 103.809794731479485, 1.321156570475338 ], [ 103.809794732439116, 1.321156571479192 ], [ 103.809790301093969, 1.321160647152135 ], [ 103.809790300981646, 1.321160647029141 ] ], [ [ 103.809243772913803, 1.321238413962161 ], [ 103.809243777086635, 1.32123841960634 ], [ 103.809241273942703, 1.3212407923976 ], [ 103.809241272404407, 1.321240790618699 ], [ 103.809243772913803, 1.321238413962161 ] ], [ [ 103.809116291493737, 1.321769365954572 ], [ 103.809246310772821, 1.321655578087831 ], [ 103.809525099335588, 1.32197110550586 ], [ 103.809431530719223, 1.322055504813997 ], [ 103.809116291493737, 1.321769365954572 ] ], [ [ 103.810094500025983, 1.321496899976619 ], [ 103.81009474933154, 1.321496670680946 ], [ 103.810094751488052, 1.321496673110994 ], [ 103.810094500025983, 1.321496899976619 ] ], [ [ 103.810187379904264, 1.321413105270369 ], [ 103.810186581273655, 1.321412209418326 ], [ 103.810189181816554, 1.321409817601894 ], [ 103.810189988731466, 1.321410751629051 ], [ 103.810187379904264, 1.321413105270369 ] ], [ [ 103.810313274857066, 1.321553458728794 ], [ 103.810313391574212, 1.321553593832907 ], [ 103.810312964659346, 1.32155397788995 ], [ 103.810312846420018, 1.321553845257452 ], [ 103.810313274857066, 1.321553458728794 ] ], [ [ 103.810219908712824, 1.321637692138752 ], [ 103.810219908724505, 1.321637692151413 ], [ 103.810219899667018, 1.321637700300557 ], [ 103.810219908712824, 1.321637692138752 ] ], [ [ 103.810575357365053, 1.321732917169802 ], [ 103.810585795151212, 1.32172378283023 ], [ 103.810430000000395, 1.321868400000236 ], [ 103.810575357365053, 1.321732917169802 ] ], [ [ 103.810770322807087, 1.321252370066737 ], [ 103.810770321761197, 1.321252368855783 ], [ 103.810770399985287, 1.321252300012649 ], [ 103.810770322807087, 1.321252370066737 ] ], [ [ 103.81180804736897, 1.319359569476992 ], [ 103.811814564446124, 1.319338637391984 ], [ 103.811813300382099, 1.31933823872531 ], [ 103.811875000002402, 1.319273899997534 ], [ 103.81180804736897, 1.319359569476992 ] ], [ [ 103.812229151679361, 1.318377884302786 ], [ 103.81222756542256, 1.318376582244781 ], [ 103.812233808801707, 1.31837403735724 ], [ 103.812235343840257, 1.318375542696072 ], [ 103.812229151679361, 1.318377884302786 ] ], [ [ 103.81225801331793, 1.318366970081631 ], [ 103.812256970248995, 1.318364596432177 ], [ 103.812281195782404, 1.31835472177002 ], [ 103.812280799558096, 1.31835835331237 ], [ 103.81225801331793, 1.318366970081631 ] ], [ [ 103.809735755962421, 1.316410691678202 ], [ 103.809717537014407, 1.316361492584145 ], [ 103.809968400000443, 1.316285899999939 ], [ 103.809735755962421, 1.316410691678202 ] ], [ [ 103.810157954211022, 1.316111994191561 ], [ 103.810157713360525, 1.316111829368858 ], [ 103.810078999715856, 1.316000199596682 ], [ 103.810157954211022, 1.316111994191561 ] ], [ [ 103.812212735937891, 1.314878105380223 ], [ 103.812207943316849, 1.314888930653713 ], [ 103.812207502825629, 1.314888970848066 ], [ 103.812212326119408, 1.314878164348543 ], [ 103.812212735937891, 1.314878105380223 ] ], [ [ 103.812279813035133, 1.314868453669356 ], [ 103.812279820062685, 1.314868452658335 ], [ 103.812273399556176, 1.314882957846569 ], [ 103.812273391339829, 1.314882958597121 ], [ 103.812279813035133, 1.314868453669356 ] ], [ [ 103.812281724641565, 1.314864149839607 ], [ 103.812281723137488, 1.31486413924858 ], [ 103.812312197789353, 1.314795304994748 ], [ 103.812281724641565, 1.314864149839607 ] ], [ [ 103.811827472288556, 1.314897326126709 ], [ 103.811827469349566, 1.314897621831309 ], [ 103.811826957401735, 1.314897695495509 ], [ 103.811826938592191, 1.314897402058867 ], [ 103.811827472288556, 1.314897326126709 ] ], [ [ 103.811765641228334, 1.314906123166757 ], [ 103.811765666323282, 1.314906514645623 ], [ 103.811764506758024, 1.314906681495338 ], [ 103.811764262613352, 1.314906319309651 ], [ 103.811765641228334, 1.314906123166757 ] ], [ [ 103.812419899999909, 1.311934200000235 ], [ 103.812441465719033, 1.311937955979012 ], [ 103.812441380259116, 1.311939014193465 ], [ 103.812419899999909, 1.311934200000235 ] ], [ [ 103.812438520275492, 1.31173856073127 ], [ 103.812438550931276, 1.311738238632107 ], [ 103.81245310000017, 1.311741100000398 ], [ 103.812438520275492, 1.31173856073127 ] ], [ [ 103.812274108161844, 1.311705897634198 ], [ 103.812368381156361, 1.311724438327653 ], [ 103.812368323983861, 1.311726335037601 ], [ 103.81227581211715, 1.31171022276265 ], [ 103.812274108161844, 1.311705897634198 ] ], [ [ 103.812381415939583, 1.311727001880835 ], [ 103.812394368696232, 1.311729549302106 ], [ 103.812394244943533, 1.311730849545924 ], [ 103.812381367563631, 1.311728606765044 ], [ 103.812381415939583, 1.311727001880835 ] ], [ [ 103.812541741938901, 1.311717110256664 ], [ 103.812542164090146, 1.311717180891074 ], [ 103.812542117549853, 1.31171957140502 ], [ 103.812541552161193, 1.311719460209563 ], [ 103.812541741938901, 1.311717110256664 ] ], [ [ 103.812522355716354, 1.311957162552818 ], [ 103.81252276333818, 1.311952115125253 ], [ 103.812537540104969, 1.311954688710764 ], [ 103.812537426184406, 1.311960540171613 ], [ 103.812522355716354, 1.311957162552818 ] ], [ [ 103.815105863120095, 1.316499099748402 ], [ 103.815105945324206, 1.316499072954491 ], [ 103.815106600000476, 1.316500900000157 ], [ 103.815105863120095, 1.316499099748402 ] ], [ [ 103.81278610000011, 1.316080700000741 ], [ 103.812805355216838, 1.316104879256603 ], [ 103.812805163467772, 1.316104786789158 ], [ 103.81278610000011, 1.316080700000741 ] ], [ [ 103.813010311911839, 1.316301104270745 ], [ 103.813021161805509, 1.316302632614736 ], [ 103.812838100016307, 1.316399999990741 ], [ 103.813010311911839, 1.316301104270745 ] ], [ [ 103.812775400000348, 1.316289400000461 ], [ 103.812883112351457, 1.316227232258998 ], [ 103.812883282135374, 1.316227446782019 ], [ 103.812775400000348, 1.316289400000461 ] ], [ [ 103.812930500036558, 1.316603599992465 ], [ 103.812857841045343, 1.316618165763448 ], [ 103.812858729081555, 1.316617812549478 ], [ 103.812930500036558, 1.316603599992465 ] ], [ [ 103.81294409999964, 1.316686499999984 ], [ 103.812803283954281, 1.316699222310396 ], [ 103.812803260856171, 1.316699218419628 ], [ 103.81294409999964, 1.316686499999984 ] ], [ [ 103.812990594195583, 1.317089715845968 ], [ 103.812989741290352, 1.317089899997443 ], [ 103.812889699999985, 1.317089900000262 ], [ 103.812990594195583, 1.317089715845968 ] ], [ [ 103.813121401931298, 1.317349869179677 ], [ 103.813077500000318, 1.317437600000078 ], [ 103.813121393196425, 1.317349875706406 ], [ 103.813121401931298, 1.317349869179677 ] ], [ [ 103.81434145844436, 1.316284204038637 ], [ 103.81434155017385, 1.316284198374399 ], [ 103.814331243562336, 1.316296993001164 ], [ 103.814331184028092, 1.3162969750346 ], [ 103.81434145844436, 1.316284204038637 ] ], [ [ 103.814702123098058, 1.316647017122056 ], [ 103.814702151225475, 1.316647008043351 ], [ 103.814707449915332, 1.316664809045894 ], [ 103.814706116259501, 1.316663791981069 ], [ 103.814702123098058, 1.316647017122056 ] ], [ [ 103.814789869478858, 1.316586160138572 ], [ 103.814789834520553, 1.316586062787979 ], [ 103.814789841925531, 1.316586060386946 ], [ 103.814789876860459, 1.316586157755626 ], [ 103.814789869478858, 1.316586160138572 ] ], [ [ 103.814839213719253, 1.316570232765084 ], [ 103.814839154533828, 1.316570067808533 ], [ 103.814839461605331, 1.316569968222191 ], [ 103.8148395189029, 1.316570134257636 ], [ 103.814839213719253, 1.316570232765084 ] ], [ [ 103.814728200000403, 1.316638600002066 ], [ 103.814748986891445, 1.316696485739315 ], [ 103.814744386000726, 1.316692977034091 ], [ 103.814728200000403, 1.316638600002066 ] ], [ [ 103.81480089193181, 1.318069847629847 ], [ 103.814800708167596, 1.318069439041055 ], [ 103.81479998098213, 1.318064629310723 ], [ 103.814800083629223, 1.318064606706898 ], [ 103.81480089193181, 1.318069847629847 ] ], [ [ 103.814797567137418, 1.318048290125218 ], [ 103.814797512471273, 1.318048302162806 ], [ 103.814797471156993, 1.318048028905108 ], [ 103.814797525007265, 1.318048016958855 ], [ 103.814797567137418, 1.318048290125218 ] ], [ [ 103.81403245572686, 1.317890662414825 ], [ 103.814092146430667, 1.317896162714228 ], [ 103.8140931624865, 1.317899904547933 ], [ 103.814033027634565, 1.317891538477294 ], [ 103.81403245572686, 1.317890662414825 ] ], [ [ 103.813402000000337, 1.318248500000302 ], [ 103.813402247661841, 1.318255952364649 ], [ 103.81340224313044, 1.318255952154801 ], [ 103.813402000000337, 1.318248500000302 ] ], [ [ 103.813975000000539, 1.318184500000068 ], [ 103.81400733367424, 1.318216981456776 ], [ 103.814007335553001, 1.318216996700761 ], [ 103.813975000000539, 1.318184500000068 ] ], [ [ 103.814095241625353, 1.318381388431666 ], [ 103.814067700695517, 1.318353682404982 ], [ 103.814067798662151, 1.318353649010273 ], [ 103.814095346431927, 1.318381334063889 ], [ 103.814095241625353, 1.318381388431666 ] ], [ [ 103.814145150532653, 1.318355498481712 ], [ 103.814124184525156, 1.318334427990812 ], [ 103.814124230324467, 1.318334412379121 ], [ 103.814145196669855, 1.318355474548061 ], [ 103.814145150532653, 1.318355498481712 ] ], [ [ 103.814229964221028, 1.318311501879742 ], [ 103.814249638662673, 1.318291662719916 ], [ 103.814303800000289, 1.318273200000646 ], [ 103.814229964221028, 1.318311501879742 ] ], [ [ 103.814544497074564, 1.318142609041889 ], [ 103.814539766317495, 1.318128550980767 ], [ 103.814539463537571, 1.318126094220422 ], [ 103.81455320000056, 1.318148499999829 ], [ 103.814544497074564, 1.318142609041889 ] ], [ [ 103.814610119973082, 1.318106439226553 ], [ 103.814610148544361, 1.318106432935105 ], [ 103.814613100000514, 1.318111300000039 ], [ 103.814610119973082, 1.318106439226553 ] ], [ [ 103.814543434475098, 1.317916674404511 ], [ 103.814543439902252, 1.317916686472394 ], [ 103.814517754194299, 1.317922384516881 ], [ 103.814517742651645, 1.317922365481726 ], [ 103.814543434475098, 1.317916674404511 ] ], [ [ 103.814500802977193, 1.317926117842976 ], [ 103.814500817453563, 1.3179261417156 ], [ 103.814499731464394, 1.317926382628263 ], [ 103.814499716657352, 1.317926358477093 ], [ 103.814500802977193, 1.317926117842976 ] ], [ [ 103.814426899158505, 1.317942488510304 ], [ 103.814426926696086, 1.317942533429401 ], [ 103.814321119967872, 1.317966005286028 ], [ 103.814328309489383, 1.317998835006979 ], [ 103.814324534632249, 1.318004484131395 ], [ 103.814267369689773, 1.318036859409762 ], [ 103.814274139165661, 1.317987569122896 ], [ 103.814310803619165, 1.317918828605684 ], [ 103.814321102164584, 1.317965923931962 ], [ 103.814426899158505, 1.317942488510304 ] ], [ [ 103.814298255643351, 1.317861446611864 ], [ 103.814286786423054, 1.317882949731509 ], [ 103.814291537239512, 1.317830723297096 ], [ 103.814298255643351, 1.317861446611864 ] ], [ [ 103.814314653842217, 1.317576599002219 ], [ 103.814314690738897, 1.317576193386829 ], [ 103.814502899739082, 1.3175349000571 ], [ 103.814314653842217, 1.317576599002219 ] ], [ [ 103.814270950946394, 1.317912638946972 ], [ 103.814264992659147, 1.317923809868831 ], [ 103.814212580152002, 1.317916518148616 ], [ 103.81421310117355, 1.317907308286912 ], [ 103.814270950946394, 1.317912638946972 ] ], [ [ 103.81417826960579, 1.317904098675347 ], [ 103.814177840425771, 1.317911685095636 ], [ 103.814136609245537, 1.317905948939443 ], [ 103.814135024777613, 1.317900113810157 ], [ 103.81417826960579, 1.317904098675347 ] ], [ [ 103.8140125524924, 1.318222239638923 ], [ 103.81401256622587, 1.318222237924355 ], [ 103.814054801780273, 1.318264666515351 ], [ 103.814054777288391, 1.318264674864254 ], [ 103.8140125524924, 1.318222239638923 ] ], [ [ 103.814245941174789, 1.318193102698207 ], [ 103.814275600000315, 1.318189400000432 ], [ 103.814245027937474, 1.318199821519795 ], [ 103.814245941174789, 1.318193102698207 ] ], [ [ 103.814035207174712, 1.318320895103458 ], [ 103.81403525753737, 1.318321044762629 ], [ 103.813937300447293, 1.318222500449582 ], [ 103.814035207174712, 1.318320895103458 ] ], [ [ 103.81435958928131, 1.318275647684942 ], [ 103.81435978847388, 1.318275544355577 ], [ 103.814347200000071, 1.318313800000255 ], [ 103.81435958928131, 1.318275647684942 ] ], [ [ 103.813287400058186, 1.319031700000763 ], [ 103.813235463492916, 1.319030694699919 ], [ 103.81323543802354, 1.319030686460045 ], [ 103.813287400058186, 1.319031700000763 ] ], [ [ 103.812957134686243, 1.316138796770913 ], [ 103.812956975800176, 1.316138888473989 ], [ 103.81296139999985, 1.316023800000078 ], [ 103.812957134686243, 1.316138796770913 ] ], [ [ 103.811138844883487, 1.313495943506469 ], [ 103.811142047974883, 1.31347326436889 ], [ 103.811196574268777, 1.313552063501999 ], [ 103.811194166039613, 1.313555012149672 ], [ 103.811138844883487, 1.313495943506469 ] ], [ [ 103.810704300000225, 1.314084000000121 ], [ 103.810680065471772, 1.314095987472289 ], [ 103.810660837300048, 1.314083999999643 ], [ 103.810704300000225, 1.314084000000121 ] ], [ [ 103.810721000000953, 1.314118199999454 ], [ 103.810719456585517, 1.314120545181943 ], [ 103.81071804188764, 1.314119663213676 ], [ 103.810721000000953, 1.314118199999454 ] ], [ [ 103.810632480151739, 1.314252703798996 ], [ 103.810632004150932, 1.314253427071106 ], [ 103.810549519284848, 1.314203021957008 ], [ 103.810551342667509, 1.314202120031005 ], [ 103.810632480151739, 1.314252703798996 ] ], [ [ 103.811018152700825, 1.313687022019439 ], [ 103.811050582484384, 1.313713442779054 ], [ 103.811042699539442, 1.313713411828769 ], [ 103.810998238756696, 1.313690284163985 ], [ 103.811018152700825, 1.313687022019439 ] ], [ [ 103.810005380675051, 1.314538178458283 ], [ 103.809985618573933, 1.314556096617797 ], [ 103.809978780812756, 1.314555578745921 ], [ 103.809996205590622, 1.314538476056288 ], [ 103.810005380675051, 1.314538178458283 ] ], [ [ 103.809842088062865, 1.314495864460923 ], [ 103.809954672333305, 1.314447352328232 ], [ 103.809906114427349, 1.314495012666363 ], [ 103.809842088062865, 1.314495864460923 ] ], [ [ 103.809634100000011, 1.314616100000525 ], [ 103.809638602025089, 1.314619957980688 ], [ 103.809648307570583, 1.314632925990048 ], [ 103.809643859884289, 1.314638995294099 ], [ 103.809634100000011, 1.314616100000525 ] ], [ [ 103.809787700000541, 1.314611238249301 ], [ 103.809787700000669, 1.31458120000362 ], [ 103.809791411970423, 1.314607594893385 ], [ 103.809787700000541, 1.314611238249301 ] ], [ [ 103.809712693534649, 1.314684858241739 ], [ 103.809712806217988, 1.31468354677032 ], [ 103.809713459411967, 1.314684106521263 ], [ 103.809712693534649, 1.314684858241739 ] ], [ [ 103.809889000000439, 1.314643700000104 ], [ 103.80994824717213, 1.31458554798684 ], [ 103.809952759472921, 1.314585889735394 ], [ 103.809889000000439, 1.314643700000104 ] ], [ [ 103.809945299997295, 1.314706600003304 ], [ 103.80985522365566, 1.314801678933617 ], [ 103.809853551382417, 1.314789787819 ], [ 103.809945299997295, 1.314706600003304 ] ], [ [ 103.810284500000392, 1.314906799999955 ], [ 103.810324306752918, 1.315100689242098 ], [ 103.810300094159757, 1.315161406659807 ], [ 103.810293293220923, 1.315129176059908 ], [ 103.810287146850627, 1.315130489836596 ], [ 103.810284500000392, 1.314906799999955 ] ], [ [ 103.810342199999909, 1.314894799999388 ], [ 103.810388975267699, 1.314943346359988 ], [ 103.810379103861194, 1.314964486490771 ], [ 103.810434667816949, 1.314990769005028 ], [ 103.81045519648562, 1.315012074965923 ], [ 103.810372900638711, 1.314978831352848 ], [ 103.810364022861904, 1.315001093972038 ], [ 103.810342199999909, 1.314894799999388 ] ], [ [ 103.810425956451937, 1.314864116546226 ], [ 103.810400600000079, 1.314837800000522 ], [ 103.810430666028424, 1.314853982016576 ], [ 103.810425956451937, 1.314864116546226 ] ], [ [ 103.810567002676947, 1.315053365202742 ], [ 103.810575026327413, 1.315057160498579 ], [ 103.810573009968635, 1.315059666011411 ], [ 103.810564195281799, 1.315056105297777 ], [ 103.810567002676947, 1.315053365202742 ] ], [ [ 103.810228885916757, 1.315142943013974 ], [ 103.810210994146985, 1.315146767350055 ], [ 103.810226099999724, 1.314907500000119 ], [ 103.810228885916757, 1.315142943013974 ] ], [ [ 103.810334275672687, 1.315323397624034 ], [ 103.810347350873172, 1.315328679383851 ], [ 103.81034828915196, 1.315360412532318 ], [ 103.810341817876377, 1.315359141175334 ], [ 103.810334275672687, 1.315323397624034 ] ], [ [ 103.811022800000444, 1.315257200000063 ], [ 103.811093227303914, 1.315171923679797 ], [ 103.811107914127533, 1.315188138858449 ], [ 103.811022800000444, 1.315257200000063 ] ], [ [ 103.811142541312606, 1.315226369451147 ], [ 103.811161037197593, 1.315246790071211 ], [ 103.811054999998888, 1.315297400000629 ], [ 103.811142541312606, 1.315226369451147 ] ], [ [ 103.810613556129738, 1.315757593484537 ], [ 103.810613311358793, 1.315757735294805 ], [ 103.810559894892705, 1.315759340758206 ], [ 103.810559758450395, 1.315759253267815 ], [ 103.810613556129738, 1.315757593484537 ] ], [ [ 103.810440762469653, 1.316088056129796 ], [ 103.810433822381142, 1.316074501925454 ], [ 103.810515116987432, 1.316006955166648 ], [ 103.810517907779669, 1.316009131694099 ], [ 103.810440762469653, 1.316088056129796 ] ], [ [ 103.810323516072984, 1.315857526399562 ], [ 103.810373620710251, 1.315896602804147 ], [ 103.810349799981608, 1.315910403613378 ], [ 103.810322737522711, 1.315857549800004 ], [ 103.810323516072984, 1.315857526399562 ] ], [ [ 103.810292681062208, 1.315858453161048 ], [ 103.810292699474402, 1.315858452607748 ], [ 103.810298100000011, 1.31586900000017 ], [ 103.810292681062208, 1.315858453161048 ] ], [ [ 103.810428765117379, 1.315939609701603 ], [ 103.810436718701951, 1.31594581266999 ], [ 103.810388460883274, 1.315985909537787 ], [ 103.810379398651619, 1.315968210722761 ], [ 103.810428765117379, 1.315939609701603 ] ], [ [ 103.810259547671777, 1.315962692305796 ], [ 103.810259532689273, 1.315962700985748 ], [ 103.810229700000022, 1.315904600000423 ], [ 103.810259547671777, 1.315962692305796 ] ], [ [ 103.810289195426577, 1.316020470978013 ], [ 103.810289225306249, 1.316020453666944 ], [ 103.810306476457143, 1.316054029453295 ], [ 103.810306441407107, 1.316054058575319 ], [ 103.810289195426577, 1.316020470978013 ] ], [ [ 103.81027619770154, 1.317540225685712 ], [ 103.810487764990953, 1.317671351131642 ], [ 103.81022161865441, 1.318024999822928 ], [ 103.810537618665435, 1.318265899843336 ], [ 103.810681258831906, 1.318075034317219 ], [ 103.810681669995631, 1.318075620303121 ], [ 103.810542228354038, 1.318269336935212 ], [ 103.810566228354148, 1.318286836936704 ], [ 103.810699734652502, 1.318101365865594 ], [ 103.810847420214117, 1.31831184577791 ], [ 103.810879897579625, 1.318288761865256 ], [ 103.811165845755482, 1.318085604915989 ], [ 103.811228747218038, 1.318122573570369 ], [ 103.81132567522603, 1.318188799982541 ], [ 103.811400696807283, 1.318077574175267 ], [ 103.811400635192925, 1.318078167297725 ], [ 103.811326132951663, 1.31818911203581 ], [ 103.811386936665727, 1.318230473317476 ], [ 103.811368552271475, 1.318519249240538 ], [ 103.8116376, 1.318536600000088 ], [ 103.811368413542496, 1.31852158631911 ], [ 103.811364718208139, 1.318588701443388 ], [ 103.811353934263522, 1.318782367394877 ], [ 103.811232244381102, 1.318739131378379 ], [ 103.811052755599789, 1.319250868617039 ], [ 103.811173514089361, 1.319293773713643 ], [ 103.811227255323274, 1.319412489632256 ], [ 103.811219530089218, 1.319438136443221 ], [ 103.810999882160644, 1.319334761557766 ], [ 103.810974962075591, 1.31938839829582 ], [ 103.8108108557999, 1.319334142543707 ], [ 103.810218342291918, 1.319061314387127 ], [ 103.810207331122314, 1.319056300791661 ], [ 103.810522880921198, 1.318626342420297 ], [ 103.810087998464141, 1.318303035884042 ], [ 103.810056065048585, 1.318274038188487 ], [ 103.810023831114762, 1.318237146602242 ], [ 103.809859300120905, 1.318044174575648 ], [ 103.80983767765737, 1.318016405696384 ], [ 103.810184866882864, 1.317639220908296 ], [ 103.81027619770154, 1.317540225685712 ] ], [ [ 103.808541588271865, 1.317057877691281 ], [ 103.80854080289653, 1.317059284857545 ], [ 103.808533700000623, 1.317052499999974 ], [ 103.808541588271865, 1.317057877691281 ] ], [ [ 103.808512200000692, 1.317075300000731 ], [ 103.808525026290781, 1.317087551982351 ], [ 103.808518033096576, 1.317100081767979 ], [ 103.808512200000692, 1.317075300000731 ] ], [ [ 103.809297189212174, 1.317829442732368 ], [ 103.809298332652133, 1.317828858957134 ], [ 103.809299023922136, 1.31782950351444 ], [ 103.809297947593308, 1.317830072953434 ], [ 103.809297189212174, 1.317829442732368 ] ], [ [ 103.806318827123079, 1.316989103571009 ], [ 103.806311599999901, 1.317013100000478 ], [ 103.806311599999745, 1.316976737109635 ], [ 103.806318827123079, 1.316989103571009 ] ], [ [ 103.809585682252731, 1.318728292016573 ], [ 103.809657244371621, 1.318639377426427 ], [ 103.80966144781334, 1.318644188246752 ], [ 103.809863899998433, 1.318465000002224 ], [ 103.809683300901241, 1.318666464488528 ], [ 103.809736600902568, 1.318714864492279 ], [ 103.809917200000015, 1.318513400000339 ], [ 103.809757019033981, 1.318731657540032 ], [ 103.810172156863743, 1.319040285278854 ], [ 103.810056271381356, 1.318987520399866 ], [ 103.80984920410134, 1.318887143842189 ], [ 103.809653290439755, 1.318764636797663 ], [ 103.809585682252731, 1.318728292016573 ] ], [ [ 103.811235988233506, 1.319383497466253 ], [ 103.811199560690312, 1.319303027985181 ], [ 103.811254519521981, 1.319322554674938 ], [ 103.81124953555593, 1.3193385625756 ], [ 103.811280101097239, 1.319348202499583 ], [ 103.811279679096387, 1.319350399536557 ], [ 103.811248796270888, 1.319340976385929 ], [ 103.811235988233506, 1.319383497466253 ] ], [ [ 103.811301717540161, 1.319355020008763 ], [ 103.811319943421324, 1.319360768184959 ], [ 103.811319230221301, 1.319362467609912 ], [ 103.811301335779206, 1.31935700755185 ], [ 103.811301717540161, 1.319355020008763 ] ], [ [ 103.811667406652631, 1.318605668807174 ], [ 103.811667381434603, 1.318605688551042 ], [ 103.811633899284388, 1.318603799959659 ], [ 103.811667406652631, 1.318605668807174 ] ], [ [ 103.811522722989253, 1.318221634094465 ], [ 103.811523482137801, 1.318221510884191 ], [ 103.81165709964877, 1.318230299977126 ], [ 103.811522722989253, 1.318221634094465 ] ], [ [ 103.811587602307895, 1.317711839606555 ], [ 103.811576682192992, 1.317704378398578 ], [ 103.811711499991247, 1.317726799998451 ], [ 103.811587602307895, 1.317711839606555 ] ], [ [ 103.811507516179489, 1.317692875369805 ], [ 103.811501719505671, 1.317701469429548 ], [ 103.811484848362014, 1.317699432271773 ], [ 103.81149031262494, 1.317690014238924 ], [ 103.811507516179489, 1.317692875369805 ] ], [ [ 103.811476004539216, 1.317639454063624 ], [ 103.8114745415903, 1.317638594254996 ], [ 103.811719200030012, 1.317679900005517 ], [ 103.811476004539216, 1.317639454063624 ] ], [ [ 103.811432468035434, 1.317789713350241 ], [ 103.811430379138812, 1.317807237552034 ], [ 103.811372599999856, 1.317892900000305 ], [ 103.811432468035434, 1.317789713350241 ] ], [ [ 103.81166059712514, 1.317941393387974 ], [ 103.811685600003528, 1.317944400000519 ], [ 103.811660361561479, 1.317941744176281 ], [ 103.81166059712514, 1.317941393387974 ] ], [ [ 103.811083919316218, 1.317885905886118 ], [ 103.811082232160132, 1.317883396383976 ], [ 103.811082332831703, 1.317883230438498 ], [ 103.811084022817425, 1.317885727493895 ], [ 103.811083919316218, 1.317885905886118 ] ], [ [ 103.810963521428874, 1.317731978231915 ], [ 103.81096376479195, 1.317732340214186 ], [ 103.81096226617592, 1.317734821066289 ], [ 103.810962007921205, 1.317734452848289 ], [ 103.810963521428874, 1.317731978231915 ] ], [ [ 103.810561324984477, 1.317603182475956 ], [ 103.810561302149736, 1.317603165067632 ], [ 103.810652201970413, 1.317454596779019 ], [ 103.810561324984477, 1.317603182475956 ] ], [ [ 103.811711735688718, 1.319603523436544 ], [ 103.811474600007159, 1.3195266000027 ], [ 103.811714631008499, 1.319599839643018 ], [ 103.811711735688718, 1.319603523436544 ] ], [ [ 103.806163158439432, 1.317143785091832 ], [ 103.806213937910414, 1.317198231879534 ], [ 103.806211110082145, 1.317202148696764 ], [ 103.806159517532052, 1.317152103098818 ], [ 103.806163158439432, 1.317143785091832 ] ], [ [ 103.806369905875528, 1.317292449527312 ], [ 103.806370536815052, 1.317291832360524 ], [ 103.806370549003759, 1.317291845144755 ], [ 103.80636991770929, 1.317292462215676 ], [ 103.806369905875528, 1.317292449527312 ] ], [ [ 103.808602300000643, 1.316358700000599 ], [ 103.808602299999748, 1.316358699999695 ], [ 103.80860230001413, 1.31635869999246 ], [ 103.808602300000643, 1.316358700000599 ] ], [ [ 103.812234840657993, 1.318314237453694 ], [ 103.812230115361587, 1.318303484381644 ], [ 103.812232510169267, 1.31830295098069 ], [ 103.812242628279606, 1.318304626316476 ], [ 103.812234840657993, 1.318314237453694 ] ], [ [ 103.812184815169772, 1.318341491246952 ], [ 103.812186733349392, 1.318333449492276 ], [ 103.812188982755004, 1.318330078622651 ], [ 103.812207383732215, 1.318348123571375 ], [ 103.812201596465798, 1.3183552659594 ], [ 103.812184815169772, 1.318341491246952 ] ], [ [ 103.812251600002497, 1.319535399998309 ], [ 103.812095710156015, 1.319624098019396 ], [ 103.812109647355214, 1.319583076757798 ], [ 103.812251600002497, 1.319535399998309 ] ], [ [ 103.810778400000046, 1.322248599999914 ], [ 103.810622834478067, 1.322393031822835 ], [ 103.810622820922632, 1.322393016587785 ], [ 103.810778400000046, 1.322248599999914 ] ], [ [ 103.810220899171057, 1.321686699070002 ], [ 103.810220899138727, 1.321686699099845 ], [ 103.810220864438747, 1.321686662839928 ], [ 103.810220865800062, 1.321686661615431 ], [ 103.810220899171057, 1.321686699070002 ] ], [ [ 103.809525990560644, 1.322323512736693 ], [ 103.809526738313991, 1.322324352486197 ], [ 103.809526522056103, 1.322324589860816 ], [ 103.809525742485533, 1.322323789588326 ], [ 103.809525990560644, 1.322323512736693 ] ], [ [ 103.809490222342802, 1.322363429989422 ], [ 103.809490695068661, 1.32236391526878 ], [ 103.809490693303886, 1.322363917205912 ], [ 103.809490220317457, 1.32236343224941 ], [ 103.809490222342802, 1.322363429989422 ] ], [ [ 103.809832408529871, 1.322422647107275 ], [ 103.809883993272095, 1.322376117434545 ], [ 103.810365537254569, 1.322917343303804 ], [ 103.810341321132469, 1.322937914583777 ], [ 103.810262550131597, 1.322827417477844 ], [ 103.810043500000504, 1.322985600000075 ], [ 103.810225703871197, 1.322785604300288 ], [ 103.809832408529871, 1.322422647107275 ] ], [ [ 103.809961600789364, 1.322020746729315 ], [ 103.809961157447518, 1.322020211852258 ], [ 103.809964189719167, 1.322017314752704 ], [ 103.809964754212373, 1.322017904628031 ], [ 103.809961600789364, 1.322020746729315 ] ], [ [ 103.809877061525, 1.322016908939764 ], [ 103.809877060336206, 1.32201691007473 ], [ 103.809876599915356, 1.32201639990564 ], [ 103.809877061525, 1.322016908939764 ] ], [ [ 103.809714866583207, 1.322171873558135 ], [ 103.809714839435884, 1.322171899495955 ], [ 103.809711100030228, 1.322167700033349 ], [ 103.809714866583207, 1.322171873558135 ] ], [ [ 103.810756400000429, 1.322949899999968 ], [ 103.810919580839823, 1.322802829201869 ], [ 103.810922811813654, 1.322806354462407 ], [ 103.810756400000429, 1.322949899999968 ] ], [ [ 103.811038854957218, 1.322481366829178 ], [ 103.811038855162082, 1.322481367049844 ], [ 103.81103885514591, 1.322481367064314 ], [ 103.811038854941046, 1.322481366843647 ], [ 103.811038854957218, 1.322481366829178 ] ], [ [ 103.810949700000265, 1.323176900000492 ], [ 103.810883448865781, 1.323238298152634 ], [ 103.810881420274043, 1.32323579755619 ], [ 103.810949700000265, 1.323176900000492 ] ], [ [ 103.808092110091877, 1.321765407693015 ], [ 103.808092399998756, 1.321774699957695 ], [ 103.808092013924281, 1.32176540724618 ], [ 103.808092110091877, 1.321765407693015 ] ], [ [ 103.807624300000782, 1.321794400015661 ], [ 103.807635563331971, 1.322065506682248 ], [ 103.807940924007241, 1.322052655581271 ], [ 103.807970824847231, 1.322099594689042 ], [ 103.80794026613556, 1.322125339354552 ], [ 103.80789169358134, 1.322198571811326 ], [ 103.807859187673529, 1.322298844241247 ], [ 103.807864164278271, 1.322417660986085 ], [ 103.807903906499845, 1.32250916054189 ], [ 103.807622404567127, 1.322065785776762 ], [ 103.807627522506095, 1.322065724202166 ], [ 103.807624300000782, 1.321794400015661 ] ], [ [ 103.807046799850582, 1.32179120145003 ], [ 103.807039606182954, 1.321860948682299 ], [ 103.807039583028882, 1.321860963574223 ], [ 103.807046799850582, 1.32179120145003 ] ], [ [ 103.808205548010648, 1.322672618844096 ], [ 103.808146121582666, 1.322722892569555 ], [ 103.808188775533637, 1.322773966286488 ], [ 103.808218864000949, 1.322813045691073 ], [ 103.808291297160281, 1.322908144365577 ], [ 103.808196342475483, 1.322969756583158 ], [ 103.807925736118548, 1.322543542898314 ], [ 103.807997074038013, 1.322614880822176 ], [ 103.808097617677618, 1.322661956170286 ], [ 103.808141916057025, 1.32271772922903 ], [ 103.80819776957695, 1.322672791244334 ], [ 103.80820246833467, 1.32267329769748 ], [ 103.808205548010648, 1.322672618844096 ] ], [ [ 103.808393182283737, 1.322900300798103 ], [ 103.808393550548629, 1.322900020797902 ], [ 103.80839578362027, 1.322903522990296 ], [ 103.80839542778503, 1.322903806397364 ], [ 103.808393182283737, 1.322900300798103 ] ], [ [ 103.808658314834688, 1.322867132592817 ], [ 103.808659400008068, 1.322868700012144 ], [ 103.808658287332463, 1.322867154498061 ], [ 103.808658314834688, 1.322867132592817 ] ], [ [ 103.808682546199677, 1.32297753224258 ], [ 103.80868255744133, 1.322977547858355 ], [ 103.808679800053739, 1.322979399963962 ], [ 103.808682546199677, 1.32297753224258 ] ], [ [ 103.80599580062588, 1.319528799387654 ], [ 103.805996750869895, 1.319527869899505 ], [ 103.80599675122123, 1.319527870241358 ], [ 103.80599580062588, 1.319528799387654 ] ], [ [ 103.806132866399807, 1.319660647916443 ], [ 103.806132998885388, 1.319660777153405 ], [ 103.806127800008383, 1.319665599991889 ], [ 103.806132866399807, 1.319660647916443 ] ], [ [ 103.803662900000162, 1.318675700000343 ], [ 103.80366604562056, 1.318860649765452 ], [ 103.803665937163572, 1.318860574814939 ], [ 103.803662900000162, 1.318675700000343 ] ], [ [ 103.804493933851049, 1.318734033224545 ], [ 103.804578292992588, 1.318773148248467 ], [ 103.804691099999729, 1.318526699999706 ], [ 103.804677864374696, 1.318797716395639 ], [ 103.805047446249603, 1.318815999922939 ], [ 103.805059944179263, 1.31882017064427 ], [ 103.805069430025895, 1.318827181253779 ], [ 103.805090022494738, 1.318848425974667 ], [ 103.805154966264951, 1.318928101119744 ], [ 103.805336857209554, 1.318777916051543 ], [ 103.805171311982292, 1.318921630108161 ], [ 103.805184984667122, 1.318937584205064 ], [ 103.805173830766705, 1.318948936210945 ], [ 103.805181753754326, 1.318956821981141 ], [ 103.805018478934102, 1.319106847634641 ], [ 103.805007914730524, 1.319093448881626 ], [ 103.804894650544412, 1.319183910822351 ], [ 103.804886089094822, 1.319170236849417 ], [ 103.80465799999709, 1.31931490000198 ], [ 103.804856364617848, 1.319131139079572 ], [ 103.804836237570399, 1.319109130501477 ], [ 103.804858323067506, 1.319084696728473 ], [ 103.804584820556059, 1.318834271004498 ], [ 103.804518628159656, 1.318761938394127 ], [ 103.804493933851049, 1.318734033224545 ] ], [ [ 103.805350978856481, 1.318768641760165 ], [ 103.80534978150537, 1.318767244620944 ], [ 103.805363400002392, 1.318755999997395 ], [ 103.805350978856481, 1.318768641760165 ] ], [ [ 103.80530830000022, 1.319130599998849 ], [ 103.805232751066924, 1.319378612447546 ], [ 103.805151095748357, 1.31927504769406 ], [ 103.80530830000022, 1.319130599998849 ] ], [ [ 103.805130571136814, 1.32004248396703 ], [ 103.805137600000165, 1.320037600000275 ], [ 103.805130572690388, 1.320042486032617 ], [ 103.805130571136814, 1.32004248396703 ] ], [ [ 103.80582009983128, 1.320876299786391 ], [ 103.805819117250081, 1.320875059370737 ], [ 103.80581911847213, 1.320875058286418 ], [ 103.80582009983128, 1.320876299786391 ] ], [ [ 103.805689800000394, 1.320775799999961 ], [ 103.805686487861863, 1.320778739914563 ], [ 103.805686326583171, 1.320778516974236 ], [ 103.805689800000394, 1.320775799999961 ] ], [ [ 103.805921326809553, 1.321055296930373 ], [ 103.80592227882525, 1.321056498759126 ], [ 103.805911600000144, 1.321062200000642 ], [ 103.805921326809553, 1.321055296930373 ] ], [ [ 103.805993800033477, 1.32125939998798 ], [ 103.80577490622926, 1.321335485403279 ], [ 103.805766748290097, 1.321335301567932 ], [ 103.805993800033477, 1.32125939998798 ] ], [ [ 103.805581568819235, 1.321577416155202 ], [ 103.805577730248515, 1.321571735939448 ], [ 103.805600170669919, 1.321555667933612 ], [ 103.805601797039444, 1.321566757664177 ], [ 103.805581568819235, 1.321577416155202 ] ], [ [ 103.80568735107299, 1.321521678214792 ], [ 103.805683577345064, 1.321495946285527 ], [ 103.805702329130938, 1.321482519450325 ], [ 103.805701625328766, 1.321514156937523 ], [ 103.80568735107299, 1.321521678214792 ] ], [ [ 103.805562800000459, 1.3216505000002 ], [ 103.80562829094724, 1.321747411767381 ], [ 103.80562829421234, 1.321747434030159 ], [ 103.805562800000459, 1.3216505000002 ] ], [ [ 103.805535728834229, 1.321664764120662 ], [ 103.805536484982383, 1.321664365697815 ], [ 103.805538400001041, 1.321667200001464 ], [ 103.805535728834229, 1.321664764120662 ] ], [ [ 103.804173034348153, 1.318532164047216 ], [ 103.804172831767261, 1.318532606622751 ], [ 103.804170399997687, 1.318530899998492 ], [ 103.804173034348153, 1.318532164047216 ] ], [ [ 103.803144999852847, 1.317589505319797 ], [ 103.803143100000568, 1.317591499999254 ], [ 103.80314423385984, 1.317588736231609 ], [ 103.803144999852847, 1.317589505319797 ] ], [ [ 103.803116885193589, 1.317567523652158 ], [ 103.803112628812073, 1.317563461560014 ], [ 103.803112765209221, 1.317557140371816 ], [ 103.803118700271668, 1.317563099425264 ], [ 103.803116885193589, 1.317567523652158 ] ], [ [ 103.803076924439608, 1.317521154717001 ], [ 103.803076750389096, 1.317529220863473 ], [ 103.803070817061965, 1.31752355837098 ], [ 103.803069974014335, 1.317514176195255 ], [ 103.803076924439608, 1.317521154717001 ] ], [ [ 103.802771236530475, 1.318216810457776 ], [ 103.80277125705102, 1.318215974212033 ], [ 103.802772999999348, 1.318216899999888 ], [ 103.802771236530475, 1.318216810457776 ] ], [ [ 103.802773418794146, 1.318127881922762 ], [ 103.802773785935017, 1.318112920722616 ], [ 103.80280960000033, 1.318147100000061 ], [ 103.802773418794146, 1.318127881922762 ] ], [ [ 103.8028562696215, 1.318261129647631 ], [ 103.802856686852152, 1.318261351264588 ], [ 103.802771000009628, 1.318256800000654 ], [ 103.8028562696215, 1.318261129647631 ] ], [ [ 103.807108666284435, 1.308268026043555 ], [ 103.807108614573323, 1.30826790886991 ], [ 103.807346800000516, 1.308257099999968 ], [ 103.807108666284435, 1.308268026043555 ] ], [ [ 103.810599800001498, 1.307424899999279 ], [ 103.810398535700884, 1.307528248610608 ], [ 103.810444161184463, 1.307479948251649 ], [ 103.810428949301894, 1.307465392150051 ], [ 103.810599800001498, 1.307424899999279 ] ], [ [ 103.812678222038016, 1.304419951541598 ], [ 103.812684092296152, 1.304409392161683 ], [ 103.81268626442484, 1.304410125612165 ], [ 103.812681130005956, 1.304419724945384 ], [ 103.812678222038016, 1.304419951541598 ] ], [ [ 103.81312786118427, 1.304330705011454 ], [ 103.8131257669327, 1.304262247148556 ], [ 103.813152975137641, 1.304295914934881 ], [ 103.813146413690248, 1.304316605034651 ], [ 103.81312786118427, 1.304330705011454 ] ], [ [ 103.813287095805677, 1.305280957047432 ], [ 103.813224582740375, 1.305274926071302 ], [ 103.813294001229281, 1.305235947007794 ], [ 103.813325195340525, 1.305249800028762 ], [ 103.813287095805677, 1.305280957047432 ] ], [ [ 103.813358237236301, 1.305222779043086 ], [ 103.813335463658106, 1.305212665505057 ], [ 103.813369407027679, 1.305193606016145 ], [ 103.813380919181228, 1.305204230212095 ], [ 103.813358237236301, 1.305222779043086 ] ], [ [ 103.813410635375504, 1.305179928915941 ], [ 103.813404253593902, 1.305174039375278 ], [ 103.813413212950991, 1.305169008619561 ], [ 103.813417638714029, 1.305174201728622 ], [ 103.813410635375504, 1.305179928915941 ] ], [ [ 103.813446074385752, 1.305150947616472 ], [ 103.813445849027801, 1.305150683185672 ], [ 103.813447600001297, 1.305149699998709 ], [ 103.813446074385752, 1.305150947616472 ] ], [ [ 103.813494099999204, 1.305207299999697 ], [ 103.813494100014481, 1.30520729998794 ], [ 103.813494100000099, 1.305207300000601 ], [ 103.813494099999204, 1.305207299999697 ] ], [ [ 103.813466114567873, 1.305231082417787 ], [ 103.81346608836337, 1.30523110468756 ], [ 103.813465572841153, 1.30523062892884 ], [ 103.813465664327282, 1.305230554113284 ], [ 103.813466114567873, 1.305231082417787 ] ], [ [ 103.813435856646791, 1.305254930225637 ], [ 103.813436909178037, 1.30525590157236 ], [ 103.813435506479578, 1.305257093605221 ], [ 103.813434018989938, 1.305256433024593 ], [ 103.813435856646791, 1.305254930225637 ] ], [ [ 103.813400977093593, 1.305283454011269 ], [ 103.813403282638077, 1.305284477882649 ], [ 103.813395157918777, 1.30529138238375 ], [ 103.81339169108513, 1.305291047919306 ], [ 103.813400977093593, 1.305283454011269 ] ], [ [ 103.813349966057658, 1.305325169791917 ], [ 103.813354845401435, 1.305325640529249 ], [ 103.813320638075481, 1.305354710396203 ], [ 103.8133112875135, 1.30535680031176 ], [ 103.813349966057658, 1.305325169791917 ] ], [ [ 103.81392090000034, 1.305808900000496 ], [ 103.813922542347541, 1.305808545080858 ], [ 103.813922415976705, 1.305809256637646 ], [ 103.81392090000034, 1.305808900000496 ] ], [ [ 103.813929787354724, 1.305767750562784 ], [ 103.813912899999252, 1.305771400000768 ], [ 103.813932701631103, 1.305751341123811 ], [ 103.813929787354724, 1.305767750562784 ] ], [ [ 103.813944994793843, 1.30568212191038 ], [ 103.813884700001083, 1.305743199998596 ], [ 103.813961938688493, 1.305586715779232 ], [ 103.813944994793843, 1.30568212191038 ] ], [ [ 103.813786591881524, 1.305776100408946 ], [ 103.813790232728678, 1.305778160171464 ], [ 103.813785934672552, 1.305777149041813 ], [ 103.813786591881524, 1.305776100408946 ] ], [ [ 103.813044866034801, 1.304362883177106 ], [ 103.8130452, 1.304373800000512 ], [ 103.813042398334048, 1.304366477254393 ], [ 103.813044866034801, 1.304362883177106 ] ], [ [ 103.813042754711276, 1.304293867200744 ], [ 103.813024686247402, 1.304320182980235 ], [ 103.813019370209176, 1.304306288391536 ], [ 103.813041849031123, 1.304264261868487 ], [ 103.813042754711276, 1.304293867200744 ] ], [ [ 103.812713630355333, 1.304356259301873 ], [ 103.812714853862289, 1.30435667466949 ], [ 103.812714843570191, 1.304356693911573 ], [ 103.812713618676753, 1.304356280309264 ], [ 103.812713630355333, 1.304356259301873 ] ], [ [ 103.810659787680734, 1.301934596872055 ], [ 103.810675900000646, 1.301989700001654 ], [ 103.810654299614583, 1.301931395799048 ], [ 103.810659787680734, 1.301934596872055 ] ], [ [ 103.816159972667762, 1.305653072983651 ], [ 103.816159977182096, 1.305653067717566 ], [ 103.816162131415922, 1.305659720455405 ], [ 103.816162123909379, 1.305659731943499 ], [ 103.816159972667762, 1.305653072983651 ] ], [ [ 103.816270983525797, 1.305523596480042 ], [ 103.816271469497053, 1.305523029671867 ], [ 103.816201200000322, 1.305630400000268 ], [ 103.816270983525797, 1.305523596480042 ] ], [ [ 103.804544914415331, 1.32192957365142 ], [ 103.80454623392734, 1.321918812166631 ], [ 103.804576031512667, 1.321931979295617 ], [ 103.804567992954787, 1.321964472519337 ], [ 103.804559628055614, 1.321959515126843 ], [ 103.804544914415331, 1.32192957365142 ] ], [ [ 103.804576512227825, 1.321866894401728 ], [ 103.804583685651252, 1.321863022140188 ], [ 103.804593382089777, 1.321861845296857 ], [ 103.804588458741947, 1.321881746309139 ], [ 103.804576512227825, 1.321866894401728 ] ], [ [ 103.804600742377872, 1.321860951987978 ], [ 103.804604115728196, 1.321860542568977 ], [ 103.804624992645387, 1.321865974276085 ], [ 103.804644129395555, 1.321880434584785 ], [ 103.804655218897267, 1.32189789434546 ], [ 103.80465941175008, 1.321919660332209 ], [ 103.804655255316462, 1.321942070452331 ], [ 103.80464738330349, 1.321955001323004 ], [ 103.804610719072414, 1.321909420351753 ], [ 103.804600742377872, 1.321860951987978 ] ], [ [ 103.804642804652744, 1.321961485393428 ], [ 103.804630083327396, 1.32197192571254 ], [ 103.80462406073589, 1.321974236272143 ], [ 103.804619297999182, 1.32195109813887 ], [ 103.804642804652744, 1.321961485393428 ] ] ] } }
]
}
